folio,entidad,control,viv_sel,num_hog,hog_mud,n_ren_el,cd,periodo,sexo,edad,nivel,anio,cond_act,p1,p2,p3_1,p3_2,p3_3,p3_4,p3_5,p4,p5,p6_1,p6_2,p6_3,p6_4,p6_5,p6_6,p7,p7_3,p8_1,p8_2,p9,p10,p11,p12_1,p12_2,p12_3,p12_4,p12_5,p12_6,p12_7,p12_8,p12_9,p13,p13_3,p14_1,p14_2,p15,p16,p17,p18_1,p18_2,p18_3,p18_4,p18_5,p19,p19_3,p20_1,p20_2,p21,p26,p27,p28,p29,p30,p31,p32,p33_1,p33_2,p33_3,p33_4,p34_1,p34_2,p34_3,p34_3_1,p34_4,p34_4_1,p35,p36_1,p36_2,p36_3,p36_4,factor,h_lec,mat_lec,perslec,l_format,r_format,p_format,perslecl,material_leido,cond_act_segmentado,nivel_segmentado
12B221,1,40002,2,1,0,1,14,224,1,52,3,3,9,1,2,2,2,2,2,2,0,0,0,0,0,0,0,0,0,0,0,0,0,0,0,0,0,0,0,0,0,0,0,0,0,0,0,0,0,0,0,0,0,0,0,0,0,0,0,0,0,0,0,0,0,0,0,5,2,2,2,2,2,1,2,0,1,1,1,1,1,1,2,36731,4,4,2,0,0,0,2,0,0,1
12B221,1,40002,1,1,0,1,14,224,1,55,3,3,1,1,2,2,2,2,2,2,0,0,0,0,0,0,0,0,0,0,0,0,0,0,0,0,0,0,0,0,0,0,0,0,0,0,0,0,0,0,0,0,0,0,0,0,0,0,0,0,0,0,0,0,0,0,0,2,2,2,2,2,2,2,2,0,2,0,1,1,1,1,2,9183,4,4,2,0,0,0,2,0,2,1
12B221,1,40002,3,1,0,1,14,224,1,59,3,3,1,1,2,2,2,2,2,2,0,0,0,0,0,0,0,0,0,0,0,0,0,0,0,0,0,0,0,0,0,0,0,0,0,0,0,0,0,0,0,0,0,0,0,0,0,0,0,0,0,0,0,0,0,0,0,3,2,2,2,2,2,1,2,0,1,1,1,1,1,1,2,36731,4,4,2,0,0,0,2,0,2,1
12B221,1,40002,4,1,0,2,14,224,1,30,4,3,1,1,2,2,2,2,2,2,0,0,0,0,0,0,0,0,0,0,0,0,0,0,0,0,0,0,0,0,0,0,0,0,0,0,0,0,0,0,0,0,0,0,0,0,0,0,0,0,0,0,0,0,0,0,0,4,2,2,2,2,2,2,2,0,1,1,1,1,1,1,1,18365,4,4,2,0,0,0,2,0,2,1
11B213,1,40003,1,1,0,1,14,224,1,54,3,3,1,1,2,2,2,1,2,2,0,0,0,0,0,0,0,0,0,0,0,0,0,0,0,0,0,0,0,0,0,0,0,0,0,0,0,0,0,1,4,1,1,1,1,1,2,0,1,2,1,20,2,0,2,3,2,0,2,2,2,2,2,2,2,0,1,1,1,1,1,1,2,7488,3,3,1,0,0,1,1,1,2,1
11B213,1,40003,2,1,0,1,14,224,1,30,4,3,1,1,2,2,2,2,2,1,0,0,0,0,0,0,0,0,0,0,0,0,0,0,0,0,0,0,0,0,0,0,0,0,0,0,0,0,0,0,0,0,0,0,0,0,0,0,0,0,0,15,2,0,2,3,2,0,2,2,2,2,1,1,1,1,1,1,1,1,1,1,1,7488,3,3,1,0,0,0,2,0,2,1
11B213,1,40003,4,1,0,1,14,224,2,66,2,6,7,1,2,2,2,2,2,2,0,0,0,0,0,0,0,0,0,0,0,0,0,0,0,0,0,0,0,0,0,0,0,0,0,0,0,0,0,0,0,0,0,0,0,0,0,0,0,0,0,0,0,0,0,0,0,2,2,2,2,2,2,1,2,0,1,1,1,1,1,1,2,7488,4,4,2,0,0,0,2,0,0,0
11B213,1,40003,3,1,0,2,14,224,2,45,3,3,7,1,2,2,2,2,2,2,0,0,0,0,0,0,0,0,0,0,0,0,0,0,0,0,0,0,0,0,0,0,0,0,0,0,0,0,0,0,0,0,0,0,0,0,0,0,0,0,0,0,0,0,0,0,0,3,2,2,2,2,2,2,2,0,1,1,1,1,1,1,1,37436,4,4,2,0,0,0,2,0,0,1
12A227,1,40028,2,1,0,1,14,224,1,26,4,3,1,1,2,2,1,1,2,1,0,0,0,0,0,0,0,0,0,0,0,0,0,2,4,2,2,2,1,2,2,1,2,2,2,0,1,2,1,1,4,1,2,1,1,1,2,0,1,2,2,20,2,0,2,3,2,0,2,2,2,2,1,1,1,2,1,1,1,1,1,1,1,7219,3,3,1,0,1,1,1,3,2,1
12A227,1,40028,3,1,0,1,14,224,2,41,4,3,1,1,2,2,2,2,2,1,0,0,0,0,0,0,0,0,0,0,0,0,0,0,0,0,0,0,0,0,0,0,0,0,0,0,0,0,0,0,0,0,0,0,0,0,0,0,0,0,0,10,2,0,2,3,2,0,2,2,2,2,1,1,1,1,1,1,1,1,1,1,1,14438,3,3,1,0,0,0,2,0,2,1
12A227,1,40028,1,1,0,1,14,224,2,34,4,3,1,1,2,2,2,2,2,1,0,0,0,0,0,0,0,0,0,0,0,0,0,0,0,0,0,0,0,0,0,0,0,0,0,0,0,0,0,0,0,0,0,0,0,0,0,0,0,0,0,20,2,0,2,3,2,0,1,2,2,1,2,1,2,0,1,1,1,1,1,1,1,7219,3,3,1,0,0,0,2,0,2,1
12A227,1,40028,4,1,0,1,14,224,1,47,4,3,1,1,2,2,2,2,2,1,0,0,0,0,0,0,0,0,0,0,0,0,0,0,0,0,0,0,0,0,0,0,0,0,0,0,0,0,0,0,0,0,0,0,0,0,0,0,0,0,0,10,2,0,2,3,2,0,2,2,2,2,1,1,2,0,1,1,1,1,1,1,1,14438,3,3,1,0,0,0,2,0,2,1
12B213,1,40034,2,1,0,1,14,224,1,54,7,5,1,1,1,1,2,2,2,1,1,4,2,2,1,2,2,2,1,0,2,1,1,0,0,0,0,0,0,0,0,0,0,0,0,0,0,0,0,0,0,0,0,0,0,0,0,0,0,0,0,20,2,0,2,3,2,0,2,2,2,2,2,1,2,0,1,1,1,1,1,1,2,16866,1,2,1,2,0,0,1,1,2,2
12B213,1,40034,4,1,0,2,14,224,2,24,7,4,7,1,1,1,2,2,2,1,2,4,2,2,2,1,2,2,1,0,2,1,1,0,0,0,0,0,0,0,0,0,0,0,0,0,0,0,0,0,0,0,0,0,0,0,0,0,0,0,0,20,2,0,2,3,2,0,2,2,2,2,1,1,1,2,1,1,1,1,1,1,1,33732,1,2,1,2,0,0,1,2,0,2
12B213,1,40034,3,1,0,1,14,224,1,37,4,3,1,1,2,2,2,2,2,1,0,0,0,0,0,0,0,0,0,0,0,0,0,0,0,0,0,0,0,0,0,0,0,0,0,0,0,0,0,0,0,0,0,0,0,0,0,0,0,0,0,10,2,0,2,3,2,0,2,2,2,2,1,1,2,0,1,1,1,1,1,1,1,16866,3,3,1,0,0,0,2,0,2,1
12B213,1,40034,1,1,0,2,14,224,2,58,4,3,1,1,2,2,2,2,2,2,0,0,0,0,0,0,0,0,0,0,0,0,0,0,0,0,0,0,0,0,0,0,0,0,0,0,0,0,0,0,0,0,0,0,0,0,0,0,0,0,0,0,0,0,0,0,0,2,2,2,2,2,2,2,2,0,1,1,1,1,1,1,2,33732,4,4,2,0,0,0,2,0,2,1
13B216,1,40041,3,1,0,3,14,224,1,22,4,3,6,1,1,1,2,2,2,1,3,2,2,1,2,2,2,2,1,0,2,1,1,0,0,0,0,0,0,0,0,0,0,0,0,0,0,0,0,0,0,0,0,0,0,0,0,0,0,0,0,30,2,0,2,3,2,0,1,2,1,1,1,1,1,2,1,1,1,1,1,1,1,41846,1,2,1,2,0,0,1,3,1,1
13B216,1,40041,4,1,0,1,14,224,1,41,7,5,1,1,1,1,2,2,2,1,2,4,2,2,2,1,2,2,1,0,2,1,1,0,0,0,0,0,0,0,0,0,0,0,0,0,0,0,0,0,0,0,0,0,0,0,0,0,0,0,0,30,2,0,2,3,2,0,2,2,2,2,1,1,1,2,1,1,1,1,1,1,1,10462,1,2,1,2,0,0,1,2,2,2
13B216,1,40041,2,1,0,2,14,224,1,23,4,2,1,1,2,2,2,2,2,2,0,0,0,0,0,0,0,0,0,0,0,0,0,0,0,0,0,0,0,0,0,0,0,0,0,0,0,0,0,0,0,0,0,0,0,0,0,0,0,0,0,0,0,0,0,0,0,2,2,2,2,2,1,1,1,2,1,1,1,1,1,1,1,20923,4,4,2,0,0,0,2,0,2,1
11B216,1,40044,1,1,0,2,14,224,2,29,4,3,7,1,2,2,2,2,2,2,0,0,0,0,0,0,0,0,0,0,0,0,0,0,0,0,0,0,0,0,0,0,0,0,0,0,0,0,0,0,0,0,0,0,0,0,0,0,0,0,0,0,0,0,0,0,0,2,2,2,2,2,2,2,2,0,1,1,1,1,1,1,1,15088,4,4,2,0,0,0,2,0,0,1
11B216,1,40044,2,1,0,1,14,224,1,59,4,3,8,1,2,2,2,2,2,2,0,0,0,0,0,0,0,0,0,0,0,0,0,0,0,0,0,0,0,0,0,0,0,0,0,0,0,0,0,0,0,0,0,0,0,0,0,0,0,0,0,0,0,0,0,0,0,2,2,2,2,2,2,2,2,0,1,1,1,1,1,1,1,22631,4,4,2,0,0,0,2,0,0,1
11B216,1,40044,4,1,0,2,14,224,2,41,3,3,7,1,2,2,2,2,2,2,0,0,0,0,0,0,0,0,0,0,0,0,0,0,0,0,0,0,0,0,0,0,0,0,0,0,0,0,0,0,0,0,0,0,0,0,0,0,0,0,0,0,0,0,0,0,0,3,2,2,2,2,2,1,2,0,1,1,1,1,1,1,1,15088,4,4,2,0,0,0,2,0,0,1
11B216,1,40044,3,1,0,1,14,224,1,40,2,6,1,1,2,2,2,1,2,2,0,0,0,0,0,0,0,0,0,0,0,0,0,0,0,0,0,0,0,0,0,0,0,0,0,0,0,0,0,2,4,1,1,1,1,1,3,10,1,2,1,20,2,0,2,3,2,0,2,2,2,2,2,1,2,0,1,1,1,1,1,1,1,15088,3,3,1,0,0,1,1,2,2,0
13B222,1,40194,3,1,0,2,14,224,2,18,4,3,6,1,1,1,2,2,2,1,3,2,2,1,2,2,2,2,1,0,2,1,1,0,0,0,0,0,0,0,0,0,0,0,0,0,0,0,0,0,0,0,0,0,0,0,0,0,0,0,0,60,2,0,3,3,2,0,1,2,1,1,1,1,1,2,1,1,1,1,1,1,1,38673,1,2,1,2,0,0,1,3,1,1
13B222,1,40194,4,1,0,1,14,224,1,35,7,5,1,1,1,1,2,2,2,1,2,4,2,2,2,1,2,2,1,0,1,2,1,0,0,0,0,0,0,0,0,0,0,0,0,0,0,0,0,0,0,0,0,0,0,0,0,0,0,0,0,30,2,0,3,3,2,0,2,2,2,2,1,1,1,2,1,1,1,1,1,1,1,38673,1,2,1,1,0,0,1,2,2,2
13B222,1,40194,1,1,0,2,14,224,2,55,2,6,1,1,2,2,2,2,2,2,0,0,0,0,0,0,0,0,0,0,0,0,0,0,0,0,0,0,0,0,0,0,0,0,0,0,0,0,0,0,0,0,0,0,0,0,0,0,0,0,0,0,0,0,0,0,0,3,2,2,2,2,2,2,2,0,1,1,1,1,1,1,2,77348,4,4,2,0,0,0,2,0,2,0
13B222,1,40194,2,1,0,2,14,224,2,43,3,3,7,1,2,2,2,2,2,2,0,0,0,0,0,0,0,0,0,0,0,0,0,0,0,0,0,0,0,0,0,0,0,0,0,0,0,0,0,0,0,0,0,0,0,0,0,0,0,0,0,0,0,0,0,0,0,3,1,2,2,2,2,1,2,0,2,0,1,2,1,1,2,38673,4,4,2,0,0,0,2,0,0,1
11B222,1,40198,3,1,0,1,14,224,2,40,3,3,1,1,2,2,2,2,2,2,0,0,0,0,0,0,0,0,0,0,0,0,0,0,0,0,0,0,0,0,0,0,0,0,0,0,0,0,0,0,0,0,0,0,0,0,0,0,0,0,0,0,0,0,0,0,0,3,2,2,2,2,2,1,2,0,1,1,1,1,1,1,1,8033,4,4,2,0,0,0,2,0,2,1
11B222,1,40198,4,1,0,1,14,224,1,26,3,3,1,1,2,2,2,2,2,2,0,0,0,0,0,0,0,0,0,0,0,0,0,0,0,0,0,0,0,0,0,0,0,0,0,0,0,0,0,0,0,0,0,0,0,0,0,0,0,0,0,0,0,0,0,0,0,3,2,2,2,2,2,2,2,0,1,1,1,1,1,1,1,16065,4,4,2,0,0,0,2,0,2,1
11B222,1,40198,1,1,0,2,14,224,2,32,7,2,1,1,2,2,2,2,2,2,0,0,0,0,0,0,0,0,0,0,0,0,0,0,0,0,0,0,0,0,0,0,0,0,0,0,0,0,0,0,0,0,0,0,0,0,0,0,0,0,0,0,0,0,0,0,0,2,2,2,2,2,2,2,2,0,1,1,1,1,1,1,2,16065,4,4,2,0,0,0,2,0,2,2
11B222,1,40198,2,1,0,1,14,224,2,40,2,6,1,1,2,2,2,2,2,2,0,0,0,0,0,0,0,0,0,0,0,0,0,0,0,0,0,0,0,0,0,0,0,0,0,0,0,0,0,0,0,0,0,0,0,0,0,0,0,0,0,0,0,0,0,0,0,3,2,2,2,2,2,2,2,0,1,1,1,1,1,1,1,8033,4,4,2,0,0,0,2,0,2,0
11A228,1,40257,3,1,0,2,14,224,2,19,3,3,1,1,2,2,2,2,2,2,0,0,0,0,0,0,0,0,0,0,0,0,0,0,0,0,0,0,0,0,0,0,0,0,0,0,0,0,0,0,0,0,0,0,0,0,0,0,0,0,0,0,0,0,0,0,0,3,2,2,2,2,2,2,2,0,1,1,1,1,1,1,1,15435,4,4,2,0,0,0,2,0,2,1
11A228,1,40257,2,1,0,1,14,224,2,43,2,6,1,1,2,2,2,2,2,2,0,0,0,0,0,0,0,0,0,0,0,0,0,0,0,0,0,0,0,0,0,0,0,0,0,0,0,0,0,0,0,0,0,0,0,0,0,0,0,0,0,0,0,0,0,0,0,3,2,2,2,2,2,2,2,0,2,0,1,1,1,1,2,7717,4,4,2,0,0,0,2,0,2,0
11A228,1,40257,1,1,0,2,14,224,2,64,6,3,1,1,1,1,2,2,2,2,1,4,2,2,2,1,2,2,3,120,1,2,1,0,0,0,0,0,0,0,0,0,0,0,0,0,0,0,0,0,0,0,0,0,0,0,0,0,0,0,0,30,2,0,2,3,2,0,1,2,2,2,2,2,2,0,1,1,1,1,1,1,2,23153,1,1,1,1,0,0,1,1,2,1
12B214,1,40260,3,1,0,1,14,224,1,31,3,3,1,1,2,2,2,2,2,1,0,0,0,0,0,0,0,0,0,0,0,0,0,0,0,0,0,0,0,0,0,0,0,0,0,0,0,0,0,0,0,0,0,0,0,0,0,0,0,0,0,10,2,0,2,3,2,0,2,2,2,2,2,1,1,2,1,1,1,1,1,1,1,15051,3,3,1,0,0,0,2,0,2,1
12B214,1,40260,4,1,0,2,14,224,1,58,3,3,1,1,2,2,2,1,2,2,0,0,0,0,0,0,0,0,0,0,0,0,0,0,0,0,0,0,0,0,0,0,0,0,0,0,0,0,0,1,4,1,2,1,1,1,2,0,1,2,1,10,2,0,2,3,2,0,2,2,2,2,2,1,2,0,1,1,1,1,1,1,2,22576,3,3,1,0,0,1,1,1,2,1
12B214,1,40260,2,1,0,1,14,224,1,49,7,5,1,1,2,2,2,2,2,2,0,0,0,0,0,0,0,0,0,0,0,0,0,0,0,0,0,0,0,0,0,0,0,0,0,0,0,0,0,0,0,0,0,0,0,0,0,0,0,0,0,0,0,0,0,0,0,3,2,2,2,2,2,1,2,0,1,1,1,1,1,1,1,15051,4,4,2,0,0,0,2,0,2,2
12B214,1,40260,1,1,0,2,14,224,1,50,3,3,1,1,2,2,2,2,2,1,0,0,0,0,0,0,0,0,0,0,0,0,0,0,0,0,0,0,0,0,0,0,0,0,0,0,0,0,0,0,0,0,0,0,0,0,0,0,0,0,0,15,2,0,2,3,2,0,2,2,2,1,2,2,2,0,1,1,1,1,1,1,1,15051,3,3,1,0,0,0,2,0,2,1
12A228,1,40288,2,1,0,1,14,224,1,56,6,3,1,1,2,2,2,2,2,2,0,0,0,0,0,0,0,0,0,0,0,0,0,0,0,0,0,0,0,0,0,0,0,0,0,0,0,0,0,0,0,0,0,0,0,0,0,0,0,0,0,0,0,0,0,0,0,3,2,2,2,2,1,1,2,0,1,1,1,1,1,1,1,15237,4,4,2,0,0,0,2,0,2,1
12A228,1,40288,1,1,0,3,14,224,2,28,7,5,1,1,1,1,2,2,2,1,2,4,2,2,2,1,2,2,2,0,1,2,1,0,0,0,0,0,0,0,0,0,0,0,0,0,0,0,0,0,0,0,0,0,0,0,0,0,0,0,0,30,2,0,2,3,2,0,2,2,2,2,2,2,2,0,1,1,1,1,1,1,1,22855,1,2,1,1,0,0,1,2,2,2
12A228,1,40288,3,1,0,1,14,224,1,28,3,3,1,1,2,2,2,2,2,1,0,0,0,0,0,0,0,0,0,0,0,0,0,0,0,0,0,0,0,0,0,0,0,0,0,0,0,0,0,0,0,0,0,0,0,0,0,0,0,0,0,10,2,0,2,3,2,0,2,2,2,2,2,2,2,0,1,1,1,1,1,1,1,7618,3,3,1,0,0,0,2,0,2,1
12A228,1,40288,4,1,0,1,14,224,1,70,3,3,8,1,2,2,2,1,2,2,0,0,0,0,0,0,0,0,0,0,0,0,0,0,0,0,0,0,0,0,0,0,0,0,0,0,0,0,0,1,4,1,2,1,1,1,2,0,1,2,1,15,2,0,2,3,2,0,2,2,2,2,2,2,2,0,1,1,1,1,1,1,2,15237,3,3,1,0,0,1,1,1,0,1
12B215,1,40356,2,1,0,2,14,224,1,56,7,5,1,1,1,1,2,2,2,2,3,4,2,2,1,1,2,2,1,0,2,1,1,0,0,0,0,0,0,0,0,0,0,0,0,0,0,0,0,0,0,0,0,0,0,0,0,0,0,0,0,40,2,0,2,3,2,0,1,2,2,2,1,1,1,1,1,1,1,1,1,1,2,12811,1,1,1,2,0,0,1,3,2,2
12B215,1,40356,3,1,0,2,14,224,1,37,7,5,1,1,2,2,2,2,2,1,0,0,0,0,0,0,0,0,0,0,0,0,0,0,0,0,0,0,0,0,0,0,0,0,0,0,0,0,0,0,0,0,0,0,0,0,0,0,0,0,0,10,2,0,3,3,2,0,2,2,2,2,1,2,2,0,1,1,1,1,1,1,1,12811,3,3,1,0,0,0,2,0,2,2
12B215,1,40356,4,1,0,2,14,224,2,40,7,5,1,1,1,1,2,2,2,1,2,4,2,2,1,2,2,2,1,0,2,1,1,0,0,0,0,0,0,0,0,0,0,0,0,0,0,0,0,0,0,0,0,0,0,0,0,0,0,0,0,30,2,0,2,3,2,0,2,2,2,1,1,1,1,2,1,1,1,1,1,1,1,19217,1,2,1,2,0,0,1,2,2,2
12B215,1,40356,1,1,0,2,14,224,2,53,7,5,1,1,1,1,2,2,2,2,2,4,2,2,2,1,2,2,2,0,1,2,1,0,0,0,0,0,0,0,0,0,0,0,0,0,0,0,0,0,0,0,0,0,0,0,0,0,0,0,0,20,2,0,2,3,2,0,2,2,2,2,2,1,2,0,1,1,1,1,1,1,2,12811,1,1,1,1,0,0,1,2,2,2
12B221,2,40003,2,1,0,1,21,224,1,48,4,3,1,1,1,2,1,2,2,1,0,0,0,0,0,0,0,0,0,0,0,0,0,10,3,2,2,2,2,2,1,2,2,2,1,0,1,2,1,0,0,0,0,0,0,0,0,0,0,0,0,60,1,6,4,4,1,0,1,2,2,1,2,1,2,0,1,1,1,2,2,2,2,11162,1,3,1,0,1,0,1,10,2,1
12B221,2,40003,3,1,0,2,21,224,1,26,3,3,1,1,2,2,2,2,2,1,0,0,0,0,0,0,0,0,0,0,0,0,0,0,0,0,0,0,0,0,0,0,0,0,0,0,0,0,0,0,0,0,0,0,0,0,0,0,0,0,0,30,2,0,3,3,2,0,2,2,2,2,2,2,1,2,1,1,1,1,1,2,2,16743,3,3,1,0,0,0,2,0,2,1
12B221,2,40003,4,1,0,1,21,224,1,66,2,6,1,1,1,2,2,1,2,2,0,0,0,0,0,0,0,0,0,0,0,0,0,0,0,0,0,0,0,0,0,0,0,0,0,0,0,0,0,4,3,2,1,1,1,1,2,0,2,1,2,30,1,6,2,2,2,0,2,2,2,2,2,2,2,0,2,0,1,2,2,2,2,11162,1,3,1,0,0,2,1,4,2,0
12B216,2,40008,1,1,0,2,21,224,2,21,7,2,6,1,1,1,1,2,2,1,5,2,1,1,1,2,2,2,2,0,2,1,1,7,2,2,2,1,2,2,1,2,2,2,1,0,1,2,1,0,0,0,0,0,0,0,0,0,0,0,0,120,2,0,4,4,1,0,1,2,1,1,2,1,1,2,1,4,1,1,1,1,2,13424,1,2,1,2,1,0,1,12,1,2
12B216,2,40008,4,1,0,1,21,224,1,60,3,3,1,1,1,2,2,1,2,1,0,0,0,0,0,0,0,0,0,0,0,0,0,0,0,0,0,0,0,0,0,0,0,0,0,0,0,0,0,7,3,1,1,1,1,1,3,70,2,1,1,20,2,0,2,3,1,0,2,2,2,2,1,1,1,3,1,1,1,3,3,3,3,26847,1,3,1,0,0,2,1,7,2,1
12B216,2,40008,3,1,0,1,21,224,1,30,3,3,1,1,2,2,2,2,2,2,0,0,0,0,0,0,0,0,0,0,0,0,0,0,0,0,0,0,0,0,0,0,0,0,0,0,0,0,0,0,0,0,0,0,0,0,0,0,0,0,0,0,0,0,0,0,0,2,2,2,2,2,2,1,1,2,1,2,1,1,1,1,1,20136,4,4,2,0,0,0,2,0,2,1
12A227,2,40060,1,1,0,1,21,224,2,30,7,5,1,1,1,1,1,2,2,1,4,1,2,1,1,1,2,2,3,3000,2,1,1,1,1,2,2,2,2,2,1,2,2,2,2,0,1,2,2,0,0,0,0,0,0,0,0,0,0,0,0,60,1,6,3,4,1,0,1,2,2,1,1,1,1,1,1,4,1,1,1,1,1,17151,1,2,1,2,1,0,1,5,2,2
12A227,2,40060,2,1,0,1,21,224,1,66,3,3,1,1,1,1,2,2,2,1,8,4,2,2,1,2,2,2,2,0,2,1,1,0,0,0,0,0,0,0,0,0,0,0,0,0,0,0,0,0,0,0,0,0,0,0,0,0,0,0,0,30,2,0,2,3,2,0,2,2,2,2,2,1,1,1,1,1,1,1,1,1,1,17151,1,2,1,2,0,0,1,8,2,1
12A227,2,40060,4,1,0,1,21,224,2,62,7,5,1,1,2,2,2,2,2,1,0,0,0,0,0,0,0,0,0,0,0,0,0,0,0,0,0,0,0,0,0,0,0,0,0,0,0,0,0,0,0,0,0,0,0,0,0,0,0,0,0,30,2,0,2,3,2,0,2,2,2,2,3,2,2,0,3,0,1,2,1,3,2,8575,3,3,1,0,0,0,2,0,2,2
11A227,2,40091,2,1,0,1,21,224,2,72,2,1,1,1,1,1,2,2,2,2,1,5,2,2,2,2,2,1,2,0,2,1,1,0,0,0,0,0,0,0,0,0,0,0,0,0,0,0,0,0,0,0,0,0,0,0,0,0,0,0,0,25,2,0,2,3,2,0,2,2,2,2,2,2,2,0,2,0,1,2,3,1,2,18783,1,1,1,2,0,0,1,1,2,0
11A227,2,40091,4,1,0,1,21,224,2,67,2,6,8,1,2,2,1,2,2,1,0,0,0,0,0,0,0,0,0,0,0,0,0,2,4,2,2,2,1,2,2,2,2,2,1,0,1,2,1,0,0,0,0,0,0,0,0,0,0,0,0,30,2,0,2,3,2,0,1,2,2,2,2,2,3,0,2,0,1,2,1,3,2,6261,3,3,1,0,1,0,1,2,0,0
11A227,2,40091,1,1,0,1,21,224,1,36,2,6,1,1,2,2,2,2,2,2,0,0,0,0,0,0,0,0,0,0,0,0,0,0,0,0,0,0,0,0,0,0,0,0,0,0,0,0,0,0,0,0,0,0,0,0,0,0,0,0,0,0,0,0,0,0,0,1,2,2,2,2,2,2,2,0,3,0,1,3,3,2,2,6261,4,4,2,0,0,0,2,0,2,0
11B213,2,40101,4,1,0,1,21,224,1,25,4,3,1,1,1,1,2,2,2,1,4,2,2,1,2,2,2,2,3,1000,2,1,2,0,0,0,0,0,0,0,0,0,0,0,0,0,0,0,0,0,0,0,0,0,0,0,0,0,0,0,0,120,2,0,3,4,1,0,2,2,1,1,2,2,2,0,2,0,1,1,1,2,1,18544,1,2,1,2,0,0,1,4,2,1
11B213,2,40101,1,1,1,1,21,224,2,66,0,,3,2,0,0,0,0,0,0,0,0,0,0,0,0,0,0,0,0,0,0,0,0,0,0,0,0,0,0,0,0,0,0,0,0,0,0,0,0,0,0,0,0,0,0,0,0,0,0,0,0,0,0,0,0,0,0,0,0,0,0,0,0,0,0,0,0,0,0,0,0,0,9272,0,0,0,0,0,0,0,0,2,0
11B213,2,40101,2,1,0,2,21,224,2,60,0,,1,1,2,2,2,2,2,2,0,0,0,0,0,0,0,0,0,0,0,0,0,0,0,0,0,0,0,0,0,0,0,0,0,0,0,0,0,0,0,0,0,0,0,0,0,0,0,0,0,0,0,0,0,0,0,2,2,2,2,2,2,2,2,0,2,0,2,0,0,0,0,18544,4,4,2,0,0,0,2,0,2,0
11B213,2,40101,3,1,0,2,21,224,2,52,3,3,1,1,2,2,2,2,2,2,0,0,0,0,0,0,0,0,0,0,0,0,0,0,0,0,0,0,0,0,0,0,0,0,0,0,0,0,0,0,0,0,0,0,0,0,0,0,0,0,0,0,0,0,0,0,0,3,2,2,2,2,2,2,2,0,2,0,1,1,1,1,1,46360,4,4,2,0,0,0,2,0,2,1
11B221,2,40103,3,1,0,1,21,224,2,31,4,3,1,1,1,1,2,2,2,1,1,4,2,2,2,1,2,2,1,0,1,2,1,0,0,0,0,0,0,0,0,0,0,0,0,0,0,0,0,0,0,0,0,0,0,0,0,0,0,0,0,60,2,0,2,3,2,0,2,2,2,2,1,1,2,0,1,2,1,1,1,1,1,10268,1,2,1,1,0,0,1,1,2,1
11B221,2,40103,2,1,0,1,21,224,2,43,6,2,1,1,1,1,2,2,2,2,2,1,1,2,2,2,2,2,3,1000,2,1,2,0,0,0,0,0,0,0,0,0,0,0,0,0,0,0,0,0,0,0,0,0,0,0,0,0,0,0,0,60,2,0,3,3,2,0,2,2,2,1,2,1,1,1,1,3,1,1,1,1,1,51337,1,1,1,2,0,0,1,2,2,1
11B221,2,40103,1,1,0,1,21,224,2,33,7,3,1,1,1,1,2,2,2,1,2,4,1,2,2,1,2,2,3,400,1,2,1,0,0,0,0,0,0,0,0,0,0,0,0,0,0,0,0,0,0,0,0,0,0,0,0,0,0,0,0,60,1,3,4,4,1,0,1,2,2,1,1,1,1,2,1,2,1,1,1,1,1,10268,1,2,1,1,0,0,1,2,2,2
11B221,2,40103,4,1,0,2,21,224,2,31,3,3,7,1,2,2,2,2,2,2,0,0,0,0,0,0,0,0,0,0,0,0,0,0,0,0,0,0,0,0,0,0,0,0,0,0,0,0,0,0,0,0,0,0,0,0,0,0,0,0,0,0,0,0,0,0,0,3,2,2,2,2,2,2,2,0,1,2,1,1,1,1,2,41069,4,4,2,0,0,0,2,0,0,1
13B213,2,40134,4,1,0,1,21,224,1,41,7,4,1,1,2,2,2,2,2,2,0,0,0,0,0,0,0,0,0,0,0,0,0,0,0,0,0,0,0,0,0,0,0,0,0,0,0,0,0,0,0,0,0,0,0,0,0,0,0,0,0,0,0,0,0,0,0,1,2,2,2,2,3,2,3,0,1,6,1,1,1,1,1,27631,4,4,2,0,0,0,2,0,2,2
11B214,2,40167,2,1,0,3,21,224,1,33,2,6,1,1,2,2,2,2,2,2,0,0,0,0,0,0,0,0,0,0,0,0,0,0,0,0,0,0,0,0,0,0,0,0,0,0,0,0,0,0,0,0,0,0,0,0,0,0,0,0,0,0,0,0,0,0,0,1,2,2,2,2,3,3,3,0,2,0,1,3,3,3,3,50984,4,4,2,0,0,0,2,0,2,0
11B214,2,40167,3,1,0,1,21,224,1,60,0,,7,1,2,2,2,1,2,2,0,0,0,0,0,0,0,0,0,0,0,0,0,0,0,0,0,0,0,0,0,0,0,0,0,0,0,0,0,1,3,1,1,1,1,1,3,10,2,1,1,30,2,0,2,3,2,0,2,2,2,2,3,3,3,0,2,0,1,3,2,2,2,16995,3,3,1,0,0,2,1,1,0,0
11B214,2,40167,4,1,0,2,21,224,2,29,3,3,7,1,1,1,2,2,1,1,2,3,2,2,1,2,2,2,3,400,2,1,1,0,0,0,0,0,0,0,0,0,0,0,0,0,0,0,0,0,0,0,0,0,0,0,0,0,0,0,0,60,2,0,3,4,2,0,1,2,2,1,1,1,1,2,1,1,1,1,1,1,1,16995,1,2,1,2,0,0,1,2,0,1
11B214,2,40167,1,1,0,1,21,224,2,59,2,3,1,1,2,2,2,2,2,2,0,0,0,0,0,0,0,0,0,0,0,0,0,0,0,0,0,0,0,0,0,0,0,0,0,0,0,0,0,0,0,0,0,0,0,0,0,0,0,0,0,0,0,0,0,0,0,1,2,2,2,2,3,3,3,0,3,0,1,2,2,2,2,8497,4,4,2,0,0,0,2,0,2,0
12B222,2,40196,4,1,0,4,21,224,1,35,3,3,1,1,1,1,1,2,1,1,5,4,2,2,2,1,2,2,3,1000,2,1,1,2,4,1,1,2,2,2,2,2,2,2,2,0,2,1,5,0,0,0,0,0,0,0,0,0,0,0,0,30,2,0,2,3,1,0,1,1,2,2,1,1,1,2,1,2,1,1,1,1,1,30768,1,2,1,2,2,0,1,7,2,1
12B222,2,40196,3,1,0,1,21,224,1,61,7,1,1,1,1,1,2,2,2,1,2,3,2,2,2,1,2,2,3,300,2,1,1,0,0,0,0,0,0,0,0,0,0,0,0,0,0,0,0,0,0,0,0,0,0,0,0,0,0,0,0,120,2,0,2,3,2,0,2,2,2,1,1,1,1,2,1,3,1,1,1,1,1,7692,1,2,1,2,0,0,1,2,2,2
12B222,2,40196,2,1,0,1,21,224,1,57,4,3,1,1,2,2,2,2,2,2,0,0,0,0,0,0,0,0,0,0,0,0,0,0,0,0,0,0,0,0,0,0,0,0,0,0,0,0,0,0,0,0,0,0,0,0,0,0,0,0,0,0,0,0,0,0,0,3,2,2,2,2,1,1,1,2,1,1,1,1,1,1,1,15384,4,4,2,0,0,0,2,0,2,1
13B214,2,40199,2,1,0,3,21,224,1,20,4,3,1,1,2,1,2,2,2,1,4,2,2,1,2,2,2,2,1,0,1,2,1,0,0,0,0,0,0,0,0,0,0,0,0,0,0,0,0,0,0,0,0,0,0,0,0,0,0,0,0,60,1,4,4,3,1,0,2,2,1,1,3,1,1,2,1,6,1,1,1,2,1,45615,3,2,1,1,0,0,1,4,2,1
13B214,2,40199,3,1,0,1,21,224,2,78,2,6,7,1,2,2,2,2,2,2,0,0,0,0,0,0,0,0,0,0,0,0,0,0,0,0,0,0,0,0,0,0,0,0,0,0,0,0,0,0,0,0,0,0,0,0,0,0,0,0,0,0,0,0,0,0,0,5,2,2,2,2,3,2,3,0,3,0,1,2,1,3,3,11404,4,4,2,0,0,0,2,0,0,0
13A228,2,40224,3,1,0,1,21,224,1,34,4,3,1,1,1,1,1,2,2,1,2,4,2,1,2,2,2,2,3,500,2,1,1,2,4,1,2,2,2,2,2,2,2,2,3,100,2,1,1,0,0,0,0,0,0,0,0,0,0,0,0,20,2,0,3,3,1,0,2,2,2,2,2,1,2,0,1,1,1,1,1,1,1,8593,1,2,1,2,2,0,1,4,2,1
13A228,2,40224,4,1,0,1,21,224,1,57,7,5,1,1,1,1,1,2,2,2,1,3,2,2,2,1,2,2,3,185,2,1,1,2,4,2,2,2,2,2,2,1,2,2,3,120,2,1,1,0,0,0,0,0,0,0,0,0,0,0,0,60,2,0,2,3,2,0,2,2,2,1,2,2,2,0,2,0,1,2,1,2,2,8593,1,2,1,2,2,0,1,3,2,2
13A228,2,40224,1,1,0,3,21,224,1,22,7,2,6,1,1,1,1,2,2,1,6,2,2,1,2,2,2,2,1,0,1,2,1,3,2,2,1,2,2,2,1,2,2,2,1,0,1,1,1,0,0,0,0,0,0,0,0,0,0,0,0,60,2,0,3,4,2,0,1,2,1,1,1,1,1,2,1,1,1,1,1,1,1,25778,1,2,1,1,3,0,1,9,1,2
11A228,2,40289,3,1,0,4,21,224,2,21,7,2,6,1,1,1,2,1,1,1,3,2,2,1,2,1,2,2,3,1500,2,1,2,0,0,0,0,0,0,0,0,0,0,0,0,0,0,0,0,1,3,2,1,1,2,1,2,0,2,1,1,120,1,3,3,3,1,0,1,2,1,1,2,2,2,0,2,0,1,1,1,1,1,57999,1,2,1,2,0,2,1,4,1,2
11A228,2,40289,4,1,0,1,21,224,1,22,3,3,1,1,2,2,2,2,2,2,0,0,0,0,0,0,0,0,0,0,0,0,0,0,0,0,0,0,0,0,0,0,0,0,0,0,0,0,0,0,0,0,0,0,0,0,0,0,0,0,0,0,0,0,0,0,0,2,2,2,2,2,1,2,2,0,1,1,1,1,1,1,1,14499,4,4,2,0,0,0,2,0,2,1
11B215,2,40355,2,1,0,1,21,224,2,65,4,1,8,1,2,2,2,2,2,2,0,0,0,0,0,0,0,0,0,0,0,0,0,0,0,0,0,0,0,0,0,0,0,0,0,0,0,0,0,0,0,0,0,0,0,0,0,0,0,0,0,0,0,0,0,0,0,5,2,2,2,2,1,1,1,1,1,3,1,1,1,1,1,23433,4,4,2,0,0,0,2,0,0,1
11B215,2,40355,3,1,0,2,21,224,2,39,7,5,7,1,2,2,1,2,2,1,0,0,0,0,0,0,0,0,0,0,0,0,0,2,4,2,2,1,1,2,2,2,2,2,3,110,2,1,1,0,0,0,0,0,0,0,0,0,0,0,0,20,2,0,3,3,2,0,1,2,2,2,1,1,1,1,1,2,1,1,1,1,1,15623,3,3,1,0,2,0,1,2,0,2
11B215,2,40355,4,1,0,1,21,224,2,37,3,3,7,1,1,2,2,2,1,1,0,0,0,0,0,0,0,0,0,0,0,0,0,0,0,0,0,0,0,0,0,0,0,0,0,0,0,0,0,0,0,0,0,0,0,0,0,0,0,0,0,20,2,0,3,3,2,0,2,2,2,2,2,2,2,0,2,0,1,1,1,1,1,7811,1,3,1,0,0,0,2,0,0,1
12B215,2,40357,1,1,0,1,21,224,1,48,3,3,1,1,2,2,2,1,2,2,0,0,0,0,0,0,0,0,0,0,0,0,0,0,0,0,0,0,0,0,0,0,0,0,0,0,0,0,0,3,4,1,1,1,1,1,3,50,2,1,2,30,2,0,3,3,2,0,2,2,2,2,3,2,2,0,2,0,1,3,2,2,2,18598,3,3,1,0,0,2,1,3,2,1
12B215,2,40357,3,1,0,2,21,224,2,31,4,3,1,1,2,2,2,2,2,2,0,0,0,0,0,0,0,0,0,0,0,0,0,0,0,0,0,0,0,0,0,0,0,0,0,0,0,0,0,0,0,0,0,0,0,0,0,0,0,0,0,0,0,0,0,0,0,3,2,2,2,2,3,3,3,0,2,0,1,1,1,1,1,18598,4,4,2,0,0,0,2,0,2,1
12B215,2,40357,2,1,0,1,21,224,2,44,3,3,3,1,2,2,2,2,2,2,0,0,0,0,0,0,0,0,0,0,0,0,0,0,0,0,0,0,0,0,0,0,0,0,0,0,0,0,0,0,0,0,0,0,0,0,0,0,0,0,0,0,0,0,0,0,0,2,2,2,2,2,2,2,2,0,2,0,1,1,1,1,2,24797,4,4,2,0,0,0,2,0,2,1
12B215,2,40357,4,1,0,2,21,224,2,51,4,1,1,1,2,2,2,2,2,1,0,0,0,0,0,0,0,0,0,0,0,0,0,0,0,0,0,0,0,0,0,0,0,0,0,0,0,0,0,0,0,0,0,0,0,0,0,0,0,0,0,15,2,0,2,2,2,0,2,2,2,2,2,2,2,0,3,0,1,3,3,3,3,24797,3,3,1,0,0,0,2,0,2,1
12B221,3,40002,2,1,0,1,40,224,2,61,6,3,8,1,1,1,2,2,2,2,1,3,2,1,2,2,2,2,3,200,2,1,1,0,0,0,0,0,0,0,0,0,0,0,0,0,0,0,0,0,0,0,0,0,0,0,0,0,0,0,0,20,2,0,2,2,2,0,1,2,2,2,2,2,2,0,1,1,1,1,1,1,1,15607,1,1,1,2,0,0,1,1,0,1
12B221,3,40002,3,1,0,2,40,224,2,43,4,3,1,1,1,2,1,2,2,2,0,0,0,0,0,0,0,0,0,0,0,0,0,2,1,2,2,2,1,2,2,2,2,2,2,0,2,1,2,0,0,0,0,0,0,0,0,0,0,0,0,20,1,6,3,3,1,0,1,2,2,2,1,1,1,2,1,1,1,1,1,1,1,31213,1,3,1,0,2,0,1,2,2,1
12B221,3,40002,4,1,0,7,40,224,2,25,7,2,1,1,1,1,2,2,2,1,1,4,2,2,2,1,2,2,2,0,2,1,1,0,0,0,0,0,0,0,0,0,0,0,0,0,0,0,0,0,0,0,0,0,0,0,0,0,0,0,0,25,2,0,3,4,2,0,1,2,2,2,2,2,2,0,2,0,1,1,1,1,1,39016,1,2,1,2,0,0,1,1,2,2
12B221,3,40002,1,1,0,2,40,224,2,73,7,5,8,1,1,1,2,2,2,2,1,3,2,2,2,1,2,2,2,0,2,1,1,0,0,0,0,0,0,0,0,0,0,0,0,0,0,0,0,0,0,0,0,0,0,0,0,0,0,0,0,30,2,0,2,2,2,0,2,2,2,2,2,2,2,0,2,0,1,1,2,2,1,15607,1,1,1,2,0,0,1,1,0,2
11B216,3,40011,1,1,0,1,40,224,1,64,0,,1,2,0,0,0,0,0,0,0,0,0,0,0,0,0,0,0,0,0,0,0,0,0,0,0,0,0,0,0,0,0,0,0,0,0,0,0,0,0,0,0,0,0,0,0,0,0,0,0,0,0,0,0,0,0,0,0,0,0,0,0,0,0,0,0,0,0,0,0,0,0,15768,0,0,0,0,0,0,0,0,2,0
11B216,3,40011,4,1,0,1,40,224,2,71,2,3,8,1,1,1,2,2,2,2,2,5,2,2,1,2,2,2,2,0,2,1,1,0,0,0,0,0,0,0,0,0,0,0,0,0,0,0,0,0,0,0,0,0,0,0,0,0,0,0,0,30,2,0,2,2,2,0,2,2,2,2,2,2,2,0,2,0,1,2,2,2,2,15768,1,1,1,2,0,0,1,2,0,0
11B216,3,40011,3,1,0,2,40,224,2,23,7,4,1,1,1,1,1,2,2,2,2,5,2,2,1,2,2,2,3,500,2,1,1,1,5,2,2,2,1,2,2,2,2,2,2,0,2,1,1,0,0,0,0,0,0,0,0,0,0,0,0,30,2,0,2,3,2,0,2,2,2,2,1,1,1,1,1,2,1,1,1,1,1,15768,1,2,1,2,2,0,1,3,2,2
13B213,3,40033,4,1,1,1,40,224,2,32,7,5,1,1,1,1,2,2,2,1,1,5,2,2,1,2,2,2,3,3000,2,1,1,0,0,0,0,0,0,0,0,0,0,0,0,0,0,0,0,0,0,0,0,0,0,0,0,0,0,0,0,30,2,0,3,3,2,0,2,2,2,2,2,2,2,0,1,1,1,1,1,1,1,10025,1,2,1,2,0,0,1,1,2,2
13B213,3,40033,1,1,0,1,40,224,2,45,7,4,1,1,1,2,2,2,2,2,0,0,0,0,0,0,0,0,0,0,0,0,0,0,0,0,0,0,0,0,0,0,0,0,0,0,0,0,0,0,0,0,0,0,0,0,0,0,0,0,0,0,0,0,0,0,0,3,2,2,2,2,1,1,1,2,1,2,1,1,1,1,1,10025,2,4,2,0,0,0,2,0,2,2
13B213,3,40033,2,1,0,1,40,224,1,45,2,6,1,1,2,2,2,2,2,2,0,0,0,0,0,0,0,0,0,0,0,0,0,0,0,0,0,0,0,0,0,0,0,0,0,0,0,0,0,0,0,0,0,0,0,0,0,0,0,0,0,0,0,0,0,0,0,3,2,2,2,2,2,2,2,0,2,0,1,1,2,1,1,20051,4,4,2,0,0,0,2,0,2,0
13B213,3,40033,3,1,0,2,40,224,1,43,4,3,1,1,1,1,2,2,2,1,2,5,2,2,1,2,2,2,2,0,2,1,1,0,0,0,0,0,0,0,0,0,0,0,0,0,0,0,0,0,0,0,0,0,0,0,0,0,0,0,0,25,2,0,3,3,1,0,1,2,2,1,1,1,1,2,1,1,1,1,1,1,1,30075,1,2,1,2,0,0,1,2,2,1
13B216,3,40121,1,1,0,1,40,224,1,69,6,3,8,1,1,1,1,2,2,2,5,3,2,2,2,1,2,2,3,150,1,1,1,2,4,2,2,1,2,2,2,2,2,2,3,100,2,1,1,0,0,0,0,0,0,0,0,0,0,0,0,40,2,0,3,3,2,0,1,2,2,1,1,1,2,0,1,1,1,1,2,1,1,10163,1,2,1,3,2,0,1,7,0,1
13B216,3,40121,2,1,0,1,40,224,2,27,7,4,1,1,1,2,2,2,2,2,0,0,0,0,0,0,0,0,0,0,0,0,0,0,0,0,0,0,0,0,0,0,0,0,0,0,0,0,0,0,0,0,0,0,0,0,0,0,0,0,0,0,0,0,0,0,0,1,2,2,2,1,1,2,1,1,1,1,1,1,2,1,1,10163,2,4,2,0,0,0,2,0,2,2
13B216,3,40121,3,1,1,1,40,224,1,38,7,5,1,1,1,2,2,2,2,2,0,0,0,0,0,0,0,0,0,0,0,0,0,0,0,0,0,0,0,0,0,0,0,0,0,0,0,0,0,0,0,0,0,0,0,0,0,0,0,0,0,0,0,0,0,0,0,1,2,2,2,2,1,2,1,2,1,1,1,1,1,1,1,10163,2,4,2,0,0,0,2,0,2,2
12A227,3,40135,2,1,0,1,40,224,1,33,4,3,1,1,2,2,2,2,2,2,0,0,0,0,0,0,0,0,0,0,0,0,0,0,0,0,0,0,0,0,0,0,0,0,0,0,0,0,0,0,0,0,0,0,0,0,0,0,0,0,0,0,0,0,0,0,0,1,1,2,2,2,1,1,1,2,2,0,1,1,1,2,2,8880,4,4,2,0,0,0,2,0,2,1
12A227,3,40135,4,1,0,2,40,224,2,25,3,3,7,1,1,2,2,2,2,1,0,0,0,0,0,0,0,0,0,0,0,0,0,0,0,0,0,0,0,0,0,0,0,0,0,0,0,0,0,0,0,0,0,0,0,0,0,0,0,0,0,40,2,0,2,2,2,0,1,2,2,1,2,2,2,0,2,0,1,1,1,1,1,17759,1,3,1,0,0,0,2,0,0,1
12A227,3,40135,1,1,0,1,40,224,2,42,3,3,1,1,1,2,2,2,2,2,0,0,0,0,0,0,0,0,0,0,0,0,0,0,0,0,0,0,0,0,0,0,0,0,0,0,0,0,0,0,0,0,0,0,0,0,0,0,0,0,0,0,0,0,0,0,0,1,1,2,2,1,2,2,2,0,2,0,1,1,2,1,2,17759,2,4,2,0,0,0,2,0,2,1
12A227,3,40135,3,1,0,2,40,224,2,29,4,3,2,1,2,2,2,2,2,2,0,0,0,0,0,0,0,0,0,0,0,0,0,0,0,0,0,0,0,0,0,0,0,0,0,0,0,0,0,0,0,0,0,0,0,0,0,0,0,0,0,0,0,0,0,0,0,3,1,2,2,2,2,2,2,0,2,0,1,1,1,1,1,26639,4,4,2,0,0,0,2,0,1,1
12B214,3,40140,4,1,0,1,40,224,1,39,4,3,1,1,2,2,2,2,2,2,0,0,0,0,0,0,0,0,0,0,0,0,0,0,0,0,0,0,0,0,0,0,0,0,0,0,0,0,0,0,0,0,0,0,0,0,0,0,0,0,0,0,0,0,0,0,0,4,2,2,2,2,2,2,2,0,2,0,1,2,1,2,1,16722,4,4,2,0,0,0,2,0,2,1
12B214,3,40140,3,1,0,2,40,224,2,83,0,,7,2,0,0,0,0,0,0,0,0,0,0,0,0,0,0,0,0,0,0,0,0,0,0,0,0,0,0,0,0,0,0,0,0,0,0,0,0,0,0,0,0,0,0,0,0,0,0,0,0,0,0,0,0,0,0,0,0,0,0,0,0,0,0,0,0,0,0,0,0,0,25082,0,0,0,0,0,0,0,0,0,0
12B214,3,40140,2,1,0,2,40,224,2,47,6,2,1,1,1,1,2,2,2,2,1,4,2,2,2,1,2,2,2,0,2,1,1,0,0,0,0,0,0,0,0,0,0,0,0,0,0,0,0,0,0,0,0,0,0,0,0,0,0,0,0,20,2,0,3,3,2,0,2,2,2,2,2,2,2,0,2,0,1,1,1,1,1,33443,1,1,1,2,0,0,1,1,2,1
12B214,3,40140,1,1,0,1,40,224,1,36,7,4,1,1,1,1,2,2,2,1,1,1,1,2,2,2,2,2,2,0,2,1,2,0,0,0,0,0,0,0,0,0,0,0,0,0,0,0,0,0,0,0,0,0,0,0,0,0,0,0,0,20,2,0,3,3,2,0,1,2,2,1,1,1,1,2,1,1,1,1,1,1,1,16722,1,2,1,2,0,0,1,1,2,2
12A228,3,40166,2,1,0,2,40,224,2,56,6,3,1,1,2,2,2,2,2,2,0,0,0,0,0,0,0,0,0,0,0,0,0,0,0,0,0,0,0,0,0,0,0,0,0,0,0,0,0,0,0,0,0,0,0,0,0,0,0,0,0,0,0,0,0,0,0,1,1,2,2,2,1,1,1,1,1,1,1,1,2,1,1,29237,4,4,2,0,0,0,2,0,2,1
12A228,3,40166,3,1,0,1,40,224,2,25,7,4,1,1,2,1,2,2,2,2,1,3,2,2,2,1,2,2,3,200,2,1,1,0,0,0,0,0,0,0,0,0,0,0,0,0,0,0,0,0,0,0,0,0,0,0,0,0,0,0,0,30,2,0,3,3,2,0,2,2,1,2,1,2,1,1,1,1,1,1,1,1,1,9746,3,1,1,2,0,0,1,1,2,2
12A228,3,40166,4,1,0,1,40,224,2,38,7,5,1,1,1,2,1,2,2,2,0,0,0,0,0,0,0,0,0,0,0,0,0,2,1,2,2,1,2,2,1,2,2,2,2,0,2,1,2,0,0,0,0,0,0,0,0,0,0,0,0,20,1,6,3,3,2,0,2,2,2,2,1,1,1,2,1,1,1,1,2,1,2,9746,1,3,1,0,2,0,1,2,2,2
13B222,3,40277,4,1,0,1,40,224,2,47,4,2,1,1,1,1,2,2,2,2,1,4,2,2,1,2,2,2,2,0,2,1,1,0,0,0,0,0,0,0,0,0,0,0,0,0,0,0,0,0,0,0,0,0,0,0,0,0,0,0,0,38,2,0,2,2,2,0,2,2,2,2,1,2,2,0,1,2,1,1,1,1,1,10781,1,1,1,2,0,0,1,1,2,1
13B222,3,40277,1,1,0,1,40,224,1,39,3,3,1,1,2,2,2,2,2,2,0,0,0,0,0,0,0,0,0,0,0,0,0,0,0,0,0,0,0,0,0,0,0,0,0,0,0,0,0,0,0,0,0,0,0,0,0,0,0,0,0,0,0,0,0,0,0,1,2,2,2,2,2,2,2,0,2,0,1,1,2,2,2,21564,4,4,2,0,0,0,2,0,2,1
13B222,3,40277,3,1,0,1,40,224,2,68,6,2,8,1,2,2,2,2,2,2,0,0,0,0,0,0,0,0,0,0,0,0,0,0,0,0,0,0,0,0,0,0,0,0,0,0,0,0,0,0,0,0,0,0,0,0,0,0,0,0,0,0,0,0,0,0,0,1,2,2,2,2,2,2,2,0,2,0,1,1,2,1,2,10781,4,4,2,0,0,0,2,0,0,1
13B222,3,40277,2,1,0,2,40,224,1,25,2,6,9,1,1,2,2,1,2,2,0,0,0,0,0,0,0,0,0,0,0,0,0,0,0,0,0,0,0,0,0,0,0,0,0,0,0,0,0,3,4,1,1,2,2,1,3,100,2,1,1,20,2,0,2,2,2,0,2,2,2,2,1,2,1,1,2,0,1,1,2,1,1,21564,1,3,1,0,0,2,1,3,0,0
12B215,3,40281,1,1,0,1,40,224,1,30,7,4,1,1,1,1,2,2,2,1,15,3,2,2,1,1,2,2,1,0,1,2,1,0,0,0,0,0,0,0,0,0,0,0,0,0,0,0,0,0,0,0,0,0,0,0,0,0,0,0,0,40,2,0,3,3,2,0,1,2,2,1,1,1,1,2,1,2,1,1,1,1,1,7508,1,2,1,1,0,0,1,15,2,2
12B215,3,40281,2,1,0,2,40,224,2,41,4,3,1,1,2,2,2,2,2,2,0,0,0,0,0,0,0,0,0,0,0,0,0,0,0,0,0,0,0,0,0,0,0,0,0,0,0,0,0,0,0,0,0,0,0,0,0,0,0,0,0,0,0,0,0,0,0,2,2,2,2,2,2,2,2,0,2,0,1,1,2,2,1,7508,4,4,2,0,0,0,2,0,2,1
12B215,3,40281,3,1,0,1,40,224,1,38,7,5,1,1,1,1,2,2,2,1,2,3,2,2,2,1,2,2,2,0,2,1,1,0,0,0,0,0,0,0,0,0,0,0,0,0,0,0,0,0,0,0,0,0,0,0,0,0,0,0,0,20,2,0,3,3,1,0,1,2,2,1,1,1,1,1,1,1,1,1,1,1,1,7508,1,2,1,2,0,0,1,2,2,2
12B215,3,40281,4,1,0,1,40,224,2,63,2,6,8,1,2,2,2,2,2,2,0,0,0,0,0,0,0,0,0,0,0,0,0,0,0,0,0,0,0,0,0,0,0,0,0,0,0,0,0,0,0,0,0,0,0,0,0,0,0,0,0,0,0,0,0,0,0,5,2,2,2,2,2,2,2,0,2,0,1,2,2,2,2,22524,4,4,2,0,0,0,2,0,0,0
11B222,3,40331,1,1,0,2,40,224,2,53,6,3,7,1,2,2,2,2,2,2,0,0,0,0,0,0,0,0,0,0,0,0,0,0,0,0,0,0,0,0,0,0,0,0,0,0,0,0,0,0,0,0,0,0,0,0,0,0,0,0,0,0,0,0,0,0,0,1,2,2,2,2,2,2,1,1,2,0,1,1,1,2,1,25709,4,4,2,0,0,0,2,0,0,1
11B222,3,40331,4,1,0,1,40,224,1,49,7,5,1,1,1,1,2,2,2,1,2,3,2,2,2,1,2,2,3,100,2,1,1,0,0,0,0,0,0,0,0,0,0,0,0,0,0,0,0,0,0,0,0,0,0,0,0,0,0,0,0,30,2,0,3,3,2,0,1,2,2,1,2,2,2,0,2,0,1,2,1,1,2,8570,1,2,1,2,0,0,1,2,2,2
11B222,3,40331,3,1,0,1,40,224,2,50,7,5,1,1,1,1,2,2,2,2,4,1,2,2,2,1,2,2,2,0,1,1,1,0,0,0,0,0,0,0,0,0,0,0,0,0,0,0,0,0,0,0,0,0,0,0,0,0,0,0,0,30,2,0,3,3,2,0,1,2,2,1,1,1,1,1,1,1,1,2,2,1,1,8570,1,1,1,3,0,0,1,4,2,2
11B222,3,40331,2,1,0,2,40,224,2,64,2,6,7,1,1,1,2,2,2,2,1,5,2,2,2,2,2,1,2,0,2,1,1,0,0,0,0,0,0,0,0,0,0,0,0,0,0,0,0,0,0,0,0,0,0,0,0,0,0,0,0,20,2,0,2,2,2,0,2,2,2,2,2,2,2,0,2,0,1,2,2,2,2,25709,1,1,1,2,0,0,1,1,0,0
11B213,4,40005,3,1,0,2,28,224,1,67,7,3,7,1,2,2,2,1,2,2,0,0,0,0,0,0,0,0,0,0,0,0,0,0,0,0,0,0,0,0,0,0,0,0,0,0,0,0,0,2,3,2,1,1,2,1,3,20,2,1,5,15,2,0,4,2,1,0,2,2,2,2,2,2,2,0,1,3,1,2,1,2,1,22946,3,3,1,0,0,2,1,2,0,2
11B213,4,40005,1,1,0,2,28,224,2,49,4,3,7,1,1,1,2,2,2,1,10,4,2,2,1,1,1,2,1,0,1,2,1,0,0,0,0,0,0,0,0,0,0,0,0,0,0,0,0,0,0,0,0,0,0,0,0,0,0,0,0,60,2,0,4,4,1,0,1,1,2,1,1,1,1,1,1,2,1,1,1,1,1,22946,1,2,1,1,0,0,1,10,0,1
11B221,4,40005,4,1,0,1,28,224,1,39,4,1,1,1,1,1,2,1,2,1,3,4,1,2,2,1,2,2,2,0,2,1,1,0,0,0,0,0,0,0,0,0,0,0,0,0,0,0,0,3,3,1,1,1,1,1,3,21,2,1,1,20,2,0,1,2,1,0,2,2,2,2,2,1,1,2,1,1,1,1,1,1,1,8293,1,2,1,2,0,2,1,6,2,1
11B213,4,40005,4,1,0,1,28,224,1,64,2,6,1,1,1,1,2,2,2,1,1,5,2,2,1,2,2,2,2,0,2,1,1,0,0,0,0,0,0,0,0,0,0,0,0,0,0,0,0,0,0,0,0,0,0,0,0,0,0,0,0,30,2,0,3,3,2,0,2,2,2,2,2,2,2,0,2,0,1,2,2,2,2,15297,1,2,1,2,0,0,1,1,2,0
11B221,4,40005,3,1,0,2,28,224,2,57,2,4,7,1,2,2,2,2,2,2,0,0,0,0,0,0,0,0,0,0,0,0,0,0,0,0,0,0,0,0,0,0,0,0,0,0,0,0,0,0,0,0,0,0,0,0,0,0,0,0,0,0,0,0,0,0,0,3,2,2,2,2,2,2,2,0,2,0,1,2,1,2,2,16586,4,4,2,0,0,0,2,0,0,0
11B221,4,40005,2,1,0,2,28,224,1,56,4,3,8,1,1,2,1,1,2,1,0,0,0,0,0,0,0,0,0,0,0,0,0,4,4,2,2,2,2,1,2,1,2,2,3,60,2,1,1,3,3,1,1,1,1,1,3,50,2,1,1,20,2,0,2,2,1,0,2,2,2,2,2,1,1,1,2,0,1,1,1,1,2,49757,1,3,1,0,2,2,1,7,0,1
11B221,4,40005,1,1,0,1,28,224,1,37,3,3,1,1,2,2,2,2,2,1,0,0,0,0,0,0,0,0,0,0,0,0,0,0,0,0,0,0,0,0,0,0,0,0,0,0,0,0,0,0,0,0,0,0,0,0,0,0,0,0,0,30,2,0,2,4,1,0,2,2,2,2,2,2,2,0,2,0,1,2,2,2,2,16586,3,3,1,0,0,0,2,0,2,1
11A227,4,40078,4,1,0,1,28,224,1,45,8,2,1,1,2,2,2,2,2,1,0,0,0,0,0,0,0,0,0,0,0,0,0,0,0,0,0,0,0,0,0,0,0,0,0,0,0,0,0,0,0,0,0,0,0,0,0,0,0,0,0,60,2,0,2,3,1,0,1,2,2,1,2,1,2,0,1,2,1,2,2,2,1,16704,3,3,1,0,0,0,2,0,2,2
11A227,4,40078,1,1,0,1,28,224,1,29,6,3,1,1,1,2,2,2,2,1,0,0,0,0,0,0,0,0,0,0,0,0,0,0,0,0,0,0,0,0,0,0,0,0,0,0,0,0,0,0,0,0,0,0,0,0,0,0,0,0,0,30,2,0,2,3,1,0,2,2,2,2,2,1,2,0,1,1,1,2,1,2,1,16704,1,3,1,0,0,0,2,0,2,1
11A227,4,40078,3,1,0,1,28,224,1,22,3,3,1,1,2,2,1,2,2,1,0,0,0,0,0,0,0,0,0,0,0,0,0,3,4,1,2,2,2,2,2,2,1,2,2,0,2,1,1,0,0,0,0,0,0,0,0,0,0,0,0,30,2,0,2,2,2,0,2,2,2,2,2,1,1,1,2,0,1,2,1,1,1,16704,3,3,1,0,2,0,1,3,2,1
11A227,4,40078,2,1,0,3,28,224,1,52,3,1,1,1,1,1,2,2,2,2,1,5,2,2,1,2,2,2,2,0,2,1,1,0,0,0,0,0,0,0,0,0,0,0,0,0,0,0,0,0,0,0,0,0,0,0,0,0,0,0,0,10,2,0,3,3,2,0,2,2,2,2,2,2,2,0,2,0,1,2,1,2,2,25057,1,1,1,2,0,0,1,1,2,1
12B216,4,40093,3,1,0,1,28,224,2,63,2,6,8,1,1,1,2,2,2,2,1,5,2,2,1,2,2,2,3,200,2,1,1,0,0,0,0,0,0,0,0,0,0,0,0,0,0,0,0,0,0,0,0,0,0,0,0,0,0,0,0,30,2,0,1,2,1,0,2,2,2,2,2,1,2,0,1,1,1,2,2,2,2,16381,1,1,1,2,0,0,1,1,0,0
12B216,4,40093,1,1,0,2,28,224,2,38,7,4,1,1,1,2,1,2,2,1,0,0,0,0,0,0,0,0,0,0,0,0,0,2,4,2,2,2,1,2,2,2,2,2,2,0,2,1,1,0,0,0,0,0,0,0,0,0,0,0,0,30,2,0,2,3,1,0,2,2,2,2,2,1,2,0,2,0,1,1,1,2,2,16381,1,3,1,0,2,0,1,2,2,2
12B216,4,40093,2,1,0,4,28,224,1,31,7,4,1,1,1,1,2,2,2,1,5,3,2,1,1,2,2,2,1,0,1,2,1,0,0,0,0,0,0,0,0,0,0,0,0,0,0,0,0,0,0,0,0,0,0,0,0,0,0,0,0,180,2,0,2,3,1,0,1,2,2,1,1,1,1,2,1,1,1,1,1,1,1,32762,1,2,1,1,0,0,1,5,2,2
11B214,4,40170,3,1,0,2,28,224,2,33,7,2,7,1,1,1,1,2,2,1,6,2,2,1,2,1,2,2,2,0,2,1,1,1,4,2,2,1,2,2,2,2,2,2,2,0,2,1,1,0,0,0,0,0,0,0,0,0,0,0,0,30,2,0,2,3,1,0,2,2,2,2,2,1,2,0,2,0,1,1,1,2,1,15679,1,2,1,2,2,0,1,7,0,2
11B214,4,40170,4,1,0,3,28,224,1,33,3,1,1,1,2,2,2,2,2,1,0,0,0,0,0,0,0,0,0,0,0,0,0,0,0,0,0,0,0,0,0,0,0,0,0,0,0,0,0,0,0,0,0,0,0,0,0,0,0,0,0,10,2,0,3,3,2,0,2,2,2,2,2,1,2,0,2,0,1,1,1,2,1,23518,3,3,1,0,0,0,2,0,2,1
11B214,4,40170,1,1,1,2,28,224,2,34,7,4,1,1,1,2,2,2,2,1,0,0,0,0,0,0,0,0,0,0,0,0,0,0,0,0,0,0,0,0,0,0,0,0,0,0,0,0,0,0,0,0,0,0,0,0,0,0,0,0,0,30,2,0,2,3,1,0,2,2,2,2,1,1,1,2,1,1,1,2,1,2,1,15679,1,3,1,0,0,0,2,0,2,2
11B214,4,40170,2,1,0,1,28,224,1,50,3,2,1,1,1,2,2,2,2,1,0,0,0,0,0,0,0,0,0,0,0,0,0,0,0,0,0,0,0,0,0,0,0,0,0,0,0,0,0,0,0,0,0,0,0,0,0,0,0,0,0,30,2,0,2,4,1,0,2,2,2,2,1,1,2,0,1,1,1,2,1,1,1,15679,1,3,1,0,0,0,2,0,2,1
11A228,4,40193,4,1,0,2,28,224,2,65,3,2,7,1,2,2,2,2,2,2,0,0,0,0,0,0,0,0,0,0,0,0,0,0,0,0,0,0,0,0,0,0,0,0,0,0,0,0,0,0,0,0,0,0,0,0,0,0,0,0,0,0,0,0,0,0,0,3,2,2,2,2,2,2,2,0,2,0,1,1,1,1,2,15874,4,4,2,0,0,0,2,0,0,1
11A228,4,40193,3,1,0,1,28,224,1,42,4,3,1,1,1,1,2,2,2,2,4,4,2,2,1,1,2,2,2,0,2,1,1,0,0,0,0,0,0,0,0,0,0,0,0,0,0,0,0,0,0,0,0,0,0,0,0,0,0,0,0,60,2,0,2,2,1,0,2,2,2,2,1,1,2,0,2,0,1,2,1,1,1,15874,1,1,1,2,0,0,1,4,2,1
11A228,4,40193,2,1,0,1,28,224,2,32,4,3,1,1,1,1,1,2,2,1,3,1,2,1,2,2,1,2,2,0,2,1,1,3,4,2,2,2,1,2,1,2,2,2,3,150,2,1,1,0,0,0,0,0,0,0,0,0,0,0,0,60,2,0,2,3,2,0,2,2,2,2,2,1,1,2,1,1,1,1,1,1,1,15874,1,2,1,2,2,0,1,6,2,1
11A228,4,40193,1,1,0,3,28,224,1,29,4,3,1,1,2,2,1,2,2,1,0,0,0,0,0,0,0,0,0,0,0,0,0,2,1,2,1,2,2,2,2,2,2,2,2,0,2,1,2,0,0,0,0,0,0,0,0,0,0,0,0,180,1,6,1,1,1,0,2,2,2,2,1,1,1,1,1,1,1,1,1,1,1,23811,3,3,1,0,2,0,1,2,2,1
12B222,4,40272,4,1,0,1,28,224,2,74,3,3,1,1,2,2,2,2,2,2,0,0,0,0,0,0,0,0,0,0,0,0,0,0,0,0,0,0,0,0,0,0,0,0,0,0,0,0,0,0,0,0,0,0,0,0,0,0,0,0,0,0,0,0,0,0,0,5,2,2,2,2,2,2,1,2,2,0,1,2,1,1,2,6392,4,4,2,0,0,0,2,0,2,1
12B222,4,40272,1,1,0,1,28,224,1,32,7,5,1,1,1,1,2,2,2,1,4,2,2,1,2,2,2,2,3,1000,1,1,1,0,0,0,0,0,0,0,0,0,0,0,0,0,0,0,0,0,0,0,0,0,0,0,0,0,0,0,0,30,1,5,2,3,1,0,2,1,2,2,2,1,1,3,1,3,1,2,1,1,1,6392,1,2,1,3,0,0,1,4,2,2
12B222,4,40272,2,1,0,4,28,224,1,75,2,6,8,1,1,1,2,2,2,2,3,5,2,2,1,2,2,2,2,0,2,1,1,0,0,0,0,0,0,0,0,0,0,0,0,0,0,0,0,0,0,0,0,0,0,0,0,0,0,0,0,60,2,0,2,2,2,0,2,2,2,2,2,2,2,0,2,0,1,2,2,2,2,25568,1,1,1,2,0,0,1,3,0,0
12B222,4,40272,3,1,0,2,28,224,2,25,4,3,7,1,1,1,2,1,1,2,10,4,1,2,2,1,1,2,1,0,1,2,1,0,0,0,0,0,0,0,0,0,0,0,0,0,0,0,0,1,3,2,2,1,1,2,2,0,2,1,1,180,1,5,2,4,1,0,1,2,1,1,2,1,1,2,1,5,1,1,1,1,1,12784,1,2,1,1,0,2,1,11,0,1
11B215,4,40279,2,1,0,1,28,224,1,51,3,3,1,1,1,2,2,1,2,2,0,0,0,0,0,0,0,0,0,0,0,0,0,0,0,0,0,0,0,0,0,0,0,0,0,0,0,0,0,2,3,1,1,2,2,1,3,30,2,1,1,10,2,0,2,3,1,0,2,2,2,2,2,2,2,0,2,0,1,2,1,2,2,8965,1,3,1,0,0,2,1,2,2,1
11B215,4,40279,1,1,0,2,28,224,2,33,3,3,7,1,1,1,2,2,2,2,3,4,2,1,2,2,2,2,3,300,2,1,1,0,0,0,0,0,0,0,0,0,0,0,0,0,0,0,0,0,0,0,0,0,0,0,0,0,0,0,0,60,2,0,1,3,1,0,2,1,2,2,2,2,2,0,2,0,1,1,1,1,2,17930,1,1,1,2,0,0,1,3,0,1
11B215,4,40279,3,1,0,1,28,224,1,32,4,3,1,1,1,2,1,1,2,1,0,0,0,0,0,0,0,0,0,0,0,0,0,6,4,1,1,2,2,2,2,2,2,2,1,0,1,2,1,1,3,1,1,2,2,1,3,6,2,1,1,30,2,0,2,3,2,0,2,2,2,2,2,2,2,0,2,0,1,1,1,1,1,17930,1,3,1,0,1,2,1,7,2,1
11B215,4,40279,4,1,0,1,28,224,1,58,3,3,3,1,2,2,2,2,2,2,0,0,0,0,0,0,0,0,0,0,0,0,0,0,0,0,0,0,0,0,0,0,0,0,0,0,0,0,0,0,0,0,0,0,0,0,0,0,0,0,0,0,0,0,0,0,0,3,2,2,2,2,2,2,2,0,2,0,1,2,1,2,2,17930,4,4,2,0,0,0,2,0,2,1
12B215,4,40335,4,1,0,1,28,224,2,63,7,4,8,1,2,2,2,2,2,2,0,0,0,0,0,0,0,0,0,0,0,0,0,0,0,0,0,0,0,0,0,0,0,0,0,0,0,0,0,0,0,0,0,0,0,0,0,0,0,0,0,0,0,0,0,0,0,3,2,2,2,2,2,1,2,0,1,1,1,3,2,2,2,17523,4,4,2,0,0,0,2,0,0,2
12B215,4,40335,3,1,0,4,28,224,2,33,7,3,1,1,1,1,1,2,2,1,1,4,2,2,2,1,2,2,2,0,2,1,1,3,4,2,2,2,2,2,2,1,1,2,2,0,2,1,1,0,0,0,0,0,0,0,0,0,0,0,0,30,2,0,2,3,1,0,2,2,2,2,1,1,1,2,1,3,1,1,1,1,1,35046,1,2,1,2,2,0,1,4,2,2
12B215,4,40335,1,1,0,1,28,224,2,53,2,6,1,1,1,2,1,2,2,2,0,0,0,0,0,0,0,0,0,0,0,0,0,1,5,2,2,2,2,1,2,2,2,2,2,0,2,1,1,0,0,0,0,0,0,0,0,0,0,0,0,15,2,0,1,2,1,0,2,2,2,2,2,2,2,0,2,0,1,2,1,2,2,17523,1,3,1,0,2,0,1,1,2,0
12B215,4,40335,2,1,0,3,28,224,2,33,7,4,1,1,1,1,2,1,2,1,3,4,2,2,2,1,2,2,3,600,2,1,1,0,0,0,0,0,0,0,0,0,0,0,0,0,0,0,0,3,3,1,1,1,1,2,3,21,2,1,2,30,2,0,2,3,1,0,2,1,2,1,1,1,1,1,1,2,1,1,1,2,1,26284,1,2,1,2,0,2,1,6,2,2
13B221,4,40358,2,1,0,2,28,224,2,30,7,5,1,1,1,1,2,2,2,2,4,1,2,1,2,2,2,2,1,0,1,2,1,0,0,0,0,0,0,0,0,0,0,0,0,0,0,0,0,0,0,0,0,0,0,0,0,0,0,0,0,30,2,0,2,4,1,0,2,2,2,2,2,1,1,1,1,1,1,1,1,1,1,17434,1,1,1,1,0,0,1,4,2,2
13B221,4,40358,3,1,0,1,28,224,2,49,8,2,1,1,1,1,2,2,2,1,6,1,2,1,2,2,1,2,1,0,1,2,1,0,0,0,0,0,0,0,0,0,0,0,0,0,0,0,0,0,0,0,0,0,0,0,0,0,0,0,0,120,1,5,4,4,1,0,1,2,2,1,1,1,1,1,1,1,1,2,2,2,2,17434,1,2,1,1,0,0,1,6,2,2
13B221,4,40358,4,1,0,1,28,224,2,69,2,3,7,1,1,1,1,2,2,2,1,5,2,2,1,2,2,2,2,0,2,1,1,3,5,2,2,2,2,1,2,2,2,2,2,0,2,1,1,0,0,0,0,0,0,0,0,0,0,0,0,60,2,0,1,2,2,0,2,2,2,2,2,2,2,0,2,0,1,1,1,1,1,8717,1,2,1,2,2,0,1,4,0,0
12B221,5,40001,1,1,0,1,17,224,1,79,2,2,1,1,1,1,2,1,2,2,4,5,2,2,1,2,2,2,2,0,2,1,1,0,0,0,0,0,0,0,0,0,0,0,0,0,0,0,0,2,3,2,1,2,1,1,3,12,2,1,1,30,2,0,2,4,2,0,2,2,2,2,2,2,2,0,2,0,1,2,2,2,2,7617,1,2,1,2,0,2,1,6,2,0
12B221,5,40001,4,1,0,5,17,224,1,21,7,2,6,1,1,2,1,2,2,2,0,0,0,0,0,0,0,0,0,0,0,0,0,1,4,2,2,2,2,2,2,2,1,2,2,0,2,1,5,0,0,0,0,0,0,0,0,0,0,0,0,20,2,0,2,3,1,0,2,2,2,2,2,1,1,2,1,2,1,1,1,1,1,38087,1,3,1,0,2,0,1,1,1,2
12B221,5,40001,3,1,0,2,17,224,2,52,2,6,7,1,1,1,1,1,1,1,2,4,2,2,2,1,2,2,3,100,2,1,1,2,4,2,2,2,2,2,2,2,1,2,3,140,2,1,1,1,3,1,1,1,1,1,2,0,2,1,1,30,2,0,1,2,1,0,1,1,2,2,2,1,1,1,2,0,1,2,1,1,1,15235,1,2,1,2,2,2,1,5,0,0
12B221,5,40001,2,1,0,2,17,224,2,48,3,2,7,1,2,2,2,2,2,2,0,0,0,0,0,0,0,0,0,0,0,0,0,0,0,0,0,0,0,0,0,0,0,0,0,0,0,0,0,0,0,0,0,0,0,0,0,0,0,0,0,0,0,0,0,0,0,1,2,2,2,2,2,2,2,0,2,0,1,2,2,2,2,22852,4,4,2,0,0,0,2,0,0,1
13B213,5,40007,2,1,0,1,17,224,1,63,3,3,8,1,1,1,2,1,2,2,3,4,2,2,2,1,2,2,2,0,2,1,1,0,0,0,0,0,0,0,0,0,0,0,0,0,0,0,0,7,3,1,1,1,1,1,3,84,2,1,1,120,2,0,3,3,2,0,1,2,2,2,2,2,2,0,1,6,1,1,1,1,3,11358,1,2,1,2,0,2,1,10,0,1
13B213,5,40007,1,1,0,1,17,224,1,46,4,3,1,1,1,2,2,1,2,2,0,0,0,0,0,0,0,0,0,0,0,0,0,0,0,0,0,0,0,0,0,0,0,0,0,0,0,0,0,1,3,1,1,1,1,1,3,100,2,1,1,90,2,0,2,3,2,0,2,2,2,2,1,1,1,2,1,5,1,1,1,1,1,34074,1,3,1,0,0,2,1,1,2,1
11B213,5,40039,1,1,0,2,17,224,2,23,2,6,7,1,1,1,2,1,2,1,3,4,1,2,2,2,2,2,2,0,2,1,1,0,0,0,0,0,0,0,0,0,0,0,0,0,0,0,0,1,4,2,1,1,2,1,2,0,2,1,1,30,2,0,2,1,2,0,2,2,2,2,2,1,1,1,1,1,1,3,1,1,3,18436,1,2,1,2,0,2,1,4,0,0
11B213,5,40039,4,1,0,2,17,224,2,44,6,3,7,1,1,2,2,2,2,1,0,0,0,0,0,0,0,0,0,0,0,0,0,0,0,0,0,0,0,0,0,0,0,0,0,0,0,0,0,0,0,0,0,0,0,0,0,0,0,0,0,15,1,3,2,3,2,0,2,2,2,2,1,2,1,2,1,1,1,1,1,1,1,27653,1,3,1,0,0,0,2,0,0,1
11B213,5,40039,3,1,0,2,17,224,2,41,2,6,1,1,2,2,2,2,2,1,0,0,0,0,0,0,0,0,0,0,0,0,0,0,0,0,0,0,0,0,0,0,0,0,0,0,0,0,0,0,0,0,0,0,0,0,0,0,0,0,0,10,2,0,2,2,2,0,2,2,2,2,2,2,2,0,2,0,1,2,1,2,2,36870,3,3,1,0,0,0,2,0,2,0
12B216,5,40106,4,1,0,2,17,224,2,20,6,1,1,1,1,1,1,2,2,2,4,4,2,2,2,1,2,2,3,1600,2,1,1,2,3,2,2,2,2,2,2,2,1,2,2,0,2,1,1,0,0,0,0,0,0,0,0,0,0,0,0,50,2,0,3,4,1,0,1,1,1,1,1,1,1,2,1,5,1,1,1,1,1,20073,1,2,1,2,2,0,1,6,2,1
12B216,5,40106,3,1,0,2,17,224,2,53,3,3,7,1,2,2,2,2,2,2,0,0,0,0,0,0,0,0,0,0,0,0,0,0,0,0,0,0,0,0,0,0,0,0,0,0,0,0,0,0,0,0,0,0,0,0,0,0,0,0,0,0,0,0,0,0,0,5,2,2,2,2,1,1,1,2,1,1,1,1,1,1,1,20073,4,4,2,0,0,0,2,0,0,1
12B216,5,40106,1,1,1,1,17,224,1,78,3,3,8,1,1,1,2,2,2,2,1,5,2,2,1,2,2,2,2,0,2,1,1,0,0,0,0,0,0,0,0,0,0,0,0,0,0,0,0,0,0,0,0,0,0,0,0,0,0,0,0,15,2,0,1,1,2,0,1,1,2,2,2,2,2,0,2,0,1,1,1,1,2,20073,1,1,1,2,0,0,1,1,0,1
12B216,5,40106,2,1,0,1,17,224,1,89,2,1,8,1,1,1,1,2,2,2,1,5,2,2,1,2,2,2,3,300,2,1,1,1,5,2,2,2,2,1,2,2,2,2,3,100,2,1,1,0,0,0,0,0,0,0,0,0,0,0,0,60,2,0,2,3,2,0,2,2,2,2,2,2,2,0,2,0,1,2,1,2,2,10036,1,2,1,2,2,0,1,2,0,0
11B216,5,40110,2,1,0,1,17,224,1,40,4,3,1,1,2,2,2,2,2,1,0,0,0,0,0,0,0,0,0,0,0,0,0,0,0,0,0,0,0,0,0,0,0,0,0,0,0,0,0,0,0,0,0,0,0,0,0,0,0,0,0,60,2,0,2,1,1,0,2,2,2,2,2,2,2,0,2,0,1,2,2,2,2,17853,3,3,1,0,0,0,2,0,2,1
11B216,5,40110,4,1,0,2,17,224,2,43,3,3,7,1,1,2,1,1,1,1,0,0,0,0,0,0,0,0,0,0,0,0,0,2,4,2,2,1,2,2,2,2,2,2,2,0,2,1,1,1,3,1,2,1,2,1,2,0,2,1,1,30,2,0,2,3,1,0,2,2,2,2,1,2,2,0,2,0,1,1,1,1,1,17853,1,3,1,0,2,2,1,3,0,1
11B216,5,40110,3,1,2,1,17,224,1,49,2,6,1,1,1,2,2,2,2,1,0,0,0,0,0,0,0,0,0,0,0,0,0,0,0,0,0,0,0,0,0,0,0,0,0,0,0,0,0,0,0,0,0,0,0,0,0,0,0,0,0,15,2,0,1,1,1,0,2,2,2,2,2,2,2,0,2,0,1,2,1,2,2,26779,1,3,1,0,0,0,2,0,2,0
11B216,5,40110,1,1,1,1,17,224,1,27,4,3,1,1,1,1,2,2,1,1,2,4,2,2,1,2,2,2,2,0,2,1,2,0,0,0,0,0,0,0,0,0,0,0,0,0,0,0,0,0,0,0,0,0,0,0,0,0,0,0,0,30,2,0,3,3,1,0,2,2,2,2,2,2,2,0,2,0,1,2,1,1,2,8927,1,2,1,2,0,0,1,2,2,1
12A227,5,40127,2,1,0,1,17,224,1,53,3,3,1,1,2,2,2,2,2,2,0,0,0,0,0,0,0,0,0,0,0,0,0,0,0,0,0,0,0,0,0,0,0,0,0,0,0,0,0,0,0,0,0,0,0,0,0,0,0,0,0,0,0,0,0,0,0,1,2,2,2,2,2,1,1,2,1,3,1,1,1,1,1,25545,4,4,2,0,0,0,2,0,2,1
12A227,5,40127,1,1,0,1,17,224,2,46,4,3,1,1,1,2,2,2,2,1,0,0,0,0,0,0,0,0,0,0,0,0,0,0,0,0,0,0,0,0,0,0,0,0,0,0,0,0,0,0,0,0,0,0,0,0,0,0,0,0,0,30,2,0,2,4,1,0,2,2,2,2,2,2,2,0,1,6,1,1,1,1,1,17030,1,3,1,0,0,0,2,0,2,1
12A227,5,40127,3,1,0,2,17,224,2,32,3,3,1,1,2,2,1,2,2,2,0,0,0,0,0,0,0,0,0,0,0,0,0,1,4,2,2,1,2,2,2,2,2,2,3,20,2,1,1,0,0,0,0,0,0,0,0,0,0,0,0,90,2,0,2,4,2,0,2,2,2,2,2,1,1,2,1,1,1,2,1,3,1,17030,3,3,1,0,2,0,1,1,2,1
12A227,5,40127,4,1,0,2,17,224,2,41,3,3,1,1,1,2,1,2,2,2,0,0,0,0,0,0,0,0,0,0,0,0,0,4,4,2,2,1,2,2,2,2,2,2,2,0,2,1,1,0,0,0,0,0,0,0,0,0,0,0,0,60,1,7,2,3,2,0,2,2,2,2,1,1,1,2,1,3,1,1,1,1,1,17030,1,3,1,0,2,0,1,4,2,1
11A227,5,40129,1,1,0,1,17,224,1,45,6,3,1,1,1,1,2,2,2,1,2,5,2,1,1,2,2,2,2,0,2,1,1,0,0,0,0,0,0,0,0,0,0,0,0,0,0,0,0,0,0,0,0,0,0,0,0,0,0,0,0,180,1,3,3,1,1,0,2,2,2,2,2,1,2,0,1,1,1,2,1,1,2,9301,1,2,1,2,0,0,1,2,2,1
11A227,5,40129,3,1,0,1,17,224,2,59,4,3,7,1,1,1,2,2,2,2,1,5,2,2,1,2,2,2,2,0,2,1,1,0,0,0,0,0,0,0,0,0,0,0,0,0,0,0,0,0,0,0,0,0,0,0,0,0,0,0,0,20,2,0,1,4,1,0,2,2,2,2,2,2,2,0,2,0,1,2,1,2,2,18603,1,1,1,2,0,0,1,1,0,1
12B214,5,40166,4,1,0,1,17,224,1,31,7,3,1,1,1,2,2,2,2,1,0,0,0,0,0,0,0,0,0,0,0,0,0,0,0,0,0,0,0,0,0,0,0,0,0,0,0,0,0,0,0,0,0,0,0,0,0,0,0,0,0,30,2,0,3,4,2,0,2,2,2,2,2,1,2,0,1,1,1,1,1,1,1,7219,1,3,1,0,0,0,2,0,2,2
12B214,5,40166,2,1,0,1,17,224,2,44,7,5,1,1,1,1,2,2,2,1,3,4,2,2,2,1,2,2,3,600,2,1,1,0,0,0,0,0,0,0,0,0,0,0,0,0,0,0,0,0,0,0,0,0,0,0,0,0,0,0,0,60,2,0,2,3,1,0,1,2,1,1,1,2,2,0,1,1,1,1,1,1,1,14438,1,2,1,2,0,0,1,3,2,2
12B214,5,40166,3,1,0,1,17,224,1,61,7,4,1,1,1,1,2,1,2,1,4,1,2,1,2,2,2,2,2,0,2,1,1,0,0,0,0,0,0,0,0,0,0,0,0,0,0,0,0,2,3,1,2,2,2,2,1,0,1,2,1,60,2,0,4,4,1,0,2,2,2,2,1,1,1,2,1,5,1,1,1,1,1,36096,1,2,1,2,0,1,1,6,2,2
12B222,5,40198,2,1,0,2,17,224,2,41,7,3,1,1,2,1,1,1,2,2,1,4,2,2,2,1,2,2,3,180,2,1,1,2,4,2,2,2,2,2,2,2,1,2,2,0,2,1,1,1,4,2,2,1,1,1,2,0,2,1,1,30,2,0,3,3,2,0,2,2,2,2,2,1,2,0,2,0,1,2,1,2,2,18503,3,2,1,2,2,2,1,4,2,2
12B222,5,40198,4,1,0,2,17,224,1,34,7,2,4,1,1,1,2,1,2,2,2,1,2,2,2,2,1,2,2,0,2,1,1,0,0,0,0,0,0,0,0,0,0,0,0,0,0,0,0,7,3,1,1,1,2,1,1,0,1,2,1,25,2,0,4,3,2,0,2,2,2,2,1,1,1,2,1,1,1,1,1,1,1,18503,1,2,1,2,0,1,1,9,1,2
12B222,5,40198,1,1,0,1,17,224,1,58,2,6,9,1,1,2,2,2,2,2,0,0,0,0,0,0,0,0,0,0,0,0,0,0,0,0,0,0,0,0,0,0,0,0,0,0,0,0,0,0,0,0,0,0,0,0,0,0,0,0,0,0,0,0,0,0,0,5,2,2,2,2,2,2,2,0,1,1,1,1,1,1,1,9252,2,4,2,0,0,0,2,0,0,0
12B222,5,40198,3,1,0,3,17,224,2,23,7,4,1,1,2,2,1,2,2,2,0,0,0,0,0,0,0,0,0,0,0,0,0,1,3,2,1,2,2,2,2,2,2,2,1,0,1,2,1,0,0,0,0,0,0,0,0,0,0,0,0,30,2,0,2,3,1,0,2,2,2,2,2,2,1,2,1,1,1,1,1,1,1,27755,3,3,1,0,1,0,1,1,2,2
13A228,5,40255,1,1,0,2,17,224,2,45,4,3,7,1,2,2,2,2,2,2,0,0,0,0,0,0,0,0,0,0,0,0,0,0,0,0,0,0,0,0,0,0,0,0,0,0,0,0,0,0,0,0,0,0,0,0,0,0,0,0,0,0,0,0,0,0,0,3,2,2,2,2,1,1,1,2,1,5,1,1,1,1,1,42854,4,4,2,0,0,0,2,0,0,1
13A228,5,40255,4,1,0,1,17,224,2,62,7,4,1,1,1,1,2,2,2,1,2,4,2,2,1,2,2,2,2,0,2,1,2,0,0,0,0,0,0,0,0,0,0,0,0,0,0,0,0,0,0,0,0,0,0,0,0,0,0,0,0,15,2,0,2,3,1,0,2,2,2,2,1,1,2,0,1,1,1,2,1,1,2,21427,1,2,1,2,0,0,1,2,2,2
13A228,5,40255,3,1,0,1,17,224,2,39,7,4,1,1,1,1,2,1,2,1,3,4,2,1,1,1,2,2,3,1000,2,1,1,0,0,0,0,0,0,0,0,0,0,0,0,0,0,0,0,7,3,1,2,1,1,1,1,0,1,2,1,60,2,0,2,4,1,0,1,2,2,1,1,1,1,2,1,3,1,3,3,2,1,10713,1,2,1,2,0,1,1,10,2,2
11B214,5,40266,3,1,0,1,17,224,2,47,2,6,7,1,1,2,1,1,2,2,0,0,0,0,0,0,0,0,0,0,0,0,0,4,4,2,2,2,2,2,2,1,2,2,2,0,2,1,1,2,4,2,2,1,1,1,2,0,2,1,1,35,2,0,1,3,2,0,2,2,2,2,2,1,1,1,1,1,1,2,1,1,2,19403,1,3,1,0,2,2,1,6,0,0
11B214,5,40266,1,1,0,6,17,224,1,29,3,3,7,1,1,1,2,2,2,1,3,3,2,2,2,1,1,2,2,0,2,1,1,0,0,0,0,0,0,0,0,0,0,0,0,0,0,0,0,0,0,0,0,0,0,0,0,0,0,0,0,30,1,6,4,4,1,0,2,2,2,2,1,1,2,0,1,1,1,1,1,1,1,29104,1,2,1,2,0,0,1,3,0,1
11B214,5,40266,2,1,0,3,17,224,1,44,3,3,1,1,2,2,2,2,2,2,0,0,0,0,0,0,0,0,0,0,0,0,0,0,0,0,0,0,0,0,0,0,0,0,0,0,0,0,0,0,0,0,0,0,0,0,0,0,0,0,0,0,0,0,0,0,0,1,2,2,2,2,2,2,2,0,2,0,1,2,2,2,2,19403,4,4,2,0,0,0,2,0,2,1
11B214,5,40266,4,1,0,1,17,224,1,62,2,6,1,1,1,1,2,2,2,1,1,5,2,2,1,2,2,2,2,0,2,1,1,0,0,0,0,0,0,0,0,0,0,0,0,0,0,0,0,0,0,0,0,0,0,0,0,0,0,0,0,40,2,0,2,1,2,0,2,2,2,2,2,1,1,1,2,0,1,2,1,2,2,9701,1,2,1,2,0,0,1,1,2,0
11A228,5,40292,3,1,0,2,17,224,2,29,6,3,7,1,1,1,1,2,2,2,1,4,2,2,1,2,2,2,2,0,2,1,1,5,4,2,2,2,2,1,2,2,2,2,2,0,2,1,1,0,0,0,0,0,0,0,0,0,0,0,0,40,2,0,2,4,1,0,2,2,2,2,1,1,2,0,2,0,1,1,1,1,1,18467,1,2,1,2,2,0,1,6,0,1
11A228,5,40292,4,1,0,1,17,224,1,44,3,3,1,1,1,2,2,1,2,2,0,0,0,0,0,0,0,0,0,0,0,0,0,0,0,0,0,0,0,0,0,0,0,0,0,0,0,0,0,7,3,1,1,1,1,1,3,10,2,1,1,35,2,0,2,2,2,0,2,2,2,2,2,2,2,0,2,0,1,1,1,1,2,27701,1,3,1,0,0,2,1,7,2,1
11A228,5,40292,1,1,0,3,17,224,2,20,3,3,1,1,2,1,2,2,2,2,2,6,2,2,2,1,2,2,2,0,2,1,1,0,0,0,0,0,0,0,0,0,0,0,0,0,0,0,0,0,0,0,0,0,0,0,0,0,0,0,0,15,2,0,2,2,1,0,2,1,2,2,2,1,1,2,1,1,1,2,2,1,1,27701,3,1,1,2,0,0,1,2,2,1
11A228,5,40292,2,1,0,1,17,224,1,33,3,3,1,1,1,1,2,2,2,1,2,5,2,2,1,2,2,2,2,0,2,1,1,0,0,0,0,0,0,0,0,0,0,0,0,0,0,0,0,0,0,0,0,0,0,0,0,0,0,0,0,30,1,5,3,2,1,0,2,2,2,2,1,1,2,0,1,1,1,1,1,1,1,27701,1,2,1,2,0,0,1,2,2,1
12B215,5,40327,2,1,0,2,17,224,2,72,2,6,8,1,2,2,2,2,2,2,0,0,0,0,0,0,0,0,0,0,0,0,0,0,0,0,0,0,0,0,0,0,0,0,0,0,0,0,0,0,0,0,0,0,0,0,0,0,0,0,0,0,0,0,0,0,0,3,2,2,2,2,2,1,2,0,2,0,1,2,2,2,2,33380,4,4,2,0,0,0,2,0,0,0
12B215,5,40327,3,1,0,2,17,224,2,76,0,,1,2,0,0,0,0,0,0,0,0,0,0,0,0,0,0,0,0,0,0,0,0,0,0,0,0,0,0,0,0,0,0,0,0,0,0,0,0,0,0,0,0,0,0,0,0,0,0,0,0,0,0,0,0,0,0,0,0,0,0,0,0,0,0,0,0,0,0,0,0,0,41725,0,0,0,0,0,0,0,0,2,0
12B215,5,40327,4,1,0,2,17,224,2,20,7,2,1,1,1,1,2,1,2,1,2,4,2,2,2,1,2,2,2,0,2,1,2,0,0,0,0,0,0,0,0,0,0,0,0,0,0,0,0,1,2,2,2,1,1,2,2,0,2,1,2,20,2,0,3,3,1,0,1,1,1,2,2,1,1,2,1,1,1,2,1,1,1,33380,1,2,1,2,0,2,1,3,2,2
12B215,5,40327,1,1,0,1,17,224,1,77,0,,9,2,0,0,0,0,0,0,0,0,0,0,0,0,0,0,0,0,0,0,0,0,0,0,0,0,0,0,0,0,0,0,0,0,0,0,0,0,0,0,0,0,0,0,0,0,0,0,0,0,0,0,0,0,0,0,0,0,0,0,0,0,0,0,0,0,0,0,0,0,0,25035,0,0,0,0,0,0,0,0,0,0
12B222,5,40387,2,1,0,1,17,224,1,38,7,4,1,1,2,2,2,2,2,1,0,0,0,0,0,0,0,0,0,0,0,0,0,0,0,0,0,0,0,0,0,0,0,0,0,0,0,0,0,0,0,0,0,0,0,0,0,0,0,0,0,20,1,6,2,4,1,0,2,2,2,2,2,2,2,0,1,1,1,2,1,3,1,35166,3,3,1,0,0,0,2,0,2,2
12B222,5,40387,4,1,0,2,17,224,2,24,4,3,7,1,2,2,2,2,2,1,0,0,0,0,0,0,0,0,0,0,0,0,0,0,0,0,0,0,0,0,0,0,0,0,0,0,0,0,0,0,0,0,0,0,0,0,0,0,0,0,0,15,1,7,2,3,2,0,2,2,2,2,2,1,2,0,1,1,1,2,1,2,2,35166,3,3,1,0,0,0,2,0,0,1
12B222,5,40387,3,1,0,1,17,224,1,27,7,5,1,1,1,1,2,2,2,1,3,3,1,2,2,2,2,2,2,0,1,2,2,0,0,0,0,0,0,0,0,0,0,0,0,0,0,0,0,0,0,0,0,0,0,0,0,0,0,0,0,10,2,0,2,3,1,0,2,2,2,2,1,1,1,2,1,2,1,2,2,2,2,17583,1,2,1,1,0,0,1,3,2,2
12B222,5,40387,1,1,0,1,17,224,1,39,3,3,1,1,2,2,2,2,2,2,0,0,0,0,0,0,0,0,0,0,0,0,0,0,0,0,0,0,0,0,0,0,0,0,0,0,0,0,0,0,0,0,0,0,0,0,0,0,0,0,0,0,0,0,0,0,0,3,2,2,2,2,1,1,1,2,1,1,1,1,1,1,1,35166,4,4,2,0,0,0,2,0,2,1
12B216,6,40072,4,1,1,2,33,224,2,54,2,2,1,1,2,2,2,2,2,2,0,0,0,0,0,0,0,0,0,0,0,0,0,0,0,0,0,0,0,0,0,0,0,0,0,0,0,0,0,0,0,0,0,0,0,0,0,0,0,0,0,0,0,0,0,0,0,2,2,2,2,2,2,2,2,0,2,0,1,2,2,2,2,25989,4,4,2,0,0,0,2,0,2,0
12B216,6,40072,3,1,0,1,33,224,2,79,2,6,8,1,2,2,2,2,2,2,0,0,0,0,0,0,0,0,0,0,0,0,0,0,0,0,0,0,0,0,0,0,0,0,0,0,0,0,0,0,0,0,0,0,0,0,0,0,0,0,0,0,0,0,0,0,0,5,2,2,2,2,2,2,2,0,1,1,1,2,2,2,3,6497,4,4,2,0,0,0,2,0,0,0
12B216,6,40072,1,1,0,4,33,224,1,19,4,3,1,1,1,2,2,2,2,1,0,0,0,0,0,0,0,0,0,0,0,0,0,0,0,0,0,0,0,0,0,0,0,0,0,0,0,0,0,0,0,0,0,0,0,0,0,0,0,0,0,25,2,0,4,2,2,0,2,2,2,2,2,2,2,0,1,2,1,1,1,1,1,25989,1,3,1,0,0,0,2,0,2,1
11B221,6,40100,2,1,0,1,33,224,1,58,2,4,1,1,1,2,2,1,2,2,0,0,0,0,0,0,0,0,0,0,0,0,0,0,0,0,0,0,0,0,0,0,0,0,0,0,0,0,0,3,3,1,1,1,1,1,3,75,2,1,1,45,2,0,2,3,2,0,2,1,2,2,2,1,2,0,3,0,1,1,1,1,2,16303,1,3,1,0,0,2,1,3,2,0
11B221,6,40100,4,1,0,2,33,224,2,50,3,3,1,2,0,0,0,0,0,0,0,0,0,0,0,0,0,0,0,0,0,0,0,0,0,0,0,0,0,0,0,0,0,0,0,0,0,0,0,0,0,0,0,0,0,0,0,0,0,0,0,0,0,0,0,0,0,0,0,0,0,0,0,0,0,0,0,0,0,0,0,0,0,24454,0,0,0,0,0,0,0,0,2,1
11B221,6,40100,3,1,0,2,33,224,2,48,6,2,7,1,2,2,2,2,2,2,0,0,0,0,0,0,0,0,0,0,0,0,0,0,0,0,0,0,0,0,0,0,0,0,0,0,0,0,0,0,0,0,0,0,0,0,0,0,0,0,0,0,0,0,0,0,0,1,2,2,2,2,2,2,2,0,3,0,2,0,0,0,0,24454,4,4,2,0,0,0,2,0,0,1
11B221,6,40100,1,1,0,2,33,224,2,33,4,3,7,1,2,2,2,2,2,2,0,0,0,0,0,0,0,0,0,0,0,0,0,0,0,0,0,0,0,0,0,0,0,0,0,0,0,0,0,0,0,0,0,0,0,0,0,0,0,0,0,0,0,0,0,0,0,3,2,2,2,2,2,2,2,0,2,0,1,1,1,1,1,16303,4,4,2,0,0,0,2,0,0,1
12B213,6,40131,2,1,0,1,33,224,2,36,7,4,1,1,1,1,2,1,2,2,4,1,1,1,2,2,2,2,3,2500,2,1,1,0,0,0,0,0,0,0,0,0,0,0,0,0,0,0,0,3,3,1,1,1,1,1,2,0,2,1,2,30,1,6,4,3,1,0,2,2,2,1,1,1,1,1,1,2,1,1,1,1,1,8834,1,2,1,2,0,2,1,7,2,2
12B213,6,40131,1,1,0,2,33,224,2,30,4,3,1,1,2,2,2,2,2,2,0,0,0,0,0,0,0,0,0,0,0,0,0,0,0,0,0,0,0,0,0,0,0,0,0,0,0,0,0,0,0,0,0,0,0,0,0,0,0,0,0,0,0,0,0,0,0,3,1,2,2,2,2,2,2,0,2,0,1,1,1,1,1,35338,4,4,2,0,0,0,2,0,2,1
12B213,6,40131,4,1,0,1,33,224,2,38,7,3,1,1,1,2,2,2,2,1,0,0,0,0,0,0,0,0,0,0,0,0,0,0,0,0,0,0,0,0,0,0,0,0,0,0,0,0,0,0,0,0,0,0,0,0,0,0,0,0,0,60,1,6,4,4,2,0,1,2,2,2,1,1,3,0,1,1,1,1,1,1,3,8834,1,3,1,0,0,0,2,0,2,2
12B213,6,40131,3,1,0,1,33,224,1,55,4,3,5,1,2,2,2,2,2,2,0,0,0,0,0,0,0,0,0,0,0,0,0,0,0,0,0,0,0,0,0,0,0,0,0,0,0,0,0,0,0,0,0,0,0,0,0,0,0,0,0,0,0,0,0,0,0,3,2,2,2,2,1,1,2,0,1,2,1,1,1,1,1,17669,4,4,2,0,0,0,2,0,2,1
13B221,6,40134,4,1,0,2,33,224,2,50,6,2,7,1,2,2,2,2,2,2,0,0,0,0,0,0,0,0,0,0,0,0,0,0,0,0,0,0,0,0,0,0,0,0,0,0,0,0,0,0,0,0,0,0,0,0,0,0,0,0,0,0,0,0,0,0,0,2,2,2,2,2,2,1,2,0,2,0,1,1,1,2,2,81815,4,4,2,0,0,0,2,0,0,1
13B221,6,40134,2,1,0,1,33,224,2,74,6,2,7,1,2,2,2,2,2,2,0,0,0,0,0,0,0,0,0,0,0,0,0,0,0,0,0,0,0,0,0,0,0,0,0,0,0,0,0,0,0,0,0,0,0,0,0,0,0,0,0,0,0,0,0,0,0,5,2,2,2,2,2,2,2,0,2,0,1,2,2,2,2,61360,4,4,2,0,0,0,2,0,0,1
13B221,6,40134,3,1,0,1,33,224,1,65,7,4,8,1,1,1,2,1,2,2,2,4,2,2,2,1,2,2,2,0,2,1,1,0,0,0,0,0,0,0,0,0,0,0,0,0,0,0,0,5,3,1,1,1,1,1,2,0,2,1,2,45,1,6,2,4,1,0,2,1,2,2,1,1,1,2,1,2,1,1,1,1,1,40907,1,2,1,2,0,2,1,7,0,2
13B221,6,40134,1,1,0,1,33,224,1,63,7,4,1,1,1,2,2,2,2,1,0,0,0,0,0,0,0,0,0,0,0,0,0,0,0,0,0,0,0,0,0,0,0,0,0,0,0,0,0,0,0,0,0,0,0,0,0,0,0,0,0,30,2,0,2,4,1,0,2,2,2,2,2,1,2,0,1,3,1,1,1,1,1,40907,1,3,1,0,0,0,2,0,2,2
13A227,6,40156,3,1,0,1,33,224,1,59,7,2,8,1,1,2,2,2,2,1,0,0,0,0,0,0,0,0,0,0,0,0,0,0,0,0,0,0,0,0,0,0,0,0,0,0,0,0,0,0,0,0,0,0,0,0,0,0,0,0,0,60,2,0,2,4,1,0,2,2,2,2,2,1,2,0,1,2,1,1,1,3,3,43127,1,3,1,0,0,0,2,0,0,2
13A227,6,40156,2,1,0,1,33,224,1,65,7,3,8,1,2,2,2,2,2,2,0,0,0,0,0,0,0,0,0,0,0,0,0,0,0,0,0,0,0,0,0,0,0,0,0,0,0,0,0,0,0,0,0,0,0,0,0,0,0,0,0,0,0,0,0,0,0,5,2,2,2,2,2,2,2,0,1,1,1,1,1,1,1,43127,4,4,2,0,0,0,2,0,0,2
13A227,6,40156,1,1,0,1,33,224,1,28,8,2,6,1,1,1,1,2,2,2,10,2,1,1,2,1,1,2,3,3500,1,1,2,4,3,2,1,1,2,2,1,1,2,2,1,0,1,2,2,0,0,0,0,0,0,0,0,0,0,0,0,120,1,5,3,3,1,0,1,1,1,1,1,1,1,1,1,5,1,1,1,1,1,10781,1,2,1,3,1,0,1,14,1,2
13A227,6,40156,4,1,0,1,33,224,1,49,8,2,1,1,1,1,1,2,2,2,2,3,1,2,2,2,2,2,3,800,2,1,1,2,4,1,2,2,2,2,1,2,2,2,1,0,1,1,2,0,0,0,0,0,0,0,0,0,0,0,0,30,2,0,3,3,2,0,2,2,2,1,1,1,1,2,1,2,1,1,1,1,1,32345,1,2,1,2,3,0,1,4,2,2
11A227,6,40160,3,1,0,1,33,224,1,39,4,3,1,1,1,2,2,1,2,2,0,0,0,0,0,0,0,0,0,0,0,0,0,0,0,0,0,0,0,0,0,0,0,0,0,0,0,0,0,4,4,1,1,2,2,1,2,0,2,1,2,30,2,0,4,3,2,0,2,2,2,2,2,1,2,0,2,0,1,1,1,1,1,14339,1,3,1,0,0,2,1,4,2,1
11A227,6,40160,2,1,0,1,33,224,1,63,7,2,8,1,2,2,2,2,2,2,0,0,0,0,0,0,0,0,0,0,0,0,0,0,0,0,0,0,0,0,0,0,0,0,0,0,0,0,0,0,0,0,0,0,0,0,0,0,0,0,0,0,0,0,0,0,0,5,2,2,2,2,2,1,1,2,1,1,1,2,2,2,2,7170,4,4,2,0,0,0,2,0,0,2
11A227,6,40160,4,1,0,2,33,224,1,32,7,2,1,1,1,1,2,2,2,2,1,4,2,1,2,2,2,2,2,0,2,1,1,0,0,0,0,0,0,0,0,0,0,0,0,0,0,0,0,0,0,0,0,0,0,0,0,0,0,0,0,60,2,0,3,4,2,0,1,2,2,1,1,1,1,2,1,2,1,1,1,1,3,14339,1,1,1,2,0,0,1,1,2,2
11B214,6,40164,2,1,0,1,33,224,1,44,2,6,1,2,0,0,0,0,0,0,0,0,0,0,0,0,0,0,0,0,0,0,0,0,0,0,0,0,0,0,0,0,0,0,0,0,0,0,0,0,0,0,0,0,0,0,0,0,0,0,0,0,0,0,0,0,0,0,0,0,0,0,0,0,0,0,0,0,0,0,0,0,0,21990,0,0,0,0,0,0,0,0,2,0
11B214,6,40164,1,1,0,2,33,224,2,44,3,2,4,1,2,2,2,2,2,2,0,0,0,0,0,0,0,0,0,0,0,0,0,0,0,0,0,0,0,0,0,0,0,0,0,0,0,0,0,0,0,0,0,0,0,0,0,0,0,0,0,0,0,0,0,0,0,1,2,2,2,2,2,2,2,0,2,0,2,0,0,0,0,21990,4,4,2,0,0,0,2,0,1,1
11B214,6,40164,3,1,0,2,33,224,2,36,3,3,1,1,1,1,2,2,2,2,3,3,1,1,2,2,2,2,3,500,2,1,1,0,0,0,0,0,0,0,0,0,0,0,0,0,0,0,0,0,0,0,0,0,0,0,0,0,0,0,0,45,2,0,4,4,2,0,1,2,2,1,2,2,2,0,2,0,1,1,1,1,1,21990,1,1,1,2,0,0,1,3,2,1
11B214,6,40164,4,1,0,1,33,224,2,46,7,2,1,1,2,2,2,1,2,2,0,0,0,0,0,0,0,0,0,0,0,0,0,0,0,0,0,0,0,0,0,0,0,0,0,0,0,0,0,1,4,1,1,1,1,1,2,0,2,1,2,30,1,6,2,4,2,0,1,2,2,2,2,2,2,0,1,1,1,1,1,1,1,21990,3,3,1,0,0,2,1,1,2,2
13B214,6,40199,2,1,0,1,33,224,2,63,7,4,8,1,1,1,2,1,2,2,2,4,2,2,1,1,2,2,3,500,1,2,1,0,0,0,0,0,0,0,0,0,0,0,0,0,0,0,0,60,4,1,1,1,1,1,3,150,1,1,2,25,2,0,4,3,2,0,1,2,2,2,1,1,1,1,1,2,1,1,1,1,3,10584,1,2,1,1,0,3,1,62,0,2
13B214,6,40199,3,1,0,1,33,224,2,38,7,4,4,1,2,2,2,2,2,2,0,0,0,0,0,0,0,0,0,0,0,0,0,0,0,0,0,0,0,0,0,0,0,0,0,0,0,0,0,0,0,0,0,0,0,0,0,0,0,0,0,0,0,0,0,0,0,1,2,2,2,2,2,1,1,2,1,3,1,1,1,1,1,10584,4,4,2,0,0,0,2,0,1,2
13B214,6,40199,4,1,0,1,33,224,1,28,7,3,1,1,1,1,2,2,2,2,5,1,1,1,2,2,2,2,3,2500,2,1,2,0,0,0,0,0,0,0,0,0,0,0,0,0,0,0,0,0,0,0,0,0,0,0,0,0,0,0,0,45,2,0,4,4,1,0,1,2,2,1,1,1,1,2,1,2,1,1,2,1,1,10584,1,1,1,2,0,0,1,5,2,2
11A228,6,40256,2,1,0,1,33,224,2,55,3,3,1,1,2,2,2,2,2,2,0,0,0,0,0,0,0,0,0,0,0,0,0,0,0,0,0,0,0,0,0,0,0,0,0,0,0,0,0,0,0,0,0,0,0,0,0,0,0,0,0,0,0,0,0,0,0,2,2,2,2,2,2,2,2,0,2,0,1,2,2,2,2,9273,4,4,2,0,0,0,2,0,2,1
11A228,6,40256,1,1,0,1,33,224,1,59,2,5,8,1,2,2,2,2,2,2,0,0,0,0,0,0,0,0,0,0,0,0,0,0,0,0,0,0,0,0,0,0,0,0,0,0,0,0,0,0,0,0,0,0,0,0,0,0,0,0,0,0,0,0,0,0,0,5,2,2,2,2,2,2,2,0,2,0,2,0,0,0,0,9273,4,4,2,0,0,0,2,0,0,0
11A228,6,40256,4,1,0,1,33,224,1,50,3,2,1,1,2,2,2,2,2,2,0,0,0,0,0,0,0,0,0,0,0,0,0,0,0,0,0,0,0,0,0,0,0,0,0,0,0,0,0,0,0,0,0,0,0,0,0,0,0,0,0,0,0,0,0,0,0,2,2,2,2,2,2,2,2,0,3,0,2,0,0,0,0,9273,4,4,2,0,0,0,2,0,2,1
11A228,6,40256,3,1,0,2,33,224,2,51,3,3,1,1,1,2,1,1,2,2,0,0,0,0,0,0,0,0,0,0,0,0,0,2,4,2,2,1,2,2,2,2,1,2,3,90,2,1,2,4,3,1,1,1,1,1,3,75,2,1,2,60,1,6,2,3,2,0,1,2,2,2,2,2,2,0,2,0,1,1,1,1,2,18548,1,3,1,0,2,2,1,6,2,1
12B215,6,40325,4,1,0,3,33,224,2,21,7,2,6,1,1,1,2,2,2,1,5,2,2,1,2,1,2,2,1,0,1,1,1,0,0,0,0,0,0,0,0,0,0,0,0,0,0,0,0,0,0,0,0,0,0,0,0,0,0,0,0,120,1,6,3,4,1,0,1,1,1,2,1,1,1,2,1,2,1,1,1,1,1,24242,1,2,1,3,0,0,1,5,1,2
12B215,6,40325,2,1,0,1,33,224,1,52,3,3,1,1,2,2,2,2,2,2,0,0,0,0,0,0,0,0,0,0,0,0,0,0,0,0,0,0,0,0,0,0,0,0,0,0,0,0,0,0,0,0,0,0,0,0,0,0,0,0,0,0,0,0,0,0,0,1,2,2,2,2,2,2,2,0,2,0,2,0,0,0,0,8081,4,4,2,0,0,0,2,0,2,1
12B215,6,40325,3,1,0,1,33,224,1,41,4,3,1,1,2,2,2,2,2,2,0,0,0,0,0,0,0,0,0,0,0,0,0,0,0,0,0,0,0,0,0,0,0,0,0,0,0,0,0,0,0,0,0,0,0,0,0,0,0,0,0,0,0,0,0,0,0,1,2,2,2,2,2,2,2,0,2,0,1,2,2,2,2,16161,4,4,2,0,0,0,2,0,2,1
12B215,6,40325,1,1,0,1,33,224,2,60,3,1,1,1,1,1,2,2,2,2,1,4,2,2,2,1,2,2,2,0,2,1,1,0,0,0,0,0,0,0,0,0,0,0,0,0,0,0,0,0,0,0,0,0,0,0,0,0,0,0,0,60,2,0,2,3,2,0,1,2,2,2,2,2,2,0,1,2,2,0,0,0,0,8081,1,1,1,2,0,0,1,1,2,1
12B222,6,40353,1,1,0,3,33,224,1,24,4,3,1,1,1,1,2,2,2,2,1,4,2,1,2,2,2,2,2,0,2,1,1,0,0,0,0,0,0,0,0,0,0,0,0,0,0,0,0,0,0,0,0,0,0,0,0,0,0,0,0,60,1,6,3,3,1,0,1,2,2,2,2,1,1,2,1,1,1,1,1,1,1,27263,1,1,1,2,0,0,1,1,2,1
12B222,6,40353,4,1,0,1,33,224,1,32,3,2,1,1,2,2,2,2,2,2,0,0,0,0,0,0,0,0,0,0,0,0,0,0,0,0,0,0,0,0,0,0,0,0,0,0,0,0,0,0,0,0,0,0,0,0,0,0,0,0,0,0,0,0,0,0,0,2,2,2,2,2,2,2,2,0,2,0,1,1,1,3,3,18175,4,4,2,0,0,0,2,0,2,1
12B222,6,40353,3,1,0,1,33,224,2,75,3,3,8,1,2,2,2,2,2,2,0,0,0,0,0,0,0,0,0,0,0,0,0,0,0,0,0,0,0,0,0,0,0,0,0,0,0,0,0,0,0,0,0,0,0,0,0,0,0,0,0,0,0,0,0,0,0,5,2,2,2,2,2,1,1,1,1,2,1,1,1,1,3,18175,4,4,2,0,0,0,2,0,0,1
12B222,6,40353,2,1,0,1,33,224,1,47,4,3,1,1,2,2,2,2,2,2,0,0,0,0,0,0,0,0,0,0,0,0,0,0,0,0,0,0,0,0,0,0,0,0,0,0,0,0,0,0,0,0,0,0,0,0,0,0,0,0,0,0,0,0,0,0,0,1,2,2,2,2,2,3,3,0,3,0,1,2,2,2,2,9088,4,4,2,0,0,0,2,0,2,1
11B215,6,40362,3,1,0,2,33,224,2,44,3,3,1,1,2,2,2,2,2,2,0,0,0,0,0,0,0,0,0,0,0,0,0,0,0,0,0,0,0,0,0,0,0,0,0,0,0,0,0,0,0,0,0,0,0,0,0,0,0,0,0,0,0,0,0,0,0,2,2,2,2,2,2,2,2,0,2,0,1,1,1,3,3,18433,4,4,2,0,0,0,2,0,2,1
11B215,6,40362,4,1,0,1,33,224,2,58,3,2,1,1,2,2,2,2,2,2,0,0,0,0,0,0,0,0,0,0,0,0,0,0,0,0,0,0,0,0,0,0,0,0,0,0,0,0,0,0,0,0,0,0,0,0,0,0,0,0,0,0,0,0,0,0,0,4,2,2,2,2,2,2,2,0,3,0,2,0,0,0,0,9216,4,4,2,0,0,0,2,0,2,1
11B215,6,40362,1,1,0,2,33,224,2,28,4,3,1,1,2,2,2,2,2,2,0,0,0,0,0,0,0,0,0,0,0,0,0,0,0,0,0,0,0,0,0,0,0,0,0,0,0,0,0,0,0,0,0,0,0,0,0,0,0,0,0,0,0,0,0,0,0,1,2,2,2,2,2,2,2,0,2,0,1,1,1,1,1,18433,4,4,2,0,0,0,2,0,2,1
11B215,6,40362,2,1,0,1,33,224,1,66,2,6,8,1,2,2,2,2,2,2,0,0,0,0,0,0,0,0,0,0,0,0,0,0,0,0,0,0,0,0,0,0,0,0,0,0,0,0,0,0,0,0,0,0,0,0,0,0,0,0,0,0,0,0,0,0,0,5,2,2,2,2,2,1,1,2,1,1,1,2,2,2,2,9216,4,4,2,0,0,0,2,0,0,0
13B216,7,40012,3,1,0,1,19,224,1,54,6,3,1,1,2,2,2,2,2,2,0,0,0,0,0,0,0,0,0,0,0,0,0,0,0,0,0,0,0,0,0,0,0,0,0,0,0,0,0,0,0,0,0,0,0,0,0,0,0,0,0,0,0,0,0,0,0,1,2,2,2,2,2,1,2,0,2,0,1,2,2,2,2,80183,4,4,2,0,0,0,2,0,2,1
13B216,7,40012,1,1,0,2,19,224,2,39,7,4,1,1,1,1,1,1,2,1,4,4,2,2,1,2,2,2,3,600,2,1,1,3,3,2,2,2,1,2,1,2,2,2,3,128,2,1,1,1,3,1,2,2,1,2,3,20,2,1,1,20,2,0,4,3,1,0,2,2,2,2,2,2,2,0,1,2,1,2,2,2,2,32074,1,2,1,2,2,2,1,8,2,2
13B216,7,40012,4,1,0,2,19,224,1,21,4,3,2,1,1,1,2,2,1,1,5,2,2,1,1,1,2,2,1,0,1,2,1,0,0,0,0,0,0,0,0,0,0,0,0,0,0,0,0,0,0,0,0,0,0,0,0,0,0,0,0,60,2,0,3,3,1,0,2,2,2,2,2,1,2,0,1,1,1,1,1,1,1,32074,1,2,1,1,0,0,1,5,1,1
11B221,7,40039,4,1,0,2,19,224,2,18,4,3,5,1,1,1,2,2,2,2,5,3,2,2,1,2,1,2,1,0,1,1,1,0,0,0,0,0,0,0,0,0,0,0,0,0,0,0,0,0,0,0,0,0,0,0,0,0,0,0,0,120,2,0,2,1,1,0,2,2,1,1,2,2,2,0,1,1,1,2,1,2,2,22998,1,1,1,3,0,0,1,5,2,1
11B221,7,40039,1,1,0,1,19,224,2,37,3,3,1,1,2,1,2,2,2,2,2,4,1,2,1,2,2,2,2,0,1,2,1,0,0,0,0,0,0,0,0,0,0,0,0,0,0,0,0,0,0,0,0,0,0,0,0,0,0,0,0,20,2,0,3,1,2,0,2,2,2,2,2,2,2,0,2,0,1,1,1,1,2,7666,3,1,1,1,0,0,1,2,2,1
11B221,7,40039,3,1,0,1,19,224,1,35,4,3,1,1,1,1,2,2,2,1,2,4,2,2,1,2,1,2,1,0,1,1,1,0,0,0,0,0,0,0,0,0,0,0,0,0,0,0,0,0,0,0,0,0,0,0,0,0,0,0,0,10,2,0,2,3,2,0,2,1,1,1,1,1,2,0,2,0,1,1,1,1,1,22998,1,2,1,3,0,0,1,2,2,1
11B221,7,40039,2,1,0,2,19,224,2,35,3,3,3,1,2,2,1,2,1,2,0,0,0,0,0,0,0,0,0,0,0,0,0,1,3,2,2,1,2,2,2,2,2,2,2,0,2,1,1,0,0,0,0,0,0,0,0,0,0,0,0,30,2,0,2,1,2,0,2,2,2,2,2,2,1,2,1,1,1,1,1,1,1,15332,3,3,1,0,2,0,1,1,2,1
11B216,7,40045,3,1,0,2,19,224,2,47,8,2,1,1,1,1,2,2,2,1,3,1,2,1,1,2,2,2,1,0,1,1,1,0,0,0,0,0,0,0,0,0,0,0,0,0,0,0,0,0,0,0,0,0,0,0,0,0,0,0,0,30,2,0,2,3,1,0,2,2,2,2,2,2,2,0,2,0,1,2,1,1,1,24238,1,2,1,3,0,0,1,3,2,2
11B216,7,40045,2,1,0,2,19,224,2,30,4,3,1,1,2,2,2,1,2,2,0,0,0,0,0,0,0,0,0,0,0,0,0,0,0,0,0,0,0,0,0,0,0,0,0,0,0,0,0,1,3,2,2,1,1,1,1,0,1,2,2,5,1,6,3,3,2,0,2,2,2,2,2,2,2,0,1,1,1,1,1,1,2,32317,3,3,1,0,0,1,1,1,2,1
11B216,7,40045,4,1,0,1,19,224,2,21,4,3,1,1,2,2,1,2,1,1,0,0,0,0,0,0,0,0,0,0,0,0,0,3,4,2,2,2,2,2,2,2,1,2,2,0,2,1,1,0,0,0,0,0,0,0,0,0,0,0,0,15,2,0,3,2,2,0,2,2,2,2,2,2,2,0,1,1,1,1,1,1,1,8079,3,3,1,0,2,0,1,3,2,1
11B216,7,40045,1,1,0,2,19,224,2,30,4,2,1,1,2,2,2,2,2,2,0,0,0,0,0,0,0,0,0,0,0,0,0,0,0,0,0,0,0,0,0,0,0,0,0,0,0,0,0,0,0,0,0,0,0,0,0,0,0,0,0,0,0,0,0,0,0,3,2,2,2,2,2,1,1,2,1,1,1,1,1,1,2,16158,4,4,2,0,0,0,2,0,2,1
12B213,7,40100,4,1,0,1,19,224,2,69,2,6,1,1,1,1,1,2,2,2,2,5,2,2,1,2,2,2,3,60,2,1,1,2,5,2,2,2,2,1,2,2,2,2,3,60,2,1,1,0,0,0,0,0,0,0,0,0,0,0,0,30,2,0,1,1,1,0,2,2,2,2,2,2,2,0,2,0,1,2,1,1,2,16939,1,2,1,2,2,0,1,4,2,0
12B213,7,40100,3,1,0,2,19,224,1,53,3,3,1,1,2,2,2,2,2,2,0,0,0,0,0,0,0,0,0,0,0,0,0,0,0,0,0,0,0,0,0,0,0,0,0,0,0,0,0,0,0,0,0,0,0,0,0,0,0,0,0,0,0,0,0,0,0,6,2,2,2,2,2,2,2,0,2,0,1,2,2,2,2,5646,4,4,2,0,0,0,2,0,2,1
12B213,7,40100,2,1,0,1,19,224,1,74,2,6,9,1,2,2,2,2,2,2,0,0,0,0,0,0,0,0,0,0,0,0,0,0,0,0,0,0,0,0,0,0,0,0,0,0,0,0,0,0,0,0,0,0,0,0,0,0,0,0,0,0,0,0,0,0,0,1,2,2,2,2,2,2,2,0,2,0,1,2,2,2,2,11293,4,4,2,0,0,0,2,0,0,0
12B213,7,40100,1,1,0,1,19,224,1,53,4,3,1,1,1,1,2,2,2,2,3,5,2,2,1,2,2,2,2,0,2,1,1,0,0,0,0,0,0,0,0,0,0,0,0,0,0,0,0,0,0,0,0,0,0,0,0,0,0,0,0,30,2,0,2,2,2,0,2,2,2,2,2,2,2,0,1,1,1,2,1,2,2,22586,1,1,1,2,0,0,1,3,2,1
11B213,7,40131,4,1,0,1,19,224,2,79,2,5,1,1,2,1,2,2,2,2,1,5,2,2,1,2,2,2,2,0,2,1,1,0,0,0,0,0,0,0,0,0,0,0,0,0,0,0,0,0,0,0,0,0,0,0,0,0,0,0,0,15,2,0,1,2,2,0,2,2,2,2,2,1,1,1,1,1,1,2,1,1,2,11122,3,1,1,2,0,0,1,1,2,0
11B213,7,40131,2,1,1,2,19,224,2,19,4,3,6,1,1,1,2,2,2,1,3,2,2,1,1,2,2,2,1,0,1,1,1,0,0,0,0,0,0,0,0,0,0,0,0,0,0,0,0,0,0,0,0,0,0,0,0,0,0,0,0,60,2,0,3,3,1,0,2,2,2,2,2,2,2,0,1,1,1,1,1,1,1,22244,1,2,1,3,0,0,1,3,1,1
11B213,7,40131,1,1,0,2,19,224,1,63,2,6,1,1,2,2,2,2,2,2,0,0,0,0,0,0,0,0,0,0,0,0,0,0,0,0,0,0,0,0,0,0,0,0,0,0,0,0,0,0,0,0,0,0,0,0,0,0,0,0,0,0,0,0,0,0,0,3,2,2,2,2,2,2,2,0,2,0,1,1,2,1,1,22244,4,4,2,0,0,0,2,0,2,0
11B213,7,40131,3,1,1,3,19,224,1,18,4,3,6,1,1,1,2,2,2,1,5,2,2,1,2,2,1,2,3,900,1,1,1,0,0,0,0,0,0,0,0,0,0,0,0,0,0,0,0,0,0,0,0,0,0,0,0,0,0,0,0,60,1,5,3,3,1,0,2,2,1,1,2,1,1,2,1,1,1,1,1,1,1,33366,1,2,1,3,0,0,1,5,1,1
11A227,7,40160,2,1,0,1,19,224,2,42,7,4,7,1,1,1,2,2,2,2,1,3,2,2,1,2,2,2,3,329,2,1,1,0,0,0,0,0,0,0,0,0,0,0,0,0,0,0,0,0,0,0,0,0,0,0,0,0,0,0,0,20,2,0,3,4,1,0,2,2,2,2,1,2,2,0,2,0,1,2,1,1,1,7776,1,1,1,2,0,0,1,1,0,2
11A227,7,40160,4,1,0,1,19,224,2,33,3,3,4,1,1,1,2,2,2,1,3,4,2,2,1,2,2,2,2,0,2,1,2,0,0,0,0,0,0,0,0,0,0,0,0,0,0,0,0,0,0,0,0,0,0,0,0,0,0,0,0,30,2,0,2,3,1,0,2,2,2,2,2,2,2,0,2,0,1,2,1,2,2,7776,1,2,1,2,0,0,1,3,1,1
11A227,7,40160,1,1,0,2,19,224,2,47,3,3,1,1,2,2,2,2,2,1,0,0,0,0,0,0,0,0,0,0,0,0,0,0,0,0,0,0,0,0,0,0,0,0,0,0,0,0,0,0,0,0,0,0,0,0,0,0,0,0,0,10,2,0,2,3,1,0,2,2,2,2,2,1,1,2,1,2,1,1,2,1,2,23330,3,3,1,0,0,0,2,0,2,1
11A227,7,40160,3,1,0,1,19,224,2,55,4,3,7,1,2,1,2,2,2,2,1,5,2,2,1,2,2,2,2,0,2,1,1,0,0,0,0,0,0,0,0,0,0,0,0,0,0,0,0,0,0,0,0,0,0,0,0,0,0,0,0,10,2,0,2,4,1,0,2,2,2,2,2,2,2,0,2,0,1,2,2,2,2,23330,3,1,1,2,0,0,1,1,0,1
11B222,7,40162,4,1,0,2,19,224,2,64,2,2,2,2,0,0,0,0,0,0,0,0,0,0,0,0,0,0,0,0,0,0,0,0,0,0,0,0,0,0,0,0,0,0,0,0,0,0,0,0,0,0,0,0,0,0,0,0,0,0,0,0,0,0,0,0,0,0,0,0,0,0,0,0,0,0,0,0,0,0,0,0,0,30622,0,0,0,0,0,0,0,0,1,0
11B222,7,40162,1,1,0,4,19,224,2,25,8,1,6,1,1,1,1,2,2,1,6,2,2,1,2,2,2,2,1,0,1,2,1,1,2,2,2,2,1,2,2,2,2,2,1,0,1,2,1,0,0,0,0,0,0,0,0,0,0,0,0,15,1,5,4,4,1,0,2,2,2,2,1,2,1,2,1,1,1,1,1,1,1,51037,1,2,1,1,1,0,1,7,1,2
11B222,7,40162,3,1,0,2,19,224,2,36,7,1,1,1,1,1,2,2,2,1,1,1,1,2,2,2,2,2,1,0,1,2,1,0,0,0,0,0,0,0,0,0,0,0,0,0,0,0,0,0,0,0,0,0,0,0,0,0,0,0,0,120,2,0,2,3,1,0,2,2,2,2,2,2,2,0,2,0,1,2,1,2,2,20415,1,2,1,1,0,0,1,1,2,2
11B222,7,40162,2,1,0,2,19,224,2,24,4,3,7,1,1,1,1,2,1,1,2,3,1,1,2,2,2,2,1,0,1,2,1,4,3,1,2,1,1,2,1,2,2,2,2,0,1,1,1,0,0,0,0,0,0,0,0,0,0,0,0,15,2,0,2,3,1,0,2,2,2,2,2,1,1,2,1,2,1,1,1,1,1,20415,1,2,1,1,3,0,1,6,0,1
12B214,7,40166,1,1,0,2,19,224,2,38,7,4,7,1,1,2,2,2,2,1,0,0,0,0,0,0,0,0,0,0,0,0,0,0,0,0,0,0,0,0,0,0,0,0,0,0,0,0,0,0,0,0,0,0,0,0,0,0,0,0,0,15,1,3,3,4,2,0,2,2,2,2,2,2,2,0,1,2,1,2,2,2,2,14313,1,3,1,0,0,0,2,0,0,2
12B214,7,40166,4,1,0,1,19,224,2,62,6,2,7,1,2,1,2,2,2,2,1,5,2,2,1,2,2,2,2,0,2,1,1,0,0,0,0,0,0,0,0,0,0,0,0,0,0,0,0,0,0,0,0,0,0,0,0,0,0,0,0,10,2,0,2,3,2,0,2,2,2,2,2,2,2,0,2,0,1,2,2,2,2,14313,3,1,1,2,0,0,1,1,0,1
12B214,7,40166,3,1,0,2,19,224,2,65,5,4,9,1,1,1,2,2,2,2,1,5,2,2,1,2,2,2,2,0,2,1,1,0,0,0,0,0,0,0,0,0,0,0,0,0,0,0,0,0,0,0,0,0,0,0,0,0,0,0,0,30,2,0,2,4,2,0,2,2,2,2,2,1,1,2,1,1,1,1,1,1,1,14313,1,1,1,2,0,0,1,1,0,1
12B214,7,40166,2,1,0,3,19,224,1,34,7,4,4,1,1,1,1,2,2,1,5,3,2,2,1,1,1,2,1,0,1,1,1,8,3,2,1,2,2,1,1,1,2,2,1,0,1,2,1,0,0,0,0,0,0,0,0,0,0,0,0,90,2,0,4,3,1,0,2,2,2,1,1,1,1,1,1,5,1,1,1,1,1,21469,1,2,1,3,1,0,1,13,1,2
12A228,7,40190,2,1,0,2,19,224,2,34,7,4,1,1,2,2,1,2,2,1,0,0,0,0,0,0,0,0,0,0,0,0,0,1,5,2,2,2,2,1,2,2,2,2,3,30,2,1,1,0,0,0,0,0,0,0,0,0,0,0,0,20,2,0,2,3,1,0,2,2,2,2,2,1,1,2,1,3,1,1,1,1,2,18849,3,3,1,0,2,0,1,1,2,2
12A228,7,40190,3,1,0,1,19,224,1,26,4,3,1,1,1,1,2,2,2,1,3,3,2,2,1,1,2,2,1,0,1,1,1,0,0,0,0,0,0,0,0,0,0,0,0,0,0,0,0,0,0,0,0,0,0,0,0,0,0,0,0,30,2,0,3,3,1,0,2,2,2,2,1,1,1,2,1,2,1,1,1,1,1,9425,1,2,1,3,0,0,1,3,2,1
12A228,7,40190,1,1,0,2,19,224,1,40,6,5,1,1,2,2,2,2,2,1,0,0,0,0,0,0,0,0,0,0,0,0,0,0,0,0,0,0,0,0,0,0,0,0,0,0,0,0,0,0,0,0,0,0,0,0,0,0,0,0,0,5,2,0,2,3,2,0,2,2,2,2,2,2,2,0,1,1,1,2,2,2,2,18849,3,3,1,0,0,0,2,0,2,1
12A228,7,40190,4,1,0,2,19,224,2,56,7,4,7,1,2,2,2,2,2,1,0,0,0,0,0,0,0,0,0,0,0,0,0,0,0,0,0,0,0,0,0,0,0,0,0,0,0,0,0,0,0,0,0,0,0,0,0,0,0,0,0,10,2,0,2,3,2,0,2,2,2,2,1,1,1,2,1,3,1,1,1,1,2,28274,3,3,1,0,0,0,2,0,0,2
11A228,7,40227,4,1,0,1,19,224,2,64,2,6,7,1,2,1,1,2,2,2,1,5,2,2,1,2,2,2,2,0,2,1,1,4,5,2,2,2,2,1,2,2,2,2,2,0,2,1,1,0,0,0,0,0,0,0,0,0,0,0,0,5,2,0,1,1,2,0,2,2,2,2,2,2,2,0,2,0,1,2,2,1,2,19745,3,2,1,2,2,0,1,5,0,0
11A228,7,40227,2,1,0,1,19,224,1,43,7,5,1,1,1,1,1,2,1,1,10,4,1,1,2,2,2,2,3,5000,2,1,1,4,4,1,2,1,1,2,2,2,2,2,3,1000,2,1,1,0,0,0,0,0,0,0,0,0,0,0,0,60,1,3,2,3,1,0,2,1,2,1,1,2,2,0,1,1,1,1,1,1,1,6582,1,2,1,2,2,0,1,14,2,2
11A228,7,40227,1,1,0,3,19,224,1,65,0,,1,2,0,0,0,0,0,0,0,0,0,0,0,0,0,0,0,0,0,0,0,0,0,0,0,0,0,0,0,0,0,0,0,0,0,0,0,0,0,0,0,0,0,0,0,0,0,0,0,0,0,0,0,0,0,0,0,0,0,0,0,0,0,0,0,0,0,0,0,0,0,46074,0,0,0,0,0,0,0,0,2,0
11A228,7,40227,3,1,0,1,19,224,1,58,6,3,1,1,2,2,2,2,2,2,0,0,0,0,0,0,0,0,0,0,0,0,0,0,0,0,0,0,0,0,0,0,0,0,0,0,0,0,0,0,0,0,0,0,0,0,0,0,0,0,0,0,0,0,0,0,0,1,2,2,2,2,2,2,2,0,2,0,1,2,1,2,1,6582,4,4,2,0,0,0,2,0,2,1
11B215,7,40324,3,1,0,1,19,224,1,34,4,3,1,1,1,2,1,2,2,1,0,0,0,0,0,0,0,0,0,0,0,0,0,2,4,2,1,2,2,2,2,2,1,2,2,0,2,1,2,0,0,0,0,0,0,0,0,0,0,0,0,20,1,6,1,2,1,0,2,2,2,2,2,2,2,0,2,0,1,2,1,2,2,27948,1,3,1,0,2,0,1,2,2,1
11B215,7,40324,1,1,0,1,19,224,2,76,6,3,8,1,2,2,2,2,2,1,0,0,0,0,0,0,0,0,0,0,0,0,0,0,0,0,0,0,0,0,0,0,0,0,0,0,0,0,0,0,0,0,0,0,0,0,0,0,0,0,0,10,2,0,2,2,1,0,2,1,2,1,2,2,2,0,1,1,1,2,1,2,2,6987,3,3,1,0,0,0,2,0,0,1
11B215,7,40324,2,1,0,1,19,224,1,39,7,4,1,1,2,1,2,2,2,1,1,4,2,2,2,1,2,2,3,500,2,1,1,0,0,0,0,0,0,0,0,0,0,0,0,0,0,0,0,0,0,0,0,0,0,0,0,0,0,0,0,20,2,0,2,3,1,0,2,2,2,2,2,2,2,0,2,0,1,1,1,1,1,13973,3,2,1,2,0,0,1,1,2,2
11B222,7,40415,1,1,0,2,19,224,1,53,2,4,1,1,2,1,2,1,2,2,3,1,1,2,2,2,2,2,2,0,2,1,2,0,0,0,0,0,0,0,0,0,0,0,0,0,0,0,0,2,3,1,1,1,2,1,3,40,2,1,1,60,2,0,1,1,2,0,2,2,2,2,2,2,2,0,2,0,1,2,1,1,1,28808,3,2,1,2,0,2,1,5,2,0
11B222,7,40415,4,1,0,1,19,224,2,75,2,2,1,2,0,0,0,0,0,0,0,0,0,0,0,0,0,0,0,0,0,0,0,0,0,0,0,0,0,0,0,0,0,0,0,0,0,0,0,0,0,0,0,0,0,0,0,0,0,0,0,0,0,0,0,0,0,0,0,0,0,0,0,0,0,0,0,0,0,0,0,0,0,9603,0,0,0,0,0,0,0,0,2,0
13A227,8,40030,3,1,0,3,9,224,2,21,7,2,6,1,1,1,2,2,2,2,1,2,2,2,2,1,2,2,1,0,1,2,1,0,0,0,0,0,0,0,0,0,0,0,0,0,0,0,0,0,0,0,0,0,0,0,0,0,0,0,0,60,1,5,2,4,2,0,2,2,2,2,2,1,2,0,1,5,1,2,1,2,2,21145,1,1,1,1,0,0,1,1,1,2
13A227,8,40030,4,1,0,3,9,224,1,24,8,2,1,1,2,2,2,2,2,2,0,0,0,0,0,0,0,0,0,0,0,0,0,0,0,0,0,0,0,0,0,0,0,0,0,0,0,0,0,0,0,0,0,0,0,0,0,0,0,0,0,0,0,0,0,0,0,2,2,2,2,2,2,1,1,1,1,3,1,1,1,1,2,31717,4,4,2,0,0,0,2,0,2,2
13A227,8,40030,2,1,0,2,9,224,2,55,8,9,1,1,1,1,2,2,2,2,3,3,2,1,2,2,2,2,3,800,2,1,1,0,0,0,0,0,0,0,0,0,0,0,0,0,0,0,0,0,0,0,0,0,0,0,0,0,0,0,0,30,2,0,4,4,1,0,1,2,1,2,1,1,2,0,1,1,1,1,1,1,1,21145,1,1,1,2,0,0,1,3,2,2
11B221,8,40037,2,1,0,1,9,224,2,23,7,2,1,1,1,1,2,2,2,2,3,4,2,2,2,1,2,2,3,200,2,1,1,0,0,0,0,0,0,0,0,0,0,0,0,0,0,0,0,0,0,0,0,0,0,0,0,0,0,0,0,120,2,0,3,2,1,0,1,1,2,1,2,2,1,2,1,1,1,1,1,1,1,21766,1,1,1,2,0,0,1,3,2,2
11B221,8,40037,1,1,0,1,9,224,2,53,2,6,1,1,2,2,2,2,2,2,0,0,0,0,0,0,0,0,0,0,0,0,0,0,0,0,0,0,0,0,0,0,0,0,0,0,0,0,0,0,0,0,0,0,0,0,0,0,0,0,0,0,0,0,0,0,0,4,2,2,2,2,2,2,2,0,2,0,1,1,1,1,1,10883,4,4,2,0,0,0,2,0,2,0
11B221,8,40037,3,1,0,1,9,224,1,22,3,3,3,1,2,2,2,2,2,2,0,0,0,0,0,0,0,0,0,0,0,0,0,0,0,0,0,0,0,0,0,0,0,0,0,0,0,0,0,0,0,0,0,0,0,0,0,0,0,0,0,0,0,0,0,0,0,1,2,2,2,2,2,1,2,0,1,1,1,1,1,1,1,21766,4,4,2,0,0,0,2,0,2,1
12A227,8,40064,4,1,0,2,9,224,2,35,3,3,1,1,1,1,2,2,2,2,1,5,2,2,1,2,2,2,1,0,1,2,1,0,0,0,0,0,0,0,0,0,0,0,0,0,0,0,0,0,0,0,0,0,0,0,0,0,0,0,0,20,2,0,3,2,2,0,2,2,2,2,1,2,2,0,2,0,1,1,1,1,1,16481,1,1,1,1,0,0,1,1,2,1
12A227,8,40064,3,1,0,1,9,224,1,64,3,3,8,1,2,2,2,2,2,2,0,0,0,0,0,0,0,0,0,0,0,0,0,0,0,0,0,0,0,0,0,0,0,0,0,0,0,0,0,0,0,0,0,0,0,0,0,0,0,0,0,0,0,0,0,0,0,5,2,2,2,2,2,1,2,0,2,0,1,1,1,2,2,8240,4,4,2,0,0,0,2,0,0,1
12A227,8,40064,2,1,0,2,9,224,2,52,4,3,1,1,1,1,2,2,2,2,1,4,2,2,1,2,2,2,2,0,2,1,1,0,0,0,0,0,0,0,0,0,0,0,0,0,0,0,0,0,0,0,0,0,0,0,0,0,0,0,0,120,2,0,2,4,1,0,1,1,2,1,1,1,2,0,1,2,1,2,1,1,1,32961,1,1,1,2,0,0,1,1,2,1
12B213,8,40071,4,1,0,1,9,224,2,51,3,3,1,1,2,2,2,2,2,2,0,0,0,0,0,0,0,0,0,0,0,0,0,0,0,0,0,0,0,0,0,0,0,0,0,0,0,0,0,0,0,0,0,0,0,0,0,0,0,0,0,0,0,0,0,0,0,1,2,2,2,2,1,1,1,2,1,2,1,1,1,1,1,7875,4,4,2,0,0,0,2,0,2,1
12B213,8,40071,3,1,0,1,9,224,1,41,6,4,1,1,1,2,2,1,2,2,0,0,0,0,0,0,0,0,0,0,0,0,0,0,0,0,0,0,0,0,0,0,0,0,0,0,0,0,0,5,4,1,1,2,2,1,1,0,1,2,2,30,2,0,2,4,2,0,2,2,2,2,1,1,1,1,1,1,1,1,1,1,1,7875,1,3,1,0,0,1,1,5,2,1
12B213,8,40071,1,1,1,2,9,224,2,55,3,3,1,1,2,2,2,2,2,2,0,0,0,0,0,0,0,0,0,0,0,0,0,0,0,0,0,0,0,0,0,0,0,0,0,0,0,0,0,0,0,0,0,0,0,0,0,0,0,0,0,0,0,0,0,0,0,1,2,2,2,2,2,1,2,0,2,0,1,2,1,1,2,23626,4,4,2,0,0,0,2,0,2,1
12B213,8,40071,2,1,1,2,9,224,1,34,7,6,1,1,1,1,2,2,2,2,2,4,2,2,1,2,2,2,1,0,1,2,1,0,0,0,0,0,0,0,0,0,0,0,0,0,0,0,0,0,0,0,0,0,0,0,0,0,0,0,0,30,2,0,3,3,1,0,1,2,2,2,2,1,2,0,1,2,1,2,1,1,1,15751,1,1,1,1,0,0,1,2,2,2
12B216,8,40078,1,1,0,2,9,224,2,43,3,3,1,1,2,2,2,2,2,2,0,0,0,0,0,0,0,0,0,0,0,0,0,0,0,0,0,0,0,0,0,0,0,0,0,0,0,0,0,0,0,0,0,0,0,0,0,0,0,0,0,0,0,0,0,0,0,3,2,2,2,2,2,2,2,0,2,0,1,2,1,1,1,31986,4,4,2,0,0,0,2,0,2,1
12B216,8,40078,4,1,0,3,9,224,1,21,7,1,6,1,2,2,2,2,2,2,0,0,0,0,0,0,0,0,0,0,0,0,0,0,0,0,0,0,0,0,0,0,0,0,0,0,0,0,0,0,0,0,0,0,0,0,0,0,0,0,0,0,0,0,0,0,0,2,2,2,2,2,1,2,2,0,2,0,1,1,1,1,1,23990,4,4,2,0,0,0,2,0,1,2
13B221,8,40137,4,1,0,1,9,224,1,44,6,3,1,1,2,2,2,2,2,2,0,0,0,0,0,0,0,0,0,0,0,0,0,0,0,0,0,0,0,0,0,0,0,0,0,0,0,0,0,0,0,0,0,0,0,0,0,0,0,0,0,0,0,0,0,0,0,3,2,2,2,2,2,2,2,0,1,1,1,1,1,1,1,31446,4,4,2,0,0,0,2,0,2,1
13B221,8,40137,1,1,0,1,9,224,2,38,8,3,1,1,1,1,2,2,2,2,2,2,2,1,2,2,2,2,1,0,1,2,1,0,0,0,0,0,0,0,0,0,0,0,0,0,0,0,0,0,0,0,0,0,0,0,0,0,0,0,0,30,2,0,3,3,2,0,1,2,2,2,1,1,1,1,1,2,1,1,1,1,1,20965,1,1,1,1,0,0,1,2,2,2
13B221,8,40137,2,1,0,2,9,224,1,19,7,1,6,1,1,1,2,2,2,2,5,3,2,1,2,2,2,2,3,2000,2,1,1,0,0,0,0,0,0,0,0,0,0,0,0,0,0,0,0,0,0,0,0,0,0,0,0,0,0,0,0,30,1,5,4,3,2,0,1,1,1,1,1,1,1,1,1,2,1,1,1,3,1,20965,1,1,1,2,0,0,1,5,1,2
13B221,8,40137,3,1,0,4,9,224,2,22,7,4,1,1,1,1,2,2,2,2,5,4,2,2,1,2,2,2,1,0,1,2,1,0,0,0,0,0,0,0,0,0,0,0,0,0,0,0,0,0,0,0,0,0,0,0,0,0,0,0,0,120,2,0,4,4,2,0,1,2,2,1,1,1,1,2,1,1,1,1,1,1,2,31446,1,1,1,1,0,0,1,5,2,2
12B222,8,40163,3,1,0,1,9,224,2,31,4,3,1,1,2,1,2,2,2,2,1,5,2,2,1,2,2,2,1,0,1,2,1,0,0,0,0,0,0,0,0,0,0,0,0,0,0,0,0,0,0,0,0,0,0,0,0,0,0,0,0,30,2,0,2,3,1,0,2,2,2,2,2,1,2,0,1,1,1,1,3,1,1,7825,3,1,1,1,0,0,1,1,2,1
12B222,8,40163,1,1,0,1,9,224,2,60,2,6,1,1,2,2,2,2,2,2,0,0,0,0,0,0,0,0,0,0,0,0,0,0,0,0,0,0,0,0,0,0,0,0,0,0,0,0,0,0,0,0,0,0,0,0,0,0,0,0,0,0,0,0,0,0,0,3,2,2,2,2,2,1,2,0,2,0,1,3,2,2,2,15649,4,4,2,0,0,0,2,0,2,0
12B222,8,40163,4,1,0,2,9,224,2,37,7,5,1,1,1,1,2,2,2,2,2,3,2,2,1,2,2,2,1,0,1,2,1,0,0,0,0,0,0,0,0,0,0,0,0,0,0,0,0,0,0,0,0,0,0,0,0,0,0,0,0,60,2,0,2,2,1,0,1,1,2,1,2,1,1,1,1,2,1,1,1,1,1,15649,1,1,1,1,0,0,1,2,2,2
12B222,8,40163,2,1,0,3,9,224,2,24,7,4,1,1,2,2,2,2,2,2,0,0,0,0,0,0,0,0,0,0,0,0,0,0,0,0,0,0,0,0,0,0,0,0,0,0,0,0,0,0,0,0,0,0,0,0,0,0,0,0,0,0,0,0,0,0,0,3,2,2,2,2,2,1,1,2,1,1,1,2,2,2,2,31298,4,4,2,0,0,0,2,0,2,2
13B214,8,40196,1,1,0,3,9,224,1,24,7,5,1,1,1,1,2,2,2,2,3,2,2,1,2,2,2,2,1,0,1,2,2,0,0,0,0,0,0,0,0,0,0,0,0,0,0,0,0,0,0,0,0,0,0,0,0,0,0,0,0,60,1,5,4,3,1,0,1,2,1,1,1,1,1,2,1,2,1,1,1,1,1,40796,1,1,1,1,0,0,1,3,2,2
13B214,8,40196,2,1,0,2,9,224,1,26,7,4,4,1,2,2,2,2,2,2,0,0,0,0,0,0,0,0,0,0,0,0,0,0,0,0,0,0,0,0,0,0,0,0,0,0,0,0,0,0,0,0,0,0,0,0,0,0,0,0,0,0,0,0,0,0,0,1,2,2,2,2,1,1,1,2,1,2,1,1,1,1,1,20398,4,4,2,0,0,0,2,0,1,2
13B214,8,40196,4,1,0,2,9,224,1,58,7,5,8,1,2,1,2,2,2,1,1,3,2,2,1,2,2,2,3,350,2,1,1,0,0,0,0,0,0,0,0,0,0,0,0,0,0,0,0,0,0,0,0,0,0,0,0,0,0,0,0,40,2,0,2,3,1,0,2,2,2,2,1,1,1,1,1,1,1,1,1,1,1,30597,3,2,1,2,0,0,1,1,0,2
13B214,8,40196,3,1,0,3,9,224,1,21,7,3,1,1,1,1,2,2,2,2,7,2,2,1,1,1,1,2,1,0,1,2,1,0,0,0,0,0,0,0,0,0,0,0,0,0,0,0,0,0,0,0,0,0,0,0,0,0,0,0,0,15,1,5,2,3,1,0,1,2,1,1,1,1,2,0,1,2,1,1,2,1,2,40796,1,1,1,1,0,0,1,7,2,2
12A228,8,40224,2,1,0,2,9,224,2,62,2,6,7,1,1,1,2,2,2,2,1,5,2,2,1,2,2,2,3,100,2,1,1,0,0,0,0,0,0,0,0,0,0,0,0,0,0,0,0,0,0,0,0,0,0,0,0,0,0,0,0,30,2,0,2,1,2,0,2,2,2,2,3,2,2,0,2,0,1,2,2,2,2,16666,1,1,1,2,0,0,1,1,0,0
12A228,8,40224,4,1,0,1,9,224,1,56,3,3,1,1,2,2,2,2,2,2,0,0,0,0,0,0,0,0,0,0,0,0,0,0,0,0,0,0,0,0,0,0,0,0,0,0,0,0,0,0,0,0,0,0,0,0,0,0,0,0,0,0,0,0,0,0,0,3,1,1,2,2,2,2,2,0,2,0,1,2,1,2,2,8333,4,4,2,0,0,0,2,0,2,1
12A228,8,40224,1,1,0,2,9,224,2,76,2,2,7,2,0,0,0,0,0,0,0,0,0,0,0,0,0,0,0,0,0,0,0,0,0,0,0,0,0,0,0,0,0,0,0,0,0,0,0,0,0,0,0,0,0,0,0,0,0,0,0,0,0,0,0,0,0,0,0,0,0,0,0,0,0,0,0,0,0,0,0,0,0,8333,0,0,0,0,0,0,0,0,0,0
12A228,8,40224,3,1,0,2,9,224,1,25,7,4,1,1,2,2,2,2,2,2,0,0,0,0,0,0,0,0,0,0,0,0,0,0,0,0,0,0,0,0,0,0,0,0,0,0,0,0,0,0,0,0,0,0,0,0,0,0,0,0,0,0,0,0,0,0,0,3,2,2,2,2,1,1,2,0,1,1,1,2,1,1,1,16666,4,4,2,0,0,0,2,0,2,2
12B214,8,40261,3,1,0,1,9,224,1,53,7,4,1,1,1,1,2,1,2,2,2,3,2,1,2,2,2,2,2,0,2,1,1,0,0,0,0,0,0,0,0,0,0,0,0,0,0,0,0,5,3,1,1,2,1,1,3,60,2,1,1,60,2,0,3,3,1,0,1,2,2,1,2,1,2,0,1,2,1,2,1,2,1,16811,1,2,1,2,0,2,1,7,2,2
12B214,8,40261,4,1,0,2,9,224,2,48,7,5,1,1,2,2,2,2,2,2,0,0,0,0,0,0,0,0,0,0,0,0,0,0,0,0,0,0,0,0,0,0,0,0,0,0,0,0,0,0,0,0,0,0,0,0,0,0,0,0,0,0,0,0,0,0,0,3,2,2,2,2,1,1,1,1,1,5,1,1,1,2,2,16811,4,4,2,0,0,0,2,0,2,2
12B214,8,40261,1,1,0,1,9,224,1,51,7,5,1,1,2,2,2,2,2,2,0,0,0,0,0,0,0,0,0,0,0,0,0,0,0,0,0,0,0,0,0,0,0,0,0,0,0,0,0,0,0,0,0,0,0,0,0,0,0,0,0,0,0,0,0,0,0,3,2,2,2,2,2,2,2,0,2,0,1,2,1,2,2,16811,4,4,2,0,0,0,2,0,2,2
12B214,8,40261,2,1,0,2,9,224,2,20,7,1,6,1,2,2,2,2,2,2,0,0,0,0,0,0,0,0,0,0,0,0,0,0,0,0,0,0,0,0,0,0,0,0,0,0,0,0,0,0,0,0,0,0,0,0,0,0,0,0,0,0,0,0,0,0,0,3,2,2,2,2,2,2,2,0,1,1,1,1,1,1,1,16811,4,4,2,0,0,0,2,0,1,2
11B215,8,40362,4,1,0,1,9,224,2,65,3,3,8,1,1,1,2,2,2,2,1,4,2,2,1,2,2,2,2,0,2,1,1,0,0,0,0,0,0,0,0,0,0,0,0,0,0,0,0,0,0,0,0,0,0,0,0,0,0,0,0,30,2,0,1,3,2,0,1,2,2,2,2,2,2,0,2,0,1,3,1,1,2,9783,1,1,1,2,0,0,1,1,0,1
11B215,8,40362,1,1,0,1,9,224,1,51,3,3,1,1,2,2,2,2,2,2,0,0,0,0,0,0,0,0,0,0,0,0,0,0,0,0,0,0,0,0,0,0,0,0,0,0,0,0,0,0,0,0,0,0,0,0,0,0,0,0,0,0,0,0,0,0,0,1,2,2,2,2,2,2,2,0,2,0,1,2,3,2,2,48911,4,4,2,0,0,0,2,0,2,1
12B215,8,40390,1,1,0,3,9,224,1,24,7,4,1,1,1,2,2,2,2,1,0,0,0,0,0,0,0,0,0,0,0,0,0,0,0,0,0,0,0,0,0,0,0,0,0,0,0,0,0,0,0,0,0,0,0,0,0,0,0,0,0,30,2,0,3,2,1,0,1,2,1,1,2,1,2,0,1,1,1,2,2,1,1,32241,1,3,1,0,0,0,2,0,2,2
12B215,8,40390,3,1,0,3,9,224,2,40,7,4,1,1,2,2,2,2,2,2,0,0,0,0,0,0,0,0,0,0,0,0,0,0,0,0,0,0,0,0,0,0,0,0,0,0,0,0,0,0,0,0,0,0,0,0,0,0,0,0,0,0,0,0,0,0,0,1,2,2,2,2,2,2,2,0,2,0,1,2,1,2,1,24181,4,4,2,0,0,0,2,0,2,2
12B215,8,40390,2,1,0,1,9,224,2,51,3,3,7,1,1,1,2,2,2,2,1,4,2,2,2,1,2,2,2,0,2,1,1,0,0,0,0,0,0,0,0,0,0,0,0,0,0,0,0,0,0,0,0,0,0,0,0,0,0,0,0,20,2,0,4,1,2,0,2,2,2,2,2,1,2,0,2,0,1,1,1,1,1,24181,1,1,1,2,0,0,1,1,0,1
12B215,8,40390,4,1,0,1,9,224,2,62,3,3,3,1,1,1,2,2,2,2,1,4,2,2,1,2,2,2,2,0,2,1,1,0,0,0,0,0,0,0,0,0,0,0,0,0,0,0,0,0,0,0,0,0,0,0,0,0,0,0,0,20,1,5,2,4,2,0,2,2,2,2,2,2,2,0,2,0,1,2,1,3,2,16121,1,1,1,2,0,0,1,1,2,1
11B221,9,40003,2,1,0,2,1,224,2,52,6,3,1,1,1,1,2,2,2,1,2,4,2,2,2,1,2,2,2,0,2,1,1,0,0,0,0,0,0,0,0,0,0,0,0,0,0,0,0,0,0,0,0,0,0,0,0,0,0,0,0,40,1,5,2,3,1,0,2,2,2,2,2,1,2,0,2,0,1,1,2,2,2,20535,1,2,1,2,0,0,1,2,2,1
11B221,9,40003,3,1,0,4,1,224,2,18,7,1,6,1,1,1,2,2,2,1,4,3,2,2,2,1,2,2,3,1500,2,1,1,0,0,0,0,0,0,0,0,0,0,0,0,0,0,0,0,0,0,0,0,0,0,0,0,0,0,0,0,120,1,5,2,3,1,0,2,2,2,1,2,2,2,0,2,0,1,1,2,2,2,27380,1,2,1,2,0,0,1,4,1,2
11B213,9,40003,4,1,0,1,1,224,2,70,3,3,8,1,1,1,2,2,2,2,1,5,2,2,1,2,2,2,2,0,2,1,1,0,0,0,0,0,0,0,0,0,0,0,0,0,0,0,0,0,0,0,0,0,0,0,0,0,0,0,0,20,2,0,2,2,2,0,2,2,2,2,2,1,1,1,3,0,1,2,3,2,3,13142,1,1,1,2,0,0,1,1,0,1
11B213,9,40003,2,1,0,1,1,224,2,64,7,5,7,1,1,1,2,2,2,2,5,4,2,1,2,1,2,2,2,0,2,1,1,0,0,0,0,0,0,0,0,0,0,0,0,0,0,0,0,0,0,0,0,0,0,0,0,0,0,0,0,120,2,0,4,3,1,0,2,1,2,2,1,1,1,2,1,1,1,2,1,1,1,19713,1,1,1,2,0,0,1,5,0,2
11B221,9,40003,1,1,0,1,1,224,1,38,4,3,1,1,1,1,2,2,2,1,2,3,2,2,1,2,2,2,3,3000,2,1,3,0,0,0,0,0,0,0,0,0,0,0,0,0,0,0,0,0,0,0,0,0,0,0,0,0,0,0,0,60,2,0,2,3,1,0,2,2,2,1,2,2,2,0,1,1,1,1,1,1,1,13691,1,2,1,2,0,0,1,2,2,1
11B221,9,40003,4,1,0,1,1,224,2,83,2,6,7,1,2,2,2,2,2,2,0,0,0,0,0,0,0,0,0,0,0,0,0,0,0,0,0,0,0,0,0,0,0,0,0,0,0,0,0,0,0,0,0,0,0,0,0,0,0,0,0,0,0,0,0,0,0,2,2,2,2,2,2,2,2,0,2,0,2,0,0,0,0,20535,4,4,2,0,0,0,2,0,0,0
11B216,9,40015,3,1,0,1,1,224,1,65,4,3,1,1,1,2,2,1,2,2,0,0,0,0,0,0,0,0,0,0,0,0,0,0,0,0,0,0,0,0,0,0,0,0,0,0,0,0,0,5,3,1,1,1,1,1,3,150,2,1,1,35,1,3,3,3,2,0,2,2,2,2,2,2,2,0,2,0,1,2,2,2,2,18022,1,3,1,0,0,2,1,5,2,1
11B216,9,40015,4,1,0,1,1,224,1,41,3,3,1,1,1,2,1,2,2,1,0,0,0,0,0,0,0,0,0,0,0,0,0,4,4,1,2,2,2,2,2,1,1,2,2,0,2,1,1,0,0,0,0,0,0,0,0,0,0,0,0,30,2,0,2,3,2,0,1,2,2,2,2,2,2,0,2,0,1,2,1,2,1,18022,1,3,1,0,2,0,1,4,2,1
11B216,9,40015,2,1,0,1,1,224,2,51,2,6,1,1,2,2,2,2,2,2,0,0,0,0,0,0,0,0,0,0,0,0,0,0,0,0,0,0,0,0,0,0,0,0,0,0,0,0,0,0,0,0,0,0,0,0,0,0,0,0,0,0,0,0,0,0,0,1,2,2,2,2,2,2,2,0,2,0,1,2,2,2,2,27033,4,4,2,0,0,0,2,0,2,0
12A227,9,40045,1,1,0,1,1,224,1,52,4,3,1,1,1,2,2,1,2,2,0,0,0,0,0,0,0,0,0,0,0,0,0,0,0,0,0,0,0,0,0,0,0,0,0,0,0,0,0,4,4,1,1,1,1,1,2,0,2,1,1,30,1,3,2,4,2,0,2,2,2,2,2,2,2,0,2,0,1,2,1,1,1,33813,1,3,1,0,0,2,1,4,2,1
12A227,9,40045,2,1,0,1,1,224,2,60,4,3,8,1,1,2,1,2,2,2,0,0,0,0,0,0,0,0,0,0,0,0,0,4,4,2,2,1,2,2,2,2,1,2,2,0,2,1,1,0,0,0,0,0,0,0,0,0,0,0,0,20,2,0,1,3,2,0,2,2,2,2,2,2,2,0,2,0,1,2,2,2,1,8453,1,3,1,0,2,0,1,4,0,1
12A227,9,40045,4,1,0,1,1,224,1,30,4,3,1,1,1,2,1,2,2,1,0,0,0,0,0,0,0,0,0,0,0,0,0,2,4,1,2,2,2,2,2,2,1,2,2,0,2,1,1,0,0,0,0,0,0,0,0,0,0,0,0,40,2,0,3,3,2,0,2,2,2,2,2,2,2,0,2,0,1,2,2,1,1,25360,1,3,1,0,2,0,1,2,2,1
12A227,9,40045,3,1,0,2,1,224,1,25,4,3,1,1,1,2,1,2,2,1,0,0,0,0,0,0,0,0,0,0,0,0,0,4,4,2,1,2,2,2,1,1,2,2,3,200,2,1,1,0,0,0,0,0,0,0,0,0,0,0,0,45,2,0,4,4,2,0,2,1,1,1,1,1,1,2,1,2,1,1,1,1,1,16907,1,3,1,0,2,0,1,4,2,1
11B221,9,40051,3,1,0,1,1,224,2,31,4,3,1,1,2,1,2,1,2,2,1,2,2,2,2,1,2,2,2,0,2,1,1,0,0,0,0,0,0,0,0,0,0,0,0,0,0,0,0,1,4,1,2,2,2,1,3,5,2,1,1,30,2,0,4,4,2,0,1,2,2,2,1,1,1,2,1,2,1,1,1,1,1,7678,3,2,1,2,0,2,1,2,2,1
11B221,9,40051,4,1,0,1,1,224,1,37,2,6,1,1,2,2,2,1,2,2,0,0,0,0,0,0,0,0,0,0,0,0,0,0,0,0,0,0,0,0,0,0,0,0,0,0,0,0,0,1,3,1,1,1,1,1,2,0,2,1,4,15,1,5,4,4,2,0,2,2,2,2,2,1,2,0,2,0,1,1,1,1,1,15357,3,3,1,0,0,2,1,1,2,0
11B221,9,40051,2,1,0,1,1,224,1,25,4,2,1,1,2,2,2,1,2,2,0,0,0,0,0,0,0,0,0,0,0,0,0,0,0,0,0,0,0,0,0,0,0,0,0,0,0,0,0,1,4,1,1,2,2,1,2,0,2,1,1,30,1,3,4,4,2,0,2,2,2,2,2,2,2,0,1,2,1,1,1,1,1,15357,3,3,1,0,0,2,1,1,2,1
11B221,9,40051,1,1,0,2,1,224,1,37,3,3,9,1,2,2,2,2,2,2,0,0,0,0,0,0,0,0,0,0,0,0,0,0,0,0,0,0,0,0,0,0,0,0,0,0,0,0,0,0,0,0,0,0,0,0,0,0,0,0,0,0,0,0,0,0,0,1,2,2,2,2,2,2,2,0,2,0,1,1,1,1,1,15357,4,4,2,0,0,0,2,0,0,1
12B221,9,40052,3,1,0,2,1,224,2,65,7,4,8,1,1,1,2,2,2,1,1,4,1,2,2,2,2,2,1,0,1,2,1,0,0,0,0,0,0,0,0,0,0,0,0,0,0,0,0,0,0,0,0,0,0,0,0,0,0,0,0,25,2,0,2,4,2,0,2,2,2,2,1,1,1,2,1,1,1,1,1,1,1,11300,1,2,1,1,0,0,1,1,0,2
12B221,9,40052,4,1,0,3,1,224,2,56,6,3,7,1,1,2,2,2,2,1,0,0,0,0,0,0,0,0,0,0,0,0,0,0,0,0,0,0,0,0,0,0,0,0,0,0,0,0,0,0,0,0,0,0,0,0,0,0,0,0,0,90,2,0,2,3,2,0,2,1,2,2,2,1,1,1,1,2,1,1,1,1,1,22599,1,3,1,0,0,0,2,0,0,1
12B221,9,40052,2,1,0,1,1,224,2,70,6,3,8,1,1,2,1,2,2,2,0,0,0,0,0,0,0,0,0,0,0,0,0,2,4,2,2,1,2,2,2,2,1,2,2,0,2,1,4,0,0,0,0,0,0,0,0,0,0,0,0,15,2,0,2,3,2,0,2,2,2,2,1,1,2,0,1,1,1,1,2,2,2,5650,1,3,1,0,2,0,1,2,0,1
12B221,9,40052,1,1,0,2,1,224,2,57,6,3,7,1,1,1,2,2,2,1,3,4,2,1,2,1,1,2,3,950,2,1,1,0,0,0,0,0,0,0,0,0,0,0,0,0,0,0,0,0,0,0,0,0,0,0,0,0,0,0,0,30,2,0,3,3,1,0,2,2,2,1,1,1,1,1,1,5,1,1,1,1,1,22599,1,2,1,2,0,0,1,3,0,1
12B221,9,40055,3,1,0,5,1,224,1,20,7,3,1,1,1,2,1,2,2,2,0,0,0,0,0,0,0,0,0,0,0,0,0,4,4,2,2,2,2,2,1,1,2,2,2,0,2,1,4,0,0,0,0,0,0,0,0,0,0,0,0,25,1,5,3,3,2,0,2,2,2,2,2,2,2,0,2,0,1,1,1,1,2,34830,1,3,1,0,2,0,1,4,2,2
12B221,9,40055,4,1,0,1,1,224,1,41,3,3,1,1,1,2,2,1,2,2,0,0,0,0,0,0,0,0,0,0,0,0,0,0,0,0,0,0,0,0,0,0,0,0,0,0,0,0,0,6,3,1,1,1,1,1,2,0,2,1,1,30,2,0,3,3,2,0,2,2,2,2,2,2,2,0,2,0,1,2,2,1,1,6966,1,3,1,0,0,2,1,6,2,1
12B221,9,40055,2,1,0,2,1,224,1,35,7,2,1,1,1,2,1,2,2,1,0,0,0,0,0,0,0,0,0,0,0,0,0,2,4,2,2,2,2,2,1,1,2,2,3,120,2,1,2,0,0,0,0,0,0,0,0,0,0,0,0,35,2,0,2,3,2,0,1,2,2,2,2,2,2,0,2,0,1,1,2,1,1,13932,1,3,1,0,2,0,1,2,2,2
12B221,9,40055,1,1,0,2,1,224,2,38,3,3,7,1,2,2,2,2,2,2,0,0,0,0,0,0,0,0,0,0,0,0,0,0,0,0,0,0,0,0,0,0,0,0,0,0,0,0,0,0,0,0,0,0,0,0,0,0,0,0,0,0,0,0,0,0,0,3,2,2,2,2,2,2,2,0,2,0,1,2,2,1,1,20898,4,4,2,0,0,0,2,0,0,1
12B221,9,40059,3,1,1,3,1,224,1,48,4,3,1,1,1,2,2,2,2,1,0,0,0,0,0,0,0,0,0,0,0,0,0,0,0,0,0,0,0,0,0,0,0,0,0,0,0,0,0,0,0,0,0,0,0,0,0,0,0,0,0,20,1,3,2,3,1,0,2,2,2,2,2,1,2,0,1,1,1,2,1,2,2,22276,1,3,1,0,0,0,2,0,2,1
12B221,9,40059,1,1,0,2,1,224,2,53,4,3,1,1,1,1,2,2,2,1,2,3,2,1,2,2,2,2,3,100,2,1,1,0,0,0,0,0,0,0,0,0,0,0,0,0,0,0,0,0,0,0,0,0,0,0,0,0,0,0,0,60,2,0,2,3,2,0,2,2,2,1,2,1,2,0,1,2,1,1,1,1,1,22276,1,2,1,2,0,0,1,2,2,1
12B213,9,40059,1,1,0,1,1,224,1,40,7,4,1,1,2,2,2,2,2,2,0,0,0,0,0,0,0,0,0,0,0,0,0,0,0,0,0,0,0,0,0,0,0,0,0,0,0,0,0,0,0,0,0,0,0,0,0,0,0,0,0,0,0,0,0,0,0,3,2,2,2,2,2,2,2,0,2,0,1,1,1,1,1,15118,4,4,2,0,0,0,2,0,2,2
12B213,9,40059,3,1,0,2,1,224,2,64,4,3,7,1,1,2,2,2,2,2,0,0,0,0,0,0,0,0,0,0,0,0,0,0,0,0,0,0,0,0,0,0,0,0,0,0,0,0,0,0,0,0,0,0,0,0,0,0,0,0,0,0,0,0,0,0,0,3,2,2,2,2,2,2,2,0,2,0,1,1,1,1,1,30235,2,4,2,0,0,0,2,0,0,1
12B213,9,40059,2,1,0,2,1,224,2,60,3,3,7,1,1,1,2,1,2,2,1,4,2,2,2,1,2,2,2,0,2,1,1,0,0,0,0,0,0,0,0,0,0,0,0,0,0,0,0,2,4,1,2,1,1,1,3,5,2,1,1,15,1,5,4,4,2,0,1,2,2,1,2,2,2,0,2,0,1,1,1,1,1,37794,1,2,1,2,0,2,1,3,0,1
12B221,9,40059,2,1,0,1,1,224,2,40,7,4,1,1,1,2,1,2,2,2,0,0,0,0,0,0,0,0,0,0,0,0,0,3,4,2,2,1,2,2,2,2,1,2,2,0,2,1,1,0,0,0,0,0,0,0,0,0,0,0,0,30,2,0,2,3,2,0,2,2,2,2,1,1,1,1,1,1,1,1,1,1,2,7425,1,3,1,0,2,0,1,3,2,2
12B213,9,40059,4,1,0,1,1,224,1,64,7,5,1,1,2,2,2,2,2,2,0,0,0,0,0,0,0,0,0,0,0,0,0,0,0,0,0,0,0,0,0,0,0,0,0,0,0,0,0,0,0,0,0,0,0,0,0,0,0,0,0,0,0,0,0,0,0,1,2,2,2,2,2,2,2,0,2,0,1,1,1,1,1,22677,4,4,2,0,0,0,2,0,2,2
11B221,9,40060,2,1,0,1,1,224,2,53,7,5,1,1,1,2,1,2,2,1,0,0,0,0,0,0,0,0,0,0,0,0,0,2,1,2,2,2,2,2,1,2,2,2,2,0,2,1,1,0,0,0,0,0,0,0,0,0,0,0,0,30,2,0,2,3,1,0,2,2,2,2,1,1,2,0,1,2,1,1,1,1,1,7503,1,3,1,0,2,0,1,2,2,2
11B221,9,40060,3,1,0,1,1,224,2,46,3,3,1,1,2,2,2,2,2,1,0,0,0,0,0,0,0,0,0,0,0,0,0,0,0,0,0,0,0,0,0,0,0,0,0,0,0,0,0,0,0,0,0,0,0,0,0,0,0,0,0,30,2,0,2,3,2,0,2,2,2,2,1,1,2,0,2,0,1,1,1,1,1,15005,3,3,1,0,0,0,2,0,2,1
11B221,9,40060,1,1,0,2,1,224,2,58,4,3,7,1,1,1,2,2,2,1,1,3,2,2,2,1,2,2,2,0,2,1,1,0,0,0,0,0,0,0,0,0,0,0,0,0,0,0,0,0,0,0,0,0,0,0,0,0,0,0,0,60,2,0,3,4,1,0,1,2,2,2,1,1,2,0,2,0,1,1,1,1,1,22509,1,2,1,2,0,0,1,1,0,1
12B216,9,40061,3,1,0,1,1,224,2,50,7,2,1,1,2,2,1,2,2,2,0,0,0,0,0,0,0,0,0,0,0,0,0,3,4,2,2,2,2,2,2,2,1,2,2,0,2,1,2,0,0,0,0,0,0,0,0,0,0,0,0,15,2,0,2,2,2,0,2,2,2,2,2,2,2,0,1,1,1,1,1,1,2,8895,3,3,1,0,2,0,1,3,2,2
12B216,9,40061,2,1,0,1,1,224,1,44,4,3,1,1,2,2,2,2,2,2,0,0,0,0,0,0,0,0,0,0,0,0,0,0,0,0,0,0,0,0,0,0,0,0,0,0,0,0,0,0,0,0,0,0,0,0,0,0,0,0,0,0,0,0,0,0,0,1,2,2,2,2,2,2,2,0,1,1,1,1,1,1,1,8895,4,4,2,0,0,0,2,0,2,1
12B216,9,40061,4,1,0,1,1,224,1,34,3,3,1,2,0,0,0,0,0,0,0,0,0,0,0,0,0,0,0,0,0,0,0,0,0,0,0,0,0,0,0,0,0,0,0,0,0,0,0,0,0,0,0,0,0,0,0,0,0,0,0,0,0,0,0,0,0,0,0,0,0,0,0,0,0,0,0,0,0,0,0,0,0,8895,0,0,0,0,0,0,0,0,2,1
11A227,9,40091,1,1,0,2,1,224,2,25,4,3,6,1,1,1,1,2,2,2,8,2,2,1,2,1,1,2,1,0,1,1,1,5,2,2,1,2,2,2,1,1,2,2,2,0,2,1,1,0,0,0,0,0,0,0,0,0,0,0,0,120,1,5,4,4,1,0,2,2,1,2,1,1,1,2,1,2,1,1,1,1,1,15951,1,2,1,3,2,0,1,13,1,1
11A227,9,40091,3,1,0,1,1,224,1,62,7,5,7,1,1,2,2,1,2,2,0,0,0,0,0,0,0,0,0,0,0,0,0,0,0,0,0,0,0,0,0,0,0,0,0,0,0,0,0,3,4,2,1,1,2,1,2,0,2,1,1,30,2,0,3,3,2,0,2,2,2,2,2,2,2,0,2,0,1,2,2,2,2,7976,1,3,1,0,0,2,1,3,0,2
11A227,9,40091,4,1,0,2,1,224,2,36,7,4,1,1,1,1,1,2,2,2,5,1,1,1,2,1,1,2,1,0,1,2,1,4,3,2,2,2,2,2,1,1,2,2,3,200,2,1,1,0,0,0,0,0,0,0,0,0,0,0,0,60,2,0,4,4,2,0,1,2,2,1,1,1,1,2,1,2,1,1,1,1,1,15951,1,2,1,1,2,0,1,9,2,2
11A227,9,40091,2,1,0,3,1,224,1,39,4,3,1,1,1,1,1,2,2,1,2,3,2,2,2,1,2,2,2,0,2,1,1,3,4,1,2,2,2,2,1,1,2,2,3,200,2,1,1,0,0,0,0,0,0,0,0,0,0,0,0,60,2,0,4,4,2,0,2,1,2,2,1,1,2,0,1,1,1,1,1,1,1,23926,1,2,1,2,2,0,1,5,2,1
12A227,9,40092,3,1,0,2,1,224,2,58,3,3,1,1,1,2,2,1,2,2,0,0,0,0,0,0,0,0,0,0,0,0,0,0,0,0,0,0,0,0,0,0,0,0,0,0,0,0,0,3,3,1,1,2,2,2,3,5,2,1,4,10,2,0,4,4,2,0,2,2,2,2,2,1,2,0,2,0,1,1,1,1,1,23972,1,3,1,0,0,2,1,3,2,1
12A227,9,40092,1,1,1,1,1,224,2,56,4,2,7,1,2,2,2,2,2,2,0,0,0,0,0,0,0,0,0,0,0,0,0,0,0,0,0,0,0,0,0,0,0,0,0,0,0,0,0,0,0,0,0,0,0,0,0,0,0,0,0,0,0,0,0,0,0,1,2,2,2,2,2,2,2,0,3,0,1,1,1,1,1,7991,4,4,2,0,0,0,2,0,0,1
12A227,9,40092,2,1,0,1,1,224,1,40,4,3,1,1,1,2,2,1,2,2,0,0,0,0,0,0,0,0,0,0,0,0,0,0,0,0,0,0,0,0,0,0,0,0,0,0,0,0,0,4,3,1,1,2,2,2,3,8,2,1,4,15,2,0,4,4,2,0,2,2,2,2,2,1,2,0,2,0,1,1,1,1,1,15982,1,3,1,0,0,2,1,4,2,1
12A227,9,40092,4,1,0,1,1,224,2,48,4,3,1,1,2,2,2,2,2,2,0,0,0,0,0,0,0,0,0,0,0,0,0,0,0,0,0,0,0,0,0,0,0,0,0,0,0,0,0,0,0,0,0,0,0,0,0,0,0,0,0,0,0,0,0,0,0,3,2,2,2,2,2,1,2,0,2,0,1,1,1,1,1,7991,4,4,2,0,0,0,2,0,2,1
12B213,9,40108,2,1,0,1,1,224,2,55,7,4,7,1,2,2,1,1,2,2,0,0,0,0,0,0,0,0,0,0,0,0,0,2,4,2,2,2,2,2,2,2,1,2,2,0,2,1,1,3,4,2,2,1,1,2,2,0,2,1,1,15,2,0,2,3,2,0,2,2,2,2,1,1,2,0,1,2,1,1,1,1,1,25436,3,3,1,0,2,2,1,5,0,2
12B213,9,40108,4,1,0,2,1,224,2,48,8,3,1,1,2,2,2,2,2,2,0,0,0,0,0,0,0,0,0,0,0,0,0,0,0,0,0,0,0,0,0,0,0,0,0,0,0,0,0,0,0,0,0,0,0,0,0,0,0,0,0,0,0,0,0,0,0,1,2,2,2,2,1,2,2,0,1,1,1,1,1,1,1,16957,4,4,2,0,0,0,2,0,2,2
12B213,9,40108,1,1,0,1,1,224,2,28,7,4,1,1,2,2,1,1,2,2,0,0,0,0,0,0,0,0,0,0,0,0,0,2,4,2,2,1,1,2,2,2,2,2,2,0,2,1,2,3,4,1,2,1,1,2,2,0,2,1,2,25,2,0,4,3,2,0,2,2,2,2,1,2,2,0,1,3,1,1,1,1,1,8479,3,3,1,0,2,2,1,5,2,2
12B213,9,40108,3,1,0,2,1,224,2,44,7,4,7,1,1,1,1,2,2,2,2,3,2,2,2,1,1,2,2,0,2,1,1,2,4,2,2,1,1,2,2,2,2,2,2,0,2,1,1,0,0,0,0,0,0,0,0,0,0,0,0,35,2,0,4,3,2,0,2,2,2,2,1,1,2,0,1,3,1,1,1,1,1,16957,1,2,1,2,2,0,1,4,0,2
13B216,9,40117,1,1,0,1,1,224,1,41,7,4,1,1,1,1,1,1,2,1,2,3,2,2,2,1,2,2,2,0,2,1,1,5,4,1,2,1,1,2,2,2,2,2,2,0,2,1,2,6,4,1,1,1,1,1,2,0,2,1,2,40,2,0,4,3,2,0,1,2,2,2,1,1,1,2,1,4,1,1,1,1,1,14248,1,2,1,2,2,2,1,13,2,2
13B216,9,40117,3,1,0,1,1,224,1,45,7,4,1,1,2,2,2,1,2,2,0,0,0,0,0,0,0,0,0,0,0,0,0,0,0,0,0,0,0,0,0,0,0,0,0,0,0,0,0,4,4,1,1,1,1,1,2,0,2,1,2,25,2,0,4,3,2,0,2,2,2,2,1,1,2,0,1,3,1,1,1,1,1,14248,3,3,1,0,0,2,1,4,2,2
13B216,9,40117,2,1,0,1,1,224,1,47,8,2,1,1,2,2,2,1,2,2,0,0,0,0,0,0,0,0,0,0,0,0,0,0,0,0,0,0,0,0,0,0,0,0,0,0,0,0,0,2,4,1,1,1,1,2,2,0,2,1,2,35,2,0,3,3,2,0,2,2,2,2,1,1,2,0,1,4,1,1,1,1,1,14248,3,3,1,0,0,2,1,2,2,2
11B216,9,40119,3,1,0,1,1,224,1,54,7,4,1,1,2,2,2,1,2,2,0,0,0,0,0,0,0,0,0,0,0,0,0,0,0,0,0,0,0,0,0,0,0,0,0,0,0,0,0,2,4,1,1,2,2,1,2,0,2,1,2,20,1,6,4,4,2,0,2,2,2,2,2,2,2,0,2,0,1,1,1,1,1,30350,3,3,1,0,0,2,1,2,2,2
11B216,9,40119,4,1,0,1,1,224,1,32,4,3,1,1,2,2,2,1,2,2,0,0,0,0,0,0,0,0,0,0,0,0,0,0,0,0,0,0,0,0,0,0,0,0,0,0,0,0,0,5,4,1,1,2,2,2,3,30,2,1,2,30,2,0,4,4,2,0,2,2,2,2,2,2,2,0,2,0,1,1,1,1,1,10116,3,3,1,0,0,2,1,5,2,1
11B216,9,40119,2,1,0,2,1,224,2,65,6,3,8,1,2,2,2,2,2,2,0,0,0,0,0,0,0,0,0,0,0,0,0,0,0,0,0,0,0,0,0,0,0,0,0,0,0,0,0,0,0,0,0,0,0,0,0,0,0,0,0,0,0,0,0,0,0,3,2,2,2,2,2,2,2,0,2,0,1,1,1,1,1,20233,4,4,2,0,0,0,2,0,0,1
11B216,9,40119,1,1,0,1,1,224,1,46,4,3,1,1,1,1,2,1,2,2,2,3,2,2,2,1,2,2,2,0,2,1,1,0,0,0,0,0,0,0,0,0,0,0,0,0,0,0,0,5,4,1,1,1,1,1,3,25,2,1,1,30,1,6,4,3,2,0,2,2,2,2,1,1,1,1,1,2,1,1,1,1,1,10116,1,2,1,2,0,2,1,7,2,1
13A227,9,40145,1,1,0,3,1,224,2,26,7,4,1,1,1,2,1,2,2,1,0,0,0,0,0,0,0,0,0,0,0,0,0,2,4,2,2,2,1,2,2,2,1,2,3,60,2,1,1,0,0,0,0,0,0,0,0,0,0,0,0,30,2,0,3,3,1,0,2,2,2,2,1,1,2,0,1,1,1,1,1,1,1,33762,1,3,1,0,2,0,1,2,2,2
13A227,9,40145,2,1,0,4,1,224,1,24,7,4,1,1,1,2,2,2,2,1,0,0,0,0,0,0,0,0,0,0,0,0,0,0,0,0,0,0,0,0,0,0,0,0,0,0,0,0,0,0,0,0,0,0,0,0,0,0,0,0,0,30,2,0,3,3,1,0,1,2,2,2,1,2,2,0,2,0,1,1,1,1,1,45015,1,3,1,0,0,0,2,0,2,2
13A227,9,40145,3,1,0,1,1,224,1,75,2,6,8,1,1,1,2,1,2,2,1,3,2,2,2,1,2,2,2,0,2,1,1,0,0,0,0,0,0,0,0,0,0,0,0,0,0,0,0,2,3,1,1,1,2,2,3,30,2,1,1,60,2,0,2,2,1,0,2,2,2,2,2,2,2,0,2,0,1,3,3,2,2,22508,1,2,1,2,0,2,1,3,0,0
13A227,9,40145,4,1,0,3,1,224,2,26,7,4,6,1,1,1,2,2,2,1,2,2,2,1,2,1,2,2,3,300,2,1,1,0,0,0,0,0,0,0,0,0,0,0,0,0,0,0,0,0,0,0,0,0,0,0,0,0,0,0,0,60,2,0,3,3,1,0,1,2,2,2,1,1,2,0,1,2,1,1,1,1,1,33762,1,2,1,2,0,0,1,2,1,2
11A227,9,40146,3,1,0,3,1,224,1,35,4,3,1,1,2,2,2,1,2,1,0,0,0,0,0,0,0,0,0,0,0,0,0,0,0,0,0,0,0,0,0,0,0,0,0,0,0,0,0,1,4,1,1,1,2,2,3,20,2,1,1,30,2,0,3,3,2,0,2,1,2,2,1,2,2,0,2,0,1,1,1,1,1,22244,3,3,1,0,0,2,1,1,2,1
11A227,9,40146,2,1,0,2,1,224,2,33,2,2,1,1,2,2,2,2,2,1,0,0,0,0,0,0,0,0,0,0,0,0,0,0,0,0,0,0,0,0,0,0,0,0,0,0,0,0,0,0,0,0,0,0,0,0,0,0,0,0,0,20,2,0,3,3,1,0,2,2,2,2,2,2,2,0,1,1,1,1,1,1,1,14829,3,3,1,0,0,0,2,0,2,0
11A227,9,40146,4,1,0,1,1,224,1,54,3,3,1,1,2,2,2,2,2,1,0,0,0,0,0,0,0,0,0,0,0,0,0,0,0,0,0,0,0,0,0,0,0,0,0,0,0,0,0,0,0,0,0,0,0,0,0,0,0,0,0,20,1,6,3,3,2,0,2,2,2,2,1,2,2,0,1,1,1,1,1,1,1,14829,3,3,1,0,0,0,2,0,2,1
11A227,9,40146,1,1,0,1,1,224,1,65,2,1,1,1,2,2,2,1,2,2,0,0,0,0,0,0,0,0,0,0,0,0,0,0,0,0,0,0,0,0,0,0,0,0,0,0,0,0,0,2,4,1,1,1,2,2,3,30,2,1,2,20,1,6,2,3,2,0,2,2,2,2,2,2,2,0,2,0,1,1,1,2,2,22244,3,3,1,0,0,2,1,2,2,0
13B221,9,40149,2,1,1,1,1,224,1,46,2,6,1,1,1,2,2,1,2,2,0,0,0,0,0,0,0,0,0,0,0,0,0,0,0,0,0,0,0,0,0,0,0,0,0,0,0,0,0,3,4,1,1,1,1,1,3,120,2,1,2,25,2,0,4,4,2,0,2,1,1,1,2,2,2,0,2,0,1,2,2,2,1,20991,1,3,1,0,0,2,1,3,2,0
13B221,9,40149,3,1,1,1,1,224,2,39,7,4,1,1,1,1,1,2,2,1,6,3,1,1,2,1,1,2,1,0,1,2,1,5,3,2,1,2,1,2,1,1,2,2,3,400,2,1,1,0,0,0,0,0,0,0,0,0,0,0,0,60,2,0,4,4,2,0,1,2,2,1,1,1,1,2,1,4,1,1,1,1,1,20991,1,2,1,1,2,0,1,11,2,2
13B221,9,40149,4,1,1,1,1,224,1,70,4,2,8,1,2,2,2,2,2,2,0,0,0,0,0,0,0,0,0,0,0,0,0,0,0,0,0,0,0,0,0,0,0,0,0,0,0,0,0,0,0,0,0,0,0,0,0,0,0,0,0,0,0,0,0,0,0,1,2,2,2,2,2,2,2,0,2,0,1,2,2,2,2,31486,4,4,2,0,0,0,2,0,0,1
13B221,9,40149,1,1,0,1,1,224,2,83,0,,8,2,0,0,0,0,0,0,0,0,0,0,0,0,0,0,0,0,0,0,0,0,0,0,0,0,0,0,0,0,0,0,0,0,0,0,0,0,0,0,0,0,0,0,0,0,0,0,0,0,0,0,0,0,0,0,0,0,0,0,0,0,0,0,0,0,0,0,0,0,0,20991,0,0,0,0,0,0,0,0,0,0
11B213,9,40154,2,1,0,3,1,224,2,62,2,6,7,2,0,0,0,0,0,0,0,0,0,0,0,0,0,0,0,0,0,0,0,0,0,0,0,0,0,0,0,0,0,0,0,0,0,0,0,0,0,0,0,0,0,0,0,0,0,0,0,0,0,0,0,0,0,0,0,0,0,0,0,0,0,0,0,0,0,0,0,0,0,68483,0,0,0,0,0,0,0,0,0,0
11B213,9,40154,1,1,0,1,1,224,2,61,4,3,1,1,2,2,2,2,2,2,0,0,0,0,0,0,0,0,0,0,0,0,0,0,0,0,0,0,0,0,0,0,0,0,0,0,0,0,0,0,0,0,0,0,0,0,0,0,0,0,0,0,0,0,0,0,0,3,2,2,2,2,1,2,2,0,1,1,1,1,1,1,1,9784,4,4,2,0,0,0,2,0,2,1
11B213,9,40154,4,1,0,1,1,224,1,38,4,3,1,1,2,2,2,1,2,2,0,0,0,0,0,0,0,0,0,0,0,0,0,0,0,0,0,0,0,0,0,0,0,0,0,0,0,0,0,4,4,1,1,1,1,1,2,0,2,1,2,20,2,0,2,3,2,0,2,2,2,2,1,2,2,0,1,2,1,1,1,1,1,29350,3,3,1,0,0,2,1,4,2,1
11B213,9,40154,3,1,0,1,1,224,2,53,6,3,1,1,2,2,1,2,2,2,0,0,0,0,0,0,0,0,0,0,0,0,0,5,4,2,2,2,2,2,2,2,1,2,2,0,2,1,2,0,0,0,0,0,0,0,0,0,0,0,0,25,2,0,2,3,2,0,2,2,2,2,1,1,2,0,1,2,1,1,1,1,1,19566,3,3,1,0,2,0,1,5,2,1
11B216,9,40164,4,1,0,3,1,224,1,26,4,2,1,1,1,1,1,2,2,1,6,3,2,1,2,1,1,2,2,0,2,1,1,3,3,2,2,2,2,2,1,1,2,2,2,0,2,1,1,0,0,0,0,0,0,0,0,0,0,0,0,90,2,0,4,4,1,0,2,2,2,2,1,2,2,0,1,1,1,1,1,1,1,27524,1,2,1,2,2,0,1,9,2,1
11B216,9,40164,2,1,0,1,1,224,2,58,4,3,1,1,2,2,2,2,2,2,0,0,0,0,0,0,0,0,0,0,0,0,0,0,0,0,0,0,0,0,0,0,0,0,0,0,0,0,0,0,0,0,0,0,0,0,0,0,0,0,0,0,0,0,0,0,0,1,2,2,2,2,2,2,2,0,2,0,1,2,2,2,1,6881,4,4,2,0,0,0,2,0,2,1
11B216,9,40164,1,1,0,1,1,224,1,55,3,3,1,1,2,2,2,2,2,2,0,0,0,0,0,0,0,0,0,0,0,0,0,0,0,0,0,0,0,0,0,0,0,0,0,0,0,0,0,0,0,0,0,0,0,0,0,0,0,0,0,0,0,0,0,0,0,1,2,2,2,2,2,2,2,0,2,0,1,2,2,2,2,13762,4,4,2,0,0,0,2,0,2,1
11B216,9,40164,3,1,0,1,1,224,1,92,2,6,8,1,2,2,2,2,2,2,0,0,0,0,0,0,0,0,0,0,0,0,0,0,0,0,0,0,0,0,0,0,0,0,0,0,0,0,0,0,0,0,0,0,0,0,0,0,0,0,0,0,0,0,0,0,0,5,2,2,2,2,2,2,2,0,2,0,1,2,2,2,2,34405,4,4,2,0,0,0,2,0,0,0
13B216,9,40166,2,1,0,2,1,224,2,36,7,4,1,1,1,1,1,2,2,2,1,4,2,2,2,1,2,2,2,0,2,1,1,3,4,2,2,1,1,2,2,2,2,2,2,0,2,1,1,0,0,0,0,0,0,0,0,0,0,0,0,30,2,0,4,3,2,0,2,2,2,2,1,1,2,0,1,3,1,1,1,1,1,23271,1,2,1,2,2,0,1,4,2,2
13B216,9,40166,4,1,0,2,1,224,2,29,7,4,4,1,1,1,2,2,2,2,2,3,2,2,2,1,2,2,2,0,2,1,1,0,0,0,0,0,0,0,0,0,0,0,0,0,0,0,0,0,0,0,0,0,0,0,0,0,0,0,0,40,2,0,4,3,2,0,2,2,2,2,1,1,2,0,1,4,1,1,1,1,1,23271,1,1,1,2,0,0,1,2,1,2
13B216,9,40166,1,1,0,2,1,224,2,59,7,4,7,1,1,1,1,2,2,2,2,4,2,2,2,1,2,2,2,0,2,1,1,3,4,2,2,1,1,2,2,2,2,2,2,0,2,1,1,0,0,0,0,0,0,0,0,0,0,0,0,35,2,0,2,3,2,0,2,2,2,2,1,1,2,0,1,3,1,1,1,1,1,34907,1,2,1,2,2,0,1,5,0,2
12B216,9,40167,3,1,0,1,1,224,2,59,4,3,7,1,1,1,2,2,2,1,2,4,2,1,1,2,2,2,2,0,2,1,1,0,0,0,0,0,0,0,0,0,0,0,0,0,0,0,0,0,0,0,0,0,0,0,0,0,0,0,0,30,2,0,2,3,1,0,1,1,2,2,2,1,1,1,1,1,1,1,1,1,1,21698,1,2,1,2,0,0,1,2,0,1
12B216,9,40167,2,1,1,1,1,224,1,31,4,3,4,1,2,2,1,2,2,2,0,0,0,0,0,0,0,0,0,0,0,0,0,1,4,1,2,2,2,2,2,2,2,2,2,0,2,1,4,0,0,0,0,0,0,0,0,0,0,0,0,10,2,0,2,3,2,0,2,2,2,2,3,3,3,0,1,6,1,1,2,2,2,21698,3,3,1,0,2,0,1,1,1,1
12B216,9,40167,4,1,0,3,1,224,2,35,7,7,7,1,1,1,2,2,2,1,1,3,2,2,2,1,2,2,1,0,1,2,1,0,0,0,0,0,0,0,0,0,0,0,0,0,0,0,0,0,0,0,0,0,0,0,0,0,0,0,0,45,1,3,2,3,1,0,2,2,2,2,2,1,1,2,1,1,1,1,1,1,2,43396,1,2,1,1,0,0,1,1,0,2
12B216,9,40167,1,1,0,2,1,224,2,44,4,3,1,1,1,1,1,2,2,1,2,2,2,1,1,2,2,2,3,1000,2,1,1,10,4,2,2,2,1,2,2,2,1,2,1,0,1,2,1,0,0,0,0,0,0,0,0,0,0,0,0,20,1,2,3,3,1,0,2,2,2,2,1,1,1,1,1,1,1,1,1,2,1,32547,1,2,1,2,1,0,1,12,2,1
12A227,9,40195,1,1,0,4,1,224,2,36,7,4,1,1,1,1,1,2,2,1,3,3,2,2,2,1,2,2,3,750,2,1,1,2,4,2,1,2,2,2,1,2,2,2,3,150,2,1,1,0,0,0,0,0,0,0,0,0,0,0,0,60,2,0,4,4,2,0,1,2,2,1,1,1,1,2,1,2,1,2,1,1,1,29660,1,2,1,2,2,0,1,5,2,2
12A227,9,40195,4,1,0,2,1,224,2,29,7,4,1,1,1,1,1,2,2,2,4,3,1,2,2,1,1,2,3,450,2,1,1,3,3,2,2,1,2,2,1,2,1,2,3,150,2,1,1,0,0,0,0,0,0,0,0,0,0,0,0,90,2,0,4,4,2,0,1,2,2,1,1,1,1,2,1,3,1,1,1,1,1,14830,1,2,1,2,2,0,1,7,2,2
12A227,9,40195,2,1,0,2,1,224,2,57,7,4,7,1,2,2,2,2,2,2,0,0,0,0,0,0,0,0,0,0,0,0,0,0,0,0,0,0,0,0,0,0,0,0,0,0,0,0,0,0,0,0,0,0,0,0,0,0,0,0,0,0,0,0,0,0,0,1,2,2,2,2,2,2,2,0,2,0,1,2,2,2,2,14830,4,4,2,0,0,0,2,0,0,2
12A227,9,40195,3,1,0,1,1,224,2,61,7,5,1,1,1,2,1,2,2,2,0,0,0,0,0,0,0,0,0,0,0,0,0,5,4,2,2,1,2,2,1,1,1,2,2,0,2,1,1,0,0,0,0,0,0,0,0,0,0,0,0,40,2,0,4,4,2,0,2,2,2,2,2,2,2,0,2,0,1,2,2,2,2,22245,1,3,1,0,2,0,1,5,2,2
11B213,9,40198,3,1,0,1,1,224,1,61,7,4,8,1,1,1,2,2,2,2,1,5,2,2,1,2,2,2,2,0,2,1,1,0,0,0,0,0,0,0,0,0,0,0,0,0,0,0,0,0,0,0,0,0,0,0,0,0,0,0,0,20,2,0,2,2,2,0,2,2,2,2,2,3,1,1,3,0,1,2,1,3,2,11166,1,1,1,2,0,0,1,1,0,2
11B213,9,40198,2,1,1,1,1,224,2,77,2,5,7,1,1,1,2,2,2,2,1,5,2,2,1,2,2,2,2,0,2,1,1,0,0,0,0,0,0,0,0,0,0,0,0,0,0,0,0,0,0,0,0,0,0,0,0,0,0,0,0,20,2,0,2,2,2,0,2,2,2,2,2,1,1,2,3,0,1,2,1,2,2,5584,1,1,1,2,0,0,1,1,0,0
11B213,9,40198,1,1,0,2,1,224,2,38,3,3,7,1,1,1,2,2,2,1,1,3,2,2,2,1,2,2,2,0,2,1,1,0,0,0,0,0,0,0,0,0,0,0,0,0,0,0,0,0,0,0,0,0,0,0,0,0,0,0,0,35,2,0,4,2,1,0,2,2,2,2,2,1,1,2,1,1,1,2,1,1,1,11166,1,2,1,2,0,0,1,1,0,1
11B213,9,40198,4,1,1,1,1,224,1,63,3,2,4,1,1,2,2,1,2,1,0,0,0,0,0,0,0,0,0,0,0,0,0,0,0,0,0,0,0,0,0,0,0,0,0,0,0,0,0,1,3,1,1,2,2,1,2,0,2,1,1,40,2,0,2,3,1,0,2,2,2,2,2,1,1,1,1,1,1,2,1,2,2,5584,1,3,1,0,0,2,1,1,1,1
13B213,9,40202,4,1,0,1,1,224,2,76,2,6,8,1,2,2,2,2,2,2,0,0,0,0,0,0,0,0,0,0,0,0,0,0,0,0,0,0,0,0,0,0,0,0,0,0,0,0,0,0,0,0,0,0,0,0,0,0,0,0,0,0,0,0,0,0,0,5,2,2,2,2,2,1,1,2,1,2,1,2,2,1,1,10612,4,4,2,0,0,0,2,0,0,0
13B213,9,40202,1,1,0,1,1,224,1,74,6,3,8,1,1,1,1,1,2,2,6,3,2,1,2,1,1,2,3,1200,2,1,1,2,4,2,2,2,2,2,1,1,2,2,3,150,2,1,1,5,3,1,1,1,1,1,3,150,2,1,1,120,2,0,4,4,2,0,2,1,1,2,2,1,1,2,1,4,1,2,1,1,1,10612,1,2,1,2,2,2,1,13,0,1
13B213,9,40202,2,1,0,1,1,224,2,88,2,6,7,1,2,2,2,2,2,2,0,0,0,0,0,0,0,0,0,0,0,0,0,0,0,0,0,0,0,0,0,0,0,0,0,0,0,0,0,0,0,0,0,0,0,0,0,0,0,0,0,0,0,0,0,0,0,5,2,2,2,2,1,1,1,2,1,2,1,2,1,1,1,10612,4,4,2,0,0,0,2,0,0,0
13B213,9,40202,3,1,1,1,1,224,1,56,4,3,1,1,1,1,2,1,2,2,2,3,2,2,2,1,2,2,3,600,2,1,1,0,0,0,0,0,0,0,0,0,0,0,0,0,0,0,0,5,3,1,1,1,1,1,3,150,2,1,1,90,2,0,4,4,2,0,1,2,2,2,2,1,1,2,1,2,1,2,1,1,1,10612,1,2,1,2,0,2,1,7,2,1
12B213,9,40204,4,1,0,1,1,224,1,53,6,3,1,1,2,2,2,1,2,2,0,0,0,0,0,0,0,0,0,0,0,0,0,0,0,0,0,0,0,0,0,0,0,0,0,0,0,0,0,2,4,1,1,1,1,1,2,0,2,1,2,15,2,0,2,2,2,0,2,2,2,2,1,1,2,0,1,2,1,1,1,1,1,15229,3,3,1,0,0,2,1,2,2,1
12B213,9,40204,2,1,0,1,1,224,1,48,8,3,1,1,1,1,2,1,2,2,1,4,2,2,2,1,2,2,2,0,2,1,1,0,0,0,0,0,0,0,0,0,0,0,0,0,0,0,0,4,3,1,1,1,1,1,3,50,2,1,1,25,2,0,3,3,2,0,2,2,2,2,1,1,2,0,1,3,1,1,1,1,1,15229,1,2,1,2,0,2,1,5,2,2
12B213,9,40204,3,1,0,1,1,224,2,53,6,3,1,1,2,2,2,2,2,2,0,0,0,0,0,0,0,0,0,0,0,0,0,0,0,0,0,0,0,0,0,0,0,0,0,0,0,0,0,0,0,0,0,0,0,0,0,0,0,0,0,0,0,0,0,0,0,3,2,2,2,2,2,2,2,0,1,1,1,1,1,1,1,15229,4,4,2,0,0,0,2,0,2,1
12B213,9,40204,1,1,0,1,1,224,2,54,7,4,1,1,2,2,1,2,2,2,0,0,0,0,0,0,0,0,0,0,0,0,0,2,4,2,2,2,2,2,2,2,1,2,2,0,2,1,1,0,0,0,0,0,0,0,0,0,0,0,0,15,2,0,1,2,2,0,2,2,2,2,1,2,2,0,1,2,1,1,1,1,1,7615,3,3,1,0,2,0,1,2,2,2
13B213,9,40206,3,1,0,1,1,224,2,79,7,2,8,1,2,2,2,1,2,2,0,0,0,0,0,0,0,0,0,0,0,0,0,0,0,0,0,0,0,0,0,0,0,0,0,0,0,0,0,3,4,1,2,2,2,2,2,0,2,1,1,15,1,5,4,3,2,0,2,2,2,2,2,2,2,0,2,0,1,1,1,1,1,23407,3,3,1,0,0,2,1,3,0,2
13B213,9,40206,2,1,1,1,1,224,1,77,8,2,8,1,1,2,2,2,2,2,0,0,0,0,0,0,0,0,0,0,0,0,0,0,0,0,0,0,0,0,0,0,0,0,0,0,0,0,0,0,0,0,0,0,0,0,0,0,0,0,0,0,0,0,0,0,0,3,2,2,2,2,2,2,2,0,2,0,1,1,1,1,1,11703,2,4,2,0,0,0,2,0,0,2
13B213,9,40206,4,1,0,1,1,224,2,79,2,6,8,1,2,2,2,1,2,2,0,0,0,0,0,0,0,0,0,0,0,0,0,0,0,0,0,0,0,0,0,0,0,0,0,0,0,0,0,10,3,1,1,2,2,2,3,8,2,1,1,10,2,0,4,4,2,0,2,2,2,2,2,2,2,0,1,2,1,1,1,1,1,11703,3,3,1,0,0,2,1,10,0,0
13B213,9,40206,1,1,1,1,1,224,2,46,4,3,7,1,2,2,2,1,2,2,0,0,0,0,0,0,0,0,0,0,0,0,0,0,0,0,0,0,0,0,0,0,0,0,0,0,0,0,0,1,4,1,1,2,2,2,2,0,2,1,1,10,2,0,4,4,2,0,2,2,2,2,2,2,2,0,2,0,1,1,1,1,1,11703,3,3,1,0,0,2,1,1,0,1
12B216,9,40212,2,1,0,2,1,224,2,66,7,3,1,1,1,1,2,2,2,1,2,4,2,2,2,1,2,2,3,900,2,1,1,0,0,0,0,0,0,0,0,0,0,0,0,0,0,0,0,0,0,0,0,0,0,0,0,0,0,0,0,45,2,0,2,4,1,0,1,2,2,2,2,1,2,0,2,0,1,1,1,1,1,34652,1,2,1,2,0,0,1,2,2,2
12B216,9,40212,3,1,0,2,1,224,2,38,4,2,7,1,1,2,1,2,2,1,0,0,0,0,0,0,0,0,0,0,0,0,0,1,4,2,2,2,2,2,2,2,1,2,2,0,2,1,1,0,0,0,0,0,0,0,0,0,0,0,0,30,2,0,3,3,1,0,2,2,2,2,1,2,2,0,1,2,1,1,1,1,1,25989,1,3,1,0,2,0,1,1,0,1
12B216,9,40212,1,1,0,2,1,224,2,67,2,3,7,1,2,2,2,2,2,2,0,0,0,0,0,0,0,0,0,0,0,0,0,0,0,0,0,0,0,0,0,0,0,0,0,0,0,0,0,0,0,0,0,0,0,0,0,0,0,0,0,0,0,0,0,0,0,2,2,2,2,2,2,2,2,0,2,0,1,1,1,2,2,25989,4,4,2,0,0,0,2,0,0,0
12A227,9,40243,1,1,0,1,1,224,1,44,3,3,1,1,1,2,2,1,2,1,0,0,0,0,0,0,0,0,0,0,0,0,0,0,0,0,0,0,0,0,0,0,0,0,0,0,0,0,0,6,3,1,1,1,1,1,3,180,2,1,1,60,2,0,4,4,2,0,2,2,2,2,1,1,1,2,1,3,1,1,2,1,1,14831,1,3,1,0,0,2,1,6,2,1
12A227,9,40243,2,1,0,3,1,224,1,36,4,3,1,1,2,2,2,2,2,2,0,0,0,0,0,0,0,0,0,0,0,0,0,0,0,0,0,0,0,0,0,0,0,0,0,0,0,0,0,0,0,0,0,0,0,0,0,0,0,0,0,0,0,0,0,0,0,3,2,2,2,2,2,2,2,0,1,1,1,2,1,2,1,29662,4,4,2,0,0,0,2,0,2,1
12A227,9,40243,3,1,0,3,1,224,1,30,4,3,1,1,1,2,1,2,2,1,0,0,0,0,0,0,0,0,0,0,0,0,0,4,3,1,2,2,2,2,2,1,1,2,2,0,2,1,1,0,0,0,0,0,0,0,0,0,0,0,0,60,2,0,4,4,2,0,2,2,2,2,1,2,2,0,1,1,1,1,1,1,1,37077,1,3,1,0,2,0,1,4,2,1
12A227,9,40243,4,1,0,1,1,224,2,57,6,3,1,1,1,1,1,1,2,2,5,3,2,1,2,1,1,2,1,0,1,2,1,4,3,2,1,1,2,2,1,1,2,2,3,250,2,1,1,4,3,1,1,1,1,1,3,120,2,1,1,90,1,5,4,4,2,0,1,2,2,1,1,1,1,2,1,3,1,1,2,1,1,22246,1,2,1,1,2,2,1,13,2,1
11B214,9,40248,4,1,0,1,1,224,2,69,3,1,7,1,1,2,2,1,2,2,0,0,0,0,0,0,0,0,0,0,0,0,0,0,0,0,0,0,0,0,0,0,0,0,0,0,0,0,0,2,3,1,2,1,2,1,2,0,2,1,1,30,2,0,2,2,2,0,2,2,2,2,1,1,1,2,1,1,1,1,1,1,2,17624,1,3,1,0,0,2,1,2,0,1
11B222,9,40248,1,1,0,1,1,224,2,33,7,4,1,1,1,1,2,2,2,1,4,3,2,1,2,1,2,2,2,0,2,1,1,0,0,0,0,0,0,0,0,0,0,0,0,0,0,0,0,0,0,0,0,0,0,0,0,0,0,0,0,20,2,0,4,4,1,0,1,2,2,1,2,1,1,1,1,3,1,1,1,1,1,11715,1,2,1,2,0,0,1,4,2,2
11B222,9,40248,4,1,0,1,1,224,2,68,2,3,1,1,2,2,2,2,2,2,0,0,0,0,0,0,0,0,0,0,0,0,0,0,0,0,0,0,0,0,0,0,0,0,0,0,0,0,0,0,0,0,0,0,0,0,0,0,0,0,0,0,0,0,0,0,0,3,2,2,2,2,2,2,2,0,2,0,1,2,1,2,2,11715,4,4,2,0,0,0,2,0,2,0
11B214,9,40248,2,1,0,6,1,224,1,28,3,3,1,1,1,1,2,2,1,1,1,4,2,2,2,1,2,2,2,0,2,1,2,0,0,0,0,0,0,0,0,0,0,0,0,0,0,0,0,0,0,0,0,0,0,0,0,0,0,0,0,20,2,0,2,3,1,0,2,2,2,2,2,2,1,1,1,1,1,2,1,1,2,26436,1,2,1,2,0,0,1,1,2,1
11B214,9,40248,1,1,0,3,1,224,2,32,6,3,1,1,1,1,2,2,2,1,2,3,2,2,2,1,2,2,2,0,2,1,1,0,0,0,0,0,0,0,0,0,0,0,0,0,0,0,0,0,0,0,0,0,0,0,0,0,0,0,0,30,2,0,2,3,1,0,2,2,2,2,1,1,1,2,1,2,1,1,1,1,2,35248,1,2,1,2,0,0,1,2,2,1
11B214,9,40248,3,1,0,1,1,224,1,35,7,3,1,1,1,2,2,2,1,2,0,0,0,0,0,0,0,0,0,0,0,0,0,0,0,0,0,0,0,0,0,0,0,0,0,0,0,0,0,0,0,0,0,0,0,0,0,0,0,0,0,30,2,0,2,3,2,0,2,2,2,2,1,1,2,0,1,1,1,1,1,2,2,17624,1,3,1,0,0,0,2,0,2,2
11B222,9,40248,3,1,0,5,1,224,2,39,7,2,6,1,1,1,2,2,2,1,1,3,2,1,2,2,2,2,2,0,2,1,1,0,0,0,0,0,0,0,0,0,0,0,0,0,0,0,0,0,0,0,0,0,0,0,0,0,0,0,0,25,2,0,2,3,1,0,2,2,2,1,1,1,1,1,1,2,1,1,1,1,2,58571,1,2,1,2,0,0,1,1,1,2
12B214,9,40251,1,1,0,1,1,224,2,59,8,2,1,1,2,2,2,2,2,2,0,0,0,0,0,0,0,0,0,0,0,0,0,0,0,0,0,0,0,0,0,0,0,0,0,0,0,0,0,0,0,0,0,0,0,0,0,0,0,0,0,0,0,0,0,0,0,3,2,2,2,2,2,2,2,0,2,0,1,1,1,1,1,8021,4,4,2,0,0,0,2,0,2,2
12B214,9,40251,2,1,0,2,1,224,2,33,7,4,7,1,2,2,2,2,2,2,0,0,0,0,0,0,0,0,0,0,0,0,0,0,0,0,0,0,0,0,0,0,0,0,0,0,0,0,0,0,0,0,0,0,0,0,0,0,0,0,0,0,0,0,0,0,0,3,2,2,2,2,1,2,2,0,2,0,1,1,1,1,1,16043,4,4,2,0,0,0,2,0,0,2
12B214,9,40251,4,1,1,1,1,224,2,25,7,2,1,1,2,2,2,2,2,2,0,0,0,0,0,0,0,0,0,0,0,0,0,0,0,0,0,0,0,0,0,0,0,0,0,0,0,0,0,0,0,0,0,0,0,0,0,0,0,0,0,0,0,0,0,0,0,3,2,2,2,2,2,2,2,0,2,0,1,1,1,1,1,8021,4,4,2,0,0,0,2,0,2,2
12B214,9,40251,3,1,0,1,1,224,1,31,4,3,1,1,2,2,2,2,2,2,0,0,0,0,0,0,0,0,0,0,0,0,0,0,0,0,0,0,0,0,0,0,0,0,0,0,0,0,0,0,0,0,0,0,0,0,0,0,0,0,0,0,0,0,0,0,0,1,2,2,2,2,1,2,2,0,2,0,1,1,1,1,1,16043,4,4,2,0,0,0,2,0,2,1
13B222,9,40252,1,1,0,2,1,224,1,30,7,4,1,1,1,2,2,2,2,2,0,0,0,0,0,0,0,0,0,0,0,0,0,0,0,0,0,0,0,0,0,0,0,0,0,0,0,0,0,0,0,0,0,0,0,0,0,0,0,0,0,0,0,0,0,0,0,3,2,2,2,2,2,2,2,0,2,0,1,1,1,1,1,23846,2,4,2,0,0,0,2,0,2,2
13B222,9,40252,3,1,0,4,1,224,2,21,7,4,1,1,2,2,2,2,2,2,0,0,0,0,0,0,0,0,0,0,0,0,0,0,0,0,0,0,0,0,0,0,0,0,0,0,0,0,0,0,0,0,0,0,0,0,0,0,0,0,0,0,0,0,0,0,0,3,2,2,2,2,2,1,2,0,2,0,1,1,1,1,1,47693,4,4,2,0,0,0,2,0,2,2
13B222,9,40252,4,1,0,1,1,224,2,32,7,4,1,1,1,1,1,1,2,2,2,4,2,2,2,1,1,2,3,2000,2,1,1,3,4,2,2,2,1,2,2,2,1,2,2,0,2,1,1,5,4,1,1,1,1,1,3,50,2,1,1,60,2,0,4,4,2,0,1,1,1,1,2,1,1,1,2,0,1,1,1,1,1,23846,1,2,1,2,2,2,1,10,2,2
13B222,9,40252,2,1,0,1,1,224,1,51,7,4,1,1,2,2,2,2,2,2,0,0,0,0,0,0,0,0,0,0,0,0,0,0,0,0,0,0,0,0,0,0,0,0,0,0,0,0,0,0,0,0,0,0,0,0,0,0,0,0,0,0,0,0,0,0,0,3,2,2,2,2,2,2,2,0,2,0,1,1,1,1,1,11924,4,4,2,0,0,0,2,0,2,2
12B214,9,40255,4,1,0,1,1,224,2,67,6,2,7,1,1,1,2,2,2,2,1,5,2,2,1,2,2,2,2,0,2,1,1,0,0,0,0,0,0,0,0,0,0,0,0,0,0,0,0,0,0,0,0,0,0,0,0,0,0,0,0,30,2,0,2,3,2,0,1,2,2,2,2,2,2,0,2,0,1,2,2,2,1,19025,1,1,1,2,0,0,1,1,0,1
12B214,9,40255,3,1,0,1,1,224,2,55,3,3,1,1,2,2,2,2,2,1,0,0,0,0,0,0,0,0,0,0,0,0,0,0,0,0,0,0,0,0,0,0,0,0,0,0,0,0,0,0,0,0,0,0,0,0,0,0,0,0,0,20,2,0,3,4,2,0,2,2,2,2,2,2,2,0,2,0,1,2,1,2,2,9512,3,3,1,0,0,0,2,0,2,1
12B214,9,40255,2,1,0,1,1,224,2,66,2,6,4,1,1,1,2,2,2,2,2,4,2,2,2,1,2,2,2,0,2,1,1,0,0,0,0,0,0,0,0,0,0,0,0,0,0,0,0,0,0,0,0,0,0,0,0,0,0,0,0,60,2,0,1,1,2,0,2,2,2,2,2,1,2,0,2,0,1,2,2,2,1,9512,1,1,1,2,0,0,1,2,1,0
12B214,9,40255,1,1,1,1,1,224,1,44,7,4,1,1,1,1,2,2,2,1,12,3,2,1,2,1,2,2,2,0,2,1,1,0,0,0,0,0,0,0,0,0,0,0,0,0,0,0,0,0,0,0,0,0,0,0,0,0,0,0,0,45,2,0,4,4,1,0,2,2,2,1,2,2,2,0,1,1,1,2,1,2,2,9512,1,2,1,2,0,0,1,12,2,2
11A228,9,40287,3,1,1,1,1,224,1,26,7,4,1,1,2,2,2,2,2,2,0,0,0,0,0,0,0,0,0,0,0,0,0,0,0,0,0,0,0,0,0,0,0,0,0,0,0,0,0,0,0,0,0,0,0,0,0,0,0,0,0,0,0,0,0,0,0,3,2,2,2,2,2,2,2,0,1,2,1,1,1,1,1,7560,4,4,2,0,0,0,2,0,2,2
11A228,9,40287,2,1,0,1,1,224,2,79,0,,7,1,1,2,2,1,2,2,0,0,0,0,0,0,0,0,0,0,0,0,0,0,0,0,0,0,0,0,0,0,0,0,0,0,0,0,0,3,4,1,2,2,2,1,3,20,2,1,1,20,2,0,3,3,2,0,2,2,2,2,2,2,2,0,2,0,1,1,1,1,1,15119,1,3,1,0,0,2,1,3,0,0
11A228,9,40287,4,1,0,1,1,224,2,40,4,3,7,1,2,2,2,2,2,2,0,0,0,0,0,0,0,0,0,0,0,0,0,0,0,0,0,0,0,0,0,0,0,0,0,0,0,0,0,0,0,0,0,0,0,0,0,0,0,0,0,0,0,0,0,0,0,1,2,2,2,2,1,2,2,0,1,1,1,1,1,1,1,7560,4,4,2,0,0,0,2,0,0,1
11A228,9,40287,1,1,0,1,1,224,2,69,2,3,4,1,2,2,2,2,2,2,0,0,0,0,0,0,0,0,0,0,0,0,0,0,0,0,0,0,0,0,0,0,0,0,0,0,0,0,0,0,0,0,0,0,0,0,0,0,0,0,0,0,0,0,0,0,0,5,2,2,2,2,2,2,2,0,2,0,1,1,1,1,1,7560,4,4,2,0,0,0,2,0,1,0
11B214,9,40296,2,1,0,1,1,224,2,33,4,3,1,1,1,1,2,1,2,2,1,4,2,2,2,2,1,2,1,0,1,2,1,0,0,0,0,0,0,0,0,0,0,0,0,0,0,0,0,3,4,1,1,1,1,1,3,20,2,1,1,30,1,3,4,4,2,0,2,2,2,2,1,2,2,0,1,2,1,1,1,1,1,15005,1,2,1,1,0,2,1,4,2,1
11B214,9,40296,3,1,0,3,1,224,2,37,2,6,4,1,1,2,2,1,2,2,0,0,0,0,0,0,0,0,0,0,0,0,0,0,0,0,0,0,0,0,0,0,0,0,0,0,0,0,0,4,3,1,1,1,1,1,2,0,2,1,1,30,1,5,4,4,2,0,2,2,2,2,1,1,2,0,2,0,1,1,1,1,1,30012,1,3,1,0,0,2,1,4,1,0
11B214,9,40296,4,1,0,2,1,224,1,55,3,3,1,1,1,2,2,1,2,2,0,0,0,0,0,0,0,0,0,0,0,0,0,0,0,0,0,0,0,0,0,0,0,0,0,0,0,0,0,2,3,1,1,1,1,1,2,0,2,1,1,15,2,0,4,4,2,0,2,2,2,2,2,2,2,0,2,0,1,1,1,1,1,22509,1,3,1,0,0,2,1,2,2,1
12B214,9,40302,4,1,0,1,1,224,2,43,4,3,1,1,1,1,2,2,2,1,1,3,2,2,2,1,2,2,2,0,2,1,2,0,0,0,0,0,0,0,0,0,0,0,0,0,0,0,0,0,0,0,0,0,0,0,0,0,0,0,0,60,2,0,3,3,1,0,1,2,2,1,1,1,2,0,1,2,1,1,1,1,1,8305,1,2,1,2,0,0,1,1,2,1
12B214,9,40302,1,1,0,2,1,224,2,33,7,4,7,1,1,1,2,2,2,1,1,3,2,2,1,2,2,2,3,150,2,1,1,0,0,0,0,0,0,0,0,0,0,0,0,0,0,0,0,0,0,0,0,0,0,0,0,0,0,0,0,30,2,0,2,2,1,0,2,2,2,2,1,1,1,2,1,2,1,1,1,1,1,16610,1,2,1,2,0,0,1,1,0,2
12B214,9,40302,2,1,0,2,1,224,2,31,4,3,7,1,2,2,2,2,2,1,0,0,0,0,0,0,0,0,0,0,0,0,0,0,0,0,0,0,0,0,0,0,0,0,0,0,0,0,0,0,0,0,0,0,0,0,0,0,0,0,0,30,2,0,3,3,1,0,2,2,2,2,1,1,2,0,1,2,1,1,1,1,1,16610,3,3,1,0,0,0,2,0,0,1
12B214,9,40302,3,1,0,1,1,224,1,37,7,4,1,1,1,2,1,2,2,1,0,0,0,0,0,0,0,0,0,0,0,0,0,1,3,2,2,2,1,2,2,2,2,2,3,35,2,1,1,0,0,0,0,0,0,0,0,0,0,0,0,30,2,0,2,3,1,0,1,2,2,2,1,1,2,0,1,2,1,1,1,1,1,8305,1,3,1,0,2,0,1,1,2,2
11A228,9,40338,2,1,0,3,1,224,1,21,7,4,1,1,1,2,1,2,2,1,0,0,0,0,0,0,0,0,0,0,0,0,0,2,4,2,2,2,2,2,2,2,1,2,2,0,2,1,4,0,0,0,0,0,0,0,0,0,0,0,0,25,2,0,2,3,2,0,2,2,2,2,2,2,2,0,2,0,1,1,2,1,1,21294,1,3,1,0,2,0,1,2,2,2
11A228,9,40338,1,1,0,3,1,224,2,83,0,,7,2,0,0,0,0,0,0,0,0,0,0,0,0,0,0,0,0,0,0,0,0,0,0,0,0,0,0,0,0,0,0,0,0,0,0,0,0,0,0,0,0,0,0,0,0,0,0,0,0,0,0,0,0,0,0,0,0,0,0,0,0,0,0,0,0,0,0,0,0,0,21294,0,0,0,0,0,0,0,0,0,0
11A228,9,40338,3,1,0,2,1,224,1,37,3,3,1,1,1,2,1,1,2,2,0,0,0,0,0,0,0,0,0,0,0,0,0,3,4,1,2,2,2,2,2,1,2,2,3,60,2,1,1,3,3,2,1,1,2,1,2,0,2,1,4,30,2,0,2,3,2,0,2,1,2,2,2,2,2,0,2,0,1,1,1,1,1,21294,1,3,1,0,2,2,1,6,2,1
11A228,9,40338,4,1,0,2,1,224,2,75,2,5,7,1,2,2,2,2,2,2,0,0,0,0,0,0,0,0,0,0,0,0,0,0,0,0,0,0,0,0,0,0,0,0,0,0,0,0,0,0,0,0,0,0,0,0,0,0,0,0,0,0,0,0,0,0,0,1,2,2,2,2,2,2,2,0,2,0,1,2,2,2,2,14196,4,4,2,0,0,0,2,0,0,0
12A228,9,40344,4,1,0,1,1,224,2,38,4,3,1,1,1,1,1,1,2,2,1,3,2,2,2,1,2,2,2,0,2,1,1,6,4,2,1,2,1,2,1,1,2,2,2,0,2,1,2,3,3,1,1,1,1,1,2,0,2,1,2,35,2,0,4,3,2,0,2,2,2,2,1,1,1,1,1,3,1,1,1,1,1,14317,1,2,1,2,2,2,1,10,2,1
12A228,9,40344,3,1,0,1,1,224,2,62,4,3,1,1,2,2,2,2,2,2,0,0,0,0,0,0,0,0,0,0,0,0,0,0,0,0,0,0,0,0,0,0,0,0,0,0,0,0,0,0,0,0,0,0,0,0,0,0,0,0,0,0,0,0,0,0,0,1,2,2,2,2,2,2,2,0,1,1,1,1,2,1,2,7159,4,4,2,0,0,0,2,0,2,1
12A228,9,40344,2,1,0,1,1,224,1,45,7,4,1,1,2,2,2,1,2,2,0,0,0,0,0,0,0,0,0,0,0,0,0,0,0,0,0,0,0,0,0,0,0,0,0,0,0,0,0,5,4,1,1,1,1,1,3,60,2,1,1,25,2,0,4,3,2,0,2,2,2,2,1,1,2,0,1,3,1,1,1,1,1,7159,3,3,1,0,0,2,1,5,2,2
12B222,9,40347,2,1,0,1,1,224,1,63,4,3,7,1,1,2,2,2,2,2,0,0,0,0,0,0,0,0,0,0,0,0,0,0,0,0,0,0,0,0,0,0,0,0,0,0,0,0,0,0,0,0,0,0,0,0,0,0,0,0,0,0,0,0,0,0,0,5,2,2,2,2,2,1,1,1,1,4,1,1,1,2,2,5180,2,4,2,0,0,0,2,0,0,1
12B222,9,40347,4,1,0,1,1,224,1,56,0,,1,2,0,0,0,0,0,0,0,0,0,0,0,0,0,0,0,0,0,0,0,0,0,0,0,0,0,0,0,0,0,0,0,0,0,0,0,0,0,0,0,0,0,0,0,0,0,0,0,0,0,0,0,0,0,0,0,0,0,0,0,0,0,0,0,0,0,0,0,0,0,5180,0,0,0,0,0,0,0,0,2,0
12B222,9,40347,1,1,0,2,1,224,2,30,4,3,4,1,1,1,2,2,2,1,3,3,2,2,1,1,2,2,2,0,2,1,1,0,0,0,0,0,0,0,0,0,0,0,0,0,0,0,0,0,0,0,0,0,0,0,0,0,0,0,0,60,2,0,2,3,1,0,2,2,2,2,1,1,1,2,1,1,1,1,1,2,2,10360,1,2,1,2,0,0,1,3,1,1
12B222,9,40347,3,1,0,3,1,224,2,25,7,3,6,1,1,1,2,2,2,1,2,3,2,2,2,1,2,2,2,0,2,1,1,0,0,0,0,0,0,0,0,0,0,0,0,0,0,0,0,0,0,0,0,0,0,0,0,0,0,0,0,35,2,0,2,3,1,0,1,2,2,2,1,1,1,2,1,4,1,1,1,1,1,25900,1,2,1,2,0,0,1,2,1,2
12B222,9,40349,2,1,0,1,1,224,1,48,4,3,1,1,2,2,2,1,2,2,0,0,0,0,0,0,0,0,0,0,0,0,0,0,0,0,0,0,0,0,0,0,0,0,0,0,0,0,0,5,4,1,1,1,1,2,3,70,2,1,1,30,2,0,4,3,2,0,2,2,2,2,1,1,2,0,1,4,1,1,1,1,1,8400,3,3,1,0,0,2,1,5,2,1
12B222,9,40349,1,1,0,1,1,224,1,33,4,3,1,1,2,2,2,1,2,2,0,0,0,0,0,0,0,0,0,0,0,0,0,0,0,0,0,0,0,0,0,0,0,0,0,0,0,0,0,5,4,1,1,1,1,2,3,60,2,1,2,20,2,0,3,3,2,0,2,2,2,2,1,2,2,0,1,1,1,1,1,1,1,8400,3,3,1,0,0,2,1,5,2,1
12B222,9,40349,4,1,0,1,1,224,2,48,4,3,1,1,2,2,2,2,2,2,0,0,0,0,0,0,0,0,0,0,0,0,0,0,0,0,0,0,0,0,0,0,0,0,0,0,0,0,0,0,0,0,0,0,0,0,0,0,0,0,0,0,0,0,0,0,0,3,2,2,2,2,1,1,2,0,1,2,1,1,1,1,1,8400,4,4,2,0,0,0,2,0,2,1
13B214,9,40350,1,1,0,2,1,224,2,60,4,3,7,1,2,1,1,2,2,2,1,3,2,2,2,1,2,2,2,0,2,1,1,2,4,2,2,1,2,2,2,2,2,2,2,0,2,1,1,0,0,0,0,0,0,0,0,0,0,0,0,30,2,0,2,2,2,0,2,2,2,2,2,1,2,0,1,3,1,1,1,1,1,16509,3,2,1,2,2,0,1,3,0,1
13B214,9,40350,2,1,0,1,1,224,1,41,8,2,4,1,2,2,2,1,2,2,0,0,0,0,0,0,0,0,0,0,0,0,0,0,0,0,0,0,0,0,0,0,0,0,0,0,0,0,0,2,3,1,1,1,1,2,2,0,2,1,1,25,2,0,3,3,2,0,2,2,2,2,1,1,2,0,1,2,1,1,1,1,1,16509,3,3,1,0,0,2,1,2,1,2
13B214,9,40350,4,1,0,1,1,224,2,35,8,1,1,1,1,1,1,2,2,2,1,3,2,2,2,1,2,2,2,0,2,1,1,3,4,2,2,1,2,2,2,1,2,2,2,0,2,1,2,0,0,0,0,0,0,0,0,0,0,0,0,35,2,0,4,3,2,0,2,2,2,2,1,1,2,0,1,4,1,1,1,1,1,8255,1,2,1,2,2,0,1,4,2,2
12B214,9,40395,3,1,0,1,1,224,2,66,3,3,1,1,1,1,2,2,2,2,3,3,2,2,2,1,2,2,3,950,2,1,1,0,0,0,0,0,0,0,0,0,0,0,0,0,0,0,0,0,0,0,0,0,0,0,0,0,0,0,0,60,2,0,1,3,2,0,2,2,2,1,1,1,1,2,1,4,1,1,1,1,1,9644,1,1,1,2,0,0,1,3,2,1
12B214,9,40395,2,1,1,2,1,224,2,85,6,2,7,1,1,1,2,1,2,1,3,3,2,2,2,1,2,2,2,0,2,1,1,0,0,0,0,0,0,0,0,0,0,0,0,0,0,0,0,7,4,1,1,1,1,1,2,0,2,1,1,120,2,0,3,3,2,0,2,2,2,2,1,1,3,0,1,1,1,1,1,1,1,19287,1,2,1,2,0,2,1,10,0,1
12B214,9,40395,4,1,0,1,1,224,2,60,7,4,1,1,1,1,2,2,2,1,7,1,2,1,2,1,2,2,2,0,2,1,2,0,0,0,0,0,0,0,0,0,0,0,0,0,0,0,0,0,0,0,0,0,0,0,0,0,0,0,0,70,2,0,3,3,2,0,2,2,1,2,1,1,1,1,1,4,1,1,1,1,1,28931,1,2,1,2,0,0,1,7,2,2
13A228,9,40433,1,1,0,5,1,224,1,20,7,2,6,1,1,1,2,2,2,2,2,2,2,1,2,2,2,2,3,300,2,1,2,0,0,0,0,0,0,0,0,0,0,0,0,0,0,0,0,0,0,0,0,0,0,0,0,0,0,0,0,30,2,0,2,2,1,0,1,1,1,1,1,1,1,3,1,5,1,1,1,1,1,18267,1,1,1,2,0,0,1,2,1,2
13A228,9,40433,3,1,0,1,1,224,1,68,4,2,8,1,1,2,2,1,2,2,0,0,0,0,0,0,0,0,0,0,0,0,0,0,0,0,0,0,0,0,0,0,0,0,0,0,0,0,0,3,3,1,1,1,2,1,3,45,2,1,1,30,2,0,2,2,2,0,1,1,2,2,2,2,2,0,2,0,1,1,1,2,2,3654,1,3,1,0,0,2,1,3,0,1
13A228,9,40433,2,1,0,1,1,224,2,54,7,4,1,1,1,1,2,2,2,1,1,3,2,2,2,1,2,2,2,0,2,1,1,0,0,0,0,0,0,0,0,0,0,0,0,0,0,0,0,0,0,0,0,0,0,0,0,0,0,0,0,60,1,5,4,4,2,0,2,2,2,2,1,1,2,0,1,5,1,1,1,1,1,7306,1,2,1,2,0,0,1,1,2,2
12A228,9,40435,4,1,0,1,1,224,1,29,7,5,1,1,2,2,2,2,2,2,0,0,0,0,0,0,0,0,0,0,0,0,0,0,0,0,0,0,0,0,0,0,0,0,0,0,0,0,0,0,0,0,0,0,0,0,0,0,0,0,0,0,0,0,0,0,0,3,2,2,2,2,1,2,2,0,2,0,1,1,1,1,1,15982,4,4,2,0,0,0,2,0,2,2
12A228,9,40435,2,1,0,2,1,224,2,55,3,3,7,1,2,2,2,2,2,2,0,0,0,0,0,0,0,0,0,0,0,0,0,0,0,0,0,0,0,0,0,0,0,0,0,0,0,0,0,0,0,0,0,0,0,0,0,0,0,0,0,0,0,0,0,0,0,1,2,2,2,2,2,2,2,0,2,0,1,1,1,1,1,39954,4,4,2,0,0,0,2,0,0,1
12A228,9,40435,1,1,0,1,1,224,2,32,7,5,1,1,2,2,2,1,2,2,0,0,0,0,0,0,0,0,0,0,0,0,0,0,0,0,0,0,0,0,0,0,0,0,0,0,0,0,0,2,3,1,2,2,1,1,3,15,2,1,1,15,2,0,4,4,1,0,1,1,2,2,1,2,2,0,2,0,1,1,1,1,1,7991,3,3,1,0,0,2,1,2,2,2
12A228,9,40435,3,1,1,2,1,224,2,18,4,2,6,1,2,2,2,2,2,2,0,0,0,0,0,0,0,0,0,0,0,0,0,0,0,0,0,0,0,0,0,0,0,0,0,0,0,0,0,0,0,0,0,0,0,0,0,0,0,0,0,0,0,0,0,0,0,3,2,2,2,2,2,2,2,0,2,0,1,1,1,1,1,15982,4,4,2,0,0,0,2,0,1,1
12A228,9,40439,2,1,1,1,1,224,1,65,7,4,1,1,1,1,1,2,2,1,1,3,2,1,2,2,2,2,2,0,2,1,1,1,4,2,2,2,1,2,2,2,2,2,2,0,2,1,1,0,0,0,0,0,0,0,0,0,0,0,0,30,2,0,3,3,1,0,1,1,2,2,1,1,2,0,1,1,1,1,1,1,1,44435,1,2,1,2,2,0,1,2,2,2
12A228,9,40439,3,1,0,1,1,224,1,48,4,3,1,1,1,1,1,2,2,1,1,3,2,1,2,2,2,2,2,0,2,1,1,2,1,2,2,2,2,2,1,2,2,2,2,0,2,1,2,0,0,0,0,0,0,0,0,0,0,0,0,30,1,6,3,3,1,0,1,2,2,2,1,1,2,0,1,3,1,1,1,1,1,8887,1,2,1,2,2,0,1,3,2,1
11A228,9,40441,3,1,0,3,1,224,2,25,4,1,1,1,2,2,2,2,2,1,0,0,0,0,0,0,0,0,0,0,0,0,0,0,0,0,0,0,0,0,0,0,0,0,0,0,0,0,0,0,0,0,0,0,0,0,0,0,0,0,0,30,2,0,2,3,1,0,2,2,2,1,1,1,2,0,2,0,1,1,1,1,1,21460,3,3,1,0,0,0,2,0,2,1
11A228,9,40441,2,1,0,2,1,224,1,41,4,3,1,1,2,2,2,2,2,1,0,0,0,0,0,0,0,0,0,0,0,0,0,0,0,0,0,0,0,0,0,0,0,0,0,0,0,0,0,0,0,0,0,0,0,0,0,0,0,0,0,20,2,0,2,2,1,0,2,2,2,2,1,2,2,0,2,0,1,1,1,1,1,50073,3,3,1,0,0,0,2,0,2,1
11A228,9,40441,1,1,0,2,1,224,1,66,3,3,8,1,2,2,2,2,2,2,0,0,0,0,0,0,0,0,0,0,0,0,0,0,0,0,0,0,0,0,0,0,0,0,0,0,0,0,0,0,0,0,0,0,0,0,0,0,0,0,0,0,0,0,0,0,0,2,2,2,2,2,1,2,2,0,1,2,1,1,1,2,2,50073,4,4,2,0,0,0,2,0,0,1
11A228,9,40441,4,1,0,1,1,224,1,59,3,2,1,1,2,2,2,2,2,2,0,0,0,0,0,0,0,0,0,0,0,0,0,0,0,0,0,0,0,0,0,0,0,0,0,0,0,0,0,0,0,0,0,0,0,0,0,0,0,0,0,0,0,0,0,0,0,3,2,1,2,2,2,2,2,0,2,0,1,1,1,2,2,7153,4,4,2,0,0,0,2,0,2,1
12A228,9,40442,4,1,0,1,1,224,1,49,4,3,1,1,2,2,1,1,2,2,0,0,0,0,0,0,0,0,0,0,0,0,0,6,4,2,1,2,2,2,2,1,1,2,2,0,2,1,2,4,4,1,1,1,1,1,2,0,2,1,2,30,2,0,3,3,2,0,2,2,2,2,1,2,2,0,1,2,1,1,1,1,1,12485,3,3,1,0,2,2,1,10,2,1
12A228,9,40442,2,1,0,1,1,224,1,58,4,3,1,1,2,2,2,1,2,2,0,0,0,0,0,0,0,0,0,0,0,0,0,0,0,0,0,0,0,0,0,0,0,0,0,0,0,0,0,3,4,1,1,1,1,1,3,30,2,1,2,20,2,0,2,3,2,0,2,2,2,2,1,1,2,0,1,3,1,1,1,1,1,6242,3,3,1,0,0,2,1,3,2,1
12A228,9,40442,1,1,0,1,1,224,1,26,7,3,1,1,1,1,1,1,2,2,3,3,2,1,2,2,1,2,3,600,2,1,1,5,3,2,1,1,2,2,2,1,2,2,3,250,2,1,1,5,4,1,1,1,1,1,3,90,2,1,1,40,2,0,4,3,2,0,1,1,2,2,1,1,2,0,1,5,1,1,1,1,1,12485,1,2,1,2,2,2,1,13,2,2
12A228,9,40442,3,1,0,3,1,224,2,30,3,3,7,1,2,2,1,2,2,2,0,0,0,0,0,0,0,0,0,0,0,0,0,2,4,2,2,1,2,2,2,2,1,2,2,0,2,1,1,0,0,0,0,0,0,0,0,0,0,0,0,20,2,0,3,3,2,0,2,2,2,2,1,1,2,0,1,2,1,1,1,1,1,18727,3,3,1,0,2,0,1,2,0,1
11B215,9,40443,3,1,0,2,1,224,2,25,2,6,7,1,2,2,1,2,2,2,0,0,0,0,0,0,0,0,0,0,0,0,0,4,4,2,2,2,2,2,2,2,1,2,2,0,2,1,1,0,0,0,0,0,0,0,0,0,0,0,0,20,2,0,3,3,2,0,2,2,2,2,1,1,2,0,1,2,1,1,1,1,1,12725,3,3,1,0,2,0,1,4,0,0
11B215,9,40443,1,1,0,1,1,224,2,70,6,2,7,1,2,2,2,2,2,2,0,0,0,0,0,0,0,0,0,0,0,0,0,0,0,0,0,0,0,0,0,0,0,0,0,0,0,0,0,0,0,0,0,0,0,0,0,0,0,0,0,0,0,0,0,0,0,1,2,2,2,2,2,2,2,0,1,1,1,1,2,2,2,12725,4,4,2,0,0,0,2,0,0,1
11B215,9,40443,4,1,0,1,1,224,2,58,2,3,7,1,2,2,2,2,2,2,0,0,0,0,0,0,0,0,0,0,0,0,0,0,0,0,0,0,0,0,0,0,0,0,0,0,0,0,0,0,0,0,0,0,0,0,0,0,0,0,0,0,0,0,0,0,0,3,2,2,2,2,1,1,2,0,1,3,1,1,1,1,1,12725,4,4,2,0,0,0,2,0,0,0
11B215,9,40443,2,1,0,1,1,224,2,51,4,2,1,1,1,2,2,1,2,2,0,0,0,0,0,0,0,0,0,0,0,0,0,0,0,0,0,0,0,0,0,0,0,0,0,0,0,0,0,2,4,2,2,1,1,1,2,0,2,1,1,15,2,0,2,2,2,0,2,2,2,2,1,1,2,0,1,2,1,1,1,1,1,38173,1,3,1,0,0,2,1,2,2,1
11B215,9,40450,2,1,0,4,1,224,1,55,4,3,1,1,1,2,2,1,2,2,0,0,0,0,0,0,0,0,0,0,0,0,0,0,0,0,0,0,0,0,0,0,0,0,0,0,0,0,0,2,4,1,1,1,2,1,3,30,2,1,1,30,2,0,2,3,2,0,2,2,2,2,1,1,2,0,2,0,1,1,1,1,1,41792,1,3,1,0,0,2,1,2,2,1
11B215,9,40450,1,1,0,2,1,224,2,42,3,3,7,1,2,2,1,2,2,1,0,0,0,0,0,0,0,0,0,0,0,0,0,2,4,2,2,1,2,2,2,2,1,2,2,0,2,1,1,0,0,0,0,0,0,0,0,0,0,0,0,30,2,0,2,3,2,0,2,2,2,2,1,2,2,0,1,1,1,1,1,1,1,20896,3,3,1,0,2,0,1,2,0,1
11B215,9,40450,3,1,0,1,1,224,1,43,4,1,1,1,2,2,2,2,2,2,0,0,0,0,0,0,0,0,0,0,0,0,0,0,0,0,0,0,0,0,0,0,0,0,0,0,0,0,0,0,0,0,0,0,0,0,0,0,0,0,0,0,0,0,0,0,0,3,2,1,2,2,1,2,2,0,2,0,1,1,1,1,1,62687,4,4,2,0,0,0,2,0,2,1
11B215,9,40450,4,1,0,4,1,224,2,28,3,3,7,1,2,2,1,2,2,1,0,0,0,0,0,0,0,0,0,0,0,0,0,1,4,2,2,2,1,2,2,2,2,2,3,35,2,1,1,0,0,0,0,0,0,0,0,0,0,0,0,30,2,0,3,3,2,0,2,2,2,2,1,2,2,0,2,0,1,1,1,1,1,41792,3,3,1,0,2,0,1,1,0,1
11B222,9,40485,3,1,0,1,1,224,2,71,3,3,1,1,2,2,2,2,2,2,0,0,0,0,0,0,0,0,0,0,0,0,0,0,0,0,0,0,0,0,0,0,0,0,0,0,0,0,0,0,0,0,0,0,0,0,0,0,0,0,0,0,0,0,0,0,0,1,2,2,2,2,2,2,2,0,2,0,1,2,2,2,2,33110,4,4,2,0,0,0,2,0,2,1
11B222,9,40485,1,1,0,1,1,224,1,57,7,5,1,1,1,1,2,1,2,2,7,1,2,1,2,1,1,2,3,2000,2,1,1,0,0,0,0,0,0,0,0,0,0,0,0,0,0,0,0,6,3,1,1,1,1,1,3,180,2,1,1,120,2,0,4,4,1,0,2,1,1,2,2,1,1,2,1,3,1,2,1,1,1,6622,1,2,1,2,0,2,1,13,2,2
11B222,9,40485,4,1,0,6,1,224,1,25,4,2,1,1,1,2,2,1,2,1,0,0,0,0,0,0,0,0,0,0,0,0,0,0,0,0,0,0,0,0,0,0,0,0,0,0,0,0,0,4,4,2,1,1,1,1,2,0,2,1,1,30,2,0,4,3,2,0,2,2,2,2,1,2,2,0,1,1,1,1,1,1,1,39732,1,3,1,0,0,2,1,4,2,1
11B222,9,40485,2,1,0,1,1,224,2,65,3,3,7,1,2,2,2,2,2,2,0,0,0,0,0,0,0,0,0,0,0,0,0,0,0,0,0,0,0,0,0,0,0,0,0,0,0,0,0,0,0,0,0,0,0,0,0,0,0,0,0,0,0,0,0,0,0,1,2,2,2,2,2,1,2,0,1,1,1,2,2,2,2,13244,4,4,2,0,0,0,2,0,0,1
12B222,9,40489,4,1,0,1,1,224,2,42,4,3,7,1,1,2,2,1,2,2,0,0,0,0,0,0,0,0,0,0,0,0,0,0,0,0,0,0,0,0,0,0,0,0,0,0,0,0,0,2,3,1,1,1,1,1,3,15,2,1,1,20,1,5,4,4,2,0,2,2,2,2,1,2,2,0,2,0,1,1,1,1,1,10145,1,3,1,0,0,2,1,2,0,1
12B222,9,40489,3,1,0,1,1,224,1,70,7,4,8,1,2,2,2,2,2,2,0,0,0,0,0,0,0,0,0,0,0,0,0,0,0,0,0,0,0,0,0,0,0,0,0,0,0,0,0,0,0,0,0,0,0,0,0,0,0,0,0,0,0,0,0,0,0,3,2,2,2,2,2,2,2,0,2,0,1,1,1,1,1,10145,4,4,2,0,0,0,2,0,0,2
12B222,9,40489,1,1,0,1,1,224,1,34,4,3,1,1,2,2,2,2,2,2,0,0,0,0,0,0,0,0,0,0,0,0,0,0,0,0,0,0,0,0,0,0,0,0,0,0,0,0,0,0,0,0,0,0,0,0,0,0,0,0,0,0,0,0,0,0,0,1,2,2,2,2,1,2,1,1,1,1,1,1,1,1,1,10145,4,4,2,0,0,0,2,0,2,1
12B222,9,40489,2,1,0,1,1,224,1,60,4,3,8,1,2,2,2,2,2,2,0,0,0,0,0,0,0,0,0,0,0,0,0,0,0,0,0,0,0,0,0,0,0,0,0,0,0,0,0,0,0,0,0,0,0,0,0,0,0,0,0,0,0,0,0,0,0,3,2,2,2,2,1,1,1,1,1,1,1,1,1,1,1,40582,4,4,2,0,0,0,2,0,0,1
11B222,9,40492,3,1,0,1,1,224,2,43,3,3,1,1,2,2,1,2,2,2,0,0,0,0,0,0,0,0,0,0,0,0,0,2,4,2,2,2,2,2,2,2,1,2,2,0,2,1,2,0,0,0,0,0,0,0,0,0,0,0,0,10,2,0,2,2,2,0,2,2,2,2,1,1,2,0,1,2,1,1,1,1,1,7990,3,3,1,0,2,0,1,2,2,1
11B222,9,40492,2,1,0,1,1,224,2,50,3,3,1,1,2,2,2,2,2,2,0,0,0,0,0,0,0,0,0,0,0,0,0,0,0,0,0,0,0,0,0,0,0,0,0,0,0,0,0,0,0,0,0,0,0,0,0,0,0,0,0,0,0,0,0,0,0,1,2,2,2,2,2,1,2,0,1,1,1,1,1,1,1,7990,4,4,2,0,0,0,2,0,2,1
11B222,9,40492,1,1,0,1,1,224,1,33,3,3,1,1,2,2,2,2,2,2,0,0,0,0,0,0,0,0,0,0,0,0,0,0,0,0,0,0,0,0,0,0,0,0,0,0,0,0,0,0,0,0,0,0,0,0,0,0,0,0,0,0,0,0,0,0,0,1,2,2,2,2,1,1,2,0,1,1,1,1,1,1,1,15980,4,4,2,0,0,0,2,0,2,1
11B222,9,40492,4,1,0,1,1,224,1,60,2,6,4,1,2,2,2,1,2,2,0,0,0,0,0,0,0,0,0,0,0,0,0,0,0,0,0,0,0,0,0,0,0,0,0,0,0,0,0,3,4,1,1,1,1,1,2,0,2,1,1,15,2,0,2,2,2,0,2,2,2,2,2,2,2,0,1,1,1,2,1,1,1,7990,3,3,1,0,0,2,1,3,1,0
11B222,9,40522,1,1,0,2,1,224,2,52,3,3,7,1,2,2,2,1,2,2,0,0,0,0,0,0,0,0,0,0,0,0,0,0,0,0,0,0,0,0,0,0,0,0,0,0,0,0,0,1,4,1,1,2,2,1,2,0,1,2,1,20,1,5,4,4,2,0,2,2,2,2,1,1,2,0,1,1,1,1,1,1,1,21801,3,3,1,0,0,1,1,1,0,1
11B222,9,40522,3,1,0,2,1,224,1,70,3,3,1,1,2,2,2,2,2,2,0,0,0,0,0,0,0,0,0,0,0,0,0,0,0,0,0,0,0,0,0,0,0,0,0,0,0,0,0,0,0,0,0,0,0,0,0,0,0,0,0,0,0,0,0,0,0,1,2,2,2,2,2,2,2,0,2,0,1,1,1,1,1,65403,4,4,2,0,0,0,2,0,2,1
11B222,9,40522,2,1,0,1,1,224,1,50,3,2,1,1,2,2,2,2,2,2,0,0,0,0,0,0,0,0,0,0,0,0,0,0,0,0,0,0,0,0,0,0,0,0,0,0,0,0,0,0,0,0,0,0,0,0,0,0,0,0,0,0,0,0,0,0,0,3,2,2,2,2,2,1,2,0,2,0,1,1,1,1,1,10901,4,4,2,0,0,0,2,0,2,1
11B222,9,40522,4,1,0,3,1,224,1,84,2,6,9,1,2,2,2,2,2,2,0,0,0,0,0,0,0,0,0,0,0,0,0,0,0,0,0,0,0,0,0,0,0,0,0,0,0,0,0,0,0,0,0,0,0,0,0,0,0,0,0,0,0,0,0,0,0,3,2,2,2,2,2,2,2,0,2,0,1,1,1,1,1,65403,4,4,2,0,0,0,2,0,0,0
13B215,9,40543,4,1,0,2,1,224,2,60,6,3,7,1,2,2,1,2,2,2,0,0,0,0,0,0,0,0,0,0,0,0,0,2,4,2,2,2,2,2,2,2,1,2,2,0,2,1,1,0,0,0,0,0,0,0,0,0,0,0,0,20,2,0,1,2,2,0,2,2,2,2,1,2,2,0,1,2,1,1,1,1,1,20553,3,3,1,0,2,0,1,2,0,1
13B215,9,40543,3,1,0,1,1,224,1,59,4,3,1,1,1,2,1,1,2,2,0,0,0,0,0,0,0,0,0,0,0,0,0,3,4,2,2,2,2,2,2,2,1,2,2,0,2,1,2,5,4,1,1,1,1,1,3,50,2,1,2,25,2,0,2,2,2,0,2,2,2,2,2,2,2,0,1,1,1,1,1,1,1,10276,1,3,1,0,2,2,1,8,2,1
13B215,9,40543,1,1,0,1,1,224,2,56,7,4,1,1,2,2,2,2,2,2,0,0,0,0,0,0,0,0,0,0,0,0,0,0,0,0,0,0,0,0,0,0,0,0,0,0,0,0,0,0,0,0,0,0,0,0,0,0,0,0,0,0,0,0,0,0,0,1,2,2,2,2,1,2,2,0,1,1,1,1,1,1,1,10276,4,4,2,0,0,0,2,0,2,2
13B215,9,40543,2,1,0,2,1,224,1,51,3,3,1,1,2,2,1,1,2,2,0,0,0,0,0,0,0,0,0,0,0,0,0,4,4,2,1,2,2,2,1,1,2,2,2,0,2,1,2,5,4,1,1,1,1,1,3,70,2,1,1,30,2,0,3,3,2,0,2,2,2,2,1,1,2,0,1,3,1,1,1,1,1,41105,3,3,1,0,2,2,1,9,2,1
12B215,9,40545,3,1,0,2,1,224,2,30,4,3,4,1,2,2,2,2,2,1,0,0,0,0,0,0,0,0,0,0,0,0,0,0,0,0,0,0,0,0,0,0,0,0,0,0,0,0,0,0,0,0,0,0,0,0,0,0,0,0,0,10,2,0,2,3,2,0,2,2,2,2,2,1,1,2,2,0,1,1,1,1,2,17326,3,3,1,0,0,0,2,0,1,1
12B215,9,40545,2,1,0,1,1,224,2,77,2,6,7,1,1,1,2,2,2,2,1,5,2,2,1,2,2,2,2,0,2,1,1,0,0,0,0,0,0,0,0,0,0,0,0,0,0,0,0,0,0,0,0,0,0,0,0,0,0,0,0,60,2,0,1,3,2,0,2,2,2,2,2,2,2,0,2,0,1,1,1,3,2,8663,1,1,1,2,0,0,1,1,0,0
12B215,9,40545,1,1,0,1,1,224,2,61,7,4,8,1,1,1,2,1,2,1,4,3,2,2,2,1,1,2,3,2000,2,1,1,0,0,0,0,0,0,0,0,0,0,0,0,0,0,0,0,8,3,1,2,2,2,2,1,0,1,2,1,30,1,5,4,4,1,0,2,2,2,1,1,1,1,2,1,5,1,1,1,1,1,8663,1,2,1,2,0,1,1,12,0,2
12B215,9,40545,4,1,0,3,1,224,2,20,4,3,6,1,1,1,2,2,2,1,4,2,2,1,2,1,2,2,1,0,1,2,1,0,0,0,0,0,0,0,0,0,0,0,0,0,0,0,0,0,0,0,0,0,0,0,0,0,0,0,0,25,2,0,3,3,1,0,2,2,2,2,1,2,1,2,1,2,1,1,1,1,2,25989,1,2,1,1,0,0,1,4,1,1
12B215,9,40549,2,1,0,1,1,224,2,70,2,6,7,1,2,2,2,2,2,2,0,0,0,0,0,0,0,0,0,0,0,0,0,0,0,0,0,0,0,0,0,0,0,0,0,0,0,0,0,0,0,0,0,0,0,0,0,0,0,0,0,0,0,0,0,0,0,1,2,2,2,2,2,2,2,0,2,0,1,2,2,2,2,8583,4,4,2,0,0,0,2,0,0,0
12B215,9,40549,1,1,0,1,1,224,1,72,4,3,8,1,1,2,2,1,2,2,0,0,0,0,0,0,0,0,0,0,0,0,0,0,0,0,0,0,0,0,0,0,0,0,0,0,0,0,0,4,4,1,1,1,1,1,3,120,2,1,1,30,2,0,4,4,2,0,2,2,2,2,2,2,2,0,2,0,1,2,2,2,2,34331,1,3,1,0,0,2,1,4,0,1
12B215,9,40549,3,1,0,1,1,224,1,53,7,4,1,1,1,2,1,2,2,2,0,0,0,0,0,0,0,0,0,0,0,0,0,4,4,2,2,2,2,2,2,2,1,2,2,0,2,1,1,0,0,0,0,0,0,0,0,0,0,0,0,20,2,0,2,3,2,0,2,2,2,2,1,2,2,0,2,0,1,2,2,1,1,34331,1,3,1,0,2,0,1,4,2,2
12B215,9,40549,4,1,0,1,1,224,1,39,4,3,1,1,1,2,2,1,2,1,0,0,0,0,0,0,0,0,0,0,0,0,0,0,0,0,0,0,0,0,0,0,0,0,0,0,0,0,0,5,3,1,1,1,1,1,3,150,2,1,1,60,2,0,4,4,2,0,2,2,2,2,1,1,2,0,1,2,1,1,1,1,1,8583,1,3,1,0,0,2,1,5,2,1
11B215,9,40551,4,1,0,1,1,224,2,46,3,3,7,1,1,2,2,2,2,1,0,0,0,0,0,0,0,0,0,0,0,0,0,0,0,0,0,0,0,0,0,0,0,0,0,0,0,0,0,0,0,0,0,0,0,0,0,0,0,0,0,30,2,0,3,3,1,0,2,2,2,1,1,1,2,0,2,0,1,1,1,1,1,16595,1,3,1,0,0,0,2,0,0,1
11B215,9,40551,2,1,0,1,1,224,2,76,2,6,7,1,2,2,2,2,2,2,0,0,0,0,0,0,0,0,0,0,0,0,0,0,0,0,0,0,0,0,0,0,0,0,0,0,0,0,0,0,0,0,0,0,0,0,0,0,0,0,0,0,0,0,0,0,0,2,2,2,2,2,2,2,2,0,2,0,1,2,2,2,2,8297,4,4,2,0,0,0,2,0,0,0
11B215,9,40551,1,1,0,1,1,224,2,73,0,,7,1,2,2,2,2,2,2,0,0,0,0,0,0,0,0,0,0,0,0,0,0,0,0,0,0,0,0,0,0,0,0,0,0,0,0,0,0,0,0,0,0,0,0,0,0,0,0,0,0,0,0,0,0,0,3,2,2,2,2,2,2,2,0,2,0,1,2,2,2,2,16595,4,4,2,0,0,0,2,0,0,0
12B215,9,40597,2,1,0,1,1,224,2,76,2,6,7,1,1,2,1,2,2,1,0,0,0,0,0,0,0,0,0,0,0,0,0,2,4,2,2,1,2,2,2,2,1,2,3,40,2,1,1,0,0,0,0,0,0,0,0,0,0,0,0,30,2,0,2,2,2,0,2,2,2,2,2,2,2,0,2,0,1,1,1,2,2,9336,1,3,1,0,2,0,1,2,0,0
12B215,9,40597,1,1,0,1,1,224,1,35,7,5,1,1,2,2,2,2,2,1,0,0,0,0,0,0,0,0,0,0,0,0,0,0,0,0,0,0,0,0,0,0,0,0,0,0,0,0,0,0,0,0,0,0,0,0,0,0,0,0,0,30,2,0,3,3,2,0,2,2,2,2,1,2,2,0,2,0,1,1,1,1,1,9336,3,3,1,0,0,0,2,0,2,2
12B215,9,40597,3,1,0,1,1,224,1,62,3,3,1,1,2,2,2,2,2,2,0,0,0,0,0,0,0,0,0,0,0,0,0,0,0,0,0,0,0,0,0,0,0,0,0,0,0,0,0,0,0,0,0,0,0,0,0,0,0,0,0,0,0,0,0,0,0,1,2,2,2,2,2,2,2,0,2,0,1,1,1,2,2,18672,4,4,2,0,0,0,2,0,2,1
12B215,9,40597,4,1,0,3,1,224,1,59,4,3,1,1,2,2,2,2,2,1,0,0,0,0,0,0,0,0,0,0,0,0,0,0,0,0,0,0,0,0,0,0,0,0,0,0,0,0,0,0,0,0,0,0,0,0,0,0,0,0,0,30,2,0,2,2,1,0,2,2,2,2,1,2,2,0,2,0,1,1,1,1,1,28007,3,3,1,0,0,0,2,0,2,1
12B213,10,40038,1,1,0,3,26,224,2,45,4,3,1,1,1,1,2,1,2,1,2,1,2,1,2,2,2,2,1,0,1,2,1,0,0,0,0,0,0,0,0,0,0,0,0,0,0,0,0,3,3,1,1,1,2,1,2,0,2,1,1,35,2,0,3,3,1,0,1,2,2,2,2,2,2,0,2,0,1,1,1,1,1,26484,1,2,1,1,0,2,1,5,2,1
12B213,10,40038,2,1,0,1,26,224,1,57,8,2,1,1,2,2,2,2,2,1,0,0,0,0,0,0,0,0,0,0,0,0,0,0,0,0,0,0,0,0,0,0,0,0,0,0,0,0,0,0,0,0,0,0,0,0,0,0,0,0,0,35,1,5,2,3,1,0,2,2,2,2,1,1,2,0,1,2,1,1,1,1,1,8828,3,3,1,0,0,0,2,0,2,2
12B213,10,40038,4,1,0,1,26,224,1,49,3,3,1,1,2,2,2,2,2,1,0,0,0,0,0,0,0,0,0,0,0,0,0,0,0,0,0,0,0,0,0,0,0,0,0,0,0,0,0,0,0,0,0,0,0,0,0,0,0,0,0,40,2,0,2,2,1,0,2,2,2,2,1,1,2,0,2,0,1,1,1,1,1,17656,3,3,1,0,0,0,2,0,2,1
11B221,10,40039,2,1,0,2,26,224,2,42,3,3,7,1,1,2,2,1,2,1,0,0,0,0,0,0,0,0,0,0,0,0,0,0,0,0,0,0,0,0,0,0,0,0,0,0,0,0,0,4,3,2,2,2,1,1,2,0,2,1,1,40,2,0,2,3,2,0,2,2,2,2,2,2,2,0,1,1,1,1,1,1,1,43048,1,3,1,0,0,2,1,4,0,1
11B221,10,40039,4,1,0,4,26,224,1,21,4,3,6,1,2,2,2,2,2,1,0,0,0,0,0,0,0,0,0,0,0,0,0,0,0,0,0,0,0,0,0,0,0,0,0,0,0,0,0,0,0,0,0,0,0,0,0,0,0,0,0,20,2,0,2,3,2,0,2,2,2,2,2,2,2,0,2,0,1,1,1,1,2,57398,3,3,1,0,0,0,2,0,1,1
11B221,10,40039,1,1,0,1,26,224,2,60,4,3,1,1,2,2,2,2,2,1,0,0,0,0,0,0,0,0,0,0,0,0,0,0,0,0,0,0,0,0,0,0,0,0,0,0,0,0,0,0,0,0,0,0,0,0,0,0,0,0,0,30,2,0,3,3,1,0,2,2,2,2,2,2,2,0,2,0,1,1,1,1,2,71747,3,3,1,0,0,0,2,0,2,1
11B221,10,40039,3,1,0,2,26,224,1,30,4,2,1,1,1,2,2,1,2,1,0,0,0,0,0,0,0,0,0,0,0,0,0,0,0,0,0,0,0,0,0,0,0,0,0,0,0,0,0,3,3,1,1,2,2,1,3,30,2,1,1,15,1,5,3,3,2,0,2,2,2,2,2,1,2,0,1,1,1,1,1,1,1,28699,1,3,1,0,0,2,1,3,2,1
13A227,10,40061,1,1,0,4,26,224,1,19,7,1,6,1,1,1,2,1,2,1,3,2,2,1,2,1,2,2,3,1800,2,1,2,0,0,0,0,0,0,0,0,0,0,0,0,0,0,0,0,4,3,1,1,1,1,1,3,30,2,1,1,35,2,0,4,3,2,0,1,1,2,1,2,1,1,2,1,3,1,1,1,1,1,38940,1,2,1,2,0,2,1,7,1,2
13A227,10,40061,4,1,0,1,26,224,1,77,7,5,1,1,1,2,1,2,2,1,0,0,0,0,0,0,0,0,0,0,0,0,0,2,4,2,1,2,2,2,2,2,1,2,2,0,2,1,2,0,0,0,0,0,0,0,0,0,0,0,0,60,1,5,3,2,1,0,2,2,2,2,1,2,2,0,1,1,1,1,1,1,1,19470,1,3,1,0,2,0,1,2,2,2
13A227,10,40061,3,1,0,1,26,224,1,51,7,5,1,1,1,2,2,1,2,1,0,0,0,0,0,0,0,0,0,0,0,0,0,0,0,0,0,0,0,0,0,0,0,0,0,0,0,0,0,3,3,1,1,1,1,1,3,30,2,1,2,20,2,0,3,3,1,0,2,1,2,2,2,1,2,0,2,0,1,1,1,1,1,29205,1,3,1,0,0,2,1,3,2,2
13A227,10,40061,2,1,0,2,26,224,2,28,7,5,5,1,2,2,2,2,2,1,0,0,0,0,0,0,0,0,0,0,0,0,0,0,0,0,0,0,0,0,0,0,0,0,0,0,0,0,0,0,0,0,0,0,0,0,0,0,0,0,0,15,2,0,4,4,2,0,2,2,2,2,2,2,2,0,2,0,1,1,1,1,1,19470,3,3,1,0,0,0,2,0,2,2
12B216,10,40075,1,1,0,3,26,224,2,47,2,6,7,1,1,2,1,2,2,2,0,0,0,0,0,0,0,0,0,0,0,0,0,3,5,2,2,2,2,1,2,2,2,2,2,0,2,1,1,0,0,0,0,0,0,0,0,0,0,0,0,30,2,0,1,1,1,0,2,2,2,2,2,2,2,0,2,0,1,1,1,1,2,27613,1,3,1,0,2,0,1,3,0,0
12B216,10,40075,3,1,0,1,26,224,2,63,2,1,8,1,2,2,2,2,2,2,0,0,0,0,0,0,0,0,0,0,0,0,0,0,0,0,0,0,0,0,0,0,0,0,0,0,0,0,0,0,0,0,0,0,0,0,0,0,0,0,0,0,0,0,0,0,0,1,2,2,2,2,2,2,2,0,2,0,1,1,1,1,2,18409,4,4,2,0,0,0,2,0,0,0
12B216,10,40075,4,1,0,2,26,224,1,28,4,3,1,1,1,2,2,1,2,1,0,0,0,0,0,0,0,0,0,0,0,0,0,0,0,0,0,0,0,0,0,0,0,0,0,0,0,0,0,4,3,1,1,1,2,1,3,20,2,1,2,20,2,0,2,3,1,0,2,2,2,2,2,2,2,0,2,0,1,1,1,1,1,18409,1,3,1,0,0,2,1,4,2,1
12B216,10,40075,2,1,0,2,26,224,1,27,7,4,1,1,2,2,1,1,2,1,0,0,0,0,0,0,0,0,0,0,0,0,0,5,1,2,1,2,2,2,2,2,2,2,2,0,2,1,2,2,4,1,2,2,2,1,2,0,2,1,2,10,2,0,2,2,1,0,2,2,2,2,1,1,1,1,1,2,1,1,1,1,1,36818,3,3,1,0,2,2,1,7,2,2
12B221,10,40101,2,1,0,1,26,224,2,74,2,6,7,1,2,2,2,2,2,2,0,0,0,0,0,0,0,0,0,0,0,0,0,0,0,0,0,0,0,0,0,0,0,0,0,0,0,0,0,0,0,0,0,0,0,0,0,0,0,0,0,0,0,0,0,0,0,5,2,2,2,2,2,2,2,0,2,0,1,1,1,1,2,8746,4,4,2,0,0,0,2,0,0,0
12B221,10,40101,3,1,0,1,26,224,1,31,4,2,1,1,2,2,2,2,2,2,0,0,0,0,0,0,0,0,0,0,0,0,0,0,0,0,0,0,0,0,0,0,0,0,0,0,0,0,0,0,0,0,0,0,0,0,0,0,0,0,0,0,0,0,0,0,0,3,2,2,2,2,2,1,2,0,2,0,1,1,1,1,1,8746,4,4,2,0,0,0,2,0,2,1
12B221,10,40101,1,1,0,1,26,224,1,45,4,3,1,1,2,2,2,1,2,1,0,0,0,0,0,0,0,0,0,0,0,0,0,0,0,0,0,0,0,0,0,0,0,0,0,0,0,0,0,1,4,1,1,2,2,2,2,0,2,1,1,30,2,0,2,2,1,0,2,2,2,2,2,1,2,0,1,1,1,1,1,1,1,26239,3,3,1,0,0,2,1,1,2,1
12B221,10,40101,4,1,0,1,26,224,2,41,4,3,1,1,1,2,2,1,2,1,0,0,0,0,0,0,0,0,0,0,0,0,0,0,0,0,0,0,0,0,0,0,0,0,0,0,0,0,0,3,4,1,2,1,1,1,3,15,2,1,1,20,2,0,3,2,1,0,1,2,2,2,2,1,2,0,1,1,1,1,1,1,1,8746,1,3,1,0,0,2,1,3,2,1
11A227,10,40128,2,1,0,1,26,224,1,92,2,4,8,1,2,2,2,2,2,2,0,0,0,0,0,0,0,0,0,0,0,0,0,0,0,0,0,0,0,0,0,0,0,0,0,0,0,0,0,0,0,0,0,0,0,0,0,0,0,0,0,0,0,0,0,0,0,5,2,2,2,2,2,2,2,0,2,0,1,1,2,1,2,34290,4,4,2,0,0,0,2,0,0,0
11A227,10,40128,3,1,0,1,26,224,2,39,4,3,7,2,0,0,0,0,0,0,0,0,0,0,0,0,0,0,0,0,0,0,0,0,0,0,0,0,0,0,0,0,0,0,0,0,0,0,0,0,0,0,0,0,0,0,0,0,0,0,0,0,0,0,0,0,0,0,0,0,0,0,0,0,0,0,0,0,0,0,0,0,0,25717,0,0,0,0,0,0,0,0,0,1
11B214,10,40196,3,1,0,1,26,224,1,53,3,3,1,1,2,2,2,1,2,2,0,0,0,0,0,0,0,0,0,0,0,0,0,0,0,0,0,0,0,0,0,0,0,0,0,0,0,0,0,1,4,1,1,2,2,1,2,0,2,1,2,20,2,0,2,2,2,0,2,2,2,2,2,2,2,0,2,0,1,1,1,1,1,18253,3,3,1,0,0,2,1,1,2,1
11B214,10,40196,1,1,0,2,26,224,2,58,4,3,7,1,1,2,2,2,2,1,0,0,0,0,0,0,0,0,0,0,0,0,0,0,0,0,0,0,0,0,0,0,0,0,0,0,0,0,0,0,0,0,0,0,0,0,0,0,0,0,0,60,2,0,2,3,1,0,2,2,2,2,2,1,1,1,1,4,1,1,1,1,1,36507,1,3,1,0,0,0,2,0,0,1
11B214,10,40196,4,1,0,1,26,224,1,34,3,3,1,1,2,2,2,2,2,2,0,0,0,0,0,0,0,0,0,0,0,0,0,0,0,0,0,0,0,0,0,0,0,0,0,0,0,0,0,0,0,0,0,0,0,0,0,0,0,0,0,0,0,0,0,0,0,3,2,2,2,2,2,1,2,0,2,0,1,1,1,1,1,18253,4,4,2,0,0,0,2,0,2,1
11B214,10,40196,2,1,0,1,26,224,2,53,7,5,1,1,1,2,1,2,2,1,0,0,0,0,0,0,0,0,0,0,0,0,0,2,1,2,2,2,2,2,1,2,2,2,2,0,2,1,1,0,0,0,0,0,0,0,0,0,0,0,0,25,2,0,3,3,1,0,2,2,2,2,2,1,1,1,1,2,1,1,1,1,1,18253,1,3,1,0,2,0,1,2,2,2
13B214,10,40228,3,1,0,1,26,224,2,22,7,3,6,1,1,1,2,2,2,1,2,2,2,1,2,1,2,2,2,0,2,1,1,0,0,0,0,0,0,0,0,0,0,0,0,0,0,0,0,0,0,0,0,0,0,0,0,0,0,0,0,25,1,5,4,3,1,0,2,2,2,2,2,1,1,2,1,2,1,1,1,1,1,24910,1,2,1,2,0,0,1,2,1,2
13B214,10,40228,2,1,0,1,26,224,1,78,3,3,1,1,2,2,2,2,2,2,0,0,0,0,0,0,0,0,0,0,0,0,0,0,0,0,0,0,0,0,0,0,0,0,0,0,0,0,0,0,0,0,0,0,0,0,0,0,0,0,0,0,0,0,0,0,0,5,2,2,2,2,2,1,1,1,1,2,1,1,1,1,2,12455,4,4,2,0,0,0,2,0,2,1
13B214,10,40228,4,1,0,2,26,224,2,41,7,5,1,1,1,1,2,2,1,1,1,1,2,2,2,1,2,2,3,250,2,1,1,0,0,0,0,0,0,0,0,0,0,0,0,0,0,0,0,0,0,0,0,0,0,0,0,0,0,0,0,30,2,0,2,3,1,0,2,2,1,2,2,1,2,0,2,0,1,2,1,2,2,24910,1,2,1,2,0,0,1,1,2,2
12B222,10,40231,4,1,0,1,26,224,1,38,8,2,4,1,1,1,2,2,2,1,2,3,2,1,2,2,2,2,1,0,1,2,1,0,0,0,0,0,0,0,0,0,0,0,0,0,0,0,0,0,0,0,0,0,0,0,0,0,0,0,0,40,2,0,4,3,1,0,2,2,2,2,1,1,2,0,1,3,1,1,1,1,1,33979,1,2,1,1,0,0,1,2,1,2
12B222,10,40231,2,1,0,1,26,224,1,43,7,5,1,1,2,2,2,2,2,1,0,0,0,0,0,0,0,0,0,0,0,0,0,0,0,0,0,0,0,0,0,0,0,0,0,0,0,0,0,0,0,0,0,0,0,0,0,0,0,0,0,30,2,0,2,3,2,0,2,2,2,2,2,2,2,0,1,2,1,1,1,1,1,16989,3,3,1,0,0,0,2,0,2,2
12B222,10,40231,1,1,0,2,26,224,1,31,7,5,1,1,1,1,2,2,2,1,2,4,2,2,1,2,2,2,3,200,1,2,1,0,0,0,0,0,0,0,0,0,0,0,0,0,0,0,0,0,0,0,0,0,0,0,0,0,0,0,0,15,2,0,1,3,1,0,2,2,2,2,2,2,2,0,1,1,1,1,1,2,1,25484,1,2,1,1,0,0,1,2,2,2
12A228,10,40257,3,1,0,1,26,224,2,65,6,3,1,1,1,2,2,1,1,1,0,0,0,0,0,0,0,0,0,0,0,0,0,0,0,0,0,0,0,0,0,0,0,0,0,0,0,0,0,3,4,1,1,2,1,1,2,0,2,1,1,30,1,5,4,2,1,0,1,2,2,2,2,2,2,0,2,0,1,2,1,1,2,8316,1,3,1,0,0,2,1,3,2,1
12A228,10,40257,4,1,0,1,26,224,2,47,4,2,1,1,1,2,1,1,2,1,0,0,0,0,0,0,0,0,0,0,0,0,0,1,4,2,2,1,2,2,2,2,2,2,2,0,2,1,1,1,4,2,1,1,2,2,2,0,2,1,2,20,1,3,2,3,1,0,2,2,2,2,2,1,1,1,1,1,1,1,1,1,2,24949,1,3,1,0,2,2,1,2,2,1
12A228,10,40257,2,1,0,1,26,224,2,25,3,3,1,1,2,2,2,2,2,2,0,0,0,0,0,0,0,0,0,0,0,0,0,0,0,0,0,0,0,0,0,0,0,0,0,0,0,0,0,0,0,0,0,0,0,0,0,0,0,0,0,0,0,0,0,0,0,3,2,2,2,2,2,2,2,0,2,0,1,1,1,1,1,8316,4,4,2,0,0,0,2,0,2,1
11B215,10,40298,2,1,0,4,26,224,2,21,7,2,1,1,1,1,2,2,2,1,1,2,2,1,2,2,2,2,1,0,1,2,2,0,0,0,0,0,0,0,0,0,0,0,0,0,0,0,0,0,0,0,0,0,0,0,0,0,0,0,0,20,1,5,3,3,1,0,2,2,2,2,2,2,2,0,2,0,1,1,1,1,1,68190,1,2,1,1,0,0,1,1,2,2
11B215,10,40298,4,1,0,2,26,224,2,45,3,3,7,1,2,2,2,2,2,2,0,0,0,0,0,0,0,0,0,0,0,0,0,0,0,0,0,0,0,0,0,0,0,0,0,0,0,0,0,0,0,0,0,0,0,0,0,0,0,0,0,0,0,0,0,0,0,1,2,2,2,2,2,2,2,0,2,0,1,1,2,2,2,19483,4,4,2,0,0,0,2,0,0,1
11B215,10,40298,1,1,0,3,26,224,1,20,3,3,1,1,1,2,1,1,2,2,0,0,0,0,0,0,0,0,0,0,0,0,0,1,4,2,1,2,2,2,2,2,2,2,2,0,2,1,1,3,3,2,1,2,2,1,2,0,2,1,2,20,2,0,2,2,1,0,2,2,2,2,2,1,2,0,1,1,1,1,1,1,2,38966,1,3,1,0,2,2,1,4,2,1
11B215,10,40298,3,1,0,1,26,224,1,67,2,6,1,1,1,2,1,2,2,2,0,0,0,0,0,0,0,0,0,0,0,0,0,3,5,2,2,2,2,1,2,2,2,2,2,0,2,1,1,0,0,0,0,0,0,0,0,0,0,0,0,30,2,0,2,1,1,0,2,2,1,1,2,2,2,0,2,0,1,1,2,1,2,29224,1,3,1,0,2,0,1,3,2,0
12B215,10,40391,2,1,0,2,26,224,2,34,7,5,7,1,1,1,1,1,2,1,1,2,2,1,2,2,2,2,2,0,2,1,1,3,2,2,2,1,2,2,2,2,2,2,2,0,2,1,1,4,3,1,2,1,2,2,3,20,2,1,1,30,2,0,2,3,1,0,2,2,2,2,2,1,1,2,1,1,1,1,1,1,1,18650,1,2,1,2,2,2,1,8,0,2
12B215,10,40391,1,1,0,1,26,224,1,67,2,6,1,1,2,2,2,2,2,2,0,0,0,0,0,0,0,0,0,0,0,0,0,0,0,0,0,0,0,0,0,0,0,0,0,0,0,0,0,0,0,0,0,0,0,0,0,0,0,0,0,0,0,0,0,0,0,1,2,2,2,2,2,2,2,0,2,0,1,1,2,1,2,18650,4,4,2,0,0,0,2,0,2,0
12B215,10,40391,3,1,1,1,26,224,2,26,7,5,1,1,2,2,2,2,2,2,0,0,0,0,0,0,0,0,0,0,0,0,0,0,0,0,0,0,0,0,0,0,0,0,0,0,0,0,0,0,0,0,0,0,0,0,0,0,0,0,0,0,0,0,0,0,0,3,2,2,2,2,1,1,1,1,1,2,1,1,1,1,1,9325,4,4,2,0,0,0,2,0,2,2
12B215,10,40391,4,1,0,2,26,224,2,53,4,3,7,1,1,2,1,2,2,1,0,0,0,0,0,0,0,0,0,0,0,0,0,3,3,2,1,2,2,2,2,2,2,2,3,150,2,1,1,0,0,0,0,0,0,0,0,0,0,0,0,30,2,0,2,2,1,0,1,1,2,2,2,1,1,1,1,2,1,1,1,1,1,9325,1,3,1,0,2,0,1,3,0,1
12B213,11,40005,3,1,0,1,5,224,1,41,8,2,1,1,1,1,2,2,2,1,5,1,2,1,2,2,2,2,2,0,2,1,1,0,0,0,0,0,0,0,0,0,0,0,0,0,0,0,0,0,0,0,0,0,0,0,0,0,0,0,0,60,2,0,4,4,1,0,1,2,2,1,1,1,2,0,1,2,1,1,1,1,1,8580,1,2,1,2,0,0,1,5,2,2
12B213,11,40005,2,1,0,1,5,224,2,51,7,4,1,1,1,2,2,1,2,2,0,0,0,0,0,0,0,0,0,0,0,0,0,0,0,0,0,0,0,0,0,0,0,0,0,0,0,0,0,5,3,1,2,1,2,1,2,0,2,1,1,20,2,0,3,3,2,0,2,2,2,2,2,1,2,0,1,1,1,1,1,1,1,25741,1,3,1,0,0,2,1,5,2,2
12B213,11,40005,4,1,0,2,5,224,2,75,6,2,7,1,2,2,2,2,2,2,0,0,0,0,0,0,0,0,0,0,0,0,0,0,0,0,0,0,0,0,0,0,0,0,0,0,0,0,0,0,0,0,0,0,0,0,0,0,0,0,0,0,0,0,0,0,0,2,2,2,2,2,2,2,2,0,3,0,1,2,1,1,2,25741,4,4,2,0,0,0,2,0,0,1
12B213,11,40005,1,1,0,1,5,224,2,72,7,3,8,1,2,2,2,2,2,2,0,0,0,0,0,0,0,0,0,0,0,0,0,0,0,0,0,0,0,0,0,0,0,0,0,0,0,0,0,0,0,0,0,0,0,0,0,0,0,0,0,0,0,0,0,0,0,5,2,2,2,2,2,1,2,0,1,1,1,1,1,1,2,8580,4,4,2,0,0,0,2,0,0,2
11B221,11,40093,3,1,0,2,5,224,1,36,4,3,1,1,2,2,2,2,2,1,0,0,0,0,0,0,0,0,0,0,0,0,0,0,0,0,0,0,0,0,0,0,0,0,0,0,0,0,0,0,0,0,0,0,0,0,0,0,0,0,0,120,2,0,3,3,2,0,2,2,2,2,2,2,2,0,1,2,1,1,1,1,1,14387,3,3,1,0,0,0,2,0,2,1
11B221,11,40093,2,1,0,3,5,224,1,22,7,3,6,1,1,1,1,1,2,1,3,2,2,2,2,1,2,2,1,0,1,2,1,2,4,2,2,2,2,2,2,1,2,2,1,0,1,2,1,1,3,1,2,2,1,1,1,0,1,2,1,60,1,5,4,4,2,0,2,2,1,2,2,2,1,3,1,2,1,1,2,1,1,28774,1,2,1,1,1,1,1,6,1,2
11B221,11,40093,1,1,0,2,5,224,2,35,3,3,1,1,2,2,2,2,2,2,0,0,0,0,0,0,0,0,0,0,0,0,0,0,0,0,0,0,0,0,0,0,0,0,0,0,0,0,0,0,0,0,0,0,0,0,0,0,0,0,0,0,0,0,0,0,0,3,2,2,2,2,2,2,2,0,1,1,1,1,2,2,2,21580,4,4,2,0,0,0,2,0,2,1
12A227,11,40131,3,1,0,3,5,224,1,32,7,4,1,1,1,2,2,1,2,1,0,0,0,0,0,0,0,0,0,0,0,0,0,0,0,0,0,0,0,0,0,0,0,0,0,0,0,0,0,5,3,1,1,1,1,1,2,0,2,1,1,60,1,6,3,3,1,0,2,2,2,2,2,1,2,0,1,3,1,1,1,1,1,25989,1,3,1,0,0,2,1,5,2,2
12A227,11,40131,1,1,0,3,5,224,2,25,7,4,4,1,1,1,2,2,2,2,1,4,2,2,1,2,2,2,3,100,2,1,1,0,0,0,0,0,0,0,0,0,0,0,0,0,0,0,0,0,0,0,0,0,0,0,0,0,0,0,0,20,2,0,4,4,2,0,2,1,2,2,1,1,2,0,1,3,1,1,1,1,1,25989,1,1,1,2,0,0,1,1,1,2
12A227,11,40131,4,1,0,2,5,224,2,59,3,3,7,1,1,1,2,2,2,1,2,4,2,2,1,2,2,2,2,0,2,1,1,0,0,0,0,0,0,0,0,0,0,0,0,0,0,0,0,0,0,0,0,0,0,0,0,0,0,0,0,45,2,0,2,4,2,0,2,2,2,2,2,1,2,0,2,0,1,2,1,2,2,34652,1,2,1,2,0,0,1,2,0,1
13B213,11,40140,3,1,0,1,5,224,1,55,7,4,1,1,1,2,2,1,2,2,0,0,0,0,0,0,0,0,0,0,0,0,0,0,0,0,0,0,0,0,0,0,0,0,0,0,0,0,0,5,3,1,1,1,2,1,2,0,2,1,2,20,2,0,3,3,2,0,2,2,2,2,2,2,2,0,2,0,1,1,1,1,2,34780,1,3,1,0,0,2,1,5,2,2
13B213,11,40140,2,1,0,1,5,224,1,38,7,4,1,1,1,1,2,2,2,1,4,4,2,2,2,2,1,2,3,400,2,1,1,0,0,0,0,0,0,0,0,0,0,0,0,0,0,0,0,0,0,0,0,0,0,0,0,0,0,0,0,30,2,0,2,4,2,0,1,2,2,1,2,2,2,0,1,2,1,1,1,1,1,17390,1,2,1,2,0,0,1,4,2,2
13B213,11,40140,1,1,0,1,5,224,2,57,7,4,7,1,2,2,2,2,2,2,0,0,0,0,0,0,0,0,0,0,0,0,0,0,0,0,0,0,0,0,0,0,0,0,0,0,0,0,0,0,0,0,0,0,0,0,0,0,0,0,0,0,0,0,0,0,0,5,2,2,2,2,2,1,2,0,1,2,1,1,1,1,2,17390,4,4,2,0,0,0,2,0,0,2
12B216,11,40149,1,1,0,3,5,224,1,65,2,6,1,2,0,0,0,0,0,0,0,0,0,0,0,0,0,0,0,0,0,0,0,0,0,0,0,0,0,0,0,0,0,0,0,0,0,0,0,0,0,0,0,0,0,0,0,0,0,0,0,0,0,0,0,0,0,0,0,0,0,0,0,0,0,0,0,0,0,0,0,0,0,31867,0,0,0,0,0,0,0,0,2,0
12B216,11,40149,3,1,0,2,5,224,2,49,4,3,7,1,1,1,2,1,2,2,1,3,2,1,2,2,2,2,2,0,2,1,1,0,0,0,0,0,0,0,0,0,0,0,0,0,0,0,0,1,3,1,1,1,1,1,3,12,2,1,1,30,2,0,2,2,2,0,2,2,2,2,2,2,2,0,1,1,1,1,1,1,1,31867,1,2,1,2,0,2,1,2,0,1
12B216,11,40149,2,1,0,3,5,224,1,22,7,3,1,1,1,1,2,2,2,2,4,1,1,2,2,2,1,2,2,0,2,1,1,0,0,0,0,0,0,0,0,0,0,0,0,0,0,0,0,0,0,0,0,0,0,0,0,0,0,0,0,60,2,0,2,3,2,0,2,2,2,2,2,2,2,0,2,0,1,1,1,1,1,31867,1,1,1,2,0,0,1,4,2,2
12B216,11,40149,4,1,0,2,5,224,2,59,3,3,7,1,1,1,2,2,2,2,3,5,2,2,1,2,2,2,1,0,2,1,1,0,0,0,0,0,0,0,0,0,0,0,0,0,0,0,0,0,0,0,0,0,0,0,0,0,0,0,0,20,2,0,2,3,1,0,2,2,2,2,2,2,2,0,2,0,1,1,1,2,2,39834,1,1,1,2,0,0,1,3,0,1
11B216,11,40152,3,1,0,1,5,224,2,56,3,3,1,1,2,2,2,2,2,2,0,0,0,0,0,0,0,0,0,0,0,0,0,0,0,0,0,0,0,0,0,0,0,0,0,0,0,0,0,0,0,0,0,0,0,0,0,0,0,0,0,0,0,0,0,0,0,3,2,2,2,2,2,1,2,0,2,0,1,1,1,1,1,16283,4,4,2,0,0,0,2,0,2,1
11B216,11,40152,1,1,0,1,5,224,1,50,3,3,1,1,1,2,2,2,2,2,0,0,0,0,0,0,0,0,0,0,0,0,0,0,0,0,0,0,0,0,0,0,0,0,0,0,0,0,0,0,0,0,0,0,0,0,0,0,0,0,0,0,0,0,0,0,0,2,2,1,2,2,2,2,2,0,1,1,1,1,1,2,1,40707,2,4,2,0,0,0,2,0,2,1
11B216,11,40152,2,1,0,1,5,224,2,43,2,6,1,1,2,2,2,1,2,2,0,0,0,0,0,0,0,0,0,0,0,0,0,0,0,0,0,0,0,0,0,0,0,0,0,0,0,0,0,1,3,2,2,1,2,1,2,0,2,1,2,10,2,0,2,2,2,0,2,2,2,2,2,2,2,0,2,0,1,2,1,1,2,16283,3,3,1,0,0,2,1,1,2,0
11B216,11,40152,4,1,0,2,5,224,2,50,3,3,1,1,2,2,2,2,2,2,0,0,0,0,0,0,0,0,0,0,0,0,0,0,0,0,0,0,0,0,0,0,0,0,0,0,0,0,0,0,0,0,0,0,0,0,0,0,0,0,0,0,0,0,0,0,0,1,2,2,2,2,2,2,2,0,2,0,1,1,1,1,2,24424,4,4,2,0,0,0,2,0,2,1
11B213,11,40187,2,1,0,1,5,224,1,33,3,3,1,1,1,1,1,1,2,2,2,4,2,2,2,1,2,2,2,0,2,1,1,3,4,2,2,2,1,2,2,2,2,2,3,150,2,1,1,3,3,1,1,2,2,1,2,0,2,1,2,45,2,0,2,3,2,0,2,2,2,2,2,2,2,0,3,0,1,2,1,3,3,6435,1,2,1,2,2,2,1,8,2,1
11B213,11,40187,1,1,0,8,5,224,2,26,7,4,1,1,1,1,2,2,2,2,5,1,1,2,2,2,1,2,1,0,1,2,1,0,0,0,0,0,0,0,0,0,0,0,0,0,0,0,0,0,0,0,0,0,0,0,0,0,0,0,0,60,2,0,4,3,2,0,2,2,1,2,1,1,1,2,1,2,1,1,1,1,1,51487,1,1,1,1,0,0,1,5,2,2
11B213,11,40187,3,1,0,2,5,224,2,48,3,3,7,1,2,2,2,2,2,2,0,0,0,0,0,0,0,0,0,0,0,0,0,0,0,0,0,0,0,0,0,0,0,0,0,0,0,0,0,0,0,0,0,0,0,0,0,0,0,0,0,0,0,0,0,0,0,1,2,2,2,2,1,1,1,1,1,1,1,1,1,1,1,25744,4,4,2,0,0,0,2,0,0,1
11B213,11,40187,4,1,1,2,5,224,1,23,3,2,4,1,1,1,2,2,2,2,1,5,2,2,2,1,2,2,2,0,2,1,1,0,0,0,0,0,0,0,0,0,0,0,0,0,0,0,0,0,0,0,0,0,0,0,0,0,0,0,0,30,2,0,1,1,2,0,2,2,2,2,2,2,2,0,2,0,1,1,1,3,3,12872,1,1,1,2,0,0,1,1,1,1
12B221,11,40193,1,1,0,1,5,224,1,26,4,3,1,1,1,1,2,2,2,2,1,1,2,2,1,2,2,2,1,0,1,2,1,0,0,0,0,0,0,0,0,0,0,0,0,0,0,0,0,0,0,0,0,0,0,0,0,0,0,0,0,60,2,0,3,3,1,0,1,1,2,2,1,1,1,2,1,2,1,1,1,1,1,7251,1,1,1,1,0,0,1,1,2,1
12B221,11,40193,3,1,0,1,5,224,2,49,4,3,7,1,1,2,2,2,2,1,0,0,0,0,0,0,0,0,0,0,0,0,0,0,0,0,0,0,0,0,0,0,0,0,0,0,0,0,0,0,0,0,0,0,0,0,0,0,0,0,0,20,2,0,3,3,2,0,2,2,2,2,2,2,2,0,2,0,1,1,1,1,2,21752,1,3,1,0,0,0,2,0,0,1
12B221,11,40193,4,1,0,2,5,224,2,26,4,3,1,1,2,2,2,2,2,2,0,0,0,0,0,0,0,0,0,0,0,0,0,0,0,0,0,0,0,0,0,0,0,0,0,0,0,0,0,0,0,0,0,0,0,0,0,0,0,0,0,0,0,0,0,0,0,2,2,2,2,2,2,2,1,2,2,0,1,1,1,2,1,14501,4,4,2,0,0,0,2,0,2,1
11B216,11,40204,2,1,0,1,5,224,1,58,2,6,1,1,1,2,1,2,2,2,0,0,0,0,0,0,0,0,0,0,0,0,0,4,5,2,2,2,2,1,2,2,2,2,3,40,2,1,1,0,0,0,0,0,0,0,0,0,0,0,0,15,2,0,1,4,2,0,2,2,2,2,2,1,1,2,2,0,1,2,1,1,1,33888,1,3,1,0,2,0,1,4,2,0
11B216,11,40204,3,1,1,1,5,224,2,75,2,3,7,1,2,2,2,2,2,2,0,0,0,0,0,0,0,0,0,0,0,0,0,0,0,0,0,0,0,0,0,0,0,0,0,0,0,0,0,0,0,0,0,0,0,0,0,0,0,0,0,0,0,0,0,0,0,5,2,2,2,2,2,2,2,0,2,0,1,2,1,2,2,8472,4,4,2,0,0,0,2,0,0,0
11B216,11,40204,1,1,0,1,5,224,2,51,3,3,1,1,1,1,2,2,2,2,2,4,2,2,1,2,2,2,2,0,2,1,1,0,0,0,0,0,0,0,0,0,0,0,0,0,0,0,0,0,0,0,0,0,0,0,0,0,0,0,0,120,2,0,2,4,2,0,2,2,2,2,2,2,2,0,2,0,1,2,1,1,2,8472,1,1,1,2,0,0,1,2,2,1
11A227,11,40229,1,1,0,3,5,224,2,35,3,3,7,1,1,2,1,1,2,2,0,0,0,0,0,0,0,0,0,0,0,0,0,3,4,2,2,2,1,2,2,2,1,2,1,0,1,1,1,4,3,2,1,1,1,1,3,48,2,1,1,15,2,0,2,3,2,0,2,2,2,2,2,1,2,0,1,1,1,1,1,1,1,23456,1,3,1,0,3,2,1,7,0,1
11A227,11,40229,3,1,0,1,5,224,1,34,7,5,1,1,1,1,2,1,2,1,2,1,2,1,2,2,2,2,1,0,1,2,1,0,0,0,0,0,0,0,0,0,0,0,0,0,0,0,0,1,4,1,1,2,2,1,1,0,1,2,2,60,2,0,3,4,1,0,2,2,2,1,1,1,1,2,1,5,1,2,2,2,2,15637,1,2,1,1,0,1,1,3,2,2
11A227,11,40229,2,1,0,2,5,224,2,43,2,6,7,1,2,1,2,2,2,2,3,4,2,2,1,1,2,2,3,400,2,1,1,0,0,0,0,0,0,0,0,0,0,0,0,0,0,0,0,0,0,0,0,0,0,0,0,0,0,0,0,30,2,0,2,2,1,0,2,2,2,2,2,1,2,0,1,2,1,1,1,1,1,23456,3,1,1,2,0,0,1,3,0,0
11A227,11,40229,4,1,0,2,5,224,2,37,3,3,1,1,2,2,2,2,2,2,0,0,0,0,0,0,0,0,0,0,0,0,0,0,0,0,0,0,0,0,0,0,0,0,0,0,0,0,0,0,0,0,0,0,0,0,0,0,0,0,0,0,0,0,0,0,0,1,2,2,2,2,2,2,2,0,1,1,1,3,1,3,3,23456,4,4,2,0,0,0,2,0,2,1
11B222,11,40232,4,1,0,2,5,224,2,54,3,3,7,1,2,2,2,2,2,2,0,0,0,0,0,0,0,0,0,0,0,0,0,0,0,0,0,0,0,0,0,0,0,0,0,0,0,0,0,0,0,0,0,0,0,0,0,0,0,0,0,0,0,0,0,0,0,1,2,2,2,2,2,1,2,0,2,0,1,1,1,1,2,27646,4,4,2,0,0,0,2,0,0,1
11B222,11,40232,1,1,0,3,5,224,1,27,7,4,1,1,1,1,2,2,2,2,10,2,1,1,2,2,2,2,1,0,1,1,2,0,0,0,0,0,0,0,0,0,0,0,0,0,0,0,0,0,0,0,0,0,0,0,0,0,0,0,0,30,2,0,3,3,2,0,2,2,2,2,2,2,2,0,1,1,1,1,1,1,2,22116,1,1,1,3,0,0,1,10,2,2
11B222,11,40232,2,1,0,3,5,224,2,65,2,6,8,1,1,1,2,2,2,2,1,5,2,2,1,2,2,2,2,0,2,1,1,0,0,0,0,0,0,0,0,0,0,0,0,0,0,0,0,0,0,0,0,0,0,0,0,0,0,0,0,45,2,0,2,2,2,0,2,2,2,2,2,2,2,0,2,0,1,2,2,2,2,16588,1,1,1,2,0,0,1,1,0,0
11B214,11,40235,4,1,0,2,5,224,2,72,2,6,7,1,2,2,2,2,2,2,0,0,0,0,0,0,0,0,0,0,0,0,0,0,0,0,0,0,0,0,0,0,0,0,0,0,0,0,0,0,0,0,0,0,0,0,0,0,0,0,0,0,0,0,0,0,0,2,2,2,2,2,2,2,2,0,2,0,1,2,2,2,2,34263,4,4,2,0,0,0,2,0,0,0
11B214,11,40235,3,1,0,1,5,224,2,44,3,3,1,1,2,2,2,2,2,2,0,0,0,0,0,0,0,0,0,0,0,0,0,0,0,0,0,0,0,0,0,0,0,0,0,0,0,0,0,0,0,0,0,0,0,0,0,0,0,0,0,0,0,0,0,0,0,3,2,2,2,2,2,2,2,0,2,0,1,2,1,1,2,25697,4,4,2,0,0,0,2,0,2,1
11B214,11,40235,2,1,0,2,5,224,2,37,6,3,1,1,1,2,1,2,2,1,0,0,0,0,0,0,0,0,0,0,0,0,0,3,3,2,2,2,2,2,1,2,2,2,2,0,2,1,1,0,0,0,0,0,0,0,0,0,0,0,0,30,2,0,3,3,2,0,2,2,2,2,2,2,2,0,2,0,1,1,1,1,2,17131,1,3,1,0,2,0,1,3,2,1
11B214,11,40235,1,1,0,2,5,224,2,69,2,4,7,1,2,2,2,2,2,2,0,0,0,0,0,0,0,0,0,0,0,0,0,0,0,0,0,0,0,0,0,0,0,0,0,0,0,0,0,0,0,0,0,0,0,0,0,0,0,0,0,0,0,0,0,0,0,5,2,2,2,2,2,2,2,0,2,0,1,2,2,2,2,25697,4,4,2,0,0,0,2,0,0,0
13A228,11,40275,4,1,0,1,5,224,2,50,4,3,1,1,1,1,2,2,2,2,1,5,2,2,1,2,2,2,2,0,2,1,1,0,0,0,0,0,0,0,0,0,0,0,0,0,0,0,0,0,0,0,0,0,0,0,0,0,0,0,0,45,2,0,3,3,2,0,2,2,2,2,2,1,1,2,1,2,1,1,1,1,1,9257,1,1,1,2,0,0,1,1,2,1
13A228,11,40275,2,1,0,1,5,224,1,54,7,5,1,1,1,1,2,1,2,2,2,4,2,2,2,1,1,2,2,0,2,1,1,0,0,0,0,0,0,0,0,0,0,0,0,0,0,0,0,4,4,1,1,2,2,1,1,0,1,1,1,30,2,0,3,4,2,0,2,2,2,2,2,2,2,0,1,2,1,1,2,3,1,27771,1,2,1,2,0,3,1,6,2,2
13A228,11,40275,3,1,0,1,5,224,1,66,3,3,1,1,2,2,2,2,2,2,0,0,0,0,0,0,0,0,0,0,0,0,0,0,0,0,0,0,0,0,0,0,0,0,0,0,0,0,0,0,0,0,0,0,0,0,0,0,0,0,0,0,0,0,0,0,0,1,2,2,2,2,2,2,2,0,2,0,1,2,2,2,2,18514,4,4,2,0,0,0,2,0,2,1
13A228,11,40275,1,1,0,1,5,224,1,34,4,3,1,1,1,2,2,2,2,2,0,0,0,0,0,0,0,0,0,0,0,0,0,0,0,0,0,0,0,0,0,0,0,0,0,0,0,0,0,0,0,0,0,0,0,0,0,0,0,0,0,0,0,0,0,0,0,3,2,2,2,2,1,1,1,2,1,3,1,1,1,1,1,18514,2,4,2,0,0,0,2,0,2,1
12B222,11,40277,3,1,0,1,5,224,2,61,2,6,7,1,2,2,2,2,2,2,0,0,0,0,0,0,0,0,0,0,0,0,0,0,0,0,0,0,0,0,0,0,0,0,0,0,0,0,0,0,0,0,0,0,0,0,0,0,0,0,0,0,0,0,0,0,0,5,2,2,2,2,2,2,2,0,1,1,1,2,1,1,2,7181,4,4,2,0,0,0,2,0,0,0
12B222,11,40277,4,1,0,1,5,224,1,66,3,3,1,1,1,2,2,1,2,2,0,0,0,0,0,0,0,0,0,0,0,0,0,0,0,0,0,0,0,0,0,0,0,0,0,0,0,0,0,6,3,1,1,1,1,1,3,54,2,1,2,90,2,0,4,3,2,0,2,1,2,2,2,1,1,2,1,3,1,2,1,1,2,21543,1,3,1,0,0,2,1,6,2,1
12B222,11,40277,2,1,0,2,5,224,2,83,2,6,7,1,1,2,2,1,2,2,0,0,0,0,0,0,0,0,0,0,0,0,0,0,0,0,0,0,0,0,0,0,0,0,0,0,0,0,0,7,4,1,2,1,1,1,2,0,2,1,1,60,2,0,2,1,2,0,2,2,2,2,1,1,1,2,2,0,1,2,1,1,2,14362,1,3,1,0,0,2,1,7,0,0
12B222,11,40277,1,1,0,1,5,224,1,48,8,1,1,1,1,1,2,1,2,1,6,2,2,1,2,2,2,2,1,0,1,2,1,0,0,0,0,0,0,0,0,0,0,0,0,0,0,0,0,5,3,1,1,2,2,1,1,0,1,2,1,25,2,0,3,4,1,0,1,2,1,2,2,1,2,0,1,3,1,1,1,1,1,21543,1,2,1,1,0,1,1,11,2,2
12A228,11,40317,1,1,0,1,5,224,1,46,7,4,1,1,1,1,2,1,2,2,10,1,1,1,2,2,2,2,1,0,1,2,2,0,0,0,0,0,0,0,0,0,0,0,0,0,0,0,0,5,3,1,1,2,2,1,3,60,2,1,1,45,2,0,4,3,2,0,2,2,2,2,2,1,2,0,1,3,1,1,1,2,2,15793,1,2,1,1,0,2,1,15,2,2
12A228,11,40317,3,1,0,1,5,224,1,54,3,1,1,1,2,2,2,2,2,2,0,0,0,0,0,0,0,0,0,0,0,0,0,0,0,0,0,0,0,0,0,0,0,0,0,0,0,0,0,0,0,0,0,0,0,0,0,0,0,0,0,0,0,0,0,0,0,1,2,2,2,2,2,2,2,0,2,0,1,2,1,1,2,31585,4,4,2,0,0,0,2,0,2,1
12A228,11,40317,4,1,0,2,5,224,2,71,2,1,7,1,1,2,2,2,2,2,0,0,0,0,0,0,0,0,0,0,0,0,0,0,0,0,0,0,0,0,0,0,0,0,0,0,0,0,0,0,0,0,0,0,0,0,0,0,0,0,0,0,0,0,0,0,0,1,2,2,2,2,2,2,2,0,2,0,1,2,2,2,2,15793,2,4,2,0,0,0,2,0,0,0
12A228,11,40317,2,1,0,1,5,224,2,53,3,3,7,1,1,1,2,2,2,2,1,5,2,2,1,2,2,2,2,0,2,1,1,0,0,0,0,0,0,0,0,0,0,0,0,0,0,0,0,0,0,0,0,0,0,0,0,0,0,0,0,30,2,0,2,3,2,0,2,2,2,2,1,1,1,1,1,1,1,1,1,2,1,15793,1,1,1,2,0,0,1,1,0,1
11A228,11,40366,2,1,0,1,5,224,2,49,4,3,7,1,2,2,2,2,2,2,0,0,0,0,0,0,0,0,0,0,0,0,0,0,0,0,0,0,0,0,0,0,0,0,0,0,0,0,0,0,0,0,0,0,0,0,0,0,0,0,0,0,0,0,0,0,0,3,2,2,2,2,2,2,2,0,2,0,1,3,1,1,2,17135,4,4,2,0,0,0,2,0,0,1
11A228,11,40366,4,1,0,2,5,224,2,65,2,6,7,1,2,2,2,2,2,2,0,0,0,0,0,0,0,0,0,0,0,0,0,0,0,0,0,0,0,0,0,0,0,0,0,0,0,0,0,0,0,0,0,0,0,0,0,0,0,0,0,0,0,0,0,0,0,1,2,2,2,2,2,2,2,0,2,0,1,2,2,2,2,25702,4,4,2,0,0,0,2,0,0,0
11A228,11,40366,1,1,0,1,5,224,1,65,2,3,1,1,2,2,2,2,2,2,0,0,0,0,0,0,0,0,0,0,0,0,0,0,0,0,0,0,0,0,0,0,0,0,0,0,0,0,0,0,0,0,0,0,0,0,0,0,0,0,0,0,0,0,0,0,0,1,2,2,2,2,2,2,2,0,2,0,1,2,2,2,2,8567,4,4,2,0,0,0,2,0,2,0
11A228,11,40366,3,1,0,1,5,224,1,65,2,6,1,1,2,2,2,2,2,2,0,0,0,0,0,0,0,0,0,0,0,0,0,0,0,0,0,0,0,0,0,0,0,0,0,0,0,0,0,0,0,0,0,0,0,0,0,0,0,0,0,0,0,0,0,0,0,5,2,2,2,2,2,2,2,0,2,0,1,2,2,2,2,25702,4,4,2,0,0,0,2,0,2,0
13B214,11,40374,3,1,1,2,5,224,2,36,4,3,1,1,1,1,1,2,2,1,3,4,2,2,2,1,2,2,2,0,2,1,1,3,1,2,2,2,2,2,1,2,2,2,3,120,2,1,1,0,0,0,0,0,0,0,0,0,0,0,0,90,2,0,3,3,2,0,2,2,2,2,2,1,2,0,1,2,1,1,1,1,1,20626,1,2,1,2,2,0,1,6,2,1
13B214,11,40374,4,1,0,3,5,224,1,20,7,1,6,1,1,1,2,2,2,2,7,2,1,1,2,2,2,2,1,0,1,1,1,0,0,0,0,0,0,0,0,0,0,0,0,0,0,0,0,0,0,0,0,0,0,0,0,0,0,0,0,120,1,5,4,3,1,0,2,2,1,1,2,1,1,2,1,4,1,1,1,1,1,30939,1,1,1,3,0,0,1,7,1,2
13B214,11,40374,1,1,0,2,5,224,2,63,3,3,1,1,1,1,2,1,2,2,1,5,2,2,1,2,2,2,2,0,2,1,1,0,0,0,0,0,0,0,0,0,0,0,0,0,0,0,0,3,3,1,2,2,1,1,2,0,2,1,1,30,2,0,1,3,2,0,2,2,2,2,2,2,2,0,2,0,1,2,2,2,2,51565,1,2,1,2,0,2,1,4,2,1
13B214,11,40374,2,1,1,1,5,224,1,62,7,4,8,1,1,1,1,1,2,2,3,4,1,2,2,2,1,2,2,0,2,1,1,1,4,2,2,2,2,2,1,2,2,2,3,120,2,1,1,5,3,1,1,1,2,1,3,60,2,1,1,60,2,0,3,3,2,0,1,2,2,2,2,2,2,0,1,3,1,1,1,2,2,41252,1,2,1,2,2,2,1,9,0,2
12B215,11,40466,2,1,0,2,5,224,2,79,6,3,7,1,2,2,2,2,2,2,0,0,0,0,0,0,0,0,0,0,0,0,0,0,0,0,0,0,0,0,0,0,0,0,0,0,0,0,0,0,0,0,0,0,0,0,0,0,0,0,0,0,0,0,0,0,0,2,2,2,2,2,2,1,2,0,1,2,1,2,2,2,2,27119,4,4,2,0,0,0,2,0,0,1
12B215,11,40466,4,1,0,1,5,224,1,59,7,3,1,1,1,1,1,1,2,1,6,4,2,1,1,2,2,2,1,0,1,2,1,3,3,2,1,2,2,2,2,2,2,2,1,0,1,2,1,5,3,1,1,2,2,1,1,0,1,1,1,120,1,6,2,3,1,0,2,2,2,2,1,1,2,0,1,1,1,3,3,3,3,36158,1,2,1,1,1,3,1,14,2,2
12B215,11,40466,1,1,0,2,5,224,1,48,4,3,1,1,2,2,2,2,2,2,0,0,0,0,0,0,0,0,0,0,0,0,0,0,0,0,0,0,0,0,0,0,0,0,0,0,0,0,0,0,0,0,0,0,0,0,0,0,0,0,0,0,0,0,0,0,0,1,2,2,2,2,2,1,2,0,1,2,1,3,1,3,3,18079,4,4,2,0,0,0,2,0,2,1
12B215,11,40466,3,1,0,1,5,224,1,48,3,3,1,1,2,2,2,1,2,2,0,0,0,0,0,0,0,0,0,0,0,0,0,0,0,0,0,0,0,0,0,0,0,0,0,0,0,0,0,4,3,1,1,2,2,1,3,48,2,1,2,15,2,0,3,3,2,0,2,2,2,2,2,2,2,0,1,1,1,3,1,2,2,45198,3,3,1,0,0,2,1,4,2,1
11B215,11,40468,4,1,0,1,5,224,1,47,7,4,1,1,1,2,2,2,2,1,0,0,0,0,0,0,0,0,0,0,0,0,0,0,0,0,0,0,0,0,0,0,0,0,0,0,0,0,0,0,0,0,0,0,0,0,0,0,0,0,0,20,2,0,3,3,2,0,2,2,2,2,2,2,2,0,2,0,1,1,1,1,1,14809,1,3,1,0,0,0,2,0,2,2
11B215,11,40468,3,1,0,2,5,224,2,30,7,4,1,1,1,2,2,2,2,1,0,0,0,0,0,0,0,0,0,0,0,0,0,0,0,0,0,0,0,0,0,0,0,0,0,0,0,0,0,0,0,0,0,0,0,0,0,0,0,0,0,60,2,0,4,3,2,0,2,2,2,2,1,1,2,0,1,4,1,1,1,1,1,14809,1,3,1,0,0,0,2,0,2,2
11B215,11,40468,2,1,0,6,5,224,1,20,4,3,1,1,2,2,2,2,2,2,0,0,0,0,0,0,0,0,0,0,0,0,0,0,0,0,0,0,0,0,0,0,0,0,0,0,0,0,0,0,0,0,0,0,0,0,0,0,0,0,0,0,0,0,0,0,0,1,2,2,2,2,2,2,2,0,2,0,1,1,1,1,2,44428,4,4,2,0,0,0,2,0,2,1
12B222,11,40506,3,1,0,1,5,224,1,77,2,6,8,1,2,2,2,2,2,2,0,0,0,0,0,0,0,0,0,0,0,0,0,0,0,0,0,0,0,0,0,0,0,0,0,0,0,0,0,0,0,0,0,0,0,0,0,0,0,0,0,0,0,0,0,0,0,1,2,2,2,2,2,1,1,2,1,1,1,2,2,2,2,8855,4,4,2,0,0,0,2,0,0,0
12B222,11,40506,1,1,0,1,5,224,1,39,7,4,1,1,1,2,2,1,2,2,0,0,0,0,0,0,0,0,0,0,0,0,0,0,0,0,0,0,0,0,0,0,0,0,0,0,0,0,0,3,3,1,1,2,2,1,3,36,2,1,1,60,2,0,2,3,2,0,2,1,2,2,2,1,1,2,1,2,1,2,1,1,1,4428,1,3,1,0,0,2,1,3,2,2
12B222,11,40506,4,1,0,1,5,224,2,59,4,2,7,1,2,2,2,2,2,1,0,0,0,0,0,0,0,0,0,0,0,0,0,0,0,0,0,0,0,0,0,0,0,0,0,0,0,0,0,0,0,0,0,0,0,0,0,0,0,0,0,30,2,0,1,1,2,0,2,2,2,2,2,2,2,0,2,0,1,2,2,2,2,13283,3,3,1,0,0,0,2,0,0,1
12B222,11,40506,2,1,0,1,5,224,1,74,0,,8,1,1,1,2,2,2,2,2,5,2,2,1,2,2,2,3,50,2,1,1,0,0,0,0,0,0,0,0,0,0,0,0,0,0,0,0,0,0,0,0,0,0,0,0,0,0,0,0,120,2,0,2,2,2,0,2,2,2,2,2,2,2,0,2,0,2,0,0,0,0,8855,1,1,1,2,0,0,1,2,0,0
11B213,12,40002,1,1,0,1,13,224,1,62,3,3,1,1,2,2,2,2,2,2,0,0,0,0,0,0,0,0,0,0,0,0,0,0,0,0,0,0,0,0,0,0,0,0,0,0,0,0,0,0,0,0,0,0,0,0,0,0,0,0,0,0,0,0,0,0,0,1,2,2,2,2,2,2,2,0,2,0,1,2,1,1,2,15991,4,4,2,0,0,0,2,0,2,1
11B213,12,40002,3,1,0,1,13,224,2,42,3,3,1,1,2,2,2,2,2,2,0,0,0,0,0,0,0,0,0,0,0,0,0,0,0,0,0,0,0,0,0,0,0,0,0,0,0,0,0,0,0,0,0,0,0,0,0,0,0,0,0,0,0,0,0,0,0,2,2,2,2,2,2,2,2,0,2,0,1,1,1,1,2,15991,4,4,2,0,0,0,2,0,2,1
11B213,12,40002,2,1,0,2,13,224,2,45,7,5,1,1,1,1,2,2,2,2,2,1,2,1,2,2,2,2,3,1500,2,1,1,0,0,0,0,0,0,0,0,0,0,0,0,0,0,0,0,0,0,0,0,0,0,0,0,0,0,0,0,60,2,0,4,3,1,0,2,2,2,1,2,1,1,2,1,1,1,1,1,1,2,10660,1,1,1,2,0,0,1,2,2,2
11B213,12,40002,4,1,0,1,13,224,2,57,3,3,1,1,2,2,1,2,2,2,0,0,0,0,0,0,0,0,0,0,0,0,0,3,4,2,2,2,2,1,2,2,2,2,2,0,2,1,1,0,0,0,0,0,0,0,0,0,0,0,0,25,2,0,3,3,2,0,2,2,2,2,2,2,2,0,2,0,1,1,1,1,2,15991,3,3,1,0,2,0,1,3,2,1
11B221,12,40038,2,1,0,1,13,224,2,54,7,5,1,1,2,2,1,2,2,2,0,0,0,0,0,0,0,0,0,0,0,0,0,4,4,2,2,2,1,1,2,2,2,2,2,0,2,1,1,0,0,0,0,0,0,0,0,0,0,0,0,25,2,0,3,3,2,0,2,2,2,2,1,1,1,2,2,0,1,1,1,1,1,24070,3,3,1,0,2,0,1,4,2,2
11B221,12,40038,1,1,0,1,13,224,2,45,0,,4,2,0,0,0,0,0,0,0,0,0,0,0,0,0,0,0,0,0,0,0,0,0,0,0,0,0,0,0,0,0,0,0,0,0,0,0,0,0,0,0,0,0,0,0,0,0,0,0,0,0,0,0,0,0,0,0,0,0,0,0,0,0,0,0,0,0,0,0,0,0,72211,0,0,0,0,0,0,0,0,1,0
11B221,12,40102,2,1,0,1,13,224,1,53,3,3,1,1,2,2,2,2,2,2,0,0,0,0,0,0,0,0,0,0,0,0,0,0,0,0,0,0,0,0,0,0,0,0,0,0,0,0,0,0,0,0,0,0,0,0,0,0,0,0,0,0,0,0,0,0,0,3,2,2,2,2,2,1,2,0,2,0,1,2,1,1,2,27393,4,4,2,0,0,0,2,0,2,1
11B221,12,40102,1,1,0,2,13,224,2,31,4,3,1,1,2,2,2,2,2,2,0,0,0,0,0,0,0,0,0,0,0,0,0,0,0,0,0,0,0,0,0,0,0,0,0,0,0,0,0,0,0,0,0,0,0,0,0,0,0,0,0,0,0,0,0,0,0,2,2,2,2,2,2,2,2,0,2,0,1,2,1,1,2,13697,4,4,2,0,0,0,2,0,2,1
11B221,12,40102,4,1,0,2,13,224,2,34,7,3,1,1,2,2,2,2,2,2,0,0,0,0,0,0,0,0,0,0,0,0,0,0,0,0,0,0,0,0,0,0,0,0,0,0,0,0,0,0,0,0,0,0,0,0,0,0,0,0,0,0,0,0,0,0,0,3,2,2,2,2,2,1,1,2,2,0,1,1,1,1,2,13697,4,4,2,0,0,0,2,0,2,2
11B221,12,40102,3,1,0,1,13,224,2,47,3,3,1,1,2,2,2,2,2,2,0,0,0,0,0,0,0,0,0,0,0,0,0,0,0,0,0,0,0,0,0,0,0,0,0,0,0,0,0,0,0,0,0,0,0,0,0,0,0,0,0,0,0,0,0,0,0,3,2,2,2,2,2,2,1,2,2,0,1,1,1,1,2,6848,4,4,2,0,0,0,2,0,2,1
11B216,12,40109,1,1,0,2,13,224,2,29,2,6,7,1,2,2,2,2,2,2,0,0,0,0,0,0,0,0,0,0,0,0,0,0,0,0,0,0,0,0,0,0,0,0,0,0,0,0,0,0,0,0,0,0,0,0,0,0,0,0,0,0,0,0,0,0,0,2,2,2,2,2,2,2,2,0,2,0,1,2,1,1,2,8965,4,4,2,0,0,0,2,0,0,0
11B216,12,40109,2,1,0,2,13,224,1,26,4,2,1,1,1,1,2,2,2,2,1,4,2,2,1,2,2,2,2,0,2,1,1,0,0,0,0,0,0,0,0,0,0,0,0,0,0,0,0,0,0,0,0,0,0,0,0,0,0,0,0,60,2,0,4,4,2,0,2,2,2,2,2,1,1,1,2,0,1,1,1,1,2,26895,1,1,1,2,0,0,1,1,2,1
11B216,12,40109,3,1,0,2,13,224,2,48,3,3,1,1,1,1,2,2,2,2,1,4,2,2,2,1,2,2,2,0,2,1,1,0,0,0,0,0,0,0,0,0,0,0,0,0,0,0,0,0,0,0,0,0,0,0,0,0,0,0,0,30,2,0,3,3,2,0,2,2,2,2,2,2,2,0,2,0,1,1,1,1,2,26895,1,1,1,2,0,0,1,1,2,1
11B216,12,40109,4,1,0,1,13,224,2,40,3,3,1,1,2,2,2,2,2,2,0,0,0,0,0,0,0,0,0,0,0,0,0,0,0,0,0,0,0,0,0,0,0,0,0,0,0,0,0,0,0,0,0,0,0,0,0,0,0,0,0,0,0,0,0,0,0,2,2,2,2,2,2,2,1,2,2,0,1,1,1,2,2,17930,4,4,2,0,0,0,2,0,2,1
12A227,12,40158,4,1,0,1,13,224,1,27,7,4,6,1,1,1,2,2,2,2,6,2,2,1,2,1,2,2,3,1200,2,1,1,0,0,0,0,0,0,0,0,0,0,0,0,0,0,0,0,0,0,0,0,0,0,0,0,0,0,0,0,90,2,0,4,3,1,0,2,2,2,1,2,1,1,1,1,2,1,1,1,1,2,6425,1,1,1,2,0,0,1,6,1,2
12A227,12,40158,2,1,0,2,13,224,2,33,3,2,7,1,2,2,1,2,2,2,0,0,0,0,0,0,0,0,0,0,0,0,0,2,4,2,2,2,1,2,2,2,1,2,3,80,2,1,1,0,0,0,0,0,0,0,0,0,0,0,0,35,2,0,4,4,2,0,2,2,2,2,2,1,1,2,1,1,1,1,1,1,2,12850,3,3,1,0,2,0,1,2,0,1
12A227,12,40158,3,1,0,3,13,224,2,28,7,5,1,1,1,1,2,2,2,2,1,4,2,2,2,1,2,2,2,0,2,1,1,0,0,0,0,0,0,0,0,0,0,0,0,0,0,0,0,0,0,0,0,0,0,0,0,0,0,0,0,30,2,0,4,3,2,0,1,2,2,2,2,1,1,2,2,0,1,1,1,1,2,25700,1,1,1,2,0,0,1,1,2,2
11A227,12,40159,1,1,0,2,13,224,2,32,7,5,4,1,2,2,2,2,2,2,0,0,0,0,0,0,0,0,0,0,0,0,0,0,0,0,0,0,0,0,0,0,0,0,0,0,0,0,0,0,0,0,0,0,0,0,0,0,0,0,0,0,0,0,0,0,0,3,2,2,2,2,2,1,1,1,2,0,1,1,1,1,2,13810,4,4,2,0,0,0,2,0,1,2
11A227,12,40159,2,1,0,2,13,224,1,68,2,3,1,1,2,2,2,2,2,2,0,0,0,0,0,0,0,0,0,0,0,0,0,0,0,0,0,0,0,0,0,0,0,0,0,0,0,0,0,0,0,0,0,0,0,0,0,0,0,0,0,0,0,0,0,0,0,2,2,2,2,2,2,2,2,0,2,0,1,2,1,1,2,13810,4,4,2,0,0,0,2,0,2,0
11A227,12,40159,4,1,0,1,13,224,2,75,6,3,8,1,2,2,1,2,2,2,0,0,0,0,0,0,0,0,0,0,0,0,0,2,4,2,2,2,1,2,2,2,1,2,2,0,2,1,1,0,0,0,0,0,0,0,0,0,0,0,0,20,2,0,2,3,2,0,2,2,2,2,2,2,2,0,2,0,1,2,1,2,2,6905,3,3,1,0,2,0,1,2,0,1
12B214,12,40196,1,1,0,2,13,224,2,56,4,3,7,1,2,2,2,2,2,2,0,0,0,0,0,0,0,0,0,0,0,0,0,0,0,0,0,0,0,0,0,0,0,0,0,0,0,0,0,0,0,0,0,0,0,0,0,0,0,0,0,0,0,0,0,0,0,3,2,2,2,2,2,1,1,2,1,1,1,1,1,1,1,14526,4,4,2,0,0,0,2,0,0,1
12B214,12,40196,3,1,0,2,13,224,2,36,4,3,1,1,2,2,1,2,2,2,0,0,0,0,0,0,0,0,0,0,0,0,0,1,4,2,2,2,2,2,2,2,1,2,3,50,2,1,1,0,0,0,0,0,0,0,0,0,0,0,0,25,2,0,4,4,2,0,2,2,2,2,2,2,1,1,2,0,1,2,1,1,2,14526,3,3,1,0,2,0,1,1,2,1
12B214,12,40196,2,1,0,1,13,224,1,65,2,6,8,1,2,2,2,2,2,2,0,0,0,0,0,0,0,0,0,0,0,0,0,0,0,0,0,0,0,0,0,0,0,0,0,0,0,0,0,0,0,0,0,0,0,0,0,0,0,0,0,0,0,0,0,0,0,5,2,2,2,2,2,1,1,1,1,1,1,1,1,1,2,43577,4,4,2,0,0,0,2,0,0,0
12B214,12,40196,4,1,0,2,13,224,2,43,3,3,7,1,2,2,2,2,2,2,0,0,0,0,0,0,0,0,0,0,0,0,0,0,0,0,0,0,0,0,0,0,0,0,0,0,0,0,0,0,0,0,0,0,0,0,0,0,0,0,0,0,0,0,0,0,0,2,2,2,2,2,2,2,1,2,2,0,1,1,1,1,1,14526,4,4,2,0,0,0,2,0,0,1
11B214,12,40197,2,1,0,2,13,224,2,24,4,2,7,1,2,2,1,2,2,2,0,0,0,0,0,0,0,0,0,0,0,0,0,2,4,2,2,2,2,2,2,2,1,2,2,0,2,1,1,0,0,0,0,0,0,0,0,0,0,0,0,30,2,0,4,4,2,0,2,2,2,2,2,1,1,2,2,0,1,1,1,1,2,15505,3,3,1,0,2,0,1,2,0,1
11B214,12,40197,1,1,0,2,13,224,2,52,3,3,1,1,2,2,1,2,2,2,0,0,0,0,0,0,0,0,0,0,0,0,0,3,4,2,2,2,1,2,2,2,1,2,3,150,2,1,1,0,0,0,0,0,0,0,0,0,0,0,0,30,2,0,4,4,2,0,2,1,2,2,2,2,2,0,2,0,1,2,2,1,2,7752,3,3,1,0,2,0,1,3,2,1
11B214,12,40197,4,1,0,1,13,224,2,47,2,6,1,1,2,2,2,2,2,2,0,0,0,0,0,0,0,0,0,0,0,0,0,0,0,0,0,0,0,0,0,0,0,0,0,0,0,0,0,0,0,0,0,0,0,0,0,0,0,0,0,0,0,0,0,0,0,3,2,2,2,2,2,2,2,0,2,0,1,2,2,2,2,23258,4,4,2,0,0,0,2,0,2,0
11A228,12,40221,3,1,0,1,13,224,2,86,0,,8,2,0,0,0,0,0,0,0,0,0,0,0,0,0,0,0,0,0,0,0,0,0,0,0,0,0,0,0,0,0,0,0,0,0,0,0,0,0,0,0,0,0,0,0,0,0,0,0,0,0,0,0,0,0,0,0,0,0,0,0,0,0,0,0,0,0,0,0,0,0,6430,0,0,0,0,0,0,0,0,0,0
11A228,12,40221,2,1,0,3,13,224,2,20,4,3,6,1,1,1,2,2,2,2,3,2,2,1,2,1,2,2,3,500,2,1,1,0,0,0,0,0,0,0,0,0,0,0,0,0,0,0,0,0,0,0,0,0,0,0,0,0,0,0,0,60,2,0,4,3,2,0,2,2,2,2,2,2,1,2,2,0,1,1,1,1,2,19291,1,1,1,2,0,0,1,3,1,1
11A228,12,40221,1,1,0,1,13,224,2,75,0,,7,2,0,0,0,0,0,0,0,0,0,0,0,0,0,0,0,0,0,0,0,0,0,0,0,0,0,0,0,0,0,0,0,0,0,0,0,0,0,0,0,0,0,0,0,0,0,0,0,0,0,0,0,0,0,0,0,0,0,0,0,0,0,0,0,0,0,0,0,0,0,6430,0,0,0,0,0,0,0,0,0,0
11A228,12,40221,4,1,0,2,13,224,2,36,7,5,7,1,2,2,1,2,2,2,0,0,0,0,0,0,0,0,0,0,0,0,0,4,4,2,2,2,2,2,2,2,1,2,3,50,2,1,1,0,0,0,0,0,0,0,0,0,0,0,0,40,2,0,4,4,2,0,2,1,2,2,2,1,1,1,2,0,1,1,1,1,2,12861,3,3,1,0,2,0,1,4,0,2
11B222,12,40259,2,1,0,1,13,224,2,57,3,3,7,1,2,2,1,2,2,2,0,0,0,0,0,0,0,0,0,0,0,0,0,1,4,2,2,2,2,2,2,2,1,2,2,0,2,1,1,0,0,0,0,0,0,0,0,0,0,0,0,25,2,0,3,3,2,0,2,2,2,2,2,2,1,2,2,0,1,2,1,2,2,8432,3,3,1,0,2,0,1,1,0,1
11B222,12,40259,3,1,0,1,13,224,1,21,3,3,1,1,1,1,2,1,2,2,2,4,2,2,2,1,2,2,3,550,2,1,1,0,0,0,0,0,0,0,0,0,0,0,0,0,0,0,0,3,4,2,1,2,2,1,2,0,2,1,2,30,2,0,3,3,2,0,2,2,2,2,2,1,1,2,2,0,1,1,1,1,2,8432,1,2,1,2,0,2,1,5,2,1
11B222,12,40259,4,1,0,2,13,224,2,33,7,5,7,1,2,2,2,2,2,2,0,0,0,0,0,0,0,0,0,0,0,0,0,0,0,0,0,0,0,0,0,0,0,0,0,0,0,0,0,0,0,0,0,0,0,0,0,0,0,0,0,0,0,0,0,0,0,3,2,2,2,2,2,2,2,0,2,0,1,1,1,1,1,16862,4,4,2,0,0,0,2,0,0,2
11B222,12,40259,1,1,0,2,13,224,1,39,3,3,1,1,2,2,2,2,2,2,0,0,0,0,0,0,0,0,0,0,0,0,0,0,0,0,0,0,0,0,0,0,0,0,0,0,0,0,0,0,0,0,0,0,0,0,0,0,0,0,0,0,0,0,0,0,0,3,2,2,2,2,2,2,2,0,2,0,1,1,1,2,2,16862,4,4,2,0,0,0,2,0,2,1
11B215,12,40290,3,1,0,2,13,224,1,44,7,4,1,1,2,2,2,1,2,2,0,0,0,0,0,0,0,0,0,0,0,0,0,0,0,0,0,0,0,0,0,0,0,0,0,0,0,0,0,1,4,2,1,2,2,1,2,0,2,1,2,20,2,0,4,4,2,0,2,2,2,2,2,2,1,1,2,0,1,1,1,1,1,16031,3,3,1,0,0,2,1,1,2,2
11B215,12,40290,1,1,0,1,13,224,1,58,4,3,1,1,2,2,2,2,2,2,0,0,0,0,0,0,0,0,0,0,0,0,0,0,0,0,0,0,0,0,0,0,0,0,0,0,0,0,0,0,0,0,0,0,0,0,0,0,0,0,0,0,0,0,0,0,0,5,2,2,2,2,2,2,2,0,2,0,1,2,1,1,1,16031,4,4,2,0,0,0,2,0,2,1
11B215,12,40360,1,1,0,2,13,224,2,63,4,3,7,1,2,2,2,2,2,2,0,0,0,0,0,0,0,0,0,0,0,0,0,0,0,0,0,0,0,0,0,0,0,0,0,0,0,0,0,0,0,0,0,0,0,0,0,0,0,0,0,0,0,0,0,0,0,1,2,2,2,2,2,2,2,0,2,0,1,1,1,2,2,34770,4,4,2,0,0,0,2,0,0,1
11B215,12,40360,3,1,0,1,13,224,2,36,3,3,7,1,2,2,1,2,2,2,0,0,0,0,0,0,0,0,0,0,0,0,0,3,4,2,2,2,1,2,2,2,1,2,2,0,2,1,1,0,0,0,0,0,0,0,0,0,0,0,0,30,2,0,4,4,2,0,2,2,2,2,2,1,1,2,2,0,1,2,1,2,2,34770,3,3,1,0,2,0,1,3,0,1
11B215,12,40360,4,1,0,1,13,224,2,44,3,3,1,1,2,2,2,2,2,2,0,0,0,0,0,0,0,0,0,0,0,0,0,0,0,0,0,0,0,0,0,0,0,0,0,0,0,0,0,0,0,0,0,0,0,0,0,0,0,0,0,0,0,0,0,0,0,5,2,2,2,2,2,1,2,0,2,0,1,2,1,2,2,17384,4,4,2,0,0,0,2,0,2,1
13B216,13,40013,4,1,0,1,43,224,1,40,4,3,1,1,1,2,2,1,1,2,0,0,0,0,0,0,0,0,0,0,0,0,0,0,0,0,0,0,0,0,0,0,0,0,0,0,0,0,0,2,3,2,1,1,2,1,2,0,2,1,2,15,2,0,1,3,2,0,1,2,2,1,2,2,2,0,2,0,1,1,1,3,1,8331,1,3,1,0,0,2,1,2,2,1
13B216,13,40013,1,1,0,2,43,224,2,26,7,2,6,1,1,1,1,2,2,1,3,2,2,1,2,2,2,2,2,0,1,2,1,5,2,2,1,2,1,2,1,1,1,2,2,0,2,1,1,0,0,0,0,0,0,0,0,0,0,0,0,180,1,7,2,3,2,0,2,2,1,2,2,2,2,0,1,1,1,2,2,2,2,16663,1,2,1,1,2,0,1,8,1,2
13B216,13,40013,2,1,0,2,43,224,2,49,6,3,7,1,1,1,2,2,2,1,1,3,2,2,2,1,2,2,3,400,2,1,1,0,0,0,0,0,0,0,0,0,0,0,0,0,0,0,0,0,0,0,0,0,0,0,0,0,0,0,0,30,2,0,2,2,1,0,1,2,2,2,1,2,2,0,1,1,1,1,1,1,1,16663,1,2,1,2,0,0,1,1,0,1
12B221,13,40034,2,1,0,2,43,224,1,66,8,3,9,1,1,1,1,1,2,1,1,4,2,2,2,1,2,2,3,400,2,1,1,3,4,2,2,1,2,2,1,2,2,2,3,100,2,1,1,3,3,1,2,2,2,1,1,0,1,2,1,60,2,0,4,4,2,0,1,2,2,1,1,1,1,2,1,5,1,2,1,2,2,10729,1,2,1,2,2,1,1,7,0,2
12B221,13,40034,4,1,0,1,43,224,1,51,8,2,1,1,1,1,1,1,2,1,40,1,2,2,2,1,2,2,3,3500,2,1,2,15,3,2,2,1,1,2,1,2,2,2,3,600,1,1,1,4,3,1,2,2,2,2,1,0,1,2,1,120,1,5,4,3,1,0,1,1,1,1,1,1,2,0,1,5,1,1,1,2,2,10729,1,2,1,2,3,1,1,59,2,2
12B221,13,40034,3,1,0,1,43,224,1,61,3,2,7,1,1,2,2,1,2,2,0,0,0,0,0,0,0,0,0,0,0,0,0,0,0,0,0,0,0,0,0,0,0,0,0,0,0,0,0,5,3,2,1,1,2,1,2,0,2,1,1,10,2,0,2,4,2,0,2,2,2,2,2,1,1,1,1,6,1,2,1,1,2,3576,1,3,1,0,0,2,1,5,0,1
12B221,13,40034,1,1,0,4,43,224,2,74,5,2,8,1,1,1,2,2,2,2,1,3,2,2,2,2,1,2,1,0,1,2,1,0,0,0,0,0,0,0,0,0,0,0,0,0,0,0,0,0,0,0,0,0,0,0,0,0,0,0,0,60,2,0,2,3,2,0,2,2,2,2,1,1,1,1,1,5,1,2,2,2,2,14306,1,1,1,1,0,0,1,1,0,1
13B213,13,40037,2,1,0,1,43,224,2,51,7,4,8,1,1,2,1,2,2,1,0,0,0,0,0,0,0,0,0,0,0,0,0,5,3,2,1,1,1,2,1,1,2,2,2,0,2,1,1,0,0,0,0,0,0,0,0,0,0,0,0,10,2,0,2,4,1,0,1,2,2,1,2,1,1,2,1,1,1,1,1,1,1,19190,1,3,1,0,2,0,1,5,0,2
13B213,13,40037,4,1,0,1,43,224,2,54,7,4,1,1,1,1,1,1,2,2,3,1,2,2,2,2,1,2,3,1500,2,1,2,2,1,2,2,2,2,2,1,2,2,2,1,0,1,2,2,1,4,1,1,1,2,1,1,0,1,2,1,30,1,6,3,4,1,0,2,2,1,2,1,2,2,0,1,5,1,1,1,1,2,19190,1,2,1,2,1,1,1,6,2,2
13B213,13,40037,1,1,0,1,43,224,1,39,8,2,1,1,1,1,1,2,2,1,8,4,2,1,2,1,1,2,3,5000,2,1,1,5,1,2,1,2,2,2,1,1,2,2,2,0,2,1,2,0,0,0,0,0,0,0,0,0,0,0,0,60,2,0,3,4,1,0,1,1,1,1,1,1,2,0,1,5,1,2,2,2,2,9595,1,2,1,2,2,0,1,13,2,2
11B216,13,40041,3,1,0,1,43,224,2,67,2,6,9,1,1,2,1,2,2,2,0,0,0,0,0,0,0,0,0,0,0,0,0,12,4,2,2,1,2,1,2,2,2,2,1,0,1,2,1,0,0,0,0,0,0,0,0,0,0,0,0,30,1,7,1,1,2,0,2,2,2,2,2,2,2,0,2,0,1,2,2,2,2,7288,1,3,1,0,1,0,1,12,0,0
11B216,13,40041,4,1,0,2,43,224,2,43,3,3,1,1,1,1,2,2,2,1,1,5,2,2,1,2,2,2,2,0,2,1,1,0,0,0,0,0,0,0,0,0,0,0,0,0,0,0,0,0,0,0,0,0,0,0,0,0,0,0,0,15,2,0,2,2,1,0,2,2,2,2,2,2,2,0,2,0,1,2,2,2,2,29155,1,2,1,2,0,0,1,1,2,1
11B216,13,40041,2,1,0,2,43,224,2,42,6,3,1,1,1,2,2,2,2,1,0,0,0,0,0,0,0,0,0,0,0,0,0,0,0,0,0,0,0,0,0,0,0,0,0,0,0,0,0,0,0,0,0,0,0,0,0,0,0,0,0,60,2,0,2,3,1,0,1,2,2,2,1,1,1,2,1,1,1,1,1,1,1,14578,1,3,1,0,0,0,2,0,2,1
11B213,13,40070,3,1,0,1,43,224,1,84,2,2,8,2,0,0,0,0,0,0,0,0,0,0,0,0,0,0,0,0,0,0,0,0,0,0,0,0,0,0,0,0,0,0,0,0,0,0,0,0,0,0,0,0,0,0,0,0,0,0,0,0,0,0,0,0,0,0,0,0,0,0,0,0,0,0,0,0,0,0,0,0,0,5458,0,0,0,0,0,0,0,0,0,0
11B213,13,40070,4,1,0,1,43,224,2,80,0,,7,2,0,0,0,0,0,0,0,0,0,0,0,0,0,0,0,0,0,0,0,0,0,0,0,0,0,0,0,0,0,0,0,0,0,0,0,0,0,0,0,0,0,0,0,0,0,0,0,0,0,0,0,0,0,0,0,0,0,0,0,0,0,0,0,0,0,0,0,0,0,10916,0,0,0,0,0,0,0,0,0,0
11B213,13,40070,2,1,0,2,43,224,1,73,2,3,8,1,1,2,1,2,2,2,0,0,0,0,0,0,0,0,0,0,0,0,0,1,4,2,2,2,2,2,2,2,1,2,2,0,2,1,1,0,0,0,0,0,0,0,0,0,0,0,0,10,2,0,2,1,2,0,2,2,2,2,2,2,2,0,2,0,1,2,2,1,2,16374,1,3,1,0,2,0,1,1,0,0
11B213,13,40070,1,1,0,2,43,224,2,53,0,,7,1,2,2,2,2,2,2,0,0,0,0,0,0,0,0,0,0,0,0,0,0,0,0,0,0,0,0,0,0,0,0,0,0,0,0,0,0,0,0,0,0,0,0,0,0,0,0,0,0,0,0,0,0,0,1,2,2,2,2,2,2,2,0,3,0,1,2,2,2,2,16374,4,4,2,0,0,0,2,0,0,0
12A227,13,40156,2,1,0,2,43,224,2,35,7,4,1,1,1,1,2,2,2,1,1,3,2,2,2,2,1,2,3,240,2,1,1,0,0,0,0,0,0,0,0,0,0,0,0,0,0,0,0,0,0,0,0,0,0,0,0,0,0,0,0,30,2,0,2,3,1,0,2,1,2,2,1,1,2,0,1,1,1,1,1,1,1,11982,1,2,1,2,0,0,1,1,2,2
12A227,13,40156,3,1,0,1,43,224,1,85,3,3,8,1,2,2,2,2,2,2,0,0,0,0,0,0,0,0,0,0,0,0,0,0,0,0,0,0,0,0,0,0,0,0,0,0,0,0,0,0,0,0,0,0,0,0,0,0,0,0,0,0,0,0,0,0,0,3,2,2,2,2,1,2,1,1,1,6,1,2,2,2,1,11982,4,4,2,0,0,0,2,0,0,1
12A227,13,40156,4,1,0,1,43,224,2,67,6,3,1,1,2,2,1,2,2,1,0,0,0,0,0,0,0,0,0,0,0,0,0,2,3,2,2,1,1,2,2,2,2,2,2,0,2,1,1,0,0,0,0,0,0,0,0,0,0,0,0,30,2,0,2,3,2,0,2,2,2,2,1,1,2,0,2,0,1,2,1,1,1,11982,3,3,1,0,2,0,1,2,2,1
12A227,13,40156,1,1,0,1,43,224,2,32,8,2,1,1,1,1,2,2,2,2,3,3,2,2,2,1,2,2,3,750,2,1,1,0,0,0,0,0,0,0,0,0,0,0,0,0,0,0,0,0,0,0,0,0,0,0,0,0,0,0,0,30,1,5,4,4,2,0,1,2,2,2,1,2,1,2,1,1,1,1,1,1,1,5991,1,1,1,2,0,0,1,3,2,2
13A228,13,40192,4,1,0,2,43,224,1,59,9,3,1,1,1,1,1,1,2,2,3,1,1,2,2,2,2,2,3,1000,2,1,2,2,1,2,2,2,2,2,1,2,2,2,1,0,1,2,2,20,3,1,1,1,2,1,1,0,1,2,2,90,1,6,4,4,1,0,1,1,1,1,1,2,2,0,1,2,1,2,2,2,2,18378,1,2,1,2,1,1,1,25,2,2
13A228,13,40192,3,1,0,1,43,224,1,67,7,4,8,1,1,1,1,2,2,1,1,3,2,2,2,1,2,2,3,300,2,1,1,2,4,2,2,1,2,2,2,2,2,2,3,260,2,1,1,0,0,0,0,0,0,0,0,0,0,0,0,60,1,5,3,3,2,0,2,2,2,1,2,2,2,0,1,1,1,2,1,1,1,18378,1,2,1,2,2,0,1,3,0,2
13A228,13,40192,2,1,0,1,43,224,1,36,7,4,1,1,1,1,2,2,2,1,2,4,2,2,2,1,1,2,1,0,1,2,1,0,0,0,0,0,0,0,0,0,0,0,0,0,0,0,0,0,0,0,0,0,0,0,0,0,0,0,0,30,1,5,2,4,1,0,1,1,2,2,1,1,1,1,1,2,1,1,1,1,1,27567,1,2,1,1,0,0,1,2,2,2
13A228,13,40192,1,1,0,1,43,224,2,61,7,4,1,1,1,1,1,2,2,1,2,5,2,2,1,2,2,2,1,0,1,2,1,6,3,2,2,1,1,1,1,1,2,2,1,0,1,2,1,0,0,0,0,0,0,0,0,0,0,0,0,30,2,0,3,3,1,0,2,2,2,1,2,1,1,2,1,5,1,2,1,2,1,9189,1,2,1,1,1,0,1,8,2,2
13B214,13,40197,1,1,0,1,43,224,1,77,6,3,8,1,1,1,1,1,2,2,1,4,2,2,2,1,2,2,2,0,2,1,1,3,4,1,2,2,2,1,2,2,1,2,2,0,2,1,1,1,3,1,2,1,1,2,3,10,2,1,1,20,2,0,2,4,2,0,2,2,2,2,2,2,2,0,1,6,1,2,1,1,2,9241,1,2,1,2,2,2,1,5,0,1
13B214,13,40197,4,1,0,2,43,224,2,37,7,4,1,1,2,2,1,2,2,1,0,0,0,0,0,0,0,0,0,0,0,0,0,3,3,2,2,2,2,2,2,1,2,2,1,0,1,2,1,0,0,0,0,0,0,0,0,0,0,0,0,60,2,0,3,3,1,0,1,2,2,2,2,1,1,1,1,1,1,1,1,1,1,18483,3,3,1,0,1,0,1,3,2,2
13B214,13,40197,3,1,0,1,43,224,2,36,8,2,1,1,1,1,2,1,2,1,3,3,2,1,1,2,2,2,1,0,1,1,1,0,0,0,0,0,0,0,0,0,0,0,0,0,0,0,0,1,3,1,1,2,2,1,2,0,2,1,4,30,1,5,2,4,1,0,2,2,2,2,2,1,1,2,1,1,1,1,1,1,2,9241,1,2,1,3,0,2,1,4,2,2
11A228,13,40286,2,1,0,2,43,224,2,38,3,3,1,1,1,2,2,2,2,2,0,0,0,0,0,0,0,0,0,0,0,0,0,0,0,0,0,0,0,0,0,0,0,0,0,0,0,0,0,0,0,0,0,0,0,0,0,0,0,0,0,0,0,0,0,0,0,2,2,2,2,2,2,1,1,1,2,0,1,1,1,1,1,15310,2,4,2,0,0,0,2,0,2,1
11A228,13,40286,4,1,0,1,43,224,2,28,3,3,1,1,2,2,2,2,2,1,0,0,0,0,0,0,0,0,0,0,0,0,0,0,0,0,0,0,0,0,0,0,0,0,0,0,0,0,0,0,0,0,0,0,0,0,0,0,0,0,0,30,2,0,3,4,2,0,2,2,2,2,2,2,2,0,2,0,1,1,1,1,1,15310,3,3,1,0,0,0,2,0,2,1
11A228,13,40286,1,1,0,2,43,224,2,48,2,4,7,1,1,1,2,2,2,2,1,5,2,2,1,2,2,2,3,250,2,1,1,0,0,0,0,0,0,0,0,0,0,0,0,0,0,0,0,0,0,0,0,0,0,0,0,0,0,0,0,60,2,0,2,4,2,0,2,2,2,2,3,3,3,0,3,0,1,2,2,2,2,15310,1,1,1,2,0,0,1,1,0,0
11A228,13,40286,3,1,0,3,43,224,2,89,0,,7,2,0,0,0,0,0,0,0,0,0,0,0,0,0,0,0,0,0,0,0,0,0,0,0,0,0,0,0,0,0,0,0,0,0,0,0,0,0,0,0,0,0,0,0,0,0,0,0,0,0,0,0,0,0,0,0,0,0,0,0,0,0,0,0,0,0,0,0,0,0,22966,0,0,0,0,0,0,0,0,0,0
12B222,13,40318,4,1,0,3,43,224,2,36,4,3,1,1,1,2,1,2,2,2,0,0,0,0,0,0,0,0,0,0,0,0,0,2,3,2,1,2,1,2,2,2,2,2,1,0,1,2,2,0,0,0,0,0,0,0,0,0,0,0,0,40,2,0,2,4,1,0,2,2,2,2,1,1,1,1,1,1,1,1,1,1,1,19556,1,3,1,0,1,0,1,2,2,1
12B222,13,40318,2,1,0,4,43,224,2,46,3,3,1,1,2,2,2,2,2,2,0,0,0,0,0,0,0,0,0,0,0,0,0,0,0,0,0,0,0,0,0,0,0,0,0,0,0,0,0,0,0,0,0,0,0,0,0,0,0,0,0,0,0,0,0,0,0,1,2,2,2,2,2,1,2,0,1,1,1,1,1,1,1,32593,4,4,2,0,0,0,2,0,2,1
12B222,13,40318,1,1,0,2,43,224,2,41,4,1,7,1,1,2,2,2,2,1,0,0,0,0,0,0,0,0,0,0,0,0,0,0,0,0,0,0,0,0,0,0,0,0,0,0,0,0,0,0,0,0,0,0,0,0,0,0,0,0,0,10,2,0,2,4,2,0,2,2,2,2,2,2,2,0,2,0,1,2,1,1,2,19556,1,3,1,0,0,0,2,0,0,1
12B222,13,40318,3,1,0,1,43,224,2,50,4,3,7,1,2,2,2,2,2,2,0,0,0,0,0,0,0,0,0,0,0,0,0,0,0,0,0,0,0,0,0,0,0,0,0,0,0,0,0,0,0,0,0,0,0,0,0,0,0,0,0,0,0,0,0,0,0,1,2,2,2,2,1,2,2,0,1,1,1,1,1,1,2,13037,4,4,2,0,0,0,2,0,0,1
13B222,13,40354,2,1,0,1,43,224,2,40,7,4,7,1,1,1,1,2,2,1,8,4,2,2,2,1,2,2,3,2500,2,1,2,3,3,2,2,1,2,2,1,2,2,2,2,0,2,1,2,0,0,0,0,0,0,0,0,0,0,0,0,15,2,0,2,4,1,0,1,2,2,1,2,2,2,0,1,6,1,1,1,2,1,8695,1,2,1,2,2,0,1,11,0,2
13B222,13,40354,4,1,0,3,43,224,2,30,7,4,7,1,1,1,2,2,2,1,2,4,2,2,1,1,2,2,3,219,2,1,1,0,0,0,0,0,0,0,0,0,0,0,0,0,0,0,0,0,0,0,0,0,0,0,0,0,0,0,0,60,2,0,4,4,1,0,2,1,2,2,1,1,1,2,3,0,1,1,1,1,1,43474,1,2,1,2,0,0,1,2,0,2
13B222,13,40354,3,1,0,1,43,224,1,45,3,3,1,1,1,1,2,2,2,2,1,3,2,2,1,2,2,2,2,0,2,1,1,0,0,0,0,0,0,0,0,0,0,0,0,0,0,0,0,0,0,0,0,0,0,0,0,0,0,0,0,60,2,0,2,2,1,0,2,2,2,2,2,2,2,0,2,0,1,2,1,2,1,17390,1,1,1,2,0,0,1,1,2,1
12B215,13,40390,1,1,0,1,43,224,1,79,3,3,7,1,1,2,2,2,2,2,0,0,0,0,0,0,0,0,0,0,0,0,0,0,0,0,0,0,0,0,0,0,0,0,0,0,0,0,0,0,0,0,0,0,0,0,0,0,0,0,0,0,0,0,0,0,0,4,2,2,2,2,2,2,2,0,2,0,1,2,1,2,2,18563,2,4,2,0,0,0,2,0,0,1
12B215,13,40390,4,1,0,1,43,224,1,35,3,3,1,1,2,2,2,2,1,1,0,0,0,0,0,0,0,0,0,0,0,0,0,0,0,0,0,0,0,0,0,0,0,0,0,0,0,0,0,0,0,0,0,0,0,0,0,0,0,0,0,10,2,0,2,2,2,0,2,2,2,2,2,2,3,0,2,0,1,1,2,2,2,55690,3,3,1,0,0,0,2,0,2,1
12B215,13,40390,3,1,0,1,43,224,1,60,3,3,1,1,1,2,1,2,2,2,0,0,0,0,0,0,0,0,0,0,0,0,0,3,3,1,2,2,1,2,1,2,2,2,2,0,2,1,1,0,0,0,0,0,0,0,0,0,0,0,0,30,2,0,4,3,1,0,2,2,2,2,2,2,2,0,1,1,1,2,2,1,3,37127,1,3,1,0,2,0,1,3,2,1
13B221,14,40001,4,1,0,2,2,224,2,29,7,5,1,1,1,1,1,1,2,1,8,1,2,1,2,2,1,2,3,3000,2,1,2,2,1,2,1,2,2,2,2,1,2,2,2,0,2,1,2,1,3,1,2,1,1,1,2,0,2,1,2,30,2,0,2,2,1,0,1,2,1,1,1,1,1,2,1,2,1,1,1,1,1,21029,1,2,1,2,2,2,1,11,2,2
13B221,14,40001,1,1,0,1,2,224,2,78,4,3,8,1,1,1,1,1,2,2,3,3,2,2,2,1,1,2,3,800,2,1,1,6,4,2,2,1,1,1,2,2,1,2,3,100,2,1,1,1,3,1,2,1,2,1,3,20,2,1,1,60,2,0,3,3,2,0,1,2,2,2,2,1,1,2,1,2,1,1,1,1,1,10515,1,2,1,2,2,2,1,10,0,1
13B221,14,40001,2,1,0,1,2,224,1,67,7,5,1,1,1,1,1,1,2,1,20,3,2,2,2,1,1,2,3,6000,2,1,1,15,3,2,1,2,1,2,1,1,2,2,3,2000,2,1,1,20,3,1,2,2,2,1,3,500,2,1,1,180,2,0,4,3,1,0,2,2,2,1,2,1,2,0,2,0,1,1,2,1,2,21029,1,2,1,2,2,2,1,55,2,2
13B221,14,40001,3,1,0,1,2,224,2,76,7,4,8,1,1,1,1,2,2,2,2,4,2,2,1,1,2,2,3,250,2,1,1,4,4,2,2,2,1,1,2,1,2,2,3,120,2,1,1,0,0,0,0,0,0,0,0,0,0,0,0,40,2,0,1,1,2,0,2,2,2,2,2,2,2,0,1,1,1,1,1,1,1,21029,1,2,1,2,2,0,1,6,0,2
12B213,14,40003,2,1,0,2,2,224,2,42,4,3,7,1,1,1,2,2,2,1,2,3,2,2,2,1,2,2,2,0,2,1,1,0,0,0,0,0,0,0,0,0,0,0,0,0,0,0,0,0,0,0,0,0,0,0,0,0,0,0,0,60,2,0,2,3,2,0,1,2,2,2,1,1,1,1,1,1,1,1,1,1,1,24165,1,2,1,2,0,0,1,2,0,1
12B213,14,40003,1,1,0,1,2,224,1,65,7,5,8,1,2,2,2,2,2,2,0,0,0,0,0,0,0,0,0,0,0,0,0,0,0,0,0,0,0,0,0,0,0,0,0,0,0,0,0,0,0,0,0,0,0,0,0,0,0,0,0,0,0,0,0,0,0,1,2,2,2,2,1,1,1,1,2,0,1,2,1,1,1,16110,4,4,2,0,0,0,2,0,0,2
12B213,14,40003,3,1,0,1,2,224,1,53,4,3,1,1,2,2,2,2,2,2,0,0,0,0,0,0,0,0,0,0,0,0,0,0,0,0,0,0,0,0,0,0,0,0,0,0,0,0,0,0,0,0,0,0,0,0,0,0,0,0,0,0,0,0,0,0,0,1,2,2,2,2,2,2,2,0,2,0,1,2,1,1,1,8055,4,4,2,0,0,0,2,0,2,1
11B221,14,40004,4,1,0,1,2,224,1,33,3,3,1,1,1,1,2,2,2,2,2,3,2,1,2,2,2,2,2,0,2,1,1,0,0,0,0,0,0,0,0,0,0,0,0,0,0,0,0,0,0,0,0,0,0,0,0,0,0,0,0,25,2,0,2,4,1,0,2,2,2,2,2,1,2,0,1,1,1,1,1,1,1,22380,1,1,1,2,0,0,1,2,2,1
11B221,14,40004,3,1,0,1,2,224,2,27,3,3,1,2,0,0,0,0,0,0,0,0,0,0,0,0,0,0,0,0,0,0,0,0,0,0,0,0,0,0,0,0,0,0,0,0,0,0,0,0,0,0,0,0,0,0,0,0,0,0,0,0,0,0,0,0,0,0,0,0,0,0,0,0,0,0,0,0,0,0,0,0,0,11190,0,0,0,0,0,0,0,0,2,1
11B221,14,40004,1,1,0,1,2,224,1,40,2,6,1,1,2,2,2,2,2,2,0,0,0,0,0,0,0,0,0,0,0,0,0,0,0,0,0,0,0,0,0,0,0,0,0,0,0,0,0,0,0,0,0,0,0,0,0,0,0,0,0,0,0,0,0,0,0,3,2,2,2,2,2,2,2,0,2,0,1,1,2,2,1,22380,4,4,2,0,0,0,2,0,2,0
11B221,14,40004,2,1,0,5,2,224,1,24,4,3,1,1,2,2,2,2,2,2,0,0,0,0,0,0,0,0,0,0,0,0,0,0,0,0,0,0,0,0,0,0,0,0,0,0,0,0,0,0,0,0,0,0,0,0,0,0,0,0,0,0,0,0,0,0,0,3,2,2,2,2,2,1,2,0,1,1,1,1,2,1,1,55950,4,4,2,0,0,0,2,0,2,1
11B213,14,40009,3,1,0,2,2,224,2,71,0,,7,2,0,0,0,0,0,0,0,0,0,0,0,0,0,0,0,0,0,0,0,0,0,0,0,0,0,0,0,0,0,0,0,0,0,0,0,0,0,0,0,0,0,0,0,0,0,0,0,0,0,0,0,0,0,0,0,0,0,0,0,0,0,0,0,0,0,0,0,0,0,15943,0,0,0,0,0,0,0,0,0,0
11B213,14,40009,1,1,0,2,2,224,2,38,2,6,1,1,2,2,2,2,2,1,0,0,0,0,0,0,0,0,0,0,0,0,0,0,0,0,0,0,0,0,0,0,0,0,0,0,0,0,0,0,0,0,0,0,0,0,0,0,0,0,0,25,2,0,2,3,2,0,2,2,2,2,1,2,2,0,1,1,1,1,1,1,1,23916,3,3,1,0,0,0,2,0,2,0
11B213,14,40009,2,1,0,2,2,224,2,51,4,3,7,1,2,2,1,2,2,2,0,0,0,0,0,0,0,0,0,0,0,0,0,2,4,2,2,2,2,2,2,2,1,2,3,80,2,1,1,0,0,0,0,0,0,0,0,0,0,0,0,20,2,0,2,3,2,0,2,1,2,2,1,1,2,0,1,2,1,1,1,1,1,39860,3,3,1,0,2,0,1,2,0,1
12B216,14,40018,4,1,0,1,2,224,1,33,6,3,1,1,1,1,2,2,2,1,2,3,2,2,1,2,2,2,2,0,2,1,1,0,0,0,0,0,0,0,0,0,0,0,0,0,0,0,0,0,0,0,0,0,0,0,0,0,0,0,0,20,2,0,3,3,1,0,2,2,2,2,2,2,2,0,1,1,1,1,1,1,1,18712,1,2,1,2,0,0,1,2,2,1
12B216,14,40018,1,1,0,1,2,224,2,59,3,3,1,1,1,1,2,2,2,2,1,5,2,2,2,1,2,2,2,0,2,1,1,0,0,0,0,0,0,0,0,0,0,0,0,0,0,0,0,0,0,0,0,0,0,0,0,0,0,0,0,20,2,0,3,3,2,0,2,2,2,2,2,2,2,0,2,0,1,2,1,3,1,28068,1,1,1,2,0,0,1,1,2,1
12B216,14,40018,2,1,0,4,2,224,1,23,7,1,1,1,1,1,2,2,2,2,3,1,2,1,1,2,2,2,3,1200,2,1,1,0,0,0,0,0,0,0,0,0,0,0,0,0,0,0,0,0,0,0,0,0,0,0,0,0,0,0,0,60,2,0,3,4,2,0,2,2,2,1,1,1,1,1,1,2,1,1,1,1,2,28068,1,1,1,2,0,0,1,3,2,2
12A227,14,40040,3,1,0,1,2,224,1,63,2,3,1,1,2,2,2,2,2,2,0,0,0,0,0,0,0,0,0,0,0,0,0,0,0,0,0,0,0,0,0,0,0,0,0,0,0,0,0,0,0,0,0,0,0,0,0,0,0,0,0,0,0,0,0,0,0,3,2,2,2,2,2,2,2,0,2,0,1,2,1,2,2,13892,4,4,2,0,0,0,2,0,2,0
12A227,14,40040,2,1,0,1,2,224,1,53,4,3,1,1,1,1,1,1,2,2,20,3,2,1,1,1,1,2,1,0,1,1,2,6,3,1,2,2,1,2,1,1,2,2,3,200,2,1,1,2,3,1,1,1,1,1,2,0,2,1,2,60,2,0,4,3,1,0,1,1,2,1,2,1,2,0,1,2,1,1,1,1,1,6946,1,2,1,3,2,2,1,28,2,1
12A227,14,40040,4,1,0,3,2,224,2,34,7,3,1,1,1,1,1,1,2,1,1,1,2,1,2,2,2,2,2,0,2,1,2,6,4,2,2,2,1,2,1,2,1,2,2,0,2,1,2,2,3,1,1,1,1,1,2,0,2,1,2,20,1,6,3,3,2,0,2,2,2,2,2,2,2,0,1,1,1,1,1,1,1,27784,1,2,1,2,2,2,1,9,2,2
12A227,14,40040,1,1,0,2,2,224,2,48,3,3,7,1,1,1,1,2,2,2,2,3,2,2,2,1,1,2,3,200,2,1,1,3,4,2,2,1,1,2,2,2,1,2,3,100,2,1,1,0,0,0,0,0,0,0,0,0,0,0,0,40,2,0,3,3,2,0,2,1,2,2,2,1,2,0,1,2,1,1,1,1,1,20838,1,2,1,2,2,0,1,5,0,1
13B221,14,40047,3,1,0,2,2,224,2,28,7,3,1,1,2,2,2,2,2,2,0,0,0,0,0,0,0,0,0,0,0,0,0,0,0,0,0,0,0,0,0,0,0,0,0,0,0,0,0,0,0,0,0,0,0,0,0,0,0,0,0,0,0,0,0,0,0,3,2,2,2,2,2,2,2,0,2,0,1,2,2,2,2,20391,4,4,2,0,0,0,2,0,2,2
13B221,14,40047,4,1,0,1,2,224,1,47,7,4,1,1,1,1,2,2,2,2,4,3,2,2,2,2,1,2,2,0,2,1,1,0,0,0,0,0,0,0,0,0,0,0,0,0,0,0,0,0,0,0,0,0,0,0,0,0,0,0,0,60,2,0,3,3,2,0,2,2,2,2,2,2,2,0,2,0,1,2,1,1,1,10196,1,1,1,2,0,0,1,4,2,2
13B221,14,40047,1,1,0,2,2,224,2,40,7,4,1,1,2,2,2,2,2,2,0,0,0,0,0,0,0,0,0,0,0,0,0,0,0,0,0,0,0,0,0,0,0,0,0,0,0,0,0,0,0,0,0,0,0,0,0,0,0,0,0,0,0,0,0,0,0,3,2,2,2,2,2,2,2,0,2,0,1,2,1,1,1,30587,4,4,2,0,0,0,2,0,2,2
12B221,14,40048,1,1,0,3,2,224,2,38,4,3,1,1,2,2,1,2,2,2,0,0,0,0,0,0,0,0,0,0,0,0,0,2,4,2,2,2,2,2,2,2,1,2,2,0,2,1,2,0,0,0,0,0,0,0,0,0,0,0,0,15,1,6,3,2,2,0,2,2,2,2,2,2,2,0,1,1,1,2,2,2,2,21487,3,3,1,0,2,0,1,2,2,1
12B221,14,40048,4,1,0,3,2,224,2,41,4,3,1,1,1,2,2,2,2,1,0,0,0,0,0,0,0,0,0,0,0,0,0,0,0,0,0,0,0,0,0,0,0,0,0,0,0,0,0,0,0,0,0,0,0,0,0,0,0,0,0,30,2,0,3,3,1,0,2,1,1,1,2,1,1,2,1,1,1,2,1,2,2,28649,1,3,1,0,0,0,2,0,2,1
12B221,14,40048,3,1,0,2,2,224,1,54,7,4,8,1,1,2,1,1,2,2,0,0,0,0,0,0,0,0,0,0,0,0,0,1,3,1,2,2,2,2,2,2,2,2,2,0,2,1,1,1,3,2,1,2,1,1,2,0,2,1,1,15,2,0,2,2,2,0,2,2,2,2,2,2,2,0,1,3,1,1,1,1,1,21487,1,3,1,0,2,2,1,2,0,2
11B221,14,40049,4,1,0,1,2,224,1,71,6,2,7,1,2,2,2,2,2,2,0,0,0,0,0,0,0,0,0,0,0,0,0,0,0,0,0,0,0,0,0,0,0,0,0,0,0,0,0,0,0,0,0,0,0,0,0,0,0,0,0,0,0,0,0,0,0,1,2,2,2,2,2,2,2,0,2,0,1,1,1,2,2,7930,4,4,2,0,0,0,2,0,0,1
11B221,14,40049,2,1,0,2,2,224,2,26,3,3,7,1,1,1,2,2,2,1,2,4,2,2,1,1,2,2,2,0,1,2,1,0,0,0,0,0,0,0,0,0,0,0,0,0,0,0,0,0,0,0,0,0,0,0,0,0,0,0,0,2,2,0,3,3,1,0,2,2,1,2,2,2,2,0,1,1,1,1,1,1,1,15859,1,2,1,1,0,0,1,2,0,1
11B221,14,40049,1,1,0,1,2,224,1,52,3,3,1,1,1,1,2,2,2,2,3,3,2,1,2,1,1,2,3,500,2,1,1,0,0,0,0,0,0,0,0,0,0,0,0,0,0,0,0,0,0,0,0,0,0,0,0,0,0,0,0,30,2,0,2,4,1,0,1,2,2,1,2,1,2,0,1,1,1,1,1,1,1,23789,1,1,1,2,0,0,1,3,2,1
11B221,14,40049,3,1,0,1,2,224,1,38,3,3,1,1,2,2,2,2,2,2,0,0,0,0,0,0,0,0,0,0,0,0,0,0,0,0,0,0,0,0,0,0,0,0,0,0,0,0,0,0,0,0,0,0,0,0,0,0,0,0,0,0,0,0,0,0,0,3,2,2,2,2,2,1,1,1,1,2,1,1,2,1,1,23789,4,4,2,0,0,0,2,0,2,1
11B216,14,40063,3,1,0,2,2,224,2,65,2,6,1,1,1,1,1,2,2,2,2,4,2,2,1,2,2,2,1,0,1,2,1,1,5,2,2,2,2,1,2,2,2,2,2,0,2,1,1,0,0,0,0,0,0,0,0,0,0,0,0,15,2,0,1,2,2,0,2,2,2,2,1,1,1,2,1,1,1,2,2,2,2,19833,1,2,1,1,2,0,1,3,2,0
11B216,14,40063,2,1,0,2,2,224,2,53,2,6,7,1,2,2,2,2,2,1,0,0,0,0,0,0,0,0,0,0,0,0,0,0,0,0,0,0,0,0,0,0,0,0,0,0,0,0,0,0,0,0,0,0,0,0,0,0,0,0,0,60,2,0,2,1,1,0,2,2,2,2,1,1,1,2,1,1,1,1,1,1,1,29749,3,3,1,0,0,0,2,0,0,0
11B216,14,40063,1,1,0,1,2,224,2,38,6,3,1,1,2,2,2,2,2,2,0,0,0,0,0,0,0,0,0,0,0,0,0,0,0,0,0,0,0,0,0,0,0,0,0,0,0,0,0,0,0,0,0,0,0,0,0,0,0,0,0,0,0,0,0,0,0,3,2,2,2,2,2,2,2,0,2,0,1,2,1,2,2,29749,4,4,2,0,0,0,2,0,2,1
11A227,14,40092,3,1,0,1,2,224,2,50,6,3,1,1,2,2,2,2,2,2,0,0,0,0,0,0,0,0,0,0,0,0,0,0,0,0,0,0,0,0,0,0,0,0,0,0,0,0,0,0,0,0,0,0,0,0,0,0,0,0,0,0,0,0,0,0,0,1,2,2,2,2,2,2,2,0,2,0,1,2,1,2,2,15969,4,4,2,0,0,0,2,0,2,1
11A227,14,40092,1,1,0,2,2,224,1,31,3,3,4,1,2,2,2,2,2,2,0,0,0,0,0,0,0,0,0,0,0,0,0,0,0,0,0,0,0,0,0,0,0,0,0,0,0,0,0,0,0,0,0,0,0,0,0,0,0,0,0,0,0,0,0,0,0,1,2,2,2,2,2,2,2,0,2,0,1,3,1,2,2,39925,4,4,2,0,0,0,2,0,1,1
11A227,14,40092,2,1,0,3,2,224,2,43,4,2,1,1,1,2,1,2,1,2,0,0,0,0,0,0,0,0,0,0,0,0,0,3,4,2,2,2,2,2,2,1,1,2,2,0,2,1,1,0,0,0,0,0,0,0,0,0,0,0,0,20,2,0,2,1,2,0,2,2,2,2,2,2,2,0,2,0,1,1,1,1,2,47909,1,3,1,0,2,0,1,3,2,1
11A227,14,40092,4,1,0,2,2,224,2,56,3,3,1,1,2,2,2,2,2,1,0,0,0,0,0,0,0,0,0,0,0,0,0,0,0,0,0,0,0,0,0,0,0,0,0,0,0,0,0,0,0,0,0,0,0,0,0,0,0,0,0,30,1,6,2,1,2,0,2,2,2,2,2,2,2,0,1,1,1,1,1,1,1,15969,3,3,1,0,0,0,2,0,2,1
12B213,14,40094,2,1,0,2,2,224,2,33,4,2,1,1,2,2,2,2,2,2,0,0,0,0,0,0,0,0,0,0,0,0,0,0,0,0,0,0,0,0,0,0,0,0,0,0,0,0,0,0,0,0,0,0,0,0,0,0,0,0,0,0,0,0,0,0,0,1,2,2,2,2,2,2,2,0,1,1,1,1,1,1,1,16949,4,4,2,0,0,0,2,0,2,1
12B213,14,40094,4,1,0,1,2,224,2,50,3,3,1,1,2,2,2,2,2,2,0,0,0,0,0,0,0,0,0,0,0,0,0,0,0,0,0,0,0,0,0,0,0,0,0,0,0,0,0,0,0,0,0,0,0,0,0,0,0,0,0,0,0,0,0,0,0,1,2,2,2,2,2,1,1,2,1,1,1,1,1,2,2,8475,4,4,2,0,0,0,2,0,2,1
12B221,14,40094,4,1,0,1,2,224,2,62,2,6,7,1,2,1,2,2,2,2,1,5,2,2,1,2,2,2,2,0,2,1,1,0,0,0,0,0,0,0,0,0,0,0,0,0,0,0,0,0,0,0,0,0,0,0,0,0,0,0,0,10,2,0,2,2,2,0,2,2,2,2,2,2,2,0,2,0,1,2,1,2,2,27119,3,1,1,2,0,0,1,1,0,0
12B221,14,40094,1,1,0,1,2,224,2,52,2,6,7,1,1,2,1,2,2,2,0,0,0,0,0,0,0,0,0,0,0,0,0,6,4,2,2,1,2,1,2,2,2,2,3,180,2,1,1,0,0,0,0,0,0,0,0,0,0,0,0,30,2,0,2,1,2,0,2,1,2,2,2,1,3,0,1,1,1,1,1,1,1,9040,1,3,1,0,2,0,1,6,0,0
12B213,14,40094,3,1,0,1,2,224,1,73,3,3,8,1,2,2,2,1,2,2,0,0,0,0,0,0,0,0,0,0,0,0,0,0,0,0,0,0,0,0,0,0,0,0,0,0,0,0,0,1,3,1,1,2,2,1,2,0,2,1,1,10,2,0,2,3,2,0,2,2,2,2,2,2,2,0,2,0,1,1,1,1,1,25424,3,3,1,0,0,2,1,1,0,1
12B213,14,40094,1,1,0,1,2,224,2,85,2,3,8,1,1,1,1,2,2,2,1,5,2,2,1,2,2,2,2,0,2,1,1,3,5,2,2,2,2,1,2,2,2,2,2,0,2,1,1,0,0,0,0,0,0,0,0,0,0,0,0,20,2,0,1,1,2,0,2,2,2,2,2,2,2,0,1,1,1,2,3,2,2,8475,1,2,1,2,2,0,1,4,0,0
13B222,14,40101,1,1,0,2,2,224,2,45,7,5,1,1,2,1,2,2,2,2,2,1,2,1,2,2,2,2,1,0,1,2,2,0,0,0,0,0,0,0,0,0,0,0,0,0,0,0,0,0,0,0,0,0,0,0,0,0,0,0,0,60,2,0,3,3,1,0,2,2,2,2,2,2,2,0,2,0,1,2,1,1,2,20230,3,1,1,1,0,0,1,2,2,2
13B222,14,40101,2,1,0,2,2,224,2,76,2,6,7,1,2,2,2,2,2,2,0,0,0,0,0,0,0,0,0,0,0,0,0,0,0,0,0,0,0,0,0,0,0,0,0,0,0,0,0,0,0,0,0,0,0,0,0,0,0,0,0,0,0,0,0,0,0,5,2,2,2,2,2,2,2,0,2,0,1,3,2,2,2,20230,4,4,2,0,0,0,2,0,0,0
13B222,14,40101,3,1,0,1,2,224,1,54,9,1,1,1,1,1,2,1,2,1,3,1,2,1,2,1,2,2,3,800,2,1,1,0,0,0,0,0,0,0,0,0,0,0,0,0,0,0,0,2,3,1,1,2,2,1,1,0,1,2,1,60,1,3,3,3,1,0,1,2,2,1,1,1,1,2,1,3,1,1,1,1,1,20230,1,2,1,2,0,1,1,5,2,2
13B222,14,40101,4,1,0,1,2,224,1,55,7,5,1,1,1,1,1,1,2,1,2,3,2,2,2,2,1,2,2,0,2,1,1,5,4,2,2,2,2,2,2,1,2,2,1,0,1,2,1,1,3,1,1,2,2,1,1,0,1,2,1,30,2,0,3,3,1,0,1,2,2,1,1,1,1,2,1,2,1,2,1,1,1,20230,1,2,1,2,1,1,1,8,2,2
12B216,14,40103,1,1,0,1,2,224,1,86,2,2,8,1,2,2,2,2,2,2,0,0,0,0,0,0,0,0,0,0,0,0,0,0,0,0,0,0,0,0,0,0,0,0,0,0,0,0,0,0,0,0,0,0,0,0,0,0,0,0,0,0,0,0,0,0,0,1,2,2,2,2,2,2,2,0,1,1,1,3,2,2,2,8590,4,4,2,0,0,0,2,0,0,0
12B216,14,40103,4,1,0,1,2,224,1,44,7,5,1,1,1,1,2,2,2,1,2,4,2,2,2,2,1,2,1,0,1,2,1,0,0,0,0,0,0,0,0,0,0,0,0,0,0,0,0,0,0,0,0,0,0,0,0,0,0,0,0,40,2,0,2,3,2,0,1,2,2,1,2,2,2,0,1,2,1,1,1,1,2,17180,1,2,1,1,0,0,1,2,2,2
12B216,14,40103,2,1,0,3,2,224,1,32,7,5,1,1,1,1,2,2,2,1,1,4,2,2,1,2,2,2,2,0,2,1,1,0,0,0,0,0,0,0,0,0,0,0,0,0,0,0,0,0,0,0,0,0,0,0,0,0,0,0,0,30,2,0,2,3,2,0,2,2,2,2,2,1,2,0,1,1,1,1,1,1,2,34361,1,2,1,2,0,0,1,1,2,2
12B216,14,40103,3,1,0,1,2,224,1,54,2,6,1,1,2,1,2,2,2,2,1,4,2,1,2,2,2,2,2,0,2,1,1,0,0,0,0,0,0,0,0,0,0,0,0,0,0,0,0,0,0,0,0,0,0,0,0,0,0,0,0,20,2,0,2,3,2,0,2,2,2,2,2,2,2,0,1,1,1,1,1,2,1,34361,3,1,1,2,0,0,1,1,2,0
12B216,14,40104,4,1,0,1,2,224,1,50,4,3,1,1,1,1,2,2,2,1,6,2,2,2,2,2,1,2,1,0,1,2,1,0,0,0,0,0,0,0,0,0,0,0,0,0,0,0,0,0,0,0,0,0,0,0,0,0,0,0,0,120,1,6,2,3,1,0,1,2,1,1,1,1,1,1,1,4,1,1,1,1,1,32690,1,2,1,1,0,0,1,6,2,1
12B216,14,40104,1,1,0,1,2,224,1,53,4,2,1,1,1,2,2,2,2,2,0,0,0,0,0,0,0,0,0,0,0,0,0,0,0,0,0,0,0,0,0,0,0,0,0,0,0,0,0,0,0,0,0,0,0,0,0,0,0,0,0,0,0,0,0,0,0,3,2,2,2,2,2,2,2,0,1,1,1,1,1,1,2,8173,2,4,2,0,0,0,2,0,2,1
12B216,14,40104,2,1,0,1,2,224,2,32,3,3,1,1,1,2,1,2,2,1,0,0,0,0,0,0,0,0,0,0,0,0,0,2,4,2,2,2,2,2,2,2,1,2,2,0,2,1,1,0,0,0,0,0,0,0,0,0,0,0,0,20,1,3,4,4,2,0,2,2,2,2,2,2,2,0,2,0,1,1,1,1,1,8173,1,3,1,0,2,0,1,2,2,1
12B216,14,40104,3,1,0,2,2,224,2,52,4,3,7,1,2,2,2,2,2,2,0,0,0,0,0,0,0,0,0,0,0,0,0,0,0,0,0,0,0,0,0,0,0,0,0,0,0,0,0,0,0,0,0,0,0,0,0,0,0,0,0,0,0,0,0,0,0,2,2,2,2,2,1,2,1,1,1,1,1,1,2,2,2,24518,4,4,2,0,0,0,2,0,0,1
13B216,14,40106,3,1,0,1,2,224,1,42,4,3,1,1,2,2,2,2,2,2,0,0,0,0,0,0,0,0,0,0,0,0,0,0,0,0,0,0,0,0,0,0,0,0,0,0,0,0,0,0,0,0,0,0,0,0,0,0,0,0,0,0,0,0,0,0,0,3,2,2,2,2,1,1,2,0,1,1,1,1,1,1,1,22352,4,4,2,0,0,0,2,0,2,1
13B216,14,40106,2,1,0,3,2,224,2,27,2,6,1,1,2,2,2,2,2,2,0,0,0,0,0,0,0,0,0,0,0,0,0,0,0,0,0,0,0,0,0,0,0,0,0,0,0,0,0,0,0,0,0,0,0,0,0,0,0,0,0,0,0,0,0,0,0,3,2,2,2,2,1,2,2,0,1,1,1,1,1,2,2,44705,4,4,2,0,0,0,2,0,2,0
13B216,14,40106,4,1,0,2,2,224,1,28,7,4,1,1,1,1,2,2,2,1,1,4,2,2,2,2,1,2,2,0,2,1,2,0,0,0,0,0,0,0,0,0,0,0,0,0,0,0,0,0,0,0,0,0,0,0,0,0,0,0,0,15,2,0,3,3,1,0,2,2,2,2,1,1,1,1,1,1,1,1,2,1,1,22352,1,2,1,2,0,0,1,1,2,2
13B216,14,40106,1,1,0,1,2,224,2,30,7,4,1,1,1,1,2,1,2,1,1,4,2,2,1,2,2,2,3,600,2,1,1,0,0,0,0,0,0,0,0,0,0,0,0,0,0,0,0,1,4,1,1,2,2,2,3,20,2,1,2,15,2,0,2,3,1,0,2,1,2,2,1,1,2,0,1,2,1,1,1,2,1,22352,1,2,1,2,0,2,1,2,2,2
13A227,14,40135,3,1,0,2,2,224,1,47,4,3,1,1,1,1,2,2,2,2,2,1,1,2,2,2,2,2,2,0,2,1,1,0,0,0,0,0,0,0,0,0,0,0,0,0,0,0,0,0,0,0,0,0,0,0,0,0,0,0,0,45,1,5,2,3,2,0,2,2,2,2,1,1,1,3,1,1,1,1,1,1,1,30058,1,1,1,2,0,0,1,2,2,1
13A227,14,40135,2,1,0,1,2,224,2,30,7,4,1,1,1,1,2,2,2,2,1,3,2,2,1,2,2,2,3,500,2,1,1,0,0,0,0,0,0,0,0,0,0,0,0,0,0,0,0,0,0,0,0,0,0,0,0,0,0,0,0,20,1,3,3,3,2,0,1,2,2,2,1,1,1,3,1,1,1,1,1,1,1,10020,1,1,1,2,0,0,1,1,2,2
13A227,14,40135,1,1,0,1,2,224,1,30,3,3,1,1,2,2,2,2,2,2,0,0,0,0,0,0,0,0,0,0,0,0,0,0,0,0,0,0,0,0,0,0,0,0,0,0,0,0,0,0,0,0,0,0,0,0,0,0,0,0,0,0,0,0,0,0,0,3,2,2,2,2,2,2,2,0,1,1,2,0,0,0,0,20039,4,4,2,0,0,0,2,0,2,1
13A227,14,40135,4,1,0,3,2,224,1,40,4,3,1,1,2,2,2,2,2,2,0,0,0,0,0,0,0,0,0,0,0,0,0,0,0,0,0,0,0,0,0,0,0,0,0,0,0,0,0,0,0,0,0,0,0,0,0,0,0,0,0,0,0,0,0,0,0,2,2,2,2,2,2,1,1,2,1,2,1,1,1,1,1,30058,4,4,2,0,0,0,2,0,2,1
12B213,14,40139,1,1,0,1,2,224,1,76,3,3,8,1,2,2,2,2,2,2,0,0,0,0,0,0,0,0,0,0,0,0,0,0,0,0,0,0,0,0,0,0,0,0,0,0,0,0,0,0,0,0,0,0,0,0,0,0,0,0,0,0,0,0,0,0,0,2,2,2,2,2,3,3,3,0,2,0,1,2,2,2,2,23691,4,4,2,0,0,0,2,0,0,1
12B213,14,40139,4,1,0,2,2,224,2,73,6,2,7,1,2,2,2,2,2,2,0,0,0,0,0,0,0,0,0,0,0,0,0,0,0,0,0,0,0,0,0,0,0,0,0,0,0,0,0,0,0,0,0,0,0,0,0,0,0,0,0,0,0,0,0,0,0,3,2,2,2,2,1,1,1,1,1,1,1,1,2,2,3,17768,4,4,2,0,0,0,2,0,0,1
12B221,14,40139,2,1,0,3,2,224,1,44,2,6,1,1,2,2,2,2,2,2,0,0,0,0,0,0,0,0,0,0,0,0,0,0,0,0,0,0,0,0,0,0,0,0,0,0,0,0,0,0,0,0,0,0,0,0,0,0,0,0,0,0,0,0,0,0,0,3,2,2,2,2,2,2,2,0,2,0,1,3,2,2,2,22199,4,4,2,0,0,0,2,0,2,0
12B221,14,40139,4,1,0,1,2,224,2,32,4,3,1,1,1,1,2,2,2,1,2,4,2,2,2,1,1,2,3,600,2,1,1,0,0,0,0,0,0,0,0,0,0,0,0,0,0,0,0,0,0,0,0,0,0,0,0,0,0,0,0,60,2,0,3,3,2,0,1,2,2,1,1,1,1,1,1,2,1,1,1,1,1,29598,1,2,1,2,0,0,1,2,2,1
12B221,14,40139,1,1,0,1,2,224,2,65,2,3,7,1,1,1,2,1,2,2,1,5,2,2,1,2,2,2,3,250,2,1,1,0,0,0,0,0,0,0,0,0,0,0,0,0,0,0,0,1,4,2,2,2,1,1,3,10,2,1,1,15,2,0,1,2,2,0,2,2,2,2,2,2,2,0,2,0,1,2,1,2,2,29598,1,2,1,2,0,2,1,2,0,0
12B221,14,40139,3,1,0,1,2,224,1,27,4,3,1,1,1,1,1,2,2,2,2,4,2,1,2,2,2,2,2,0,2,1,1,1,4,2,2,2,2,2,1,2,2,2,3,100,2,1,1,0,0,0,0,0,0,0,0,0,0,0,0,30,2,0,2,1,2,0,2,1,2,2,2,2,2,0,1,1,1,1,1,1,1,7400,1,2,1,2,2,0,1,3,2,1
12B213,14,40139,2,1,0,2,2,224,2,42,7,5,1,1,2,2,1,2,2,2,0,0,0,0,0,0,0,0,0,0,0,0,0,1,4,2,2,2,2,2,2,2,1,2,2,0,2,1,1,0,0,0,0,0,0,0,0,0,0,0,0,5,2,0,3,4,2,0,2,2,2,2,2,1,1,2,1,1,1,1,1,1,1,11845,3,3,1,0,2,0,1,1,2,2
12B213,14,40139,3,1,0,2,2,224,2,70,6,2,8,1,1,1,1,2,2,2,2,5,2,2,1,2,2,2,2,0,2,1,1,4,5,2,2,2,2,1,2,2,2,2,2,0,2,1,1,0,0,0,0,0,0,0,0,0,0,0,0,30,2,0,2,3,2,0,2,2,2,2,2,1,1,1,1,2,1,1,1,1,3,5923,1,2,1,2,2,0,1,6,0,1
12B213,14,40141,1,1,0,1,2,224,2,70,4,3,8,1,2,2,2,2,2,2,0,0,0,0,0,0,0,0,0,0,0,0,0,0,0,0,0,0,0,0,0,0,0,0,0,0,0,0,0,0,0,0,0,0,0,0,0,0,0,0,0,0,0,0,0,0,0,1,2,2,2,2,1,1,1,2,1,1,1,2,1,1,1,11187,4,4,2,0,0,0,2,0,0,1
12B213,14,40141,3,1,0,4,2,224,2,24,3,3,7,1,2,2,2,2,2,1,0,0,0,0,0,0,0,0,0,0,0,0,0,0,0,0,0,0,0,0,0,0,0,0,0,0,0,0,0,0,0,0,0,0,0,0,0,0,0,0,0,60,2,0,2,4,2,0,2,2,2,2,2,2,2,0,2,0,1,2,1,1,1,44747,3,3,1,0,0,0,2,0,0,1
12B213,14,40141,4,1,0,1,2,224,1,56,2,6,1,1,1,2,1,2,2,1,0,0,0,0,0,0,0,0,0,0,0,0,0,1,1,2,2,1,2,2,2,2,2,2,2,0,2,1,2,0,0,0,0,0,0,0,0,0,0,0,0,30,1,6,2,3,2,0,2,2,2,2,2,2,2,0,2,0,1,2,1,1,1,11187,1,3,1,0,2,0,1,1,2,0
12B221,14,40144,1,1,0,1,2,224,2,74,2,4,8,1,1,2,1,2,2,2,0,0,0,0,0,0,0,0,0,0,0,0,0,4,5,2,2,2,2,1,2,2,2,2,2,0,2,1,1,0,0,0,0,0,0,0,0,0,0,0,0,30,2,0,2,4,2,0,2,2,2,2,1,1,1,2,1,1,1,2,2,2,2,8530,1,3,1,0,2,0,1,4,0,0
12B221,14,40144,2,1,0,1,2,224,1,52,3,3,1,1,1,1,2,2,2,2,2,4,2,2,1,2,2,2,3,600,2,1,1,0,0,0,0,0,0,0,0,0,0,0,0,0,0,0,0,0,0,0,0,0,0,0,0,0,0,0,0,20,2,0,3,3,2,0,1,2,2,2,1,1,1,1,1,2,1,1,1,1,1,17059,1,1,1,2,0,0,1,2,2,1
12B221,14,40144,3,1,0,1,2,224,1,20,4,3,4,1,1,1,2,2,2,2,1,3,2,2,1,2,2,2,2,0,1,2,1,0,0,0,0,0,0,0,0,0,0,0,0,0,0,0,0,0,0,0,0,0,0,0,0,0,0,0,0,40,1,5,2,4,1,0,2,2,2,2,1,1,1,2,1,1,1,1,1,1,1,17059,1,1,1,1,0,0,1,1,1,1
11B213,14,40145,4,1,0,1,2,224,1,41,8,2,1,1,1,1,1,2,2,1,2,3,2,2,2,2,1,2,3,300,2,1,1,3,3,2,1,2,1,2,2,2,2,2,3,140,2,1,1,0,0,0,0,0,0,0,0,0,0,0,0,30,2,0,2,3,2,0,1,2,2,2,1,1,1,1,1,1,1,1,1,1,1,24097,1,2,1,2,2,0,1,5,2,2
11B213,14,40145,1,1,0,1,2,224,2,65,2,2,8,1,2,2,2,2,2,2,0,0,0,0,0,0,0,0,0,0,0,0,0,0,0,0,0,0,0,0,0,0,0,0,0,0,0,0,0,0,0,0,0,0,0,0,0,0,0,0,0,0,0,0,0,0,0,1,2,2,2,2,2,2,2,0,2,0,1,2,1,1,1,16065,4,4,2,0,0,0,2,0,0,0
11B213,14,40145,2,1,0,1,2,224,2,55,2,6,1,1,1,2,2,2,2,1,0,0,0,0,0,0,0,0,0,0,0,0,0,0,0,0,0,0,0,0,0,0,0,0,0,0,0,0,0,0,0,0,0,0,0,0,0,0,0,0,0,60,2,0,2,3,2,0,2,2,2,2,1,1,1,1,2,0,1,2,1,1,1,24097,1,3,1,0,0,0,2,0,2,0
11B213,14,40145,3,1,0,7,2,224,2,57,2,6,7,1,2,2,2,2,2,2,0,0,0,0,0,0,0,0,0,0,0,0,0,0,0,0,0,0,0,0,0,0,0,0,0,0,0,0,0,0,0,0,0,0,0,0,0,0,0,0,0,0,0,0,0,0,0,1,2,2,2,2,2,2,2,0,2,0,1,2,2,2,2,16065,4,4,2,0,0,0,2,0,0,0
12B216,14,40152,2,1,0,2,2,224,2,29,4,1,1,1,1,1,2,2,2,2,2,4,2,2,2,1,2,2,1,0,1,2,1,0,0,0,0,0,0,0,0,0,0,0,0,0,0,0,0,0,0,0,0,0,0,0,0,0,0,0,0,30,2,0,3,4,2,0,2,2,2,2,1,1,1,2,1,3,1,1,1,1,1,16983,1,1,1,1,0,0,1,2,2,1
12B216,14,40152,4,1,0,1,2,224,1,71,4,3,8,1,2,2,2,2,2,2,0,0,0,0,0,0,0,0,0,0,0,0,0,0,0,0,0,0,0,0,0,0,0,0,0,0,0,0,0,0,0,0,0,0,0,0,0,0,0,0,0,0,0,0,0,0,0,5,2,2,2,2,1,1,1,1,1,1,1,2,2,2,2,16983,4,4,2,0,0,0,2,0,0,1
12B216,14,40152,1,1,0,1,2,224,1,30,4,3,1,1,1,1,2,2,2,2,3,4,2,2,2,2,1,2,3,800,2,1,1,0,0,0,0,0,0,0,0,0,0,0,0,0,0,0,0,0,0,0,0,0,0,0,0,0,0,0,0,60,2,0,4,4,2,0,1,2,1,2,1,1,1,1,1,1,1,1,1,1,1,16983,1,1,1,2,0,0,1,3,2,1
12B216,14,40152,3,1,0,2,2,224,2,81,2,6,7,1,1,2,1,2,2,2,0,0,0,0,0,0,0,0,0,0,0,0,0,1,5,2,2,2,2,1,2,2,2,2,2,0,2,1,1,0,0,0,0,0,0,0,0,0,0,0,0,15,2,0,1,1,2,0,2,2,2,2,2,2,2,0,1,1,1,2,2,2,2,42457,1,3,1,0,2,0,1,1,0,0
13A227,14,40184,4,1,0,1,2,224,2,29,7,5,1,1,1,2,2,2,2,1,0,0,0,0,0,0,0,0,0,0,0,0,0,0,0,0,0,0,0,0,0,0,0,0,0,0,0,0,0,0,0,0,0,0,0,0,0,0,0,0,0,25,2,0,4,4,1,0,1,2,2,2,1,1,2,0,1,1,1,1,1,1,2,12467,1,3,1,0,0,0,2,0,2,2
13A227,14,40184,3,1,0,1,2,224,1,64,7,5,1,1,1,1,2,2,2,2,3,4,2,2,1,2,2,2,3,400,2,1,1,0,0,0,0,0,0,0,0,0,0,0,0,0,0,0,0,0,0,0,0,0,0,0,0,0,0,0,0,30,2,0,2,4,2,0,1,2,2,2,2,1,2,0,1,2,1,2,2,2,1,49866,1,1,1,2,0,0,1,3,2,2
11B213,14,40190,2,1,0,3,2,224,1,26,4,3,1,1,1,1,2,1,2,1,3,3,2,2,2,2,1,2,3,1000,2,1,1,0,0,0,0,0,0,0,0,0,0,0,0,0,0,0,0,2,3,1,1,2,2,2,2,0,2,1,2,30,1,5,2,3,1,0,1,2,2,2,1,1,1,2,1,3,1,1,1,1,1,23021,1,2,1,2,0,2,1,5,2,1
11B213,14,40190,3,1,0,1,2,224,1,50,4,3,1,1,2,2,2,2,2,2,0,0,0,0,0,0,0,0,0,0,0,0,0,0,0,0,0,0,0,0,0,0,0,0,0,0,0,0,0,0,0,0,0,0,0,0,0,0,0,0,0,0,0,0,0,0,0,2,2,2,2,2,2,1,1,1,1,1,1,1,1,2,2,23021,4,4,2,0,0,0,2,0,2,1
11B213,14,40190,4,1,0,1,2,224,1,26,7,4,1,1,1,1,2,2,2,2,1,4,1,2,2,2,2,2,2,0,2,1,1,0,0,0,0,0,0,0,0,0,0,0,0,0,0,0,0,0,0,0,0,0,0,0,0,0,0,0,0,15,1,3,3,4,2,0,2,2,2,2,1,1,1,1,1,1,1,1,1,1,1,15347,1,1,1,2,0,0,1,1,2,2
11B213,14,40190,1,1,0,1,2,224,1,57,3,3,1,1,2,2,2,2,2,2,0,0,0,0,0,0,0,0,0,0,0,0,0,0,0,0,0,0,0,0,0,0,0,0,0,0,0,0,0,0,0,0,0,0,0,0,0,0,0,0,0,0,0,0,0,0,0,3,2,2,2,2,2,2,2,0,3,0,1,2,1,2,2,15347,4,4,2,0,0,0,2,0,2,1
13B213,14,40192,1,1,0,1,2,224,1,45,7,5,1,1,2,2,2,2,2,2,0,0,0,0,0,0,0,0,0,0,0,0,0,0,0,0,0,0,0,0,0,0,0,0,0,0,0,0,0,0,0,0,0,0,0,0,0,0,0,0,0,0,0,0,0,0,0,3,2,2,2,2,2,2,2,0,2,0,1,1,1,1,1,19283,4,4,2,0,0,0,2,0,2,2
13B213,14,40192,2,1,1,1,2,224,1,24,7,5,1,1,1,1,1,2,2,1,4,3,2,1,2,2,1,2,3,800,2,1,1,2,3,2,1,1,2,2,2,2,2,2,3,60,2,1,1,0,0,0,0,0,0,0,0,0,0,0,0,60,2,0,2,3,2,0,2,2,2,2,1,1,1,1,2,0,1,1,1,1,1,19283,1,2,1,2,2,0,1,6,2,2
13B213,14,40192,4,1,0,1,2,224,2,59,7,5,7,1,1,2,2,2,2,2,0,0,0,0,0,0,0,0,0,0,0,0,0,0,0,0,0,0,0,0,0,0,0,0,0,0,0,0,0,0,0,0,0,0,0,0,0,0,0,0,0,0,0,0,0,0,0,1,2,2,2,2,2,2,2,0,2,0,1,1,2,2,2,9641,2,4,2,0,0,0,2,0,0,2
13B213,14,40192,3,1,0,2,2,224,2,50,7,5,1,1,1,2,2,2,2,1,0,0,0,0,0,0,0,0,0,0,0,0,0,0,0,0,0,0,0,0,0,0,0,0,0,0,0,0,0,0,0,0,0,0,0,0,0,0,0,0,0,40,2,0,2,3,2,0,2,2,2,2,1,1,1,1,1,1,1,1,1,1,1,28924,1,3,1,0,0,0,2,0,2,2
12B216,14,40196,1,1,0,1,2,224,1,35,7,1,1,1,1,1,1,2,2,2,2,4,1,2,2,1,2,2,1,0,1,2,2,1,4,2,2,2,2,2,2,2,1,2,3,200,2,1,1,0,0,0,0,0,0,0,0,0,0,0,0,30,2,0,2,3,2,0,1,2,2,1,2,1,2,0,1,3,1,1,1,1,1,33612,1,2,1,1,2,0,1,3,2,2
12B216,14,40196,3,1,0,2,2,224,2,23,7,3,6,1,1,1,1,2,2,1,20,3,2,2,1,1,1,2,3,4000,2,1,2,10,2,2,1,1,2,2,1,2,1,2,1,0,1,2,2,0,0,0,0,0,0,0,0,0,0,0,0,20,2,0,4,4,1,0,1,2,1,1,1,1,1,1,1,3,1,2,2,2,2,16806,1,2,1,2,1,0,1,30,1,2
12B216,14,40196,4,1,0,1,2,224,2,81,2,4,7,1,1,1,1,2,2,2,2,3,2,1,1,2,2,2,2,0,2,1,1,2,3,2,2,1,2,2,2,1,2,2,3,50,2,1,1,0,0,0,0,0,0,0,0,0,0,0,0,40,2,0,1,1,1,0,2,1,2,2,2,2,2,0,2,0,1,2,1,2,2,8403,1,2,1,2,2,0,1,4,0,0
12B216,14,40196,2,1,0,3,2,224,2,48,4,3,7,1,1,1,1,2,2,1,1,5,2,2,1,2,2,2,3,350,2,1,1,5,4,2,2,1,2,2,1,2,2,2,3,200,2,1,1,0,0,0,0,0,0,0,0,0,0,0,0,30,2,0,3,3,1,0,2,2,2,2,1,1,1,1,1,1,1,1,1,1,1,33612,1,2,1,2,2,0,1,6,0,1
11B216,14,40197,1,1,0,2,2,224,1,25,7,4,1,1,1,1,1,2,2,1,7,4,2,1,2,1,1,2,3,5000,2,1,1,4,4,2,2,1,2,2,2,2,1,2,3,200,2,1,1,0,0,0,0,0,0,0,0,0,0,0,0,60,2,0,3,3,1,0,1,2,2,1,1,1,1,2,1,1,1,1,1,1,1,14926,1,2,1,2,2,0,1,11,2,2
11B216,14,40197,2,1,0,1,2,224,1,75,7,5,8,1,1,1,1,2,2,2,3,4,2,2,2,2,1,2,2,0,2,1,1,3,4,2,1,1,1,2,2,2,2,2,2,0,2,1,1,0,0,0,0,0,0,0,0,0,0,0,0,30,2,0,3,3,2,0,2,2,2,2,2,1,2,0,1,1,1,1,1,1,1,14926,1,2,1,2,2,0,1,6,0,2
11B216,14,40197,3,1,0,1,2,224,2,38,3,3,7,1,2,2,2,2,2,1,0,0,0,0,0,0,0,0,0,0,0,0,0,0,0,0,0,0,0,0,0,0,0,0,0,0,0,0,0,0,0,0,0,0,0,0,0,0,0,0,0,15,2,0,3,4,1,0,2,2,2,2,2,2,2,0,2,0,1,1,1,1,1,14926,3,3,1,0,0,0,2,0,0,1
11B216,14,40197,4,1,0,2,2,224,2,61,2,6,7,1,2,2,1,2,2,2,0,0,0,0,0,0,0,0,0,0,0,0,0,1,4,2,2,2,2,1,2,2,2,2,2,0,2,1,1,0,0,0,0,0,0,0,0,0,0,0,0,15,2,0,3,3,2,0,2,2,2,2,2,2,2,0,2,0,1,2,1,1,1,7463,3,3,1,0,2,0,1,1,0,0
12A227,14,40222,1,1,0,4,2,224,1,23,4,3,6,1,2,2,2,2,2,2,0,0,0,0,0,0,0,0,0,0,0,0,0,0,0,0,0,0,0,0,0,0,0,0,0,0,0,0,0,0,0,0,0,0,0,0,0,0,0,0,0,0,0,0,0,0,0,1,2,2,2,2,2,2,2,0,2,0,1,2,1,1,1,33679,4,4,2,0,0,0,2,0,1,1
12A227,14,40222,2,1,0,2,2,224,2,28,7,4,6,1,2,2,2,2,2,2,0,0,0,0,0,0,0,0,0,0,0,0,0,0,0,0,0,0,0,0,0,0,0,0,0,0,0,0,0,0,0,0,0,0,0,0,0,0,0,0,0,0,0,0,0,0,0,1,2,2,2,2,2,2,2,0,2,0,1,2,1,1,1,33679,4,4,2,0,0,0,2,0,1,2
12A227,14,40222,3,1,0,1,2,224,1,37,3,3,1,1,2,2,2,2,2,2,0,0,0,0,0,0,0,0,0,0,0,0,0,0,0,0,0,0,0,0,0,0,0,0,0,0,0,0,0,0,0,0,0,0,0,0,0,0,0,0,0,0,0,0,0,0,0,1,2,2,2,2,2,2,2,0,2,0,1,2,2,2,2,11226,4,4,2,0,0,0,2,0,2,1
12A227,14,40222,4,1,0,1,2,224,2,40,3,3,1,1,1,2,2,2,2,2,0,0,0,0,0,0,0,0,0,0,0,0,0,0,0,0,0,0,0,0,0,0,0,0,0,0,0,0,0,0,0,0,0,0,0,0,0,0,0,0,0,0,0,0,0,0,0,2,2,2,2,2,2,2,2,0,2,0,1,2,1,1,1,11226,2,4,2,0,0,0,2,0,2,1
12A227,14,40223,1,1,0,2,2,224,2,41,4,3,7,1,2,2,2,2,2,2,0,0,0,0,0,0,0,0,0,0,0,0,0,0,0,0,0,0,0,0,0,0,0,0,0,0,0,0,0,0,0,0,0,0,0,0,0,0,0,0,0,0,0,0,0,0,0,3,2,1,2,2,2,2,2,0,2,0,1,2,1,1,1,18659,4,4,2,0,0,0,2,0,0,1
12A227,14,40223,4,1,0,5,2,224,2,29,4,3,1,1,1,1,2,2,2,1,3,4,2,2,1,2,1,2,3,1200,2,1,1,0,0,0,0,0,0,0,0,0,0,0,0,0,0,0,0,0,0,0,0,0,0,0,0,0,0,0,0,30,2,0,2,3,2,0,1,2,1,1,2,2,2,0,1,1,1,1,1,1,1,37317,1,2,1,2,0,0,1,3,2,1
12A227,14,40223,3,1,0,1,2,224,2,33,7,2,1,1,2,2,2,2,2,2,0,0,0,0,0,0,0,0,0,0,0,0,0,0,0,0,0,0,0,0,0,0,0,0,0,0,0,0,0,0,0,0,0,0,0,0,0,0,0,0,0,0,0,0,0,0,0,3,2,2,2,2,2,1,2,0,1,2,1,1,1,1,1,9329,4,4,2,0,0,0,2,0,2,2
12A227,14,40223,2,1,0,1,2,224,1,50,3,2,1,1,2,2,2,2,2,2,0,0,0,0,0,0,0,0,0,0,0,0,0,0,0,0,0,0,0,0,0,0,0,0,0,0,0,0,0,0,0,0,0,0,0,0,0,0,0,0,0,0,0,0,0,0,0,3,2,2,2,2,2,2,2,0,1,1,1,2,1,2,1,18659,4,4,2,0,0,0,2,0,2,1
11A227,14,40227,3,1,0,4,2,224,1,30,3,3,1,1,1,1,2,2,2,2,3,4,2,2,2,1,2,2,3,300,2,1,1,0,0,0,0,0,0,0,0,0,0,0,0,0,0,0,0,0,0,0,0,0,0,0,0,0,0,0,0,45,2,0,2,2,1,0,2,2,2,2,2,1,1,2,1,1,1,1,2,1,1,58946,1,1,1,2,0,0,1,3,2,1
11A227,14,40227,2,1,0,1,2,224,1,58,4,3,1,1,2,2,2,2,2,2,0,0,0,0,0,0,0,0,0,0,0,0,0,0,0,0,0,0,0,0,0,0,0,0,0,0,0,0,0,0,0,0,0,0,0,0,0,0,0,0,0,0,0,0,0,0,0,2,2,2,2,2,2,2,2,0,2,0,1,3,1,2,2,47156,4,4,2,0,0,0,2,0,2,1
11A227,14,40227,4,1,0,2,2,224,2,51,3,3,1,1,1,1,2,2,2,2,1,3,2,2,2,1,2,2,2,0,2,1,1,0,0,0,0,0,0,0,0,0,0,0,0,0,0,0,0,0,0,0,0,0,0,0,0,0,0,0,0,30,2,0,2,3,2,0,2,2,2,2,2,2,2,0,1,2,1,2,1,1,1,23578,1,1,1,2,0,0,1,1,2,1
12A227,14,40228,1,1,0,2,2,224,2,61,7,4,7,1,2,2,2,2,2,2,0,0,0,0,0,0,0,0,0,0,0,0,0,0,0,0,0,0,0,0,0,0,0,0,0,0,0,0,0,0,0,0,0,0,0,0,0,0,0,0,0,0,0,0,0,0,0,1,2,2,2,2,2,2,2,0,2,0,1,2,1,1,1,14289,4,4,2,0,0,0,2,0,0,2
12A227,14,40228,4,1,0,1,2,224,1,78,2,6,8,1,2,2,2,2,2,2,0,0,0,0,0,0,0,0,0,0,0,0,0,0,0,0,0,0,0,0,0,0,0,0,0,0,0,0,0,0,0,0,0,0,0,0,0,0,0,0,0,0,0,0,0,0,0,1,2,2,2,2,2,2,2,0,2,0,1,2,2,2,2,14289,4,4,2,0,0,0,2,0,0,0
12A227,14,40228,2,1,0,1,2,224,2,87,2,6,7,1,2,2,2,2,2,2,0,0,0,0,0,0,0,0,0,0,0,0,0,0,0,0,0,0,0,0,0,0,0,0,0,0,0,0,0,0,0,0,0,0,0,0,0,0,0,0,0,0,0,0,0,0,0,1,2,2,2,2,2,2,2,0,2,0,1,2,2,2,2,21434,4,4,2,0,0,0,2,0,0,0
11B214,14,40234,3,1,1,1,2,224,2,38,3,3,7,1,1,2,2,2,2,2,0,0,0,0,0,0,0,0,0,0,0,0,0,0,0,0,0,0,0,0,0,0,0,0,0,0,0,0,0,0,0,0,0,0,0,0,0,0,0,0,0,0,0,0,0,0,0,1,2,2,2,2,2,2,2,0,2,0,1,2,1,1,2,13908,2,4,2,0,0,0,2,0,0,1
11B214,14,40234,2,1,1,1,2,224,1,30,4,3,1,1,2,2,2,2,2,2,0,0,0,0,0,0,0,0,0,0,0,0,0,0,0,0,0,0,0,0,0,0,0,0,0,0,0,0,0,0,0,0,0,0,0,0,0,0,0,0,0,0,0,0,0,0,0,3,2,2,2,2,1,1,1,1,1,1,1,1,1,1,1,13908,4,4,2,0,0,0,2,0,2,1
11B222,14,40234,2,1,0,1,2,224,2,75,2,6,8,1,1,1,1,2,2,2,1,4,2,2,1,2,2,2,2,0,2,1,1,4,5,2,2,2,2,1,2,2,1,2,2,0,2,1,1,0,0,0,0,0,0,0,0,0,0,0,0,20,1,3,2,1,2,0,2,2,2,2,2,2,2,0,1,1,1,1,2,1,1,8650,1,2,1,2,2,0,1,5,0,0
11B222,14,40234,1,1,0,1,2,224,1,26,7,4,1,1,1,1,2,1,2,1,4,1,2,1,2,1,2,2,3,1500,2,1,1,0,0,0,0,0,0,0,0,0,0,0,0,0,0,0,0,5,1,1,2,2,2,2,2,0,2,1,2,45,1,4,3,3,1,0,1,2,2,2,2,2,2,0,2,0,1,1,2,2,2,17301,1,2,1,2,0,2,1,9,2,2
11B214,14,40234,4,1,0,1,2,224,1,43,4,3,1,2,0,0,0,0,0,0,0,0,0,0,0,0,0,0,0,0,0,0,0,0,0,0,0,0,0,0,0,0,0,0,0,0,0,0,0,0,0,0,0,0,0,0,0,0,0,0,0,0,0,0,0,0,0,0,0,0,0,0,0,0,0,0,0,0,0,0,0,0,0,34771,0,0,0,0,0,0,0,0,2,1
11B214,14,40234,1,1,0,1,2,224,2,63,4,3,1,1,1,2,1,2,2,2,0,0,0,0,0,0,0,0,0,0,0,0,0,5,5,2,2,2,2,1,2,2,2,2,2,0,2,1,2,0,0,0,0,0,0,0,0,0,0,0,0,20,2,0,2,2,2,0,2,2,2,2,2,2,2,0,2,0,1,2,1,1,2,27817,1,3,1,0,2,0,1,5,2,1
11B222,14,40234,3,1,0,4,2,224,1,20,4,3,6,1,1,1,2,2,2,1,2,2,2,1,2,2,2,2,2,0,2,1,1,0,0,0,0,0,0,0,0,0,0,0,0,0,0,0,0,0,0,0,0,0,0,0,0,0,0,0,0,30,1,5,2,3,1,0,1,2,1,2,1,1,1,1,1,1,1,1,1,1,1,25951,1,2,1,2,0,0,1,2,1,1
11B222,14,40234,4,1,0,2,2,224,2,74,2,6,7,1,2,2,2,2,2,2,0,0,0,0,0,0,0,0,0,0,0,0,0,0,0,0,0,0,0,0,0,0,0,0,0,0,0,0,0,0,0,0,0,0,0,0,0,0,0,0,0,0,0,0,0,0,0,5,2,2,2,2,2,2,2,0,2,0,1,2,2,2,2,25951,4,4,2,0,0,0,2,0,0,0
12B222,14,40235,4,1,0,1,2,224,1,81,2,3,10,1,2,2,2,2,2,2,0,0,0,0,0,0,0,0,0,0,0,0,0,0,0,0,0,0,0,0,0,0,0,0,0,0,0,0,0,0,0,0,0,0,0,0,0,0,0,0,0,0,0,0,0,0,0,5,2,2,2,2,2,2,2,0,2,0,1,1,1,2,2,22101,4,4,2,0,0,0,2,0,0,0
12B222,14,40235,1,1,0,1,2,224,1,45,4,3,1,1,2,2,2,2,2,2,0,0,0,0,0,0,0,0,0,0,0,0,0,0,0,0,0,0,0,0,0,0,0,0,0,0,0,0,0,0,0,0,0,0,0,0,0,0,0,0,0,0,0,0,0,0,0,3,2,2,2,2,2,2,2,0,1,1,1,1,1,1,1,29468,4,4,2,0,0,0,2,0,2,1
12B222,14,40235,3,1,0,2,2,224,2,48,6,2,1,1,1,1,2,2,2,1,4,3,2,2,1,1,2,2,2,0,2,1,2,0,0,0,0,0,0,0,0,0,0,0,0,0,0,0,0,0,0,0,0,0,0,0,0,0,0,0,0,90,2,0,2,3,1,0,2,2,1,2,2,2,2,0,1,1,1,2,1,2,2,14734,1,2,1,2,0,0,1,4,2,1
12B222,14,40235,2,1,0,5,2,224,1,37,3,3,1,1,1,1,2,2,2,2,1,4,2,2,1,2,2,2,2,0,2,1,1,0,0,0,0,0,0,0,0,0,0,0,0,0,0,0,0,0,0,0,0,0,0,0,0,0,0,0,0,30,2,0,2,3,2,0,2,2,2,2,2,2,2,0,1,2,1,1,1,3,1,36835,1,1,1,2,0,0,1,1,2,1
11B214,14,40236,1,1,0,1,2,224,2,36,3,3,1,1,2,2,2,2,2,1,0,0,0,0,0,0,0,0,0,0,0,0,0,0,0,0,0,0,0,0,0,0,0,0,0,0,0,0,0,0,0,0,0,0,0,0,0,0,0,0,0,60,2,0,3,3,2,0,2,2,2,2,2,2,2,0,2,0,1,2,1,1,1,8718,3,3,1,0,0,0,2,0,2,1
11B222,14,40236,1,1,0,2,2,224,2,21,4,3,7,1,2,2,2,2,2,2,0,0,0,0,0,0,0,0,0,0,0,0,0,0,0,0,0,0,0,0,0,0,0,0,0,0,0,0,0,0,0,0,0,0,0,0,0,0,0,0,0,0,0,0,0,0,0,3,2,2,2,2,2,2,2,0,2,0,1,2,2,2,2,15872,4,4,2,0,0,0,2,0,0,1
11B222,14,40236,3,1,0,3,2,224,2,30,4,3,7,1,2,2,2,2,2,2,0,0,0,0,0,0,0,0,0,0,0,0,0,0,0,0,0,0,0,0,0,0,0,0,0,0,0,0,0,0,0,0,0,0,0,0,0,0,0,0,0,0,0,0,0,0,0,3,2,2,2,2,2,2,2,0,2,0,1,2,2,2,2,23809,4,4,2,0,0,0,2,0,0,1
11B214,14,40236,2,1,0,1,2,224,2,65,7,5,7,2,0,0,0,0,0,0,0,0,0,0,0,0,0,0,0,0,0,0,0,0,0,0,0,0,0,0,0,0,0,0,0,0,0,0,0,0,0,0,0,0,0,0,0,0,0,0,0,0,0,0,0,0,0,0,0,0,0,0,0,0,0,0,0,0,0,0,0,0,0,26156,0,0,0,0,0,0,0,0,0,2
11B214,14,40236,4,1,0,2,2,224,2,25,4,3,7,1,1,2,1,2,2,1,0,0,0,0,0,0,0,0,0,0,0,0,0,2,3,2,2,1,2,2,2,1,2,2,2,0,2,1,1,0,0,0,0,0,0,0,0,0,0,0,0,60,2,0,3,3,2,0,2,2,2,2,1,1,1,1,2,0,1,1,1,1,1,17437,1,3,1,0,2,0,1,2,0,1
11B222,14,40236,2,1,0,2,2,224,2,23,3,3,7,1,2,2,2,2,2,2,0,0,0,0,0,0,0,0,0,0,0,0,0,0,0,0,0,0,0,0,0,0,0,0,0,0,0,0,0,0,0,0,0,0,0,0,0,0,0,0,0,0,0,0,0,0,0,2,2,2,2,2,2,2,2,0,2,0,1,2,2,2,2,15872,4,4,2,0,0,0,2,0,0,1
11B214,14,40236,3,1,0,1,2,224,1,51,2,3,1,1,2,2,2,2,2,2,0,0,0,0,0,0,0,0,0,0,0,0,0,0,0,0,0,0,0,0,0,0,0,0,0,0,0,0,0,0,0,0,0,0,0,0,0,0,0,0,0,0,0,0,0,0,0,1,2,2,2,2,2,2,2,0,2,0,1,2,1,1,1,17437,4,4,2,0,0,0,2,0,2,0
12B214,14,40237,3,1,0,3,2,224,2,37,3,3,1,1,2,2,2,2,2,1,0,0,0,0,0,0,0,0,0,0,0,0,0,0,0,0,0,0,0,0,0,0,0,0,0,0,0,0,0,0,0,0,0,0,0,0,0,0,0,0,0,90,2,0,3,3,2,0,2,2,2,2,2,2,2,0,2,0,1,2,1,1,1,8153,3,3,1,0,0,0,2,0,2,1
12B222,14,40237,3,1,0,1,2,224,1,70,2,6,8,1,1,1,2,2,2,2,1,3,2,2,2,1,2,2,2,0,2,1,1,0,0,0,0,0,0,0,0,0,0,0,0,0,0,0,0,0,0,0,0,0,0,0,0,0,0,0,0,15,2,0,3,3,2,0,2,2,2,2,2,2,2,0,2,0,1,2,1,1,1,30057,1,1,1,2,0,0,1,1,0,0
12B214,14,40237,2,1,0,4,2,224,2,37,4,3,7,1,2,2,2,2,2,1,0,0,0,0,0,0,0,0,0,0,0,0,0,0,0,0,0,0,0,0,0,0,0,0,0,0,0,0,0,0,0,0,0,0,0,0,0,0,0,0,0,60,2,0,3,3,2,0,2,2,2,2,2,2,1,2,2,0,1,2,1,1,1,32613,3,3,1,0,0,0,2,0,0,1
12B222,14,40237,1,1,0,1,2,224,2,72,6,1,8,1,2,2,2,2,2,2,0,0,0,0,0,0,0,0,0,0,0,0,0,0,0,0,0,0,0,0,0,0,0,0,0,0,0,0,0,0,0,0,0,0,0,0,0,0,0,0,0,0,0,0,0,0,0,2,2,2,2,2,2,2,2,0,2,0,1,1,1,1,1,20038,4,4,2,0,0,0,2,0,0,1
12B214,14,40237,4,1,0,3,2,224,2,32,3,3,1,1,2,2,2,2,2,2,0,0,0,0,0,0,0,0,0,0,0,0,0,0,0,0,0,0,0,0,0,0,0,0,0,0,0,0,0,0,0,0,0,0,0,0,0,0,0,0,0,0,0,0,0,0,0,1,2,2,2,2,2,2,2,0,2,0,1,2,1,1,1,24460,4,4,2,0,0,0,2,0,2,1
12B222,14,40237,2,1,0,2,2,224,2,64,2,6,7,1,1,2,2,2,2,2,0,0,0,0,0,0,0,0,0,0,0,0,0,0,0,0,0,0,0,0,0,0,0,0,0,0,0,0,0,0,0,0,0,0,0,0,0,0,0,0,0,0,0,0,0,0,0,3,2,2,2,2,2,2,2,0,2,0,1,2,2,2,2,30057,2,4,2,0,0,0,2,0,0,0
11A228,14,40276,1,1,0,1,2,224,1,64,3,3,1,1,1,1,2,2,2,2,1,5,2,2,2,2,1,2,2,0,2,1,1,0,0,0,0,0,0,0,0,0,0,0,0,0,0,0,0,0,0,0,0,0,0,0,0,0,0,0,0,20,2,0,2,2,1,0,2,2,2,2,2,2,2,0,1,1,1,2,1,2,2,32771,1,1,1,2,0,0,1,1,2,1
11A228,14,40276,4,1,0,3,2,224,1,38,3,3,1,1,2,2,2,2,2,2,0,0,0,0,0,0,0,0,0,0,0,0,0,0,0,0,0,0,0,0,0,0,0,0,0,0,0,0,0,0,0,0,0,0,0,0,0,0,0,0,0,0,0,0,0,0,0,3,2,2,2,2,2,2,2,0,1,1,1,2,1,2,1,32771,4,4,2,0,0,0,2,0,2,1
11A228,14,40276,2,1,0,1,2,224,1,32,4,3,1,1,1,1,2,2,2,1,1,1,2,1,2,2,2,2,3,250,2,1,1,0,0,0,0,0,0,0,0,0,0,0,0,0,0,0,0,0,0,0,0,0,0,0,0,0,0,0,0,25,2,0,3,4,1,0,1,2,2,2,2,1,1,1,1,1,1,1,1,1,2,16385,1,2,1,2,0,0,1,1,2,1
12B214,14,40277,1,1,0,1,2,224,1,80,2,4,8,1,2,2,2,2,2,2,0,0,0,0,0,0,0,0,0,0,0,0,0,0,0,0,0,0,0,0,0,0,0,0,0,0,0,0,0,0,0,0,0,0,0,0,0,0,0,0,0,0,0,0,0,0,0,1,2,2,2,2,1,2,2,0,2,0,1,2,1,1,1,26489,4,4,2,0,0,0,2,0,0,0
12B214,14,40277,4,1,0,1,2,224,1,81,2,3,8,1,2,2,2,2,2,2,0,0,0,0,0,0,0,0,0,0,0,0,0,0,0,0,0,0,0,0,0,0,0,0,0,0,0,0,0,0,0,0,0,0,0,0,0,0,0,0,0,0,0,0,0,0,0,1,2,2,2,2,2,1,1,1,2,0,1,1,1,1,1,8830,4,4,2,0,0,0,2,0,0,0
12B222,14,40279,2,1,0,2,2,224,1,30,3,3,1,1,2,2,2,2,2,2,0,0,0,0,0,0,0,0,0,0,0,0,0,0,0,0,0,0,0,0,0,0,0,0,0,0,0,0,0,0,0,0,0,0,0,0,0,0,0,0,0,0,0,0,0,0,0,3,2,2,2,2,2,1,1,2,2,0,1,1,2,2,2,17455,4,4,2,0,0,0,2,0,2,1
12B222,14,40279,3,1,0,3,2,224,2,21,3,3,1,1,1,2,2,2,2,2,0,0,0,0,0,0,0,0,0,0,0,0,0,0,0,0,0,0,0,0,0,0,0,0,0,0,0,0,0,0,0,0,0,0,0,0,0,0,0,0,0,0,0,0,0,0,0,3,2,2,2,2,2,2,2,0,1,1,1,1,1,1,1,34910,2,4,2,0,0,0,2,0,2,1
12B222,14,40279,1,1,0,1,2,224,2,46,4,3,1,1,1,1,1,2,2,2,3,3,2,1,2,2,2,2,3,2000,2,1,1,2,4,2,2,2,1,2,2,2,2,2,3,100,2,1,1,0,0,0,0,0,0,0,0,0,0,0,0,45,2,0,3,4,1,0,2,1,2,2,2,2,2,0,2,0,1,2,2,2,2,8728,1,2,1,2,2,0,1,5,2,1
12A228,14,40315,3,1,0,1,2,224,2,73,0,,7,2,0,0,0,0,0,0,0,0,0,0,0,0,0,0,0,0,0,0,0,0,0,0,0,0,0,0,0,0,0,0,0,0,0,0,0,0,0,0,0,0,0,0,0,0,0,0,0,0,0,0,0,0,0,0,0,0,0,0,0,0,0,0,0,0,0,0,0,0,0,18950,0,0,0,0,0,0,0,0,0,0
12A228,14,40315,2,1,0,1,2,224,2,41,7,5,1,1,1,1,2,2,2,1,3,4,2,1,2,1,1,2,3,900,2,1,1,0,0,0,0,0,0,0,0,0,0,0,0,0,0,0,0,0,0,0,0,0,0,0,0,0,0,0,0,35,2,0,2,4,1,0,1,2,2,2,2,1,2,0,1,1,1,1,1,1,1,28425,1,2,1,2,0,0,1,3,2,2
12A228,14,40315,1,1,0,2,2,224,2,42,4,3,7,1,2,2,2,2,2,2,0,0,0,0,0,0,0,0,0,0,0,0,0,0,0,0,0,0,0,0,0,0,0,0,0,0,0,0,0,0,0,0,0,0,0,0,0,0,0,0,0,0,0,0,0,0,0,3,2,2,2,2,2,2,2,0,2,0,1,1,1,1,2,18950,4,4,2,0,0,0,2,0,0,1
12A228,14,40316,1,1,0,1,2,224,1,65,7,4,1,1,2,2,1,1,2,1,0,0,0,0,0,0,0,0,0,0,0,0,0,5,3,1,1,2,1,1,2,2,1,2,2,0,2,1,1,1,3,1,1,1,2,1,3,15,2,1,1,30,2,0,2,2,2,0,2,1,2,2,1,1,1,2,1,2,1,1,1,1,1,16022,3,3,1,0,2,2,1,6,2,2
12A228,14,40316,3,1,0,2,2,224,2,36,4,3,1,1,2,2,1,2,2,1,0,0,0,0,0,0,0,0,0,0,0,0,0,2,4,2,2,2,2,2,2,2,1,2,2,0,2,1,2,0,0,0,0,0,0,0,0,0,0,0,0,15,2,0,2,2,2,0,2,2,2,2,2,1,1,2,1,1,1,1,1,1,1,16022,3,3,1,0,2,0,1,2,2,1
12A228,14,40316,2,1,0,2,2,224,2,23,4,3,6,1,1,1,1,2,2,1,5,2,2,1,2,1,1,2,1,0,1,2,1,6,3,2,2,2,2,2,1,1,1,2,3,100,2,1,1,0,0,0,0,0,0,0,0,0,0,0,0,60,2,0,3,3,1,0,1,2,1,1,2,2,2,0,1,1,1,1,1,1,1,16022,1,2,1,1,2,0,1,11,1,1
12B214,14,40328,4,1,0,2,2,224,2,32,4,3,7,1,2,2,2,2,2,2,0,0,0,0,0,0,0,0,0,0,0,0,0,0,0,0,0,0,0,0,0,0,0,0,0,0,0,0,0,0,0,0,0,0,0,0,0,0,0,0,0,0,0,0,0,0,0,1,2,2,2,2,2,1,1,1,1,3,1,1,1,1,1,17326,4,4,2,0,0,0,2,0,0,1
12B214,14,40328,2,1,0,2,2,224,2,45,3,3,2,1,1,1,2,2,2,2,1,5,2,2,1,2,2,2,2,0,2,1,1,0,0,0,0,0,0,0,0,0,0,0,0,0,0,0,0,0,0,0,0,0,0,0,0,0,0,0,0,40,2,0,2,4,2,0,2,2,2,2,1,1,1,2,1,1,1,1,2,2,2,25989,1,1,1,2,0,0,1,1,1,1
12B214,14,40328,1,1,0,1,2,224,2,60,8,2,1,1,1,1,1,2,2,2,1,4,2,1,2,2,2,2,2,0,2,1,1,2,4,2,2,2,2,2,2,2,1,2,2,0,2,1,1,0,0,0,0,0,0,0,0,0,0,0,0,15,2,0,2,3,2,0,2,2,2,2,2,2,2,0,1,1,1,1,1,1,1,17326,1,2,1,2,2,0,1,3,2,2
13B214,14,40331,2,1,0,1,2,224,2,61,3,3,7,1,1,1,2,2,2,2,1,4,2,2,1,2,2,2,2,0,2,1,1,0,0,0,0,0,0,0,0,0,0,0,0,0,0,0,0,0,0,0,0,0,0,0,0,0,0,0,0,20,2,0,3,3,2,0,2,2,2,2,2,2,2,0,2,0,1,1,1,1,1,10445,1,1,1,2,0,0,1,1,0,1
13B214,14,40331,3,1,0,2,2,224,2,73,2,6,7,1,1,1,2,2,2,2,2,3,2,2,1,2,2,2,2,0,2,1,1,0,0,0,0,0,0,0,0,0,0,0,0,0,0,0,0,0,0,0,0,0,0,0,0,0,0,0,0,20,2,0,3,3,1,0,2,2,2,2,1,2,2,0,1,1,1,1,1,1,1,20889,1,1,1,2,0,0,1,2,0,0
13B214,14,40331,4,1,0,1,2,224,2,44,7,4,1,1,2,2,2,2,2,1,0,0,0,0,0,0,0,0,0,0,0,0,0,0,0,0,0,0,0,0,0,0,0,0,0,0,0,0,0,0,0,0,0,0,0,0,0,0,0,0,0,10,2,0,3,3,1,0,1,2,2,2,2,2,2,0,2,0,1,1,1,1,1,20889,3,3,1,0,0,0,2,0,2,2
13A228,14,40361,1,1,0,1,2,224,2,65,6,3,7,1,1,1,2,2,2,2,3,4,2,2,2,2,1,2,2,0,2,1,1,0,0,0,0,0,0,0,0,0,0,0,0,0,0,0,0,0,0,0,0,0,0,0,0,0,0,0,0,30,2,0,3,3,1,0,2,2,2,2,1,1,1,1,1,1,1,1,1,1,1,21564,1,1,1,2,0,0,1,3,0,1
13A228,14,40361,3,1,0,4,2,224,2,65,6,2,7,1,2,2,2,2,2,2,0,0,0,0,0,0,0,0,0,0,0,0,0,0,0,0,0,0,0,0,0,0,0,0,0,0,0,0,0,0,0,0,0,0,0,0,0,0,0,0,0,0,0,0,0,0,0,3,2,2,2,2,1,1,2,0,1,1,1,1,1,1,1,43127,4,4,2,0,0,0,2,0,0,1
11A228,14,40364,4,1,0,1,2,224,1,30,0,,1,1,2,2,2,2,2,2,0,0,0,0,0,0,0,0,0,0,0,0,0,0,0,0,0,0,0,0,0,0,0,0,0,0,0,0,0,0,0,0,0,0,0,0,0,0,0,0,0,0,0,0,0,0,0,3,2,2,2,2,2,2,2,0,1,1,1,3,1,2,2,22736,4,4,2,0,0,0,2,0,2,0
11A228,14,40364,1,1,0,2,2,224,2,47,3,3,1,1,1,2,2,2,2,2,0,0,0,0,0,0,0,0,0,0,0,0,0,0,0,0,0,0,0,0,0,0,0,0,0,0,0,0,0,0,0,0,0,0,0,0,0,0,0,0,0,0,0,0,0,0,0,3,2,2,2,2,2,1,2,0,2,0,1,2,1,1,2,37893,2,4,2,0,0,0,2,0,2,1
11A228,14,40364,3,1,0,2,2,224,1,18,4,2,1,1,2,2,1,2,2,2,0,0,0,0,0,0,0,0,0,0,0,0,0,2,4,1,2,2,2,2,2,2,2,2,2,0,2,1,1,0,0,0,0,0,0,0,0,0,0,0,0,10,2,0,2,3,1,0,2,2,2,2,2,1,1,2,1,1,1,1,1,1,1,15158,3,3,1,0,2,0,1,2,2,1
11A228,14,40364,2,1,0,3,2,224,2,26,7,5,1,1,1,1,2,2,2,1,4,2,2,1,2,2,2,2,3,2400,2,1,4,0,0,0,0,0,0,0,0,0,0,0,0,0,0,0,0,0,0,0,0,0,0,0,0,0,0,0,0,60,2,0,3,3,2,0,1,2,2,1,1,1,1,2,1,1,1,1,1,1,1,15158,1,2,1,2,0,0,1,4,2,2
12A228,14,40365,3,1,0,3,2,224,1,31,4,3,1,1,1,1,2,2,2,1,1,3,2,2,1,2,2,2,2,0,2,1,1,0,0,0,0,0,0,0,0,0,0,0,0,0,0,0,0,0,0,0,0,0,0,0,0,0,0,0,0,60,2,0,3,3,1,0,2,2,2,2,2,2,2,0,1,1,1,1,1,1,1,27129,1,2,1,2,0,0,1,1,2,1
12A228,14,40365,1,1,0,2,2,224,2,23,4,3,1,1,1,1,1,2,2,1,3,1,2,1,1,1,2,2,1,0,1,2,1,2,3,2,2,2,2,2,2,2,1,2,2,0,2,1,5,0,0,0,0,0,0,0,0,0,0,0,0,45,2,0,2,2,2,0,2,2,2,2,2,2,2,0,2,0,1,2,1,2,2,18086,1,2,1,1,2,0,1,5,2,1
12A228,14,40365,2,1,0,2,2,224,2,42,4,3,7,1,1,1,1,1,2,2,1,4,2,2,1,2,2,2,2,0,2,1,1,2,4,2,2,2,2,2,2,1,1,2,2,0,2,1,1,1,3,1,2,1,2,2,1,0,1,2,1,30,2,0,3,3,1,0,1,2,2,1,2,2,2,0,1,3,1,1,1,1,1,18086,1,2,1,2,2,1,1,4,0,1
11A228,14,40366,4,1,0,1,2,224,2,37,2,6,7,2,0,0,0,0,0,0,0,0,0,0,0,0,0,0,0,0,0,0,0,0,0,0,0,0,0,0,0,0,0,0,0,0,0,0,0,0,0,0,0,0,0,0,0,0,0,0,0,0,0,0,0,0,0,0,0,0,0,0,0,0,0,0,0,0,0,0,0,0,0,26921,0,0,0,0,0,0,0,0,0,0
11A228,14,40366,2,1,0,1,2,224,1,51,3,3,1,1,2,2,2,2,2,2,0,0,0,0,0,0,0,0,0,0,0,0,0,0,0,0,0,0,0,0,0,0,0,0,0,0,0,0,0,0,0,0,0,0,0,0,0,0,0,0,0,0,0,0,0,0,0,1,2,2,2,2,1,1,2,0,2,0,1,1,2,2,2,17948,4,4,2,0,0,0,2,0,2,1
11A228,14,40366,1,1,0,1,2,224,1,63,5,3,10,1,2,2,2,2,2,2,0,0,0,0,0,0,0,0,0,0,0,0,0,0,0,0,0,0,0,0,0,0,0,0,0,0,0,0,0,0,0,0,0,0,0,0,0,0,0,0,0,0,0,0,0,0,0,5,2,2,2,2,2,2,2,0,2,0,1,2,2,2,2,35895,4,4,2,0,0,0,2,0,0,1
12B214,14,40376,2,1,0,1,2,224,1,27,7,4,1,1,1,1,2,2,2,1,15,3,2,2,2,1,1,2,3,1500,2,1,1,0,0,0,0,0,0,0,0,0,0,0,0,0,0,0,0,0,0,0,0,0,0,0,0,0,0,0,0,40,2,0,2,4,1,0,1,2,2,2,2,1,1,2,1,2,1,1,2,1,2,16845,1,2,1,2,0,0,1,15,2,2
12B214,14,40376,3,1,0,1,2,224,2,38,3,3,1,1,2,2,2,2,2,1,0,0,0,0,0,0,0,0,0,0,0,0,0,0,0,0,0,0,0,0,0,0,0,0,0,0,0,0,0,0,0,0,0,0,0,0,0,0,0,0,0,10,2,0,3,4,1,0,2,2,2,2,2,1,2,0,1,1,1,1,1,1,1,16845,3,3,1,0,0,0,2,0,2,1
12B214,14,40376,1,1,0,1,2,224,1,34,7,5,1,1,1,1,2,2,2,1,2,3,2,1,1,2,2,2,1,0,1,2,1,0,0,0,0,0,0,0,0,0,0,0,0,0,0,0,0,0,0,0,0,0,0,0,0,0,0,0,0,30,2,0,2,4,1,0,1,2,2,2,2,1,2,0,1,5,1,1,1,1,1,16845,1,2,1,1,0,0,1,2,2,2
13B214,14,40377,3,1,0,1,2,224,2,60,7,5,1,1,1,1,2,2,2,1,2,3,2,1,2,1,2,2,2,0,2,1,1,0,0,0,0,0,0,0,0,0,0,0,0,0,0,0,0,0,0,0,0,0,0,0,0,0,0,0,0,35,2,0,2,4,1,0,2,2,2,2,2,1,2,0,1,2,1,1,1,1,1,10005,1,2,1,2,0,0,1,2,2,2
13B214,14,40377,1,1,0,1,2,224,1,65,3,3,1,1,1,2,2,2,2,1,0,0,0,0,0,0,0,0,0,0,0,0,0,0,0,0,0,0,0,0,0,0,0,0,0,0,0,0,0,0,0,0,0,0,0,0,0,0,0,0,0,25,2,0,2,3,1,0,2,2,2,2,2,2,2,0,2,0,1,1,2,1,1,30014,1,3,1,0,0,0,2,0,2,1
13B214,14,40377,2,1,0,2,2,224,2,38,7,5,7,1,1,1,2,2,2,1,2,3,2,1,2,2,1,2,2,0,2,1,1,0,0,0,0,0,0,0,0,0,0,0,0,0,0,0,0,0,0,0,0,0,0,0,0,0,0,0,0,35,2,0,2,4,1,0,1,2,2,2,2,1,1,1,1,3,1,1,1,1,1,20010,1,2,1,2,0,0,1,2,0,2
12A228,14,40409,1,1,1,3,2,224,1,26,4,3,1,1,1,1,2,1,2,1,3,4,2,2,2,1,1,2,2,0,2,1,1,0,0,0,0,0,0,0,0,0,0,0,0,0,0,0,0,1,3,1,1,2,2,1,2,0,2,1,2,30,1,6,2,3,2,0,2,2,2,2,2,1,2,0,1,2,1,3,1,1,2,24365,1,2,1,2,0,2,1,4,2,1
12A228,14,40409,4,1,0,4,2,224,2,22,3,3,1,1,2,2,2,2,2,1,0,0,0,0,0,0,0,0,0,0,0,0,0,0,0,0,0,0,0,0,0,0,0,0,0,0,0,0,0,0,0,0,0,0,0,0,0,0,0,0,0,20,2,0,1,2,2,0,2,2,2,2,2,2,2,0,2,0,1,2,1,1,1,32486,3,3,1,0,0,0,2,0,2,1
12A228,14,40409,3,1,0,1,2,224,1,51,7,4,1,1,1,1,2,2,2,2,8,3,2,2,2,1,2,2,3,4000,2,1,1,0,0,0,0,0,0,0,0,0,0,0,0,0,0,0,0,0,0,0,0,0,0,0,0,0,0,0,0,180,2,0,2,4,1,0,1,2,2,2,1,1,2,0,1,2,1,1,1,1,1,24365,1,1,1,2,0,0,1,8,2,2
12A228,14,40409,2,1,0,1,2,224,1,28,4,3,1,1,2,2,2,2,2,2,0,0,0,0,0,0,0,0,0,0,0,0,0,0,0,0,0,0,0,0,0,0,0,0,0,0,0,0,0,0,0,0,0,0,0,0,0,0,0,0,0,0,0,0,0,0,0,3,2,2,2,2,2,1,1,1,1,1,1,1,1,1,1,24365,4,4,2,0,0,0,2,0,2,1
13B215,14,40420,2,1,0,1,2,224,2,64,7,6,7,1,1,1,2,2,2,2,2,3,2,1,2,1,2,2,2,0,2,1,1,0,0,0,0,0,0,0,0,0,0,0,0,0,0,0,0,0,0,0,0,0,0,0,0,0,0,0,0,35,2,0,3,3,1,0,1,2,2,2,2,1,2,0,1,1,1,1,1,1,1,21895,1,1,1,2,0,0,1,2,0,2
13B215,14,40420,1,1,0,1,2,224,1,28,7,4,1,1,1,1,2,2,2,1,5,3,2,1,2,1,2,2,2,0,2,1,1,0,0,0,0,0,0,0,0,0,0,0,0,0,0,0,0,0,0,0,0,0,0,0,0,0,0,0,0,45,2,0,3,3,1,0,1,2,2,1,2,2,2,0,1,1,1,1,2,2,1,21895,1,2,1,2,0,0,1,5,2,2
13B215,14,40420,3,1,0,1,2,224,2,51,7,5,1,1,1,1,2,2,2,1,2,3,2,1,2,1,2,2,3,1400,2,1,1,0,0,0,0,0,0,0,0,0,0,0,0,0,0,0,0,0,0,0,0,0,0,0,0,0,0,0,0,45,2,0,3,4,1,0,1,2,2,2,2,1,2,0,1,1,1,1,1,1,1,21895,1,2,1,2,0,0,1,2,2,2
13B215,14,40420,4,1,0,1,2,224,2,65,7,4,7,1,1,1,2,2,2,2,1,4,2,2,1,2,2,2,2,0,2,1,1,0,0,0,0,0,0,0,0,0,0,0,0,0,0,0,0,0,0,0,0,0,0,0,0,0,0,0,0,20,2,0,3,3,2,0,2,2,2,2,1,1,2,0,1,1,1,1,1,1,1,32843,1,1,1,2,0,0,1,1,0,2
11B215,14,40422,1,1,0,1,2,224,2,39,3,3,1,1,2,2,2,2,2,2,0,0,0,0,0,0,0,0,0,0,0,0,0,0,0,0,0,0,0,0,0,0,0,0,0,0,0,0,0,0,0,0,0,0,0,0,0,0,0,0,0,0,0,0,0,0,0,3,2,2,2,2,2,2,2,0,2,0,1,3,1,2,2,13663,4,4,2,0,0,0,2,0,2,1
11B215,14,40422,3,1,0,1,2,224,2,64,2,4,1,1,1,1,2,2,2,2,30,5,2,2,1,2,2,2,2,0,2,1,1,0,0,0,0,0,0,0,0,0,0,0,0,0,0,0,0,0,0,0,0,0,0,0,0,0,0,0,0,30,2,0,2,3,2,0,2,2,2,2,2,1,2,0,2,0,1,2,2,2,2,13663,1,1,1,2,0,0,1,30,2,0
11B215,14,40422,2,1,0,2,2,224,2,48,2,6,7,1,2,2,2,2,2,2,0,0,0,0,0,0,0,0,0,0,0,0,0,0,0,0,0,0,0,0,0,0,0,0,0,0,0,0,0,0,0,0,0,0,0,0,0,0,0,0,0,0,0,0,0,0,0,1,2,2,2,2,2,1,1,2,1,1,1,2,1,1,3,54652,4,4,2,0,0,0,2,0,0,0
12B215,14,40464,2,1,0,3,2,224,2,47,7,1,6,1,1,1,1,1,2,1,6,2,2,1,2,1,1,2,3,700,2,1,2,1,3,2,2,2,2,2,2,1,2,2,2,0,2,1,1,2,3,1,1,2,1,1,3,20,2,1,1,180,2,0,2,2,1,0,1,1,2,1,1,1,1,1,1,3,1,1,1,1,1,27036,1,2,1,2,2,2,1,9,1,2
12B215,14,40464,4,1,0,1,2,224,2,79,2,6,8,1,2,2,2,2,2,2,0,0,0,0,0,0,0,0,0,0,0,0,0,0,0,0,0,0,0,0,0,0,0,0,0,0,0,0,0,0,0,0,0,0,0,0,0,0,0,0,0,0,0,0,0,0,0,5,2,2,2,2,2,2,2,0,3,0,1,2,1,1,1,13518,4,4,2,0,0,0,2,0,0,0
12B215,14,40464,3,1,0,1,2,224,2,64,6,3,8,1,1,1,1,2,2,1,2,4,1,2,1,2,2,2,2,0,2,1,1,3,5,2,2,2,2,1,2,2,2,2,3,150,2,1,1,0,0,0,0,0,0,0,0,0,0,0,0,20,2,0,2,2,2,0,2,2,2,2,2,1,3,0,1,1,1,1,1,1,1,13518,1,2,1,2,2,0,1,5,0,1
12B215,14,40464,1,1,0,1,2,224,2,73,2,3,8,1,2,2,1,2,2,2,0,0,0,0,0,0,0,0,0,0,0,0,0,5,4,2,2,2,2,1,2,1,2,2,2,0,2,1,1,0,0,0,0,0,0,0,0,0,0,0,0,20,2,0,1,2,2,0,2,2,2,2,2,2,2,0,2,0,1,2,1,2,2,13518,3,3,1,0,2,0,1,5,0,0
11B215,14,40465,3,1,0,1,2,224,2,66,4,3,7,1,2,2,2,2,2,2,0,0,0,0,0,0,0,0,0,0,0,0,0,0,0,0,0,0,0,0,0,0,0,0,0,0,0,0,0,0,0,0,0,0,0,0,0,0,0,0,0,0,0,0,0,0,0,5,2,2,2,2,2,2,2,0,1,1,1,2,1,2,2,9399,4,4,2,0,0,0,2,0,0,1
11B215,14,40465,2,1,0,1,2,224,2,73,0,,7,1,2,2,2,2,2,2,0,0,0,0,0,0,0,0,0,0,0,0,0,0,0,0,0,0,0,0,0,0,0,0,0,0,0,0,0,0,0,0,0,0,0,0,0,0,0,0,0,0,0,0,0,0,0,5,2,2,2,2,2,2,2,0,2,0,1,3,2,2,2,18798,4,4,2,0,0,0,2,0,0,0
11B215,14,40465,4,1,0,2,2,224,2,48,2,6,7,1,2,2,2,2,2,2,0,0,0,0,0,0,0,0,0,0,0,0,0,0,0,0,0,0,0,0,0,0,0,0,0,0,0,0,0,0,0,0,0,0,0,0,0,0,0,0,0,0,0,0,0,0,0,1,2,2,2,2,2,2,2,0,3,0,1,3,1,2,2,18798,4,4,2,0,0,0,2,0,0,0
12B215,14,40469,1,1,0,1,2,224,2,38,7,5,7,1,2,2,2,2,2,2,0,0,0,0,0,0,0,0,0,0,0,0,0,0,0,0,0,0,0,0,0,0,0,0,0,0,0,0,0,0,0,0,0,0,0,0,0,0,0,0,0,0,0,0,0,0,0,1,2,2,2,2,2,2,2,0,2,0,1,2,1,1,1,17147,4,4,2,0,0,0,2,0,0,2
12B215,14,40469,4,1,0,3,2,224,2,25,7,3,1,1,2,2,2,2,2,2,0,0,0,0,0,0,0,0,0,0,0,0,0,0,0,0,0,0,0,0,0,0,0,0,0,0,0,0,0,0,0,0,0,0,0,0,0,0,0,0,0,0,0,0,0,0,0,3,2,2,2,2,2,2,2,0,2,0,1,2,2,2,2,17147,4,4,2,0,0,0,2,0,2,2
12B215,14,40469,2,1,0,2,2,224,1,48,3,3,1,1,2,2,2,2,2,2,0,0,0,0,0,0,0,0,0,0,0,0,0,0,0,0,0,0,0,0,0,0,0,0,0,0,0,0,0,0,0,0,0,0,0,0,0,0,0,0,0,0,0,0,0,0,0,1,2,2,2,2,2,2,2,0,2,0,1,2,1,1,1,25721,4,4,2,0,0,0,2,0,2,1
12B215,14,40469,3,1,0,1,2,224,1,38,7,5,1,1,2,2,2,2,2,2,0,0,0,0,0,0,0,0,0,0,0,0,0,0,0,0,0,0,0,0,0,0,0,0,0,0,0,0,0,0,0,0,0,0,0,0,0,0,0,0,0,0,0,0,0,0,0,3,2,2,2,2,2,2,2,0,2,0,1,2,2,2,2,17147,4,4,2,0,0,0,2,0,2,2
12B215,14,40508,3,1,0,1,2,224,1,52,7,6,1,1,1,1,2,2,2,1,6,3,2,2,1,2,1,2,3,1500,2,1,1,0,0,0,0,0,0,0,0,0,0,0,0,0,0,0,0,0,0,0,0,0,0,0,0,0,0,0,0,60,2,0,4,3,2,0,1,2,2,1,2,1,1,2,1,1,1,1,1,1,1,8740,1,2,1,2,0,0,1,6,2,2
12B215,14,40508,2,1,0,1,2,224,1,34,6,3,1,1,1,1,2,2,2,1,1,3,2,2,2,1,2,2,3,500,2,1,1,0,0,0,0,0,0,0,0,0,0,0,0,0,0,0,0,0,0,0,0,0,0,0,0,0,0,0,0,60,2,0,2,3,2,0,1,2,2,1,1,1,1,2,1,2,1,1,1,1,1,17481,1,2,1,2,0,0,1,1,2,1
12B215,14,40508,1,1,0,1,2,224,2,56,3,3,1,1,2,2,1,2,2,2,0,0,0,0,0,0,0,0,0,0,0,0,0,3,4,2,2,2,2,1,2,2,1,2,2,0,2,1,1,0,0,0,0,0,0,0,0,0,0,0,0,15,2,0,2,2,2,0,2,2,2,2,2,2,2,0,2,0,1,1,1,1,1,17481,3,3,1,0,2,0,1,3,2,1
12B215,14,40512,2,1,0,1,2,224,1,33,4,1,1,1,1,2,2,2,2,1,0,0,0,0,0,0,0,0,0,0,0,0,0,0,0,0,0,0,0,0,0,0,0,0,0,0,0,0,0,0,0,0,0,0,0,0,0,0,0,0,0,60,2,0,2,2,2,0,2,2,2,2,2,1,2,0,1,1,1,1,1,2,2,18983,1,3,1,0,0,0,2,0,2,1
12B215,14,40512,1,1,0,1,2,224,1,47,4,3,1,1,2,2,2,2,2,2,0,0,0,0,0,0,0,0,0,0,0,0,0,0,0,0,0,0,0,0,0,0,0,0,0,0,0,0,0,0,0,0,0,0,0,0,0,0,0,0,0,0,0,0,0,0,0,3,2,2,2,2,2,2,2,0,1,1,1,2,1,2,1,37966,4,4,2,0,0,0,2,0,2,1
12B215,14,40512,3,1,0,5,2,224,2,29,3,3,7,1,2,1,2,2,2,2,2,4,1,2,2,2,2,2,3,700,2,1,1,0,0,0,0,0,0,0,0,0,0,0,0,0,0,0,0,0,0,0,0,0,0,0,0,0,0,0,0,30,2,0,2,4,2,0,2,2,2,2,2,2,2,0,2,0,1,1,2,2,2,47458,3,1,1,2,0,0,1,2,0,1
12B215,14,40512,4,1,0,2,2,224,2,34,3,3,7,1,2,2,2,2,2,2,0,0,0,0,0,0,0,0,0,0,0,0,0,0,0,0,0,0,0,0,0,0,0,0,0,0,0,0,0,0,0,0,0,0,0,0,0,0,0,0,0,0,0,0,0,0,0,3,2,2,2,2,1,1,2,0,1,1,1,1,1,1,2,18983,4,4,2,0,0,0,2,0,0,1
13B222,14,40551,2,1,0,2,2,224,2,42,7,4,1,1,1,1,2,2,2,2,2,3,2,1,2,2,2,2,2,0,2,1,1,0,0,0,0,0,0,0,0,0,0,0,0,0,0,0,0,0,0,0,0,0,0,0,0,0,0,0,0,30,2,0,2,4,1,0,1,2,2,1,2,1,2,0,1,3,1,1,1,1,1,25025,1,1,1,2,0,0,1,2,2,2
13B222,14,40551,1,1,0,1,2,224,2,65,8,2,7,1,1,1,2,2,2,1,10,4,2,2,1,1,1,2,3,4000,2,1,1,0,0,0,0,0,0,0,0,0,0,0,0,0,0,0,0,0,0,0,0,0,0,0,0,0,0,0,0,120,2,0,2,4,1,0,1,2,2,1,2,1,1,1,1,5,1,1,1,1,1,16684,1,2,1,2,0,0,1,10,0,2
13B222,14,40551,4,1,0,1,2,224,1,24,7,5,1,1,1,1,2,2,2,1,2,3,2,1,2,2,2,2,1,0,1,2,1,0,0,0,0,0,0,0,0,0,0,0,0,0,0,0,0,0,0,0,0,0,0,0,0,0,0,0,0,60,2,0,3,3,1,0,2,2,2,1,2,1,1,1,1,5,1,1,1,1,1,8341,1,2,1,1,0,0,1,2,2,2
13B215,14,40557,4,1,0,1,2,224,2,78,3,3,7,1,1,2,1,1,2,2,0,0,0,0,0,0,0,0,0,0,0,0,0,2,4,2,1,2,2,2,2,1,2,2,3,999999,1,1,1,1,3,1,2,2,2,2,3,999999,2,1,1,30,2,0,2,2,2,0,2,1,2,2,3,3,3,0,3,0,1,1,1,1,1,19972,1,3,1,0,3,2,1,3,0,1
13B215,14,40557,2,1,1,1,2,224,1,35,7,4,1,1,1,1,2,2,2,1,3,3,2,1,2,1,1,2,3,600,2,1,1,0,0,0,0,0,0,0,0,0,0,0,0,0,0,0,0,0,0,0,0,0,0,0,0,0,0,0,0,45,2,0,3,3,1,0,2,2,2,2,2,1,2,0,1,3,1,1,1,1,1,19972,1,2,1,2,0,0,1,3,2,2
13B215,14,40557,1,1,0,1,2,224,2,79,6,2,7,1,1,1,2,2,2,2,7,4,2,2,2,1,1,2,2,0,2,1,1,0,0,0,0,0,0,0,0,0,0,0,0,0,0,0,0,0,0,0,0,0,0,0,0,0,0,0,0,60,2,0,2,4,1,0,2,2,2,2,2,2,2,0,1,1,1,1,1,1,1,9987,1,1,1,2,0,0,1,7,0,1
13B222,14,40600,2,1,0,1,2,224,1,54,7,5,1,1,1,1,2,2,2,1,2,4,2,1,2,1,2,2,3,400,2,1,1,0,0,0,0,0,0,0,0,0,0,0,0,0,0,0,0,0,0,0,0,0,0,0,0,0,0,0,0,30,2,0,3,3,1,0,1,2,2,2,1,1,2,0,1,2,1,2,1,2,1,8662,1,2,1,2,0,0,1,2,2,2
13B222,14,40600,4,1,0,2,2,224,1,62,8,2,1,1,1,1,2,2,2,2,4,4,2,2,2,2,1,2,3,200,2,1,1,0,0,0,0,0,0,0,0,0,0,0,0,0,0,0,0,0,0,0,0,0,0,0,0,0,0,0,0,60,2,0,3,3,1,0,2,1,1,1,2,1,2,0,1,2,1,1,1,2,2,17324,1,1,1,2,0,0,1,4,2,2
13B222,14,40600,1,1,0,2,2,224,2,47,4,3,7,1,1,2,2,2,2,1,0,0,0,0,0,0,0,0,0,0,0,0,0,0,0,0,0,0,0,0,0,0,0,0,0,0,0,0,0,0,0,0,0,0,0,0,0,0,0,0,0,20,2,0,2,3,1,0,2,2,2,2,1,1,1,1,1,2,1,1,1,1,1,17324,1,3,1,0,0,0,2,0,0,1
13B222,14,40600,3,1,0,2,2,224,2,28,3,3,7,1,1,1,1,2,2,1,1,4,2,2,1,2,2,2,1,0,1,2,1,2,4,2,2,2,2,2,2,2,1,2,2,0,2,1,1,0,0,0,0,0,0,0,0,0,0,0,0,60,2,0,3,4,1,0,2,2,2,2,1,1,1,1,1,1,1,1,1,1,1,17324,1,2,1,1,2,0,1,3,0,1
11B221,15,40004,4,1,0,2,1,224,2,29,3,3,4,1,1,1,2,2,2,1,1,4,2,2,1,2,2,2,3,30,2,1,1,0,0,0,0,0,0,0,0,0,0,0,0,0,0,0,0,0,0,0,0,0,0,0,0,0,0,0,0,60,2,0,3,2,1,0,1,1,1,1,1,1,1,1,1,1,1,1,1,1,1,18857,1,2,1,2,0,0,1,1,1,1
11B221,15,40004,1,1,0,1,1,224,1,40,4,3,1,1,1,1,2,2,2,1,1,3,2,2,2,1,2,2,2,0,2,1,1,0,0,0,0,0,0,0,0,0,0,0,0,0,0,0,0,0,0,0,0,0,0,0,0,0,0,0,0,30,2,0,4,4,1,0,2,2,2,2,1,1,1,2,1,1,1,1,1,1,1,18857,1,2,1,2,0,0,1,1,2,1
11B221,15,40004,2,1,0,2,1,224,2,40,3,3,7,1,1,2,2,2,2,2,0,0,0,0,0,0,0,0,0,0,0,0,0,0,0,0,0,0,0,0,0,0,0,0,0,0,0,0,0,0,0,0,0,0,0,0,0,0,0,0,0,0,0,0,0,0,0,3,2,2,2,2,1,1,1,2,2,0,1,1,1,1,1,18857,2,4,2,0,0,0,2,0,0,1
11B221,15,40005,3,1,0,1,1,224,2,26,3,1,7,1,2,2,2,2,2,2,0,0,0,0,0,0,0,0,0,0,0,0,0,0,0,0,0,0,0,0,0,0,0,0,0,0,0,0,0,0,0,0,0,0,0,0,0,0,0,0,0,0,0,0,0,0,0,3,2,2,2,2,2,2,2,0,2,0,1,1,1,1,1,8074,4,4,2,0,0,0,2,0,0,1
11B221,15,40005,1,1,0,3,1,224,2,18,4,3,6,1,1,1,2,2,2,2,5,2,2,1,2,2,2,2,3,200,2,1,1,0,0,0,0,0,0,0,0,0,0,0,0,0,0,0,0,0,0,0,0,0,0,0,0,0,0,0,0,30,1,5,2,3,2,0,1,2,2,2,1,1,2,0,1,1,1,1,1,1,1,24221,1,1,1,2,0,0,1,5,1,1
12B216,15,40007,2,1,0,1,1,224,1,37,4,3,1,1,2,2,2,2,2,1,0,0,0,0,0,0,0,0,0,0,0,0,0,0,0,0,0,0,0,0,0,0,0,0,0,0,0,0,0,0,0,0,0,0,0,0,0,0,0,0,0,15,2,0,2,3,2,0,2,2,2,2,2,2,2,0,2,0,1,1,1,3,3,62137,3,3,1,0,0,0,2,0,2,1
12B216,15,40007,1,1,0,1,1,224,1,59,6,3,1,1,1,2,2,1,2,2,0,0,0,0,0,0,0,0,0,0,0,0,0,0,0,0,0,0,0,0,0,0,0,0,0,0,0,0,0,3,4,1,1,2,2,2,3,30,2,1,4,30,2,0,2,2,2,0,2,2,2,2,2,1,1,1,3,0,1,1,1,2,2,82849,1,3,1,0,0,2,1,3,2,1
12B216,15,40007,4,1,0,1,1,224,1,27,7,3,1,1,1,1,2,1,2,1,3,4,2,1,2,1,1,2,2,0,2,1,2,0,0,0,0,0,0,0,0,0,0,0,0,0,0,0,0,5,3,1,1,2,2,1,1,0,1,2,1,60,1,3,3,3,2,0,1,2,1,1,1,1,1,2,1,2,1,1,1,1,1,41425,1,2,1,2,0,1,1,8,2,2
12A227,15,40026,2,1,0,2,1,224,2,60,3,3,7,1,1,1,1,2,2,1,1,3,2,2,2,2,1,2,3,999999,2,1,1,2,3,1,2,2,2,2,2,1,2,2,2,0,2,1,1,0,0,0,0,0,0,0,0,0,0,0,0,15,2,0,2,3,1,0,2,2,2,2,2,2,2,0,1,1,1,1,1,1,2,29410,1,2,1,2,2,0,1,3,0,1
12A227,15,40026,1,1,0,1,1,224,2,77,2,2,7,1,2,2,2,2,2,2,0,0,0,0,0,0,0,0,0,0,0,0,0,0,0,0,0,0,0,0,0,0,0,0,0,0,0,0,0,0,0,0,0,0,0,0,0,0,0,0,0,0,0,0,0,0,0,3,2,2,2,2,2,1,2,0,1,1,1,1,1,1,1,14705,4,4,2,0,0,0,2,0,0,0
12A227,15,40026,3,1,0,1,1,224,1,39,7,4,1,1,1,1,1,1,2,1,2,3,2,1,2,2,2,2,1,0,1,2,1,2,3,2,2,2,2,2,1,2,1,2,1,0,1,2,1,2,3,1,2,1,2,2,1,0,1,2,1,120,1,6,4,3,1,0,1,2,2,2,1,1,1,1,1,5,1,1,1,1,1,7353,1,2,1,1,1,1,1,6,2,2
11B221,15,40033,4,1,0,1,1,224,1,73,3,2,8,1,1,1,2,2,2,2,1,4,2,2,1,2,2,2,3,150,2,1,1,0,0,0,0,0,0,0,0,0,0,0,0,0,0,0,0,0,0,0,0,0,0,0,0,0,0,0,0,60,2,0,1,1,2,0,2,1,2,2,2,2,1,2,1,1,1,1,1,2,1,15803,1,1,1,2,0,0,1,1,0,1
11B221,15,40033,3,1,0,3,1,224,1,21,3,3,1,1,2,2,1,1,2,2,0,0,0,0,0,0,0,0,0,0,0,0,0,1,4,1,2,2,2,2,2,2,2,2,3,10,2,1,2,1,1,2,1,2,2,2,3,5,2,1,2,10,2,0,2,1,2,0,2,2,2,2,1,1,1,2,1,1,1,1,1,1,2,21071,3,3,1,0,2,2,1,2,2,1
11B221,15,40033,2,1,0,1,1,224,2,26,4,3,1,1,1,1,2,2,2,1,3,1,2,1,1,2,1,2,2,0,2,1,1,0,0,0,0,0,0,0,0,0,0,0,0,0,0,0,0,0,0,0,0,0,0,0,0,0,0,0,0,120,2,0,3,3,1,0,1,1,2,2,1,1,1,2,1,2,1,1,1,1,1,5268,1,2,1,2,0,0,1,3,2,1
12B213,15,40035,2,1,0,2,1,224,2,28,3,3,7,1,2,2,2,2,2,2,0,0,0,0,0,0,0,0,0,0,0,0,0,0,0,0,0,0,0,0,0,0,0,0,0,0,0,0,0,0,0,0,0,0,0,0,0,0,0,0,0,0,0,0,0,0,0,3,2,2,2,2,1,1,1,1,1,1,1,1,1,1,1,18062,4,4,2,0,0,0,2,0,0,1
12B213,15,40035,4,1,0,2,1,224,2,42,4,3,1,1,2,2,2,2,2,2,0,0,0,0,0,0,0,0,0,0,0,0,0,0,0,0,0,0,0,0,0,0,0,0,0,0,0,0,0,0,0,0,0,0,0,0,0,0,0,0,0,0,0,0,0,0,0,3,2,2,2,2,1,1,2,0,2,0,1,1,1,1,1,27093,4,4,2,0,0,0,2,0,2,1
12B213,15,40035,3,1,0,3,1,224,2,27,4,1,1,1,1,2,2,2,2,1,0,0,0,0,0,0,0,0,0,0,0,0,0,0,0,0,0,0,0,0,0,0,0,0,0,0,0,0,0,0,0,0,0,0,0,0,0,0,0,0,0,30,2,0,3,3,2,0,2,2,2,2,1,1,1,2,1,2,1,1,1,1,1,27093,1,3,1,0,0,0,2,0,2,1
12B213,15,40035,1,1,0,2,1,224,2,30,4,3,7,1,2,2,2,2,2,1,0,0,0,0,0,0,0,0,0,0,0,0,0,0,0,0,0,0,0,0,0,0,0,0,0,0,0,0,0,0,0,0,0,0,0,0,0,0,0,0,0,20,1,7,2,3,2,0,2,2,2,2,2,1,1,2,1,3,1,1,1,1,1,18062,3,3,1,0,0,0,2,0,0,1
11B216,15,40037,1,1,1,1,1,224,2,31,3,3,7,1,2,2,2,2,2,2,0,0,0,0,0,0,0,0,0,0,0,0,0,0,0,0,0,0,0,0,0,0,0,0,0,0,0,0,0,0,0,0,0,0,0,0,0,0,0,0,0,0,0,0,0,0,0,3,2,2,2,2,2,1,2,0,1,1,1,1,1,1,1,19122,4,4,2,0,0,0,2,0,0,1
11B216,15,40037,4,1,0,3,1,224,2,22,4,3,7,1,1,1,2,2,2,2,1,4,2,2,1,2,2,2,2,0,2,1,1,0,0,0,0,0,0,0,0,0,0,0,0,0,0,0,0,0,0,0,0,0,0,0,0,0,0,0,0,20,2,0,2,3,2,0,1,2,2,2,2,2,2,0,1,1,1,1,1,1,1,38244,1,1,1,2,0,0,1,1,0,1
11B216,15,40037,3,1,0,2,1,224,2,47,3,3,7,1,1,1,1,2,2,2,1,4,2,2,1,2,2,2,2,0,2,1,1,2,4,2,2,1,2,2,2,2,2,2,2,0,2,1,1,0,0,0,0,0,0,0,0,0,0,0,0,20,2,0,2,2,2,0,2,2,2,2,2,2,2,0,2,0,1,2,2,2,2,19122,1,2,1,2,2,0,1,3,0,1
11B216,15,40037,2,1,0,1,1,224,2,49,6,2,7,1,2,2,2,2,2,2,0,0,0,0,0,0,0,0,0,0,0,0,0,0,0,0,0,0,0,0,0,0,0,0,0,0,0,0,0,0,0,0,0,0,0,0,0,0,0,0,0,0,0,0,0,0,0,3,2,2,2,2,2,2,2,0,2,0,1,1,1,1,1,38244,4,4,2,0,0,0,2,0,0,1
11B216,15,40040,1,1,0,2,1,224,1,49,4,3,1,1,2,2,2,2,2,2,0,0,0,0,0,0,0,0,0,0,0,0,0,0,0,0,0,0,0,0,0,0,0,0,0,0,0,0,0,0,0,0,0,0,0,0,0,0,0,0,0,0,0,0,0,0,0,3,2,2,2,2,1,2,2,0,1,2,1,1,1,1,1,23717,4,4,2,0,0,0,2,0,2,1
11B216,15,40040,4,1,0,1,1,224,1,66,2,3,8,1,2,2,2,2,2,2,0,0,0,0,0,0,0,0,0,0,0,0,0,0,0,0,0,0,0,0,0,0,0,0,0,0,0,0,0,0,0,0,0,0,0,0,0,0,0,0,0,0,0,0,0,0,0,3,2,2,2,2,2,1,1,1,2,0,1,2,2,2,1,15811,4,4,2,0,0,0,2,0,0,0
11B216,15,40040,2,1,0,2,1,224,2,72,3,3,7,1,1,2,1,2,2,2,0,0,0,0,0,0,0,0,0,0,0,0,0,4,4,2,2,2,2,2,2,2,1,2,3,40,2,1,1,0,0,0,0,0,0,0,0,0,0,0,0,10,2,0,1,3,2,0,2,1,2,2,1,1,1,2,1,1,1,2,2,1,1,15811,1,3,1,0,2,0,1,4,0,1
11A227,15,40057,4,1,0,1,1,224,1,60,2,6,4,1,2,2,2,2,2,2,0,0,0,0,0,0,0,0,0,0,0,0,0,0,0,0,0,0,0,0,0,0,0,0,0,0,0,0,0,0,0,0,0,0,0,0,0,0,0,0,0,0,0,0,0,0,0,3,2,2,2,2,2,2,2,0,1,1,1,1,1,1,1,8225,4,4,2,0,0,0,2,0,1,0
11A227,15,40057,1,1,0,2,1,224,2,51,3,3,7,1,2,2,2,2,2,2,0,0,0,0,0,0,0,0,0,0,0,0,0,0,0,0,0,0,0,0,0,0,0,0,0,0,0,0,0,0,0,0,0,0,0,0,0,0,0,0,0,0,0,0,0,0,0,3,2,2,2,2,2,2,2,0,2,0,1,1,1,1,1,24675,4,4,2,0,0,0,2,0,0,1
11A227,15,40057,3,1,0,1,1,224,2,73,0,,7,2,0,0,0,0,0,0,0,0,0,0,0,0,0,0,0,0,0,0,0,0,0,0,0,0,0,0,0,0,0,0,0,0,0,0,0,0,0,0,0,0,0,0,0,0,0,0,0,0,0,0,0,0,0,0,0,0,0,0,0,0,0,0,0,0,0,0,0,0,0,16449,0,0,0,0,0,0,0,0,0,0
11A227,15,40057,2,1,0,2,1,224,2,73,2,6,8,1,1,2,1,2,1,2,0,0,0,0,0,0,0,0,0,0,0,0,0,2,4,2,2,1,2,2,2,1,2,2,2,0,2,1,1,0,0,0,0,0,0,0,0,0,0,0,0,30,2,0,2,2,2,0,2,2,2,2,1,1,1,1,1,1,1,1,1,1,1,16449,1,3,1,0,2,0,1,2,0,0
13A227,15,40059,4,1,0,2,1,224,2,56,8,3,1,1,1,1,2,2,2,2,12,4,2,2,1,2,1,2,1,0,2,1,1,0,0,0,0,0,0,0,0,0,0,0,0,0,0,0,0,0,0,0,0,0,0,0,0,0,0,0,0,120,1,1,4,4,1,0,1,2,2,1,2,1,1,2,1,3,1,3,1,1,1,32345,1,1,1,2,0,0,1,12,2,2
13A227,15,40059,2,1,0,2,1,224,2,53,7,4,7,1,1,1,2,1,2,1,2,4,2,2,2,1,2,2,3,300,2,1,1,0,0,0,0,0,0,0,0,0,0,0,0,0,0,0,0,1,3,1,2,2,2,2,3,20,2,1,1,60,2,0,2,4,1,0,1,2,2,1,1,1,1,2,1,1,1,1,1,1,1,43127,1,2,1,2,0,2,1,3,0,2
13A227,15,40059,3,1,0,1,1,224,2,47,7,5,1,1,2,2,2,2,2,2,0,0,0,0,0,0,0,0,0,0,0,0,0,0,0,0,0,0,0,0,0,0,0,0,0,0,0,0,0,0,0,0,0,0,0,0,0,0,0,0,0,0,0,0,0,0,0,1,1,1,1,2,1,1,2,0,1,1,1,1,1,1,2,21564,4,4,2,0,0,0,2,0,2,2
12B214,15,40062,1,1,0,2,1,224,2,86,3,3,7,1,2,2,2,2,2,2,0,0,0,0,0,0,0,0,0,0,0,0,0,0,0,0,0,0,0,0,0,0,0,0,0,0,0,0,0,0,0,0,0,0,0,0,0,0,0,0,0,0,0,0,0,0,0,5,2,2,2,2,1,1,2,0,1,1,1,1,1,1,1,14246,4,4,2,0,0,0,2,0,0,1
12B214,15,40062,2,1,0,2,1,224,2,28,4,3,1,1,2,2,2,2,2,1,0,0,0,0,0,0,0,0,0,0,0,0,0,0,0,0,0,0,0,0,0,0,0,0,0,0,0,0,0,0,0,0,0,0,0,0,0,0,0,0,0,20,2,0,2,3,2,0,2,2,2,2,1,1,1,1,1,2,1,1,1,1,1,14246,3,3,1,0,0,0,2,0,2,1
12A227,15,40087,1,1,0,2,1,224,2,53,4,3,7,1,2,2,2,2,2,2,0,0,0,0,0,0,0,0,0,0,0,0,0,0,0,0,0,0,0,0,0,0,0,0,0,0,0,0,0,0,0,0,0,0,0,0,0,0,0,0,0,0,0,0,0,0,0,5,2,2,2,2,2,1,1,1,1,2,1,1,1,1,1,33033,4,4,2,0,0,0,2,0,0,1
12A227,15,40087,2,1,0,1,1,224,2,56,2,6,7,1,2,2,2,2,2,2,0,0,0,0,0,0,0,0,0,0,0,0,0,0,0,0,0,0,0,0,0,0,0,0,0,0,0,0,0,0,0,0,0,0,0,0,0,0,0,0,0,0,0,0,0,0,0,2,2,2,2,2,2,2,2,0,2,0,1,1,3,3,3,8258,4,4,2,0,0,0,2,0,0,0
12A227,15,40087,3,1,0,2,1,224,2,47,2,6,7,1,1,2,1,2,2,1,0,0,0,0,0,0,0,0,0,0,0,0,0,2,4,2,2,2,2,2,1,2,1,2,1,0,1,2,1,0,0,0,0,0,0,0,0,0,0,0,0,20,1,3,2,3,2,0,2,2,2,2,2,1,1,2,1,1,1,1,1,1,2,24774,1,3,1,0,1,0,1,2,0,0
13B222,15,40088,3,1,0,2,1,224,2,52,7,6,7,1,1,1,2,2,2,2,2,4,2,2,1,1,2,2,2,0,2,1,1,0,0,0,0,0,0,0,0,0,0,0,0,0,0,0,0,0,0,0,0,0,0,0,0,0,0,0,0,30,2,0,2,2,1,0,1,2,2,2,1,1,1,2,1,1,1,1,1,1,1,51421,1,1,1,2,0,0,1,2,0,2
13B222,15,40088,1,1,0,2,1,224,1,37,7,3,1,1,1,1,2,2,2,1,2,3,2,2,2,1,1,2,1,0,1,2,1,0,0,0,0,0,0,0,0,0,0,0,0,0,0,0,0,0,0,0,0,0,0,0,0,0,0,0,0,40,2,0,2,3,1,0,2,2,2,2,2,1,1,2,2,0,1,1,1,1,1,25710,1,2,1,1,0,0,1,2,2,2
11B221,15,40091,3,1,0,2,1,224,2,49,3,3,7,1,2,2,2,2,2,2,0,0,0,0,0,0,0,0,0,0,0,0,0,0,0,0,0,0,0,0,0,0,0,0,0,0,0,0,0,0,0,0,0,0,0,0,0,0,0,0,0,0,0,0,0,0,0,3,2,2,2,2,2,2,2,0,1,1,1,1,1,1,1,31004,4,4,2,0,0,0,2,0,0,1
11B221,15,40091,2,1,0,2,1,224,2,44,4,3,7,1,1,1,2,2,2,2,2,4,2,2,1,2,2,2,2,0,2,1,1,0,0,0,0,0,0,0,0,0,0,0,0,0,0,0,0,0,0,0,0,0,0,0,0,0,0,0,0,20,2,0,2,2,2,0,2,2,2,2,2,2,2,0,1,1,1,1,1,1,1,20669,1,1,1,2,0,0,1,2,0,1
11B221,15,40091,1,1,0,2,1,224,2,59,3,3,7,1,1,2,2,2,2,1,0,0,0,0,0,0,0,0,0,0,0,0,0,0,0,0,0,0,0,0,0,0,0,0,0,0,0,0,0,0,0,0,0,0,0,0,0,0,0,0,0,10,1,3,3,3,1,0,2,2,2,2,1,1,1,2,1,2,1,1,1,1,1,31004,1,3,1,0,0,0,2,0,0,1
11B221,15,40091,4,1,0,3,1,224,1,18,4,1,1,1,2,2,2,2,2,2,0,0,0,0,0,0,0,0,0,0,0,0,0,0,0,0,0,0,0,0,0,0,0,0,0,0,0,0,0,0,0,0,0,0,0,0,0,0,0,0,0,0,0,0,0,0,0,3,2,2,2,2,2,2,2,0,2,0,1,1,1,1,1,31004,4,4,2,0,0,0,2,0,2,1
13B221,15,40094,3,1,0,4,1,224,2,21,6,3,6,1,1,1,1,2,2,1,4,2,2,1,2,2,2,2,1,0,1,2,4,2,4,2,2,2,2,2,1,2,1,2,3,300,2,1,1,0,0,0,0,0,0,0,0,0,0,0,0,60,2,0,3,3,2,0,1,2,2,2,1,1,1,1,1,3,1,1,1,1,1,35426,1,2,1,1,2,0,1,6,1,1
13B221,15,40094,2,1,0,2,1,224,2,63,3,3,8,1,2,2,2,2,2,2,0,0,0,0,0,0,0,0,0,0,0,0,0,0,0,0,0,0,0,0,0,0,0,0,0,0,0,0,0,0,0,0,0,0,0,0,0,0,0,0,0,0,0,0,0,0,0,2,2,2,2,2,2,1,1,2,3,0,1,1,1,1,3,26569,4,4,2,0,0,0,2,0,0,1
11B213,15,40095,4,1,0,2,1,224,2,38,3,3,7,1,2,2,2,2,2,1,0,0,0,0,0,0,0,0,0,0,0,0,0,0,0,0,0,0,0,0,0,0,0,0,0,0,0,0,0,0,0,0,0,0,0,0,0,0,0,0,0,10,2,0,2,3,2,0,2,2,2,2,2,1,1,2,1,3,1,1,1,1,1,49335,3,3,1,0,0,0,2,0,0,1
11B213,15,40095,3,1,0,3,1,224,2,19,4,3,6,1,2,2,2,2,2,2,0,0,0,0,0,0,0,0,0,0,0,0,0,0,0,0,0,0,0,0,0,0,0,0,0,0,0,0,0,0,0,0,0,0,0,0,0,0,0,0,0,0,0,0,0,0,0,3,2,2,2,2,2,2,2,0,1,1,1,1,1,1,1,49335,4,4,2,0,0,0,2,0,1,1
11B213,15,40095,2,1,0,3,1,224,2,40,4,2,7,1,1,1,2,2,2,2,15,6,2,2,2,1,2,2,1,0,1,2,1,0,0,0,0,0,0,0,0,0,0,0,0,0,0,0,0,0,0,0,0,0,0,0,0,0,0,0,0,10,2,0,3,4,1,0,2,2,2,2,1,1,1,1,1,1,1,1,1,1,1,49335,1,1,1,1,0,0,1,15,0,1
11B213,15,40095,1,1,1,1,1,224,2,42,3,3,7,1,2,2,2,2,2,2,0,0,0,0,0,0,0,0,0,0,0,0,0,0,0,0,0,0,0,0,0,0,0,0,0,0,0,0,0,0,0,0,0,0,0,0,0,0,0,0,0,0,0,0,0,0,0,3,2,2,2,2,2,1,2,0,1,1,1,1,1,2,2,16445,4,4,2,0,0,0,2,0,0,1
11B216,15,40100,3,1,0,2,1,224,1,25,7,3,1,1,2,2,2,2,2,1,0,0,0,0,0,0,0,0,0,0,0,0,0,0,0,0,0,0,0,0,0,0,0,0,0,0,0,0,0,0,0,0,0,0,0,0,0,0,0,0,0,30,1,5,2,3,2,0,2,2,2,2,2,1,2,0,1,1,1,1,1,1,1,23980,3,3,1,0,0,0,2,0,2,2
11B216,15,40100,4,1,0,2,1,224,2,26,7,3,6,1,1,1,1,2,2,1,7,4,2,2,2,1,2,2,3,2000,2,1,1,3,4,2,2,2,2,2,2,2,1,2,3,100,2,1,1,0,0,0,0,0,0,0,0,0,0,0,0,30,2,0,2,4,2,0,1,2,1,1,1,1,2,0,1,4,1,1,2,2,2,23980,1,2,1,2,2,0,1,10,1,2
11B216,15,40100,1,1,0,3,1,224,1,21,4,3,1,1,2,2,2,2,2,2,0,0,0,0,0,0,0,0,0,0,0,0,0,0,0,0,0,0,0,0,0,0,0,0,0,0,0,0,0,0,0,0,0,0,0,0,0,0,0,0,0,0,0,0,0,0,0,3,2,2,2,2,2,3,2,0,1,1,1,1,1,1,2,23980,4,4,2,0,0,0,2,0,2,1
11B213,15,40118,4,1,0,2,1,224,2,49,6,3,7,1,2,2,1,2,2,1,0,0,0,0,0,0,0,0,0,0,0,0,0,2,4,2,2,2,2,2,2,2,1,2,2,0,2,1,1,0,0,0,0,0,0,0,0,0,0,0,0,15,1,5,3,3,2,0,2,2,2,2,2,1,1,2,1,1,1,2,1,1,1,28171,3,3,1,0,2,0,1,2,0,1
11B213,15,40118,2,1,0,2,1,224,1,19,4,3,1,1,1,1,2,2,2,1,2,2,2,1,2,2,2,2,3,200,2,1,2,0,0,0,0,0,0,0,0,0,0,0,0,0,0,0,0,0,0,0,0,0,0,0,0,0,0,0,0,60,2,0,3,3,2,0,2,2,2,1,1,1,1,2,1,1,1,1,1,1,1,14086,1,2,1,2,0,0,1,2,2,1
11B213,15,40118,3,1,0,1,1,224,2,27,4,1,1,1,1,1,2,2,2,1,2,3,2,2,2,2,1,2,2,0,2,1,4,0,0,0,0,0,0,0,0,0,0,0,0,0,0,0,0,0,0,0,0,0,0,0,0,0,0,0,0,30,2,0,2,3,2,0,2,2,2,2,1,1,2,0,1,1,1,2,1,1,1,14086,1,2,1,2,0,0,1,2,2,1
11B213,15,40118,1,1,0,2,1,224,2,53,3,3,7,1,2,2,2,2,2,2,0,0,0,0,0,0,0,0,0,0,0,0,0,0,0,0,0,0,0,0,0,0,0,0,0,0,0,0,0,0,0,0,0,0,0,0,0,0,0,0,0,0,0,0,0,0,0,5,2,2,2,2,1,1,1,1,1,2,1,1,1,1,1,14086,4,4,2,0,0,0,2,0,0,1
11A227,15,40119,2,1,0,1,1,224,2,32,4,2,1,1,1,2,2,1,2,2,0,0,0,0,0,0,0,0,0,0,0,0,0,0,0,0,0,0,0,0,0,0,0,0,0,0,0,0,0,2,3,2,2,1,1,1,2,0,2,1,2,20,2,0,2,2,2,0,2,2,2,2,2,1,1,1,1,1,1,1,1,1,1,9080,1,3,1,0,0,2,1,2,2,1
11A227,15,40119,1,1,0,2,1,224,2,41,4,3,1,1,2,2,2,2,2,2,0,0,0,0,0,0,0,0,0,0,0,0,0,0,0,0,0,0,0,0,0,0,0,0,0,0,0,0,0,0,0,0,0,0,0,0,0,0,0,0,0,0,0,0,0,0,0,1,2,2,2,2,2,1,1,2,3,0,1,1,1,1,1,27239,4,4,2,0,0,0,2,0,2,1
11A227,15,40119,3,1,0,7,1,224,1,23,7,3,1,1,1,1,2,2,2,2,1,4,2,2,2,1,2,2,3,160,2,1,4,0,0,0,0,0,0,0,0,0,0,0,0,0,0,0,0,0,0,0,0,0,0,0,0,0,0,0,0,40,2,0,2,3,2,0,2,2,2,1,1,1,1,2,1,1,1,1,1,1,1,63559,1,1,1,2,0,0,1,1,2,2
11A227,15,40119,4,1,0,1,1,224,2,44,4,3,1,1,2,2,2,2,2,1,0,0,0,0,0,0,0,0,0,0,0,0,0,0,0,0,0,0,0,0,0,0,0,0,0,0,0,0,0,0,0,0,0,0,0,0,0,0,0,0,0,20,1,3,3,3,2,0,2,2,2,2,1,1,1,1,1,2,1,1,1,1,2,9080,3,3,1,0,0,0,2,0,2,1
13B214,15,40143,4,1,0,1,1,224,2,69,7,5,1,1,2,2,2,2,2,2,0,0,0,0,0,0,0,0,0,0,0,0,0,0,0,0,0,0,0,0,0,0,0,0,0,0,0,0,0,0,0,0,0,0,0,0,0,0,0,0,0,0,0,0,0,0,0,3,2,2,2,2,2,2,2,0,2,0,1,1,2,1,2,17831,4,4,2,0,0,0,2,0,2,2
13B214,15,40143,3,1,1,1,1,224,2,76,2,6,7,1,2,2,2,2,2,2,0,0,0,0,0,0,0,0,0,0,0,0,0,0,0,0,0,0,0,0,0,0,0,0,0,0,0,0,0,0,0,0,0,0,0,0,0,0,0,0,0,0,0,0,0,0,0,5,2,2,2,2,2,1,1,2,1,1,1,1,1,1,2,17831,4,4,2,0,0,0,2,0,0,0
13B214,15,40143,1,1,0,2,1,224,2,38,7,4,1,1,1,1,1,2,2,1,5,4,2,1,2,1,2,2,1,0,1,2,2,5,4,2,1,2,1,2,1,1,2,2,1,0,2,1,2,0,0,0,0,0,0,0,0,0,0,0,0,70,1,5,4,4,2,0,1,2,2,2,1,1,1,2,1,4,1,1,1,1,1,17831,1,2,1,1,2,0,1,10,2,2
11B214,15,40151,1,1,0,2,1,224,2,68,6,2,7,1,2,2,2,1,2,2,0,0,0,0,0,0,0,0,0,0,0,0,0,0,0,0,0,0,0,0,0,0,0,0,0,0,0,0,0,1,4,2,2,1,1,2,2,0,2,1,1,30,2,0,4,3,2,0,2,2,2,2,2,2,2,0,1,1,1,2,2,2,2,26213,3,3,1,0,0,2,1,1,0,1
11B214,15,40151,2,1,0,2,1,224,2,52,4,3,1,1,1,1,1,2,2,1,3,3,1,2,1,1,2,2,3,1000,2,1,1,2,4,2,2,1,2,2,2,2,1,2,2,0,2,1,1,0,0,0,0,0,0,0,0,0,0,0,0,30,2,0,2,3,1,0,1,2,2,2,2,1,2,0,1,1,1,1,1,1,1,26213,1,2,1,2,2,0,1,5,2,1
11B214,15,40151,3,1,0,1,1,224,1,53,4,3,1,1,1,1,2,2,2,2,3,4,2,2,2,1,1,2,3,1000,2,1,1,0,0,0,0,0,0,0,0,0,0,0,0,0,0,0,0,0,0,0,0,0,0,0,0,0,0,0,0,20,2,0,2,3,2,0,1,2,2,2,2,1,2,0,1,1,1,1,1,1,1,26213,1,1,1,2,0,0,1,3,2,1
13B213,15,40153,4,1,0,2,1,224,2,25,4,3,7,1,1,1,2,2,2,2,2,4,2,2,1,2,1,2,2,0,2,1,1,0,0,0,0,0,0,0,0,0,0,0,0,0,0,0,0,0,0,0,0,0,0,0,0,0,0,0,0,30,2,0,2,3,2,0,2,1,2,2,2,1,1,2,1,1,1,1,1,1,1,22679,1,1,1,2,0,0,1,2,0,1
13B213,15,40153,2,1,0,4,1,224,1,27,7,1,6,1,1,1,2,2,1,1,4,4,2,2,1,1,2,2,1,0,1,1,1,0,0,0,0,0,0,0,0,0,0,0,0,0,0,0,0,0,0,0,0,0,0,0,0,0,0,0,0,30,1,5,2,2,1,0,2,2,2,2,1,1,1,2,1,2,1,1,1,1,3,45357,1,2,1,3,0,0,1,4,1,2
13B213,15,40153,1,1,0,2,1,224,2,56,3,3,7,1,2,2,2,2,2,1,0,0,0,0,0,0,0,0,0,0,0,0,0,0,0,0,0,0,0,0,0,0,0,0,0,0,0,0,0,0,0,0,0,0,0,0,0,0,0,0,0,60,2,0,2,3,1,0,2,2,2,2,2,1,2,0,1,3,1,2,2,2,2,34019,3,3,1,0,0,0,2,0,0,1
11B215,15,40179,3,1,0,1,1,224,2,69,2,3,7,1,1,1,1,2,2,2,3,4,1,2,2,2,2,2,2,0,2,1,1,2,4,2,2,2,1,2,2,2,2,2,2,0,2,1,1,0,0,0,0,0,0,0,0,0,0,0,0,10,2,0,2,2,2,0,2,1,2,2,2,2,2,0,2,0,1,1,2,1,1,58093,1,2,1,2,2,0,1,5,0,0
11B215,15,40179,1,1,0,2,1,224,2,36,3,3,7,1,1,1,1,2,1,2,2,4,2,2,2,2,1,2,3,50,2,1,2,2,4,2,2,2,2,2,2,2,1,2,3,50,2,1,2,0,0,0,0,0,0,0,0,0,0,0,0,30,2,0,2,4,2,0,2,1,2,2,1,2,2,0,1,1,1,2,1,1,1,19365,1,2,1,2,2,0,1,4,0,1
11B215,15,40179,4,1,0,1,1,224,1,41,3,3,1,1,2,1,2,1,2,2,1,4,2,2,2,1,2,2,2,0,2,1,1,0,0,0,0,0,0,0,0,0,0,0,0,0,0,0,0,1,3,1,1,1,2,1,2,0,2,1,1,20,2,0,2,2,2,0,2,2,2,2,2,2,2,0,2,0,1,1,1,1,1,9682,3,2,1,2,0,2,1,2,2,1
11B215,15,40179,2,1,0,1,1,224,2,72,5,4,7,1,1,2,2,2,1,2,0,0,0,0,0,0,0,0,0,0,0,0,0,0,0,0,0,0,0,0,0,0,0,0,0,0,0,0,0,0,0,0,0,0,0,0,0,0,0,0,0,30,2,0,1,4,1,0,1,2,2,1,2,1,2,0,1,1,1,1,2,1,2,9682,1,3,1,0,0,0,2,0,0,1
12B222,15,40207,4,1,0,2,1,224,1,44,3,2,4,1,2,2,2,2,2,2,0,0,0,0,0,0,0,0,0,0,0,0,0,0,0,0,0,0,0,0,0,0,0,0,0,0,0,0,0,0,0,0,0,0,0,0,0,0,0,0,0,0,0,0,0,0,0,5,2,2,2,2,2,1,2,0,2,0,1,1,2,1,1,11737,4,4,2,0,0,0,2,0,1,1
12B222,15,40207,3,1,0,2,1,224,2,54,0,,7,1,2,2,2,2,2,2,0,0,0,0,0,0,0,0,0,0,0,0,0,0,0,0,0,0,0,0,0,0,0,0,0,0,0,0,0,0,0,0,0,0,0,0,0,0,0,0,0,0,0,0,0,0,0,5,2,1,2,2,2,1,1,2,2,0,2,0,0,0,0,23474,4,4,2,0,0,0,2,0,0,0
12B222,15,40207,2,1,0,1,1,224,1,79,7,4,8,1,1,1,1,2,2,1,1,3,2,2,2,2,1,2,3,999999,2,1,1,2,3,1,2,2,2,2,2,1,2,2,2,0,2,1,1,0,0,0,0,0,0,0,0,0,0,0,0,15,2,0,2,3,2,0,2,2,2,2,2,2,2,0,1,1,1,1,1,1,2,11737,1,2,1,2,2,0,1,3,0,2
12B222,15,40207,1,1,0,3,1,224,1,39,7,5,4,1,1,1,2,2,2,2,2,3,2,2,2,2,1,2,2,0,2,1,1,0,0,0,0,0,0,0,0,0,0,0,0,0,0,0,0,0,0,0,0,0,0,0,0,0,0,0,0,40,2,0,4,4,2,0,2,2,2,2,1,1,1,2,1,4,1,1,1,1,1,23474,1,1,1,2,0,0,1,2,1,2
11A228,15,40232,2,1,0,2,1,224,2,31,3,3,1,1,2,2,2,2,2,2,0,0,0,0,0,0,0,0,0,0,0,0,0,0,0,0,0,0,0,0,0,0,0,0,0,0,0,0,0,0,0,0,0,0,0,0,0,0,0,0,0,0,0,0,0,0,0,3,2,2,2,2,2,2,2,0,2,0,1,1,2,2,2,7349,4,4,2,0,0,0,2,0,2,1
11A228,15,40232,3,1,0,3,1,224,1,36,3,3,1,1,2,2,2,2,2,2,0,0,0,0,0,0,0,0,0,0,0,0,0,0,0,0,0,0,0,0,0,0,0,0,0,0,0,0,0,0,0,0,0,0,0,0,0,0,0,0,0,0,0,0,0,0,0,3,2,2,2,2,1,1,1,2,1,1,1,1,1,1,1,22047,4,4,2,0,0,0,2,0,2,1
11A228,15,40232,1,1,0,2,1,224,2,54,6,3,1,1,1,1,2,2,2,2,10,5,2,2,1,2,2,2,1,0,1,2,1,0,0,0,0,0,0,0,0,0,0,0,0,0,0,0,0,0,0,0,0,0,0,0,0,0,0,0,0,30,2,0,3,3,2,0,1,2,2,2,2,1,1,3,1,1,1,1,1,1,1,51443,1,1,1,1,0,0,1,10,2,1
11A228,15,40232,4,1,0,2,1,224,2,57,3,3,7,1,1,1,2,2,2,1,1,6,2,2,1,2,2,2,3,999999,2,1,1,0,0,0,0,0,0,0,0,0,0,0,0,0,0,0,0,0,0,0,0,0,0,0,0,0,0,0,0,30,2,0,1,3,1,0,2,1,2,2,2,2,2,0,2,0,1,3,1,3,3,14698,1,2,1,2,0,0,1,1,0,1
11A228,15,40233,3,1,0,2,1,224,2,29,4,3,1,1,2,2,2,2,2,2,0,0,0,0,0,0,0,0,0,0,0,0,0,0,0,0,0,0,0,0,0,0,0,0,0,0,0,0,0,0,0,0,0,0,0,0,0,0,0,0,0,0,0,0,0,0,0,3,2,2,2,2,2,1,1,2,1,1,1,1,1,1,1,29658,4,4,2,0,0,0,2,0,2,1
11A228,15,40233,1,1,0,4,1,224,2,21,4,3,1,1,2,2,2,2,2,2,0,0,0,0,0,0,0,0,0,0,0,0,0,0,0,0,0,0,0,0,0,0,0,0,0,0,0,0,0,0,0,0,0,0,0,0,0,0,0,0,0,0,0,0,0,0,0,3,2,2,2,2,2,1,1,2,3,0,1,1,1,1,3,39545,4,4,2,0,0,0,2,0,2,1
11A228,15,40233,2,1,0,2,1,224,2,42,6,4,1,1,1,1,2,2,2,2,1,4,2,2,2,1,2,2,2,0,2,1,1,0,0,0,0,0,0,0,0,0,0,0,0,0,0,0,0,0,0,0,0,0,0,0,0,0,0,0,0,30,2,0,2,3,2,0,2,2,2,2,2,1,2,0,3,0,1,1,1,1,1,19772,1,1,1,2,0,0,1,1,2,1
12A228,15,40234,4,1,0,1,1,224,2,39,4,3,1,1,2,2,2,2,2,2,0,0,0,0,0,0,0,0,0,0,0,0,0,0,0,0,0,0,0,0,0,0,0,0,0,0,0,0,0,0,0,0,0,0,0,0,0,0,0,0,0,0,0,0,0,0,0,3,2,2,2,2,2,2,2,0,2,0,1,2,2,2,2,7219,4,4,2,0,0,0,2,0,2,1
12A228,15,40234,3,1,0,1,1,224,2,79,3,3,7,1,1,1,2,2,2,2,1,5,2,2,1,2,2,2,2,0,2,1,1,0,0,0,0,0,0,0,0,0,0,0,0,0,0,0,0,0,0,0,0,0,0,0,0,0,0,0,0,60,2,0,2,3,2,0,2,2,2,2,3,1,3,0,3,0,1,3,3,3,3,7219,1,1,1,2,0,0,1,1,0,1
12A228,15,40234,2,1,0,1,1,224,1,55,4,3,1,1,1,1,2,1,2,2,2,4,2,2,2,1,1,2,2,0,2,1,2,0,0,0,0,0,0,0,0,0,0,0,0,0,0,0,0,6,3,1,1,1,2,1,2,0,2,1,4,45,1,6,3,3,2,0,2,2,2,2,2,1,1,2,1,6,1,2,2,2,2,7219,1,2,1,2,0,2,1,8,2,1
12A228,15,40234,1,1,0,1,1,224,1,54,4,3,10,1,2,2,2,2,2,2,0,0,0,0,0,0,0,0,0,0,0,0,0,0,0,0,0,0,0,0,0,0,0,0,0,0,0,0,0,0,0,0,0,0,0,0,0,0,0,0,0,0,0,0,0,0,0,3,2,2,2,2,2,1,1,2,1,1,1,1,1,1,1,21657,4,4,2,0,0,0,2,0,0,1
11B214,15,40242,3,1,0,5,1,224,2,42,7,3,7,1,1,1,2,2,2,2,4,3,2,1,2,2,2,2,3,1400,2,1,1,0,0,0,0,0,0,0,0,0,0,0,0,0,0,0,0,0,0,0,0,0,0,0,0,0,0,0,0,90,2,0,2,3,1,0,2,2,2,2,2,1,2,0,1,1,1,2,2,2,1,29944,1,1,1,2,0,0,1,4,0,2
11B214,15,40242,2,1,0,1,1,224,1,63,2,6,8,1,2,2,2,2,2,2,0,0,0,0,0,0,0,0,0,0,0,0,0,0,0,0,0,0,0,0,0,0,0,0,0,0,0,0,0,0,0,0,0,0,0,0,0,0,0,0,0,0,0,0,0,0,0,4,2,2,2,2,2,2,2,0,2,0,1,2,1,1,3,17967,4,4,2,0,0,0,2,0,0,0
11B214,15,40242,4,1,0,1,1,224,2,74,2,6,1,1,2,2,2,2,2,2,0,0,0,0,0,0,0,0,0,0,0,0,0,0,0,0,0,0,0,0,0,0,0,0,0,0,0,0,0,0,0,0,0,0,0,0,0,0,0,0,0,0,0,0,0,0,0,3,2,2,2,2,2,2,2,0,2,0,1,2,2,2,2,11977,4,4,2,0,0,0,2,0,2,0
11B214,15,40242,1,1,0,1,1,224,2,49,3,3,1,1,1,1,1,2,2,2,1,4,2,2,2,1,2,2,2,0,2,1,1,2,4,2,2,1,2,2,2,2,1,2,2,0,2,1,1,0,0,0,0,0,0,0,0,0,0,0,0,30,2,0,2,2,2,0,1,2,2,2,2,2,2,0,2,0,1,1,1,1,1,11977,1,2,1,2,2,0,1,3,2,1
11B214,15,40263,2,1,0,1,1,224,2,49,2,6,1,1,2,2,2,2,2,2,0,0,0,0,0,0,0,0,0,0,0,0,0,0,0,0,0,0,0,0,0,0,0,0,0,0,0,0,0,0,0,0,0,0,0,0,0,0,0,0,0,0,0,0,0,0,0,1,2,2,2,2,2,1,2,0,1,1,1,2,2,2,2,19357,4,4,2,0,0,0,2,0,2,0
11B214,15,40263,3,1,0,3,1,224,2,58,3,3,7,1,2,2,2,2,2,2,0,0,0,0,0,0,0,0,0,0,0,0,0,0,0,0,0,0,0,0,0,0,0,0,0,0,0,0,0,0,0,0,0,0,0,0,0,0,0,0,0,0,0,0,0,0,0,3,2,2,2,2,2,1,2,0,1,6,1,1,1,1,2,25809,4,4,2,0,0,0,2,0,0,1
11B214,15,40263,4,1,0,1,1,224,1,54,3,3,1,1,1,2,2,1,2,2,0,0,0,0,0,0,0,0,0,0,0,0,0,0,0,0,0,0,0,0,0,0,0,0,0,0,0,0,0,2,3,1,1,2,2,1,3,30,2,1,4,30,2,0,2,3,2,0,1,1,2,2,2,2,3,0,1,6,1,2,2,1,3,25809,1,3,1,0,0,2,1,2,2,1
11B214,15,40263,1,1,0,2,1,224,2,58,0,,7,2,0,0,0,0,0,0,0,0,0,0,0,0,0,0,0,0,0,0,0,0,0,0,0,0,0,0,0,0,0,0,0,0,0,0,0,0,0,0,0,0,0,0,0,0,0,0,0,0,0,0,0,0,0,0,0,0,0,0,0,0,0,0,0,0,0,0,0,0,0,6453,0,0,0,0,0,0,0,0,0,0
12A228,15,40265,3,1,0,2,1,224,2,42,3,3,1,1,2,2,2,2,2,2,0,0,0,0,0,0,0,0,0,0,0,0,0,0,0,0,0,0,0,0,0,0,0,0,0,0,0,0,0,0,0,0,0,0,0,0,0,0,0,0,0,0,0,0,0,0,0,3,2,2,2,2,2,1,1,2,1,1,1,1,1,1,1,14985,4,4,2,0,0,0,2,0,2,1
12A228,15,40265,4,1,0,1,1,224,2,30,4,3,1,1,1,1,2,2,2,2,4,4,2,2,2,1,2,2,3,200,1,2,1,0,0,0,0,0,0,0,0,0,0,0,0,0,0,0,0,0,0,0,0,0,0,0,0,0,0,0,0,50,2,0,2,3,2,0,2,2,2,2,1,1,1,2,1,1,1,1,1,1,1,7492,1,1,1,1,0,0,1,4,2,1
12A228,15,40265,1,1,0,1,1,224,2,34,4,3,1,1,2,2,2,2,2,2,0,0,0,0,0,0,0,0,0,0,0,0,0,0,0,0,0,0,0,0,0,0,0,0,0,0,0,0,0,0,0,0,0,0,0,0,0,0,0,0,0,0,0,0,0,0,0,3,1,2,2,2,1,2,1,2,1,1,1,1,1,1,1,7492,4,4,2,0,0,0,2,0,2,1
12A228,15,40265,2,1,0,1,1,224,1,32,7,1,1,1,1,2,2,2,2,1,0,0,0,0,0,0,0,0,0,0,0,0,0,0,0,0,0,0,0,0,0,0,0,0,0,0,0,0,0,0,0,0,0,0,0,0,0,0,0,0,0,40,2,0,2,3,2,0,2,2,2,2,1,1,1,1,1,2,1,1,1,1,1,14985,1,3,1,0,0,0,2,0,2,2
11B222,15,40292,2,1,0,1,1,224,1,63,2,6,10,1,2,2,2,2,2,2,0,0,0,0,0,0,0,0,0,0,0,0,0,0,0,0,0,0,0,0,0,0,0,0,0,0,0,0,0,0,0,0,0,0,0,0,0,0,0,0,0,0,0,0,0,0,0,2,2,2,2,2,2,2,2,0,2,0,1,1,1,2,2,7770,4,4,2,0,0,0,2,0,0,0
11B222,15,40292,4,1,0,1,1,224,2,74,2,1,1,1,2,2,2,2,2,2,0,0,0,0,0,0,0,0,0,0,0,0,0,0,0,0,0,0,0,0,0,0,0,0,0,0,0,0,0,0,0,0,0,0,0,0,0,0,0,0,0,0,0,0,0,0,0,6,2,2,2,2,2,2,2,0,2,0,1,2,2,2,2,7770,4,4,2,0,0,0,2,0,2,0
11B222,15,40292,3,1,0,1,1,224,1,61,2,6,1,1,2,2,2,2,2,2,0,0,0,0,0,0,0,0,0,0,0,0,0,0,0,0,0,0,0,0,0,0,0,0,0,0,0,0,0,0,0,0,0,0,0,0,0,0,0,0,0,0,0,0,0,0,0,5,2,2,2,2,1,1,1,2,2,0,1,1,1,1,1,7770,4,4,2,0,0,0,2,0,2,0
11B222,15,40292,1,1,0,1,1,224,2,79,3,3,1,1,2,2,2,2,2,2,0,0,0,0,0,0,0,0,0,0,0,0,0,0,0,0,0,0,0,0,0,0,0,0,0,0,0,0,0,0,0,0,0,0,0,0,0,0,0,0,0,0,0,0,0,0,0,5,2,2,2,2,1,1,2,0,2,0,1,1,1,1,1,15542,4,4,2,0,0,0,2,0,2,1
11B215,15,40297,4,1,0,2,1,224,2,32,3,3,7,1,2,2,2,2,2,2,0,0,0,0,0,0,0,0,0,0,0,0,0,0,0,0,0,0,0,0,0,0,0,0,0,0,0,0,0,0,0,0,0,0,0,0,0,0,0,0,0,0,0,0,0,0,0,3,2,2,2,2,2,2,2,0,2,0,1,2,2,2,2,15756,4,4,2,0,0,0,2,0,0,1
11B215,15,40297,3,1,0,1,1,224,1,51,4,3,1,1,2,2,2,2,2,2,0,0,0,0,0,0,0,0,0,0,0,0,0,0,0,0,0,0,0,0,0,0,0,0,0,0,0,0,0,0,0,0,0,0,0,0,0,0,0,0,0,0,0,0,0,0,0,1,2,2,2,2,2,1,2,0,2,0,1,2,2,2,2,15756,4,4,2,0,0,0,2,0,2,1
11B215,15,40297,2,1,0,1,1,224,1,29,3,2,1,1,2,2,2,2,2,2,0,0,0,0,0,0,0,0,0,0,0,0,0,0,0,0,0,0,0,0,0,0,0,0,0,0,0,0,0,0,0,0,0,0,0,0,0,0,0,0,0,0,0,0,0,0,0,2,2,2,2,2,2,2,2,0,3,0,1,1,1,1,1,15756,4,4,2,0,0,0,2,0,2,1
11B215,15,40297,1,1,0,1,1,224,1,75,2,6,10,1,2,2,2,2,2,2,0,0,0,0,0,0,0,0,0,0,0,0,0,0,0,0,0,0,0,0,0,0,0,0,0,0,0,0,0,0,0,0,0,0,0,0,0,0,0,0,0,0,0,0,0,0,0,5,2,2,2,2,1,1,2,0,1,1,1,1,1,1,2,31512,4,4,2,0,0,0,2,0,0,0
12B222,15,40309,3,1,0,2,1,224,2,22,4,3,1,1,2,2,2,2,2,2,0,0,0,0,0,0,0,0,0,0,0,0,0,0,0,0,0,0,0,0,0,0,0,0,0,0,0,0,0,0,0,0,0,0,0,0,0,0,0,0,0,0,0,0,0,0,0,1,2,2,2,2,2,2,2,0,1,1,1,1,1,1,1,17816,4,4,2,0,0,0,2,0,2,1
12B222,15,40309,2,1,0,1,1,224,1,29,4,3,1,1,1,1,2,2,2,1,2,2,2,1,2,2,2,2,1,0,1,2,2,0,0,0,0,0,0,0,0,0,0,0,0,0,0,0,0,0,0,0,0,0,0,0,0,0,0,0,0,20,2,0,3,4,1,0,2,1,2,2,2,2,2,0,1,1,1,1,1,1,2,8908,1,2,1,1,0,0,1,2,2,1
12B222,15,40309,4,1,0,2,1,224,2,74,2,3,7,1,1,2,1,2,2,2,0,0,0,0,0,0,0,0,0,0,0,0,0,1,4,2,2,2,2,2,2,2,1,2,1,0,1,2,1,0,0,0,0,0,0,0,0,0,0,0,0,20,1,1,1,1,2,0,2,2,2,2,2,2,1,1,2,0,1,2,1,1,2,26724,1,3,1,0,1,0,1,1,0,0
12B222,15,40309,1,1,0,1,1,224,1,41,4,3,1,1,1,1,2,2,2,1,5,1,2,1,2,2,2,2,2,0,2,1,1,0,0,0,0,0,0,0,0,0,0,0,0,0,0,0,0,0,0,0,0,0,0,0,0,0,0,0,0,15,2,0,2,4,1,0,2,2,2,2,1,1,1,2,1,1,1,1,1,1,1,17816,1,2,1,2,0,0,1,5,2,1
13B215,15,40327,3,1,0,1,1,224,2,41,4,3,7,1,2,2,2,2,2,2,0,0,0,0,0,0,0,0,0,0,0,0,0,0,0,0,0,0,0,0,0,0,0,0,0,0,0,0,0,0,0,0,0,0,0,0,0,0,0,0,0,0,0,0,0,0,0,3,2,2,2,2,2,2,2,0,1,1,1,1,1,2,2,37012,4,4,2,0,0,0,2,0,0,1
13B215,15,40327,2,1,1,2,1,224,2,46,4,2,1,1,2,2,2,2,2,2,0,0,0,0,0,0,0,0,0,0,0,0,0,0,0,0,0,0,0,0,0,0,0,0,0,0,0,0,0,0,0,0,0,0,0,0,0,0,0,0,0,0,0,0,0,0,0,3,2,2,2,2,2,2,2,0,1,1,1,1,1,1,1,27759,4,4,2,0,0,0,2,0,2,1
13B215,15,40327,4,1,0,1,1,224,1,49,7,5,1,1,1,1,1,1,2,2,2,1,1,1,2,2,2,2,3,600,2,1,1,2,1,1,2,2,2,1,2,2,2,2,1,0,1,2,2,2,1,1,1,2,2,2,1,0,1,2,2,30,2,0,2,3,1,0,2,2,2,2,2,2,2,0,1,1,1,1,1,1,1,27759,1,2,1,2,1,1,1,6,2,2
11B215,15,40329,2,1,0,2,1,224,2,65,4,1,10,1,2,2,2,2,2,2,0,0,0,0,0,0,0,0,0,0,0,0,0,0,0,0,0,0,0,0,0,0,0,0,0,0,0,0,0,0,0,0,0,0,0,0,0,0,0,0,0,0,0,0,0,0,0,5,2,2,2,2,2,2,2,0,2,0,1,1,1,1,1,49019,4,4,2,0,0,0,2,0,0,1
11B215,15,40329,1,1,0,1,1,224,2,64,2,6,1,1,2,2,2,2,2,2,0,0,0,0,0,0,0,0,0,0,0,0,0,0,0,0,0,0,0,0,0,0,0,0,0,0,0,0,0,0,0,0,0,0,0,0,0,0,0,0,0,0,0,0,0,0,0,5,2,2,2,2,2,2,1,2,1,1,1,1,1,2,2,29412,4,4,2,0,0,0,2,0,2,0
11B215,15,40329,4,1,0,2,1,224,2,32,7,5,1,1,1,1,2,2,2,1,3,3,2,2,2,1,2,2,1,0,1,2,1,0,0,0,0,0,0,0,0,0,0,0,0,0,0,0,0,0,0,0,0,0,0,0,0,0,0,0,0,30,2,0,2,3,2,0,2,2,2,2,1,1,2,0,1,1,1,1,1,1,1,29412,1,2,1,1,0,0,1,3,2,2
11B215,15,40329,3,1,0,1,1,224,2,39,3,3,1,1,1,2,1,2,2,1,0,0,0,0,0,0,0,0,0,0,0,0,0,1,4,2,2,2,2,2,2,2,1,2,3,25,2,1,1,0,0,0,0,0,0,0,0,0,0,0,0,30,2,0,2,3,2,0,2,2,2,2,1,1,2,0,2,0,1,1,1,1,1,19607,1,3,1,0,2,0,1,1,2,1
11B215,15,40354,4,1,0,1,1,224,2,52,3,3,1,1,2,2,2,2,2,2,0,0,0,0,0,0,0,0,0,0,0,0,0,0,0,0,0,0,0,0,0,0,0,0,0,0,0,0,0,0,0,0,0,0,0,0,0,0,0,0,0,0,0,0,0,0,0,2,2,2,2,2,2,2,2,0,2,0,1,1,1,1,1,7864,4,4,2,0,0,0,2,0,2,1
11B215,15,40354,1,1,0,1,1,224,2,35,4,3,1,1,2,2,2,2,2,2,0,0,0,0,0,0,0,0,0,0,0,0,0,0,0,0,0,0,0,0,0,0,0,0,0,0,0,0,0,0,0,0,0,0,0,0,0,0,0,0,0,0,0,0,0,0,0,2,2,2,2,2,1,1,1,2,1,1,1,1,1,1,1,15728,4,4,2,0,0,0,2,0,2,1
11B215,15,40354,2,1,0,2,1,224,2,42,9,2,1,1,1,1,2,2,2,1,5,1,2,1,2,2,2,2,2,0,2,1,1,0,0,0,0,0,0,0,0,0,0,0,0,0,0,0,0,0,0,0,0,0,0,0,0,0,0,0,0,30,2,0,2,3,2,0,2,2,2,2,1,2,2,0,1,2,1,2,2,2,2,23592,1,2,1,2,0,0,1,5,2,2
11B215,15,40354,3,1,0,2,1,224,2,60,7,3,7,1,2,2,2,2,2,2,0,0,0,0,0,0,0,0,0,0,0,0,0,0,0,0,0,0,0,0,0,0,0,0,0,0,0,0,0,0,0,0,0,0,0,0,0,0,0,0,0,0,0,0,0,0,0,2,2,2,2,2,2,2,2,0,1,1,1,2,2,1,2,15728,4,4,2,0,0,0,2,0,0,2
12B222,15,41033,2,1,0,1,16,224,1,74,3,3,8,1,2,2,2,2,2,2,0,0,0,0,0,0,0,0,0,0,0,0,0,0,0,0,0,0,0,0,0,0,0,0,0,0,0,0,0,0,0,0,0,0,0,0,0,0,0,0,0,0,0,0,0,0,0,3,2,2,2,2,2,2,2,0,1,1,1,1,1,1,1,27826,4,4,2,0,0,0,2,0,0,1
12B222,15,41033,1,1,0,1,16,224,1,70,2,6,8,1,2,2,2,2,2,2,0,0,0,0,0,0,0,0,0,0,0,0,0,0,0,0,0,0,0,0,0,0,0,0,0,0,0,0,0,0,0,0,0,0,0,0,0,0,0,0,0,0,0,0,0,0,0,1,2,2,2,2,2,2,2,0,2,0,1,1,1,1,1,6957,4,4,2,0,0,0,2,0,0,0
11B221,15,41036,4,1,0,2,16,224,2,37,2,6,7,1,2,2,2,2,2,2,0,0,0,0,0,0,0,0,0,0,0,0,0,0,0,0,0,0,0,0,0,0,0,0,0,0,0,0,0,0,0,0,0,0,0,0,0,0,0,0,0,0,0,0,0,0,0,1,2,2,2,2,2,2,2,0,2,0,1,2,2,2,2,21757,4,4,2,0,0,0,2,0,0,0
11B221,15,41036,2,1,0,6,16,224,1,28,3,3,1,1,2,2,2,2,2,2,0,0,0,0,0,0,0,0,0,0,0,0,0,0,0,0,0,0,0,0,0,0,0,0,0,0,0,0,0,0,0,0,0,0,0,0,0,0,0,0,0,0,0,0,0,0,0,3,2,2,2,2,2,2,2,0,2,0,1,1,1,1,1,43514,4,4,2,0,0,0,2,0,2,1
11B221,15,41036,1,1,0,1,16,224,1,58,2,6,1,1,2,2,2,2,2,2,0,0,0,0,0,0,0,0,0,0,0,0,0,0,0,0,0,0,0,0,0,0,0,0,0,0,0,0,0,0,0,0,0,0,0,0,0,0,0,0,0,0,0,0,0,0,0,4,2,2,2,2,2,2,2,0,2,0,1,1,1,2,2,21757,4,4,2,0,0,0,2,0,2,0
11B221,15,41036,3,1,0,2,16,224,1,43,3,3,1,1,2,2,2,2,2,2,0,0,0,0,0,0,0,0,0,0,0,0,0,0,0,0,0,0,0,0,0,0,0,0,0,0,0,0,0,0,0,0,0,0,0,0,0,0,0,0,0,0,0,0,0,0,0,1,2,2,2,2,2,2,2,0,2,0,1,1,1,2,2,21757,4,4,2,0,0,0,2,0,2,1
12B216,15,41039,4,1,0,1,16,224,1,78,2,2,8,1,2,2,2,2,2,2,0,0,0,0,0,0,0,0,0,0,0,0,0,0,0,0,0,0,0,0,0,0,0,0,0,0,0,0,0,0,0,0,0,0,0,0,0,0,0,0,0,0,0,0,0,0,0,5,2,2,2,2,2,2,2,0,2,0,1,1,1,1,1,28135,4,4,2,0,0,0,2,0,0,0
12B216,15,41039,3,1,0,4,16,224,1,38,3,3,1,1,2,2,2,2,2,2,0,0,0,0,0,0,0,0,0,0,0,0,0,0,0,0,0,0,0,0,0,0,0,0,0,0,0,0,0,0,0,0,0,0,0,0,0,0,0,0,0,0,0,0,0,0,0,3,2,2,2,2,2,2,2,0,1,1,1,1,1,2,2,37513,4,4,2,0,0,0,2,0,2,1
12B216,15,41039,1,1,0,1,16,224,1,83,2,1,7,1,2,2,2,2,2,2,0,0,0,0,0,0,0,0,0,0,0,0,0,0,0,0,0,0,0,0,0,0,0,0,0,0,0,0,0,0,0,0,0,0,0,0,0,0,0,0,0,0,0,0,0,0,0,5,2,2,2,2,2,2,2,0,2,0,1,2,2,2,2,18756,4,4,2,0,0,0,2,0,0,0
12B216,15,41039,2,1,0,2,16,224,2,65,2,6,7,1,2,2,2,2,2,2,0,0,0,0,0,0,0,0,0,0,0,0,0,0,0,0,0,0,0,0,0,0,0,0,0,0,0,0,0,0,0,0,0,0,0,0,0,0,0,0,0,0,0,0,0,0,0,5,2,2,2,2,2,2,2,0,2,0,1,2,2,2,2,18756,4,4,2,0,0,0,2,0,0,0
11B213,15,41066,3,1,0,1,16,224,1,41,7,3,1,1,1,1,2,2,2,1,5,1,2,1,2,2,2,2,3,1000,2,1,1,0,0,0,0,0,0,0,0,0,0,0,0,0,0,0,0,0,0,0,0,0,0,0,0,0,0,0,0,120,2,0,2,3,1,0,2,2,2,1,2,2,2,0,1,5,1,1,1,1,1,10931,1,2,1,2,0,0,1,5,2,2
11B213,15,41066,2,1,0,1,16,224,1,59,6,4,8,1,1,1,2,1,2,2,2,3,2,2,2,2,1,2,1,0,1,2,1,0,0,0,0,0,0,0,0,0,0,0,0,0,0,0,0,3,4,1,1,2,2,1,3,150,2,1,1,45,2,0,1,3,2,0,1,2,2,2,1,1,1,2,1,4,1,1,1,1,1,32793,1,2,1,1,0,2,1,5,0,1
13B213,15,41067,1,1,0,1,16,224,1,47,7,4,1,1,1,1,2,2,2,1,5,4,2,2,2,1,1,2,1,0,1,2,1,0,0,0,0,0,0,0,0,0,0,0,0,0,0,0,0,0,0,0,0,0,0,0,0,0,0,0,0,60,2,0,2,3,2,0,2,2,2,2,1,1,1,1,1,5,1,1,1,1,1,46240,1,2,1,1,0,0,1,5,2,2
13B213,15,41067,2,1,0,1,16,224,1,66,7,4,8,1,1,1,2,1,2,2,5,4,2,2,2,1,2,2,1,0,1,2,1,0,0,0,0,0,0,0,0,0,0,0,0,0,0,0,0,5,4,1,1,2,2,1,3,100,2,1,1,120,2,0,2,3,2,0,1,1,2,1,1,1,1,1,1,5,1,1,1,1,1,61653,1,2,1,1,0,2,1,10,0,2
13B213,15,41067,3,1,0,1,16,224,1,73,7,4,1,1,1,1,2,1,2,1,8,3,2,1,2,2,2,2,1,0,1,2,1,0,0,0,0,0,0,0,0,0,0,0,0,0,0,0,0,7,3,1,1,2,2,1,1,0,1,2,1,120,2,0,3,4,1,0,2,2,2,1,1,1,1,2,1,5,1,1,1,1,1,15413,1,2,1,1,0,1,1,15,2,2
13B213,15,41067,4,1,0,1,16,224,1,58,9,2,1,1,1,1,2,2,2,1,3,1,2,1,2,2,2,2,1,0,1,2,1,0,0,0,0,0,0,0,0,0,0,0,0,0,0,0,0,0,0,0,0,0,0,0,0,0,0,0,0,120,2,0,3,3,1,0,2,2,2,2,1,1,1,2,1,5,1,1,1,1,1,30827,1,2,1,1,0,0,1,3,2,2
11B216,15,41075,3,1,0,5,16,224,1,19,4,2,6,1,1,1,2,2,2,1,5,2,2,1,2,2,2,2,1,0,1,1,1,0,0,0,0,0,0,0,0,0,0,0,0,0,0,0,0,0,0,0,0,0,0,0,0,0,0,0,0,120,2,0,2,3,1,0,2,2,2,2,2,2,2,0,1,2,1,1,1,2,2,41508,1,2,1,3,0,0,1,5,1,1
11B216,15,41075,2,1,0,1,16,224,2,37,7,5,1,1,1,1,2,2,2,1,5,3,2,2,1,1,2,2,1,0,1,1,1,0,0,0,0,0,0,0,0,0,0,0,0,0,0,0,0,0,0,0,0,0,0,0,0,0,0,0,0,60,2,0,2,3,2,0,2,2,2,2,1,1,1,2,1,4,1,1,1,1,1,8301,1,2,1,3,0,0,1,5,2,2
11B216,15,41075,4,1,0,2,16,224,1,19,3,3,1,1,2,2,2,2,2,2,0,0,0,0,0,0,0,0,0,0,0,0,0,0,0,0,0,0,0,0,0,0,0,0,0,0,0,0,0,0,0,0,0,0,0,0,0,0,0,0,0,0,0,0,0,0,0,3,2,2,2,2,2,2,2,0,2,0,1,1,1,1,1,16603,4,4,2,0,0,0,2,0,2,1
11B216,15,41075,1,1,0,2,16,224,2,65,0,,1,1,2,2,2,2,2,2,0,0,0,0,0,0,0,0,0,0,0,0,0,0,0,0,0,0,0,0,0,0,0,0,0,0,0,0,0,0,0,0,0,0,0,0,0,0,0,0,0,0,0,0,0,0,0,1,2,2,2,2,2,2,2,0,2,0,1,2,2,2,2,16603,4,4,2,0,0,0,2,0,2,0
11A227,15,41158,4,1,0,2,16,224,2,70,5,4,8,1,2,2,2,2,2,2,0,0,0,0,0,0,0,0,0,0,0,0,0,0,0,0,0,0,0,0,0,0,0,0,0,0,0,0,0,0,0,0,0,0,0,0,0,0,0,0,0,0,0,0,0,0,0,5,2,2,2,2,1,1,1,1,1,5,1,1,1,1,1,40111,4,4,2,0,0,0,2,0,0,1
11A227,15,41158,1,1,0,2,16,224,2,76,3,3,8,1,2,2,2,2,2,2,0,0,0,0,0,0,0,0,0,0,0,0,0,0,0,0,0,0,0,0,0,0,0,0,0,0,0,0,0,0,0,0,0,0,0,0,0,0,0,0,0,0,0,0,0,0,0,1,2,2,2,2,2,2,2,0,2,0,1,1,1,1,1,30083,4,4,2,0,0,0,2,0,0,1
11A227,15,41158,3,1,0,1,16,224,1,42,8,2,1,1,1,1,2,2,2,1,5,1,2,1,2,2,2,2,1,0,1,2,1,0,0,0,0,0,0,0,0,0,0,0,0,0,0,0,0,0,0,0,0,0,0,0,0,0,0,0,0,120,2,0,3,3,1,0,2,2,2,2,1,1,1,2,1,5,1,1,1,1,1,20056,1,2,1,1,0,0,1,5,2,2
11A227,15,41158,2,1,0,2,16,224,2,48,6,4,1,1,1,2,2,2,2,2,0,0,0,0,0,0,0,0,0,0,0,0,0,0,0,0,0,0,0,0,0,0,0,0,0,0,0,0,0,0,0,0,0,0,0,0,0,0,0,0,0,0,0,0,0,0,0,4,2,2,2,2,1,1,1,1,1,4,1,1,1,1,1,40111,2,4,2,0,0,0,2,0,2,1
12B214,15,41165,3,1,0,3,16,224,1,22,7,2,6,1,1,1,2,2,2,1,4,2,2,1,2,2,2,2,1,0,1,2,1,0,0,0,0,0,0,0,0,0,0,0,0,0,0,0,0,0,0,0,0,0,0,0,0,0,0,0,0,120,2,0,3,3,1,0,2,2,2,2,1,1,1,1,1,4,1,1,1,1,1,51914,1,2,1,1,0,0,1,4,1,2
12B214,15,41165,2,1,0,1,16,224,1,48,3,3,1,1,2,2,2,2,2,2,0,0,0,0,0,0,0,0,0,0,0,0,0,0,0,0,0,0,0,0,0,0,0,0,0,0,0,0,0,0,0,0,0,0,0,0,0,0,0,0,0,0,0,0,0,0,0,3,2,2,2,2,2,2,2,0,1,3,2,0,0,0,0,41531,4,4,2,0,0,0,2,0,2,1
12B214,15,41165,4,1,0,1,16,224,2,50,3,3,1,1,2,2,2,2,2,2,0,0,0,0,0,0,0,0,0,0,0,0,0,0,0,0,0,0,0,0,0,0,0,0,0,0,0,0,0,0,0,0,0,0,0,0,0,0,0,0,0,0,0,0,0,0,0,3,2,2,2,2,2,2,2,0,2,0,1,2,2,2,2,10383,4,4,2,0,0,0,2,0,2,1
11A228,15,41285,4,1,0,2,16,224,1,36,4,3,1,1,1,1,1,2,1,2,2,3,2,2,2,1,2,2,2,0,2,1,1,2,2,2,2,1,2,2,2,1,2,2,2,0,1,1,1,0,0,0,0,0,0,0,0,0,0,0,0,120,2,0,2,2,2,0,2,2,2,2,2,2,2,0,2,0,1,1,1,2,2,44213,1,2,1,2,3,0,1,4,2,1
11A228,15,41285,1,1,0,1,16,224,2,52,7,3,1,1,2,2,2,2,2,2,0,0,0,0,0,0,0,0,0,0,0,0,0,0,0,0,0,0,0,0,0,0,0,0,0,0,0,0,0,0,0,0,0,0,0,0,0,0,0,0,0,0,0,0,0,0,0,2,2,2,2,2,2,2,2,0,2,0,1,1,1,1,1,22106,4,4,2,0,0,0,2,0,2,2
11A228,15,41285,2,1,0,4,16,224,1,18,4,3,1,1,1,1,2,1,2,2,2,4,2,2,2,1,2,2,2,0,2,1,1,0,0,0,0,0,0,0,0,0,0,0,0,0,0,0,0,2,4,1,1,2,2,1,1,0,1,2,1,45,2,0,3,3,2,0,2,2,2,2,2,2,2,0,2,0,1,1,1,1,1,44213,1,2,1,2,0,1,1,4,2,1
11A228,15,41285,3,1,0,1,16,224,2,45,3,3,7,1,1,1,1,2,1,2,2,4,2,2,2,1,2,2,3,350,2,1,1,2,4,2,2,1,2,2,2,2,1,2,2,0,2,1,1,0,0,0,0,0,0,0,0,0,0,0,0,120,2,0,1,3,2,0,2,2,2,2,2,2,2,0,2,0,1,1,1,1,1,11053,1,2,1,2,2,0,1,4,0,1
13A228,15,41286,4,1,0,1,16,224,1,50,7,4,1,1,2,2,2,2,2,2,0,0,0,0,0,0,0,0,0,0,0,0,0,0,0,0,0,0,0,0,0,0,0,0,0,0,0,0,0,0,0,0,0,0,0,0,0,0,0,0,0,0,0,0,0,0,0,3,2,2,2,2,2,2,2,0,1,3,1,1,1,1,1,8953,4,4,2,0,0,0,2,0,2,2
13A228,15,41286,1,1,0,2,16,224,2,60,4,3,7,1,1,2,1,2,2,2,0,0,0,0,0,0,0,0,0,0,0,0,0,3,4,2,2,1,2,2,2,2,1,2,2,0,2,1,1,0,0,0,0,0,0,0,0,0,0,0,0,60,2,0,2,3,2,0,2,2,2,2,2,2,2,0,2,0,1,1,1,1,1,17905,1,3,1,0,2,0,1,3,0,1
13A228,15,41286,3,1,0,2,16,224,2,74,3,3,7,1,2,2,2,2,2,2,0,0,0,0,0,0,0,0,0,0,0,0,0,0,0,0,0,0,0,0,0,0,0,0,0,0,0,0,0,0,0,0,0,0,0,0,0,0,0,0,0,0,0,0,0,0,0,5,2,2,2,2,2,2,2,0,1,1,1,1,1,1,1,26858,4,4,2,0,0,0,2,0,0,1
13B215,15,41389,4,1,1,2,16,224,2,29,7,5,1,1,1,1,2,2,2,1,2,1,2,1,2,1,2,2,1,0,2,1,1,0,0,0,0,0,0,0,0,0,0,0,0,0,0,0,0,0,0,0,0,0,0,0,0,0,0,0,0,90,2,0,3,3,2,0,2,2,2,2,2,2,2,0,1,1,1,1,1,1,1,25826,1,2,1,2,0,0,1,2,2,2
13B215,15,41389,3,1,0,1,16,224,1,58,7,3,1,1,1,1,2,2,2,1,3,1,2,1,2,2,2,2,1,0,1,2,1,0,0,0,0,0,0,0,0,0,0,0,0,0,0,0,0,0,0,0,0,0,0,0,0,0,0,0,0,45,2,0,3,3,2,0,2,2,2,2,1,2,2,0,1,3,1,1,1,1,1,17218,1,2,1,1,0,0,1,3,2,2
13B215,15,41389,1,1,0,1,16,224,1,49,7,4,1,1,1,1,2,2,2,1,2,3,2,2,2,1,2,2,1,0,1,2,1,0,0,0,0,0,0,0,0,0,0,0,0,0,0,0,0,0,0,0,0,0,0,0,0,0,0,0,0,45,2,0,2,3,2,0,2,2,2,2,1,1,1,2,1,4,1,1,1,1,1,25826,1,2,1,1,0,0,1,2,2,2
13B215,15,41389,2,1,0,2,16,224,2,46,6,3,1,1,2,2,2,2,2,2,0,0,0,0,0,0,0,0,0,0,0,0,0,0,0,0,0,0,0,0,0,0,0,0,0,0,0,0,0,0,0,0,0,0,0,0,0,0,0,0,0,0,0,0,0,0,0,3,2,2,2,2,2,2,2,0,1,1,1,1,1,1,1,25826,4,4,2,0,0,0,2,0,2,1
11B222,15,41419,3,1,0,2,16,224,2,33,3,3,7,1,1,1,1,2,2,2,3,4,2,2,2,1,2,2,2,0,2,1,1,5,4,2,2,1,1,2,2,2,1,2,2,0,2,1,1,0,0,0,0,0,0,0,0,0,0,0,0,35,2,0,2,2,2,0,2,2,2,2,2,2,2,0,2,0,1,1,1,1,1,19171,1,2,1,2,2,0,1,8,0,1
11B222,15,41419,1,1,0,1,16,224,1,36,3,2,1,1,2,2,2,2,2,2,0,0,0,0,0,0,0,0,0,0,0,0,0,0,0,0,0,0,0,0,0,0,0,0,0,0,0,0,0,0,0,0,0,0,0,0,0,0,0,0,0,0,0,0,0,0,0,3,2,2,2,2,2,2,2,0,2,0,1,1,1,2,2,19171,4,4,2,0,0,0,2,0,2,1
11B222,15,41419,4,1,0,6,16,224,2,25,7,4,1,1,1,1,2,2,2,1,2,1,2,1,2,2,2,2,1,0,1,2,1,0,0,0,0,0,0,0,0,0,0,0,0,0,0,0,0,0,0,0,0,0,0,0,0,0,0,0,0,120,2,0,3,3,1,0,2,2,2,2,2,2,2,0,2,0,1,1,1,1,1,47927,1,2,1,1,0,0,1,2,2,2
11B222,15,41419,2,1,0,1,16,224,2,59,0,,7,2,0,0,0,0,0,0,0,0,0,0,0,0,0,0,0,0,0,0,0,0,0,0,0,0,0,0,0,0,0,0,0,0,0,0,0,0,0,0,0,0,0,0,0,0,0,0,0,0,0,0,0,0,0,0,0,0,0,0,0,0,0,0,0,0,0,0,0,0,0,38342,0,0,0,0,0,0,0,0,0,0
12B221,16,40001,1,1,0,2,15,224,1,71,7,5,1,1,1,1,2,2,2,2,1,3,2,2,2,2,1,2,2,0,2,1,1,0,0,0,0,0,0,0,0,0,0,0,0,0,0,0,0,0,0,0,0,0,0,0,0,0,0,0,0,30,1,5,2,3,1,0,2,2,2,2,2,2,2,0,1,1,1,2,2,2,2,13602,1,1,1,2,0,0,1,1,2,2
12B221,16,40001,2,1,0,1,15,224,1,58,7,5,1,1,1,1,2,2,2,1,1,4,2,2,2,1,2,2,2,0,2,1,1,0,0,0,0,0,0,0,0,0,0,0,0,0,0,0,0,0,0,0,0,0,0,0,0,0,0,0,0,30,2,0,2,2,2,0,2,2,2,2,2,2,2,0,2,0,1,1,1,1,1,20402,1,2,1,2,0,0,1,1,2,2
12B221,16,40001,4,1,0,1,15,224,2,23,7,4,6,1,1,2,1,2,2,1,0,0,0,0,0,0,0,0,0,0,0,0,0,3,4,2,2,2,2,2,2,1,2,2,1,0,1,2,1,0,0,0,0,0,0,0,0,0,0,0,0,45,2,0,2,2,1,0,2,2,1,2,2,2,1,1,1,1,1,2,2,1,2,6801,1,3,1,0,1,0,1,3,1,2
11B221,16,40006,1,1,0,2,15,224,1,27,3,3,1,1,1,1,2,2,2,1,5,1,1,2,2,2,2,2,1,0,1,1,1,0,0,0,0,0,0,0,0,0,0,0,0,0,0,0,0,0,0,0,0,0,0,0,0,0,0,0,0,30,2,0,2,3,2,0,2,2,2,2,2,1,2,0,1,1,1,2,1,1,2,24704,1,2,1,3,0,0,1,5,2,1
11B221,16,40006,4,1,0,1,15,224,1,47,3,3,1,1,1,2,2,1,2,1,0,0,0,0,0,0,0,0,0,0,0,0,0,0,0,0,0,0,0,0,0,0,0,0,0,0,0,0,0,2,4,1,1,1,2,1,2,0,2,1,4,60,2,0,3,3,1,0,2,1,2,2,1,1,2,0,2,0,1,1,1,1,1,8234,1,3,1,0,0,2,1,2,2,1
12B216,16,40073,2,1,0,1,15,224,2,69,0,,1,1,1,1,2,2,2,2,1,5,2,2,1,2,2,2,2,0,2,1,1,0,0,0,0,0,0,0,0,0,0,0,0,0,0,0,0,0,0,0,0,0,0,0,0,0,0,0,0,30,2,0,1,2,1,0,2,2,2,2,2,2,2,0,2,0,1,2,3,1,2,7415,1,1,1,2,0,0,1,1,2,0
12B216,16,40073,3,1,0,1,15,224,1,65,7,1,1,1,2,2,2,2,2,2,0,0,0,0,0,0,0,0,0,0,0,0,0,0,0,0,0,0,0,0,0,0,0,0,0,0,0,0,0,0,0,0,0,0,0,0,0,0,0,0,0,0,0,0,0,0,0,3,2,2,2,2,2,2,2,0,2,0,1,1,1,2,2,22245,4,4,2,0,0,0,2,0,2,2
13A227,16,40094,2,1,0,3,15,224,1,32,7,4,1,1,1,1,2,1,2,2,2,1,2,2,2,2,1,2,1,0,1,2,1,0,0,0,0,0,0,0,0,0,0,0,0,0,0,0,0,2,4,2,1,2,2,1,2,0,2,1,1,30,2,0,4,3,1,0,2,2,2,2,1,1,1,2,1,1,1,1,1,1,1,43595,1,2,1,1,0,2,1,4,2,2
13A227,16,40094,4,1,0,3,15,224,1,35,2,4,1,1,2,2,2,2,2,2,0,0,0,0,0,0,0,0,0,0,0,0,0,0,0,0,0,0,0,0,0,0,0,0,0,0,0,0,0,0,0,0,0,0,0,0,0,0,0,0,0,0,0,0,0,0,0,1,2,2,2,2,2,2,1,1,2,0,1,2,1,2,2,43595,4,4,2,0,0,0,2,0,2,0
12B213,16,40097,3,1,0,1,15,224,1,62,7,5,1,1,1,2,1,2,2,2,0,0,0,0,0,0,0,0,0,0,0,0,0,2,1,2,1,2,2,2,1,2,2,2,3,2000,2,1,2,0,0,0,0,0,0,0,0,0,0,0,0,30,1,5,3,4,2,0,2,2,2,2,2,2,2,0,2,0,1,2,1,2,2,7830,1,3,1,0,2,0,1,2,2,2
12B213,16,40097,2,1,0,1,15,224,1,41,7,5,1,1,1,1,2,2,2,1,10,4,2,2,2,2,1,2,2,0,2,1,1,0,0,0,0,0,0,0,0,0,0,0,0,0,0,0,0,0,0,0,0,0,0,0,0,0,0,0,0,90,2,0,4,4,2,0,1,2,2,1,2,1,1,1,1,2,1,2,1,1,1,15660,1,2,1,2,0,0,1,10,2,2
12B213,16,40097,4,1,0,1,15,224,2,47,7,5,7,1,1,1,1,2,2,2,1,4,2,2,2,2,1,2,2,0,2,1,1,2,4,2,1,2,2,2,2,2,2,2,3,120,2,1,1,0,0,0,0,0,0,0,0,0,0,0,0,30,2,0,4,4,1,0,1,1,2,2,1,1,1,1,1,2,1,2,1,1,1,15660,1,2,1,2,2,0,1,3,0,2
12B222,16,40134,4,1,0,2,15,224,1,37,3,3,1,1,2,2,2,2,2,2,0,0,0,0,0,0,0,0,0,0,0,0,0,0,0,0,0,0,0,0,0,0,0,0,0,0,0,0,0,0,0,0,0,0,0,0,0,0,0,0,0,0,0,0,0,0,0,3,2,2,2,2,1,2,2,0,1,1,1,1,1,1,1,14727,4,4,2,0,0,0,2,0,2,1
12B222,16,40134,3,1,0,1,15,224,2,84,2,6,7,1,1,2,2,2,2,2,0,0,0,0,0,0,0,0,0,0,0,0,0,0,0,0,0,0,0,0,0,0,0,0,0,0,0,0,0,0,0,0,0,0,0,0,0,0,0,0,0,0,0,0,0,0,0,5,2,2,2,2,2,2,2,0,2,0,1,1,2,1,2,7364,2,4,2,0,0,0,2,0,0,0
12B222,16,40134,1,1,0,1,15,224,2,42,7,5,1,1,2,2,2,2,2,1,0,0,0,0,0,0,0,0,0,0,0,0,0,0,0,0,0,0,0,0,0,0,0,0,0,0,0,0,0,0,0,0,0,0,0,0,0,0,0,0,0,30,2,0,2,3,1,0,1,2,2,2,2,1,2,0,1,4,1,2,1,2,2,7364,3,3,1,0,0,0,2,0,2,2
11A227,16,40158,1,1,0,1,15,224,2,70,2,1,1,1,2,2,2,2,2,2,0,0,0,0,0,0,0,0,0,0,0,0,0,0,0,0,0,0,0,0,0,0,0,0,0,0,0,0,0,0,0,0,0,0,0,0,0,0,0,0,0,0,0,0,0,0,0,1,2,2,2,2,2,2,2,0,2,0,1,2,1,1,2,11254,4,4,2,0,0,0,2,0,2,0
11A227,16,40158,2,1,0,2,15,224,2,37,7,4,1,1,1,1,2,2,2,2,3,1,1,2,2,2,2,2,2,0,2,1,2,0,0,0,0,0,0,0,0,0,0,0,0,0,0,0,0,0,0,0,0,0,0,0,0,0,0,0,0,120,2,0,3,3,1,0,2,1,2,2,1,1,1,1,1,1,1,2,1,1,1,22508,1,1,1,2,0,0,1,3,2,2
11A227,16,40158,3,1,0,1,15,224,2,55,2,6,7,1,1,2,2,2,2,1,0,0,0,0,0,0,0,0,0,0,0,0,0,0,0,0,0,0,0,0,0,0,0,0,0,0,0,0,0,0,0,0,0,0,0,0,0,0,0,0,0,10,2,0,1,1,2,0,2,2,2,2,2,2,2,0,1,1,1,2,1,1,2,22508,1,3,1,0,0,0,2,0,0,0
11A227,16,40158,4,1,0,1,15,224,1,21,3,3,1,1,2,2,2,2,2,2,0,0,0,0,0,0,0,0,0,0,0,0,0,0,0,0,0,0,0,0,0,0,0,0,0,0,0,0,0,0,0,0,0,0,0,0,0,0,0,0,0,0,0,0,0,0,0,1,2,2,2,2,2,1,1,2,2,0,1,2,1,1,1,11254,4,4,2,0,0,0,2,0,2,1
11B214,16,40164,1,1,0,1,15,224,2,33,7,5,1,1,1,2,2,2,2,1,0,0,0,0,0,0,0,0,0,0,0,0,0,0,0,0,0,0,0,0,0,0,0,0,0,0,0,0,0,0,0,0,0,0,0,0,0,0,0,0,0,30,1,5,2,2,1,0,2,2,2,2,2,1,2,0,1,1,1,2,1,1,2,16672,1,3,1,0,0,0,2,0,2,2
11B214,16,40164,4,1,0,1,15,224,1,66,4,3,1,1,2,2,2,2,2,2,0,0,0,0,0,0,0,0,0,0,0,0,0,0,0,0,0,0,0,0,0,0,0,0,0,0,0,0,0,0,0,0,0,0,0,0,0,0,0,0,0,0,0,0,0,0,0,5,2,2,2,2,2,2,2,0,2,0,1,2,1,2,1,41679,4,4,2,0,0,0,2,0,2,1
12A228,16,40189,2,1,0,1,15,224,2,41,7,5,1,1,1,1,2,2,2,2,2,4,2,2,2,1,2,2,1,0,2,1,1,0,0,0,0,0,0,0,0,0,0,0,0,0,0,0,0,0,0,0,0,0,0,0,0,0,0,0,0,60,2,0,3,3,2,0,1,2,2,1,1,1,1,2,1,1,1,2,1,2,1,13640,1,1,1,2,0,0,1,2,2,2
12A228,16,40189,3,1,0,2,15,224,2,37,7,4,7,1,2,2,2,2,2,2,0,0,0,0,0,0,0,0,0,0,0,0,0,0,0,0,0,0,0,0,0,0,0,0,0,0,0,0,0,0,0,0,0,0,0,0,0,0,0,0,0,0,0,0,0,0,0,1,2,2,2,2,2,2,2,0,2,0,1,2,1,1,1,13640,4,4,2,0,0,0,2,0,0,2
13B214,16,40198,3,1,0,4,15,224,2,23,7,3,4,1,1,1,2,2,2,1,1,4,2,2,2,1,2,2,2,0,2,1,1,0,0,0,0,0,0,0,0,0,0,0,0,0,0,0,0,0,0,0,0,0,0,0,0,0,0,0,0,180,1,5,3,3,1,0,1,1,2,1,2,1,1,2,1,2,1,1,1,1,1,82156,1,2,1,2,0,0,1,1,1,2
13B214,16,40198,2,1,0,2,15,224,2,41,8,3,1,1,1,1,1,1,2,2,1,4,2,2,2,2,1,2,3,400,2,1,1,1,3,2,2,2,1,2,2,2,2,2,3,150,2,1,1,1,4,1,1,1,1,1,3,30,2,1,1,15,2,0,4,4,1,0,1,1,1,1,1,1,1,1,1,2,1,2,1,1,1,41078,1,2,1,2,2,2,1,3,2,2
11B215,16,40291,1,1,0,1,15,224,2,39,4,3,7,1,1,2,2,2,2,2,0,0,0,0,0,0,0,0,0,0,0,0,0,0,0,0,0,0,0,0,0,0,0,0,0,0,0,0,0,0,0,0,0,0,0,0,0,0,0,0,0,0,0,0,0,0,0,5,2,2,2,2,1,1,2,0,3,0,1,1,1,2,2,12332,2,4,2,0,0,0,2,0,0,1
11B215,16,40291,4,1,0,2,15,224,1,53,3,3,4,1,2,2,2,2,2,2,0,0,0,0,0,0,0,0,0,0,0,0,0,0,0,0,0,0,0,0,0,0,0,0,0,0,0,0,0,0,0,0,0,0,0,0,0,0,0,0,0,0,0,0,0,0,0,5,2,2,2,2,2,2,2,0,2,0,1,2,1,2,2,24663,4,4,2,0,0,0,2,0,1,1
12B215,16,40328,4,1,0,1,15,224,2,33,7,5,1,1,1,1,2,2,2,2,2,1,1,2,2,2,2,2,1,0,1,2,2,0,0,0,0,0,0,0,0,0,0,0,0,0,0,0,0,0,0,0,0,0,0,0,0,0,0,0,0,60,2,0,3,4,1,0,2,2,2,2,1,2,2,0,1,1,1,2,1,1,1,9024,1,1,1,1,0,0,1,2,2,2
12B215,16,40328,2,1,0,2,15,224,1,70,6,3,9,1,2,2,2,2,2,2,0,0,0,0,0,0,0,0,0,0,0,0,0,0,0,0,0,0,0,0,0,0,0,0,0,0,0,0,0,0,0,0,0,0,0,0,0,0,0,0,0,0,0,0,0,0,0,5,2,2,2,2,2,1,1,2,2,0,1,1,1,1,1,9024,4,4,2,0,0,0,2,0,0,1
12B215,16,40328,1,1,0,1,15,224,2,56,3,3,1,1,1,1,2,2,2,1,1,2,2,2,2,2,1,2,3,150,2,1,1,0,0,0,0,0,0,0,0,0,0,0,0,0,0,0,0,0,0,0,0,0,0,0,0,0,0,0,0,30,2,0,2,4,2,0,2,2,2,2,1,1,1,1,1,1,1,1,1,1,1,9024,1,2,1,2,0,0,1,1,2,1
11B213,17,40001,2,1,0,3,29,224,2,33,3,3,4,1,1,2,1,1,1,2,0,0,0,0,0,0,0,0,0,0,0,0,0,4,4,2,2,2,2,2,2,1,2,2,1,0,1,2,1,1,4,1,1,1,1,1,3,15,2,1,1,20,2,0,2,3,1,0,2,2,2,2,2,1,1,1,1,1,1,1,1,1,1,27158,1,3,1,0,1,2,1,5,1,1
11B213,17,40001,3,1,0,2,29,224,2,57,2,6,2,1,2,2,2,2,2,2,0,0,0,0,0,0,0,0,0,0,0,0,0,0,0,0,0,0,0,0,0,0,0,0,0,0,0,0,0,0,0,0,0,0,0,0,0,0,0,0,0,0,0,0,0,0,0,3,2,2,2,2,2,1,1,1,1,1,1,2,2,2,2,36211,4,4,2,0,0,0,2,0,1,0
12B221,17,40004,2,1,0,1,29,224,1,69,3,3,1,1,2,2,2,2,2,2,0,0,0,0,0,0,0,0,0,0,0,0,0,0,0,0,0,0,0,0,0,0,0,0,0,0,0,0,0,0,0,0,0,0,0,0,0,0,0,0,0,0,0,0,0,0,0,5,2,2,2,2,2,2,2,0,2,0,2,0,0,0,0,7530,4,4,2,0,0,0,2,0,2,1
12B221,17,40004,3,1,0,2,29,224,2,45,7,5,1,1,1,1,2,2,2,1,3,4,2,2,2,1,1,2,2,0,1,1,2,0,0,0,0,0,0,0,0,0,0,0,0,0,0,0,0,0,0,0,0,0,0,0,0,0,0,0,0,60,1,7,3,3,1,0,2,2,2,2,1,2,2,0,1,4,1,2,1,1,1,15060,1,2,1,3,0,0,1,3,2,2
11B221,17,40007,4,1,0,2,29,224,1,33,4,3,1,1,2,2,2,2,2,1,0,0,0,0,0,0,0,0,0,0,0,0,0,0,0,0,0,0,0,0,0,0,0,0,0,0,0,0,0,0,0,0,0,0,0,0,0,0,0,0,0,15,2,0,3,3,1,0,2,2,2,1,2,1,2,0,1,1,1,1,1,3,2,25951,3,3,1,0,0,0,2,0,2,1
11B221,17,40007,1,1,0,1,29,224,2,72,0,,7,2,0,0,0,0,0,0,0,0,0,0,0,0,0,0,0,0,0,0,0,0,0,0,0,0,0,0,0,0,0,0,0,0,0,0,0,0,0,0,0,0,0,0,0,0,0,0,0,0,0,0,0,0,0,0,0,0,0,0,0,0,0,0,0,0,0,0,0,0,0,8650,0,0,0,0,0,0,0,0,0,0
11B221,17,40007,3,1,0,1,29,224,2,57,2,1,7,2,0,0,0,0,0,0,0,0,0,0,0,0,0,0,0,0,0,0,0,0,0,0,0,0,0,0,0,0,0,0,0,0,0,0,0,0,0,0,0,0,0,0,0,0,0,0,0,0,0,0,0,0,0,0,0,0,0,0,0,0,0,0,0,0,0,0,0,0,0,8650,0,0,0,0,0,0,0,0,0,0
13B213,17,40067,4,1,0,4,29,224,2,21,7,1,6,1,1,1,2,1,2,1,5,2,2,1,2,2,1,2,1,0,1,1,1,0,0,0,0,0,0,0,0,0,0,0,0,0,0,0,0,1,2,1,2,2,1,2,2,0,1,2,1,60,1,7,3,3,1,0,1,1,2,2,2,3,1,2,1,1,1,2,2,1,3,31421,1,2,1,3,0,1,1,6,1,2
11B216,17,40076,2,1,0,2,29,224,2,46,3,3,2,1,1,2,2,2,2,2,0,0,0,0,0,0,0,0,0,0,0,0,0,0,0,0,0,0,0,0,0,0,0,0,0,0,0,0,0,0,0,0,0,0,0,0,0,0,0,0,0,0,0,0,0,0,0,3,2,2,2,2,2,1,2,0,2,0,1,2,1,1,2,22876,2,4,2,0,0,0,2,0,1,1
11B216,17,40076,4,1,0,1,29,224,1,38,3,3,1,1,1,2,2,2,2,1,0,0,0,0,0,0,0,0,0,0,0,0,0,0,0,0,0,0,0,0,0,0,0,0,0,0,0,0,0,0,0,0,0,0,0,0,0,0,0,0,0,5,2,0,2,4,2,0,2,2,2,2,2,2,1,2,2,0,1,2,1,1,2,22876,1,3,1,0,0,0,2,0,2,1
11B216,17,40139,1,1,0,1,29,224,1,69,0,,1,2,0,0,0,0,0,0,0,0,0,0,0,0,0,0,0,0,0,0,0,0,0,0,0,0,0,0,0,0,0,0,0,0,0,0,0,0,0,0,0,0,0,0,0,0,0,0,0,0,0,0,0,0,0,0,0,0,0,0,0,0,0,0,0,0,0,0,0,0,0,20545,0,0,0,0,0,0,0,0,2,0
11B216,17,40139,4,1,0,1,29,224,1,36,3,3,1,1,1,1,1,1,2,1,1,3,2,1,2,2,2,2,2,0,2,1,1,4,4,2,2,2,2,2,1,2,2,2,2,0,2,1,2,3,3,1,1,2,2,1,3,7,2,1,2,30,2,0,1,3,1,0,2,1,2,2,2,1,2,0,1,2,1,1,1,1,1,30817,1,2,1,2,2,2,1,8,2,1
12A227,17,40158,3,1,0,4,29,224,2,50,6,3,7,1,1,2,2,2,2,2,0,0,0,0,0,0,0,0,0,0,0,0,0,0,0,0,0,0,0,0,0,0,0,0,0,0,0,0,0,0,0,0,0,0,0,0,0,0,0,0,0,0,0,0,0,0,0,3,2,2,2,2,2,2,2,0,2,0,1,1,1,1,2,25246,2,4,2,0,0,0,2,0,0,1
12A227,17,40158,1,1,0,1,29,224,1,53,7,5,1,1,1,2,1,1,2,2,0,0,0,0,0,0,0,0,0,0,0,0,0,1,4,1,2,2,2,2,2,2,2,2,3,30,2,1,1,1,4,1,1,1,1,1,3,10,2,1,1,15,2,0,2,3,2,0,2,2,2,2,3,1,2,0,1,1,1,2,1,2,2,16831,1,3,1,0,2,2,1,2,2,2
12A227,17,40158,4,1,0,1,29,224,1,44,7,5,4,1,1,1,1,2,2,1,1,3,2,2,1,2,2,2,3,150,2,1,1,2,2,2,2,1,2,2,1,2,2,2,1,0,1,2,1,0,0,0,0,0,0,0,0,0,0,0,0,30,2,0,2,4,1,0,2,1,2,2,1,1,1,2,1,1,1,1,1,1,1,16831,1,2,1,2,1,0,1,3,1,2
12A227,17,40158,2,1,0,1,29,224,1,68,2,6,8,1,1,1,2,2,2,1,2,4,2,2,2,2,1,2,2,0,2,1,1,0,0,0,0,0,0,0,0,0,0,0,0,0,0,0,0,0,0,0,0,0,0,0,0,0,0,0,0,30,2,0,1,4,2,0,2,2,2,2,2,2,2,0,2,0,1,2,1,2,2,16831,1,2,1,2,0,0,1,2,0,0
11B222,17,40165,4,1,0,1,29,224,2,47,7,5,1,1,1,1,2,2,2,2,1,4,2,2,2,1,2,2,3,300,2,1,1,0,0,0,0,0,0,0,0,0,0,0,0,0,0,0,0,0,0,0,0,0,0,0,0,0,0,0,0,60,2,0,2,3,1,0,1,1,2,2,1,1,2,0,1,2,1,1,1,1,1,10580,1,1,1,2,0,0,1,1,2,2
11B222,17,40165,3,1,0,2,29,224,2,20,7,1,6,1,1,1,1,2,2,1,4,4,2,2,2,1,2,2,1,0,1,2,1,2,4,2,2,1,2,2,2,2,2,2,1,0,1,2,1,0,0,0,0,0,0,0,0,0,0,0,0,40,2,0,2,3,2,0,2,2,2,2,2,1,2,0,1,1,1,2,1,1,1,10580,1,2,1,1,1,0,1,6,1,2
11B222,17,40165,2,1,0,1,29,224,2,54,6,2,1,1,1,2,1,2,2,1,0,0,0,0,0,0,0,0,0,0,0,0,0,2,1,2,2,2,1,2,2,2,2,2,1,0,1,2,2,0,0,0,0,0,0,0,0,0,0,0,0,30,2,0,4,3,1,0,2,2,2,2,2,2,2,0,2,0,1,2,1,2,2,5290,1,3,1,0,1,0,1,2,2,1
12B214,17,40166,3,1,0,2,29,224,1,26,7,5,1,1,1,2,1,2,2,1,0,0,0,0,0,0,0,0,0,0,0,0,0,1,4,2,2,2,2,2,2,1,2,2,3,50,2,1,2,0,0,0,0,0,0,0,0,0,0,0,0,60,2,0,2,3,1,0,2,2,2,2,1,1,1,3,1,1,1,1,1,1,1,17514,1,3,1,0,2,0,1,1,2,2
12B214,17,40166,2,1,0,1,29,224,1,64,7,5,1,1,1,1,2,2,2,2,6,6,2,2,1,2,2,2,3,2500,2,1,1,0,0,0,0,0,0,0,0,0,0,0,0,0,0,0,0,0,0,0,0,0,0,0,0,0,0,0,0,60,2,0,1,2,1,0,2,1,2,2,2,2,2,0,2,0,1,2,2,2,2,8757,1,1,1,2,0,0,1,6,2,2
12B214,17,40166,4,1,0,2,29,224,1,64,2,2,1,1,1,2,1,2,2,2,0,0,0,0,0,0,0,0,0,0,0,0,0,1,5,2,2,2,2,1,2,2,2,2,2,0,2,1,1,0,0,0,0,0,0,0,0,0,0,0,0,30,2,0,1,1,2,0,2,2,2,2,2,2,2,0,2,0,1,2,2,2,2,35028,1,3,1,0,2,0,1,1,2,0
11B222,17,40168,4,1,0,1,29,224,2,60,6,3,1,1,1,2,2,2,2,1,0,0,0,0,0,0,0,0,0,0,0,0,0,0,0,0,0,0,0,0,0,0,0,0,0,0,0,0,0,0,0,0,0,0,0,0,0,0,0,0,0,60,2,0,4,4,1,0,2,2,2,2,2,2,2,0,2,0,1,2,1,2,1,20371,1,3,1,0,0,0,2,0,2,1
11B222,17,40168,3,1,0,1,29,224,2,80,2,6,7,1,2,2,2,1,2,2,0,0,0,0,0,0,0,0,0,0,0,0,0,0,0,0,0,0,0,0,0,0,0,0,0,0,0,0,0,3,4,2,2,2,2,1,2,0,2,1,1,10,2,0,1,2,2,0,2,2,2,2,2,2,2,0,2,0,1,1,1,1,1,13580,3,3,1,0,0,2,1,3,0,0
12A228,17,40226,1,1,0,4,29,224,2,44,3,3,7,1,1,2,1,2,2,2,0,0,0,0,0,0,0,0,0,0,0,0,0,2,4,2,2,2,2,2,1,2,2,2,2,0,2,1,1,0,0,0,0,0,0,0,0,0,0,0,0,15,2,0,1,4,2,0,2,2,2,2,2,1,1,2,2,0,1,2,1,2,2,27857,1,3,1,0,2,0,1,2,0,1
12A228,17,40226,4,1,0,2,29,224,2,76,7,4,8,1,1,1,2,2,2,2,4,4,2,2,2,1,1,2,2,0,2,1,1,0,0,0,0,0,0,0,0,0,0,0,0,0,0,0,0,0,0,0,0,0,0,0,0,0,0,0,0,30,2,0,2,4,1,0,2,2,2,2,1,1,1,2,1,1,1,2,2,2,1,13929,1,1,1,2,0,0,1,4,0,2
11A228,17,40227,3,1,0,1,29,224,2,47,3,3,1,1,1,2,1,2,2,1,0,0,0,0,0,0,0,0,0,0,0,0,0,3,5,2,2,2,2,1,2,2,2,2,2,0,2,1,1,0,0,0,0,0,0,0,0,0,0,0,0,30,2,0,4,4,1,0,2,2,2,2,2,2,2,0,1,1,1,2,1,1,2,13777,1,3,1,0,2,0,1,3,2,1
11A228,17,40227,4,1,0,1,29,224,2,24,7,2,1,1,1,1,2,2,2,2,2,3,2,2,2,2,1,2,3,300,2,1,4,0,0,0,0,0,0,0,0,0,0,0,0,0,0,0,0,0,0,0,0,0,0,0,0,0,0,0,0,30,2,0,1,3,1,0,2,1,2,2,2,1,1,2,1,5,1,2,1,1,1,20665,1,1,1,2,0,0,1,2,2,2
11A228,17,40227,2,1,0,1,29,224,2,54,3,2,7,1,2,2,2,2,2,2,0,0,0,0,0,0,0,0,0,0,0,0,0,0,0,0,0,0,0,0,0,0,0,0,0,0,0,0,0,0,0,0,0,0,0,0,0,0,0,0,0,0,0,0,0,0,0,6,2,2,2,2,2,2,2,0,2,0,1,2,1,2,2,41330,4,4,2,0,0,0,2,0,0,1
11B215,17,40362,2,1,1,1,29,224,1,30,4,3,1,1,2,2,2,2,2,2,0,0,0,0,0,0,0,0,0,0,0,0,0,0,0,0,0,0,0,0,0,0,0,0,0,0,0,0,0,0,0,0,0,0,0,0,0,0,0,0,0,0,0,0,0,0,0,1,2,2,2,2,2,2,2,0,1,1,1,1,2,1,1,17777,4,4,2,0,0,0,2,0,2,1
11B215,17,40362,1,1,0,1,29,224,1,39,7,4,1,1,1,1,1,1,2,1,2,3,2,1,2,2,2,2,1,0,1,2,1,3,3,1,2,2,2,2,2,2,2,2,1,0,1,1,1,2,4,1,1,2,2,1,3,20,2,1,2,40,2,0,2,2,1,0,1,2,2,2,2,1,1,1,1,2,1,1,1,1,1,17777,1,2,1,1,3,2,1,7,2,2
11B215,17,40362,3,1,1,1,29,224,1,51,2,6,1,1,1,1,1,1,2,2,6,4,2,2,1,2,2,2,3,180,2,1,1,18,3,2,1,2,1,2,2,2,1,2,2,0,2,1,1,4,4,1,1,1,1,2,3,42,2,1,1,40,2,0,4,2,1,0,1,1,1,2,2,2,2,0,2,0,1,1,1,1,1,8889,1,2,1,2,2,2,1,28,2,0
11B215,17,40391,4,1,0,1,29,224,2,61,4,3,1,1,2,2,2,2,2,2,0,0,0,0,0,0,0,0,0,0,0,0,0,0,0,0,0,0,0,0,0,0,0,0,0,0,0,0,0,0,0,0,0,0,0,0,0,0,0,0,0,0,0,0,0,0,0,3,2,2,2,2,2,1,2,0,2,0,1,2,1,2,2,13841,4,4,2,0,0,0,2,0,2,1
11B215,17,40391,2,1,0,1,29,224,1,39,2,3,1,1,2,2,2,2,2,2,0,0,0,0,0,0,0,0,0,0,0,0,0,0,0,0,0,0,0,0,0,0,0,0,0,0,0,0,0,0,0,0,0,0,0,0,0,0,0,0,0,0,0,0,0,0,0,3,2,2,2,2,2,2,2,0,2,0,1,3,3,1,2,13841,4,4,2,0,0,0,2,0,2,0
11B215,17,40391,3,1,0,5,29,224,2,46,3,3,7,1,1,1,1,1,2,1,2,4,2,2,2,2,1,2,2,0,2,1,1,2,3,2,2,1,2,2,2,2,2,2,2,0,2,1,1,1,3,2,2,2,2,1,2,0,2,1,1,10,2,0,2,2,1,0,2,2,2,2,2,2,1,2,2,0,1,1,1,1,1,27681,1,2,1,2,2,2,1,5,0,1
11B215,17,40391,1,1,1,1,29,224,2,31,4,3,1,1,1,1,2,2,2,2,3,1,2,1,2,2,2,2,3,500,2,1,1,0,0,0,0,0,0,0,0,0,0,0,0,0,0,0,0,0,0,0,0,0,0,0,0,0,0,0,0,30,1,4,4,3,2,0,2,2,2,2,2,1,1,1,1,2,1,1,1,1,1,6921,1,1,1,2,0,0,1,3,2,1
11B213,18,40067,3,1,0,1,27,224,2,74,2,4,7,1,2,2,2,2,2,2,0,0,0,0,0,0,0,0,0,0,0,0,0,0,0,0,0,0,0,0,0,0,0,0,0,0,0,0,0,0,0,0,0,0,0,0,0,0,0,0,0,0,0,0,0,0,0,1,2,2,2,2,2,2,2,0,2,0,1,3,3,2,2,20823,4,4,2,0,0,0,2,0,0,0
11B213,18,40067,4,1,0,1,27,224,1,37,3,3,1,1,1,1,1,2,2,1,1,3,2,2,1,2,2,2,1,0,1,2,1,2,3,2,2,2,2,1,2,1,2,2,1,0,1,2,1,0,0,0,0,0,0,0,0,0,0,0,0,30,2,0,2,4,1,0,2,2,2,2,1,1,1,2,1,1,1,1,1,1,1,20823,1,2,1,1,1,0,1,3,2,1
11B213,18,40067,2,1,1,2,27,224,1,36,4,3,3,1,1,2,1,1,2,1,0,0,0,0,0,0,0,0,0,0,0,0,0,5,3,2,1,2,2,2,2,1,2,2,3,200,2,1,5,1,3,1,2,2,1,2,2,0,2,1,5,20,2,0,2,3,1,0,2,1,2,2,2,1,2,0,1,1,1,2,1,2,1,20823,1,3,1,0,2,2,1,6,2,1
11B213,18,40067,1,1,0,1,27,224,2,25,7,5,1,1,2,2,1,2,2,1,0,0,0,0,0,0,0,0,0,0,0,0,0,1,3,2,2,2,1,2,2,2,2,2,1,0,2,1,2,0,0,0,0,0,0,0,0,0,0,0,0,10,2,0,3,4,1,0,1,2,2,2,2,2,2,0,1,1,1,1,1,1,1,20823,3,3,1,0,2,0,1,1,2,2
12B221,18,40101,2,1,0,3,27,224,1,46,4,3,1,1,2,2,2,2,2,1,0,0,0,0,0,0,0,0,0,0,0,0,0,0,0,0,0,0,0,0,0,0,0,0,0,0,0,0,0,0,0,0,0,0,0,0,0,0,0,0,0,2,2,0,2,2,1,0,2,2,2,2,2,2,2,0,1,1,1,1,1,1,1,45288,3,3,1,0,0,0,2,0,2,1
12B221,18,40101,3,1,0,1,27,224,1,48,4,3,1,1,2,2,1,2,2,1,0,0,0,0,0,0,0,0,0,0,0,0,0,1,4,1,2,2,2,2,2,2,2,2,1,0,1,2,1,0,0,0,0,0,0,0,0,0,0,0,0,30,2,0,1,3,1,0,2,2,2,2,1,2,2,0,2,0,1,1,1,2,2,15096,3,3,1,0,1,0,1,1,2,1
12B221,18,40101,1,1,0,5,27,224,1,55,8,2,1,1,1,1,1,2,2,1,3,3,2,2,2,2,1,2,3,3500,2,1,2,1,1,2,2,2,1,2,2,2,2,2,1,0,1,2,2,0,0,0,0,0,0,0,0,0,0,0,0,60,2,0,4,3,1,0,1,2,1,1,2,2,2,0,1,1,1,2,1,2,2,30192,1,2,1,2,1,0,1,4,2,2
12B221,18,40101,4,1,0,2,27,224,1,18,4,3,1,1,2,2,2,2,2,2,0,0,0,0,0,0,0,0,0,0,0,0,0,0,0,0,0,0,0,0,0,0,0,0,0,0,0,0,0,0,0,0,0,0,0,0,0,0,0,0,0,0,0,0,0,0,0,1,2,2,2,2,2,2,1,2,1,1,1,1,1,1,2,15096,4,4,2,0,0,0,2,0,2,1
13A227,18,40127,4,1,0,2,27,224,2,28,4,3,7,1,1,1,1,1,2,1,1,4,2,2,2,1,2,2,2,0,2,1,1,2,4,2,2,2,2,1,2,2,2,2,2,0,2,1,1,1,4,2,2,2,1,2,2,0,2,1,1,30,1,7,2,3,2,0,2,2,2,2,2,1,1,2,1,1,1,1,1,1,1,23455,1,2,1,2,2,2,1,4,0,1
13A227,18,40127,2,1,0,1,27,224,1,63,7,4,1,1,1,1,2,2,2,1,1,4,2,1,2,2,2,2,3,300,2,1,1,0,0,0,0,0,0,0,0,0,0,0,0,0,0,0,0,0,0,0,0,0,0,0,0,0,0,0,0,60,2,0,2,4,2,0,2,2,2,2,1,1,1,2,1,1,1,1,2,2,2,35182,1,2,1,2,0,0,1,1,2,2
13A227,18,40127,3,1,0,2,27,224,2,23,4,3,7,1,1,1,1,1,2,1,2,4,2,2,2,1,2,2,2,0,2,1,1,2,4,2,2,1,2,2,2,2,2,2,2,0,2,1,1,1,4,1,2,2,1,2,2,0,2,1,1,45,2,0,2,4,1,0,2,2,2,1,1,1,1,3,1,5,1,1,1,1,1,23455,1,2,1,2,2,2,1,5,0,1
13A227,18,40127,1,1,0,1,27,224,1,67,7,4,8,1,1,1,2,2,2,2,2,4,2,1,2,1,2,2,3,500,2,1,1,0,0,0,0,0,0,0,0,0,0,0,0,0,0,0,0,0,0,0,0,0,0,0,0,0,0,0,0,60,1,5,4,4,1,0,2,2,2,2,2,2,1,1,2,0,1,2,2,2,2,23455,1,1,1,2,0,0,1,2,0,2
12B213,18,40135,4,1,0,1,27,224,2,69,3,3,1,1,2,2,2,2,2,2,0,0,0,0,0,0,0,0,0,0,0,0,0,0,0,0,0,0,0,0,0,0,0,0,0,0,0,0,0,0,0,0,0,0,0,0,0,0,0,0,0,0,0,0,0,0,0,3,2,2,2,2,2,2,2,0,2,0,1,2,1,1,2,9079,4,4,2,0,0,0,2,0,2,1
12B213,18,40135,2,1,0,1,27,224,1,36,8,2,1,1,1,2,1,2,1,1,0,0,0,0,0,0,0,0,0,0,0,0,0,2,3,2,2,2,2,2,1,2,2,2,3,300,1,2,1,0,0,0,0,0,0,0,0,0,0,0,0,30,2,0,2,3,1,0,1,2,2,2,2,2,2,0,2,0,1,3,1,2,2,9079,1,3,1,0,1,0,1,2,2,2
12B213,18,40135,3,1,0,1,27,224,2,71,2,4,8,1,1,1,2,2,2,2,2,4,1,2,2,2,2,2,3,2000,2,1,1,0,0,0,0,0,0,0,0,0,0,0,0,0,0,0,0,0,0,0,0,0,0,0,0,0,0,0,0,30,2,0,2,3,1,0,2,2,2,2,2,1,2,0,1,1,1,1,1,1,2,9079,1,1,1,2,0,0,1,2,0,0
12B216,18,40137,2,1,1,1,27,224,1,38,7,3,1,1,1,1,2,2,2,1,2,3,2,1,2,1,2,2,3,800,2,1,1,0,0,0,0,0,0,0,0,0,0,0,0,0,0,0,0,0,0,0,0,0,0,0,0,0,0,0,0,30,2,0,2,1,2,0,1,2,2,1,1,1,2,0,1,1,1,2,1,1,1,14541,1,2,1,2,0,0,1,2,2,2
12B216,18,40137,3,1,0,1,27,224,1,68,7,5,1,1,1,1,2,2,2,1,3,3,2,2,2,1,1,2,3,500,2,1,1,0,0,0,0,0,0,0,0,0,0,0,0,0,0,0,0,0,0,0,0,0,0,0,0,0,0,0,0,60,2,0,1,3,1,0,1,2,2,2,1,2,2,0,2,0,1,2,1,1,1,21812,1,2,1,2,0,0,1,3,2,2
12B216,18,40137,1,1,0,1,27,224,1,66,2,6,8,1,2,2,2,2,2,2,0,0,0,0,0,0,0,0,0,0,0,0,0,0,0,0,0,0,0,0,0,0,0,0,0,0,0,0,0,0,0,0,0,0,0,0,0,0,0,0,0,0,0,0,0,0,0,5,2,2,2,2,3,2,3,0,3,0,1,2,2,2,2,29083,4,4,2,0,0,0,2,0,0,0
12B216,18,40137,4,1,0,1,27,224,2,46,3,3,7,1,1,2,1,2,2,2,0,0,0,0,0,0,0,0,0,0,0,0,0,1,4,2,2,2,2,2,2,1,2,2,2,0,2,1,1,0,0,0,0,0,0,0,0,0,0,0,0,10,2,0,2,2,2,0,1,2,2,2,2,1,1,1,1,1,1,1,1,1,1,7271,1,3,1,0,2,0,1,1,0,1
11A227,18,40158,1,1,0,2,27,224,2,54,7,4,1,1,2,2,2,2,2,1,0,0,0,0,0,0,0,0,0,0,0,0,0,0,0,0,0,0,0,0,0,0,0,0,0,0,0,0,0,0,0,0,0,0,0,0,0,0,0,0,0,15,2,0,2,3,2,0,2,2,2,2,2,2,2,0,2,0,1,2,2,2,2,41003,3,3,1,0,0,0,2,0,2,2
11A227,18,40158,3,1,0,1,27,224,1,40,3,3,1,1,2,2,2,2,2,1,0,0,0,0,0,0,0,0,0,0,0,0,0,0,0,0,0,0,0,0,0,0,0,0,0,0,0,0,0,0,0,0,0,0,0,0,0,0,0,0,0,10,1,3,2,1,2,0,2,2,2,2,3,3,3,0,2,0,1,2,1,2,2,41003,3,3,1,0,0,0,2,0,2,1
11A227,18,40158,4,1,1,1,27,224,2,53,2,6,1,1,1,2,1,2,2,2,0,0,0,0,0,0,0,0,0,0,0,0,0,1,5,2,2,2,2,1,2,2,2,2,2,0,2,1,1,0,0,0,0,0,0,0,0,0,0,0,0,30,1,3,2,1,2,0,2,2,2,2,1,2,1,3,2,0,1,2,1,1,1,13668,1,3,1,0,2,0,1,1,2,0
11A227,18,40158,2,1,0,1,27,224,1,47,4,3,1,1,2,2,2,2,2,1,0,0,0,0,0,0,0,0,0,0,0,0,0,0,0,0,0,0,0,0,0,0,0,0,0,0,0,0,0,0,0,0,0,0,0,0,0,0,0,0,0,5,2,0,2,2,2,0,2,2,2,2,2,2,2,0,1,1,1,2,1,2,1,41003,3,3,1,0,0,0,2,0,2,1
13B214,18,40166,1,1,0,1,27,224,1,50,8,2,1,1,1,1,1,1,2,1,2,1,2,1,2,2,2,2,3,1500,2,1,1,3,1,2,1,2,2,2,2,2,2,2,3,500,1,2,1,5,4,1,1,2,2,1,2,0,1,2,1,60,1,6,2,3,1,0,1,2,2,1,2,1,2,0,1,2,1,1,1,1,1,9103,1,2,1,2,1,1,1,10,2,2
13B214,18,40166,4,1,1,2,27,224,2,63,7,5,1,1,1,1,2,2,2,1,3,3,2,2,2,2,1,2,3,900,2,1,1,0,0,0,0,0,0,0,0,0,0,0,0,0,0,0,0,0,0,0,0,0,0,0,0,0,0,0,0,90,1,5,2,3,1,0,2,2,2,2,3,1,2,0,1,1,1,2,2,2,2,18205,1,2,1,2,0,0,1,3,2,2
13B214,18,40166,3,1,0,1,27,224,1,54,7,5,1,1,2,2,2,2,2,2,0,0,0,0,0,0,0,0,0,0,0,0,0,0,0,0,0,0,0,0,0,0,0,0,0,0,0,0,0,0,0,0,0,0,0,0,0,0,0,0,0,0,0,0,0,0,0,3,2,2,2,2,1,1,1,1,1,1,1,1,1,1,1,9103,4,4,2,0,0,0,2,0,2,2
11A228,18,40191,1,1,0,1,27,224,2,69,2,2,1,1,1,1,1,2,2,2,2,5,2,1,2,2,2,2,3,530,2,1,1,1,5,2,2,2,2,1,2,2,2,2,3,30,2,1,1,0,0,0,0,0,0,0,0,0,0,0,0,20,2,0,2,3,1,0,2,2,2,2,2,2,2,0,2,0,1,2,2,2,2,14781,1,2,1,2,2,0,1,3,2,0
11A228,18,40191,3,1,0,2,27,224,2,52,7,4,1,1,1,1,2,2,2,1,2,3,2,2,1,2,2,2,3,311,2,1,1,0,0,0,0,0,0,0,0,0,0,0,0,0,0,0,0,0,0,0,0,0,0,0,0,0,0,0,0,60,2,0,4,4,1,0,2,2,2,2,2,2,2,0,2,0,1,2,2,2,2,29563,1,2,1,2,0,0,1,2,2,2
11A228,18,40191,2,1,0,1,27,224,2,45,3,3,7,1,1,2,2,2,2,2,0,0,0,0,0,0,0,0,0,0,0,0,0,0,0,0,0,0,0,0,0,0,0,0,0,0,0,0,0,0,0,0,0,0,0,0,0,0,0,0,0,0,0,0,0,0,0,3,2,2,2,2,2,1,2,0,2,0,1,2,1,1,1,14781,2,4,2,0,0,0,2,0,0,1
11A228,18,40191,4,1,0,1,27,224,2,35,7,4,1,1,1,1,2,2,2,1,15,4,2,1,1,1,1,2,3,2000,1,1,1,0,0,0,0,0,0,0,0,0,0,0,0,0,0,0,0,0,0,0,0,0,0,0,0,0,0,0,0,30,2,0,4,4,1,0,1,2,2,1,1,1,1,1,1,5,1,1,1,1,1,14781,1,2,1,3,0,0,1,15,2,2
11A228,18,40194,3,1,0,1,27,224,2,24,3,3,1,1,1,1,2,2,1,2,2,4,2,2,2,1,2,2,2,0,2,1,1,0,0,0,0,0,0,0,0,0,0,0,0,0,0,0,0,0,0,0,0,0,0,0,0,0,0,0,0,60,2,0,2,3,1,0,2,1,2,2,1,3,3,0,1,1,1,1,1,1,1,8813,1,2,1,2,0,0,1,2,2,1
11A228,18,40194,1,1,0,1,27,224,1,59,4,3,1,1,1,2,2,2,2,1,0,0,0,0,0,0,0,0,0,0,0,0,0,0,0,0,0,0,0,0,0,0,0,0,0,0,0,0,0,0,0,0,0,0,0,0,0,0,0,0,0,10,2,0,2,4,1,0,2,2,2,2,2,1,1,1,1,1,1,1,1,1,1,17627,1,3,1,0,0,0,2,0,2,1
11A228,18,40194,4,1,0,1,27,224,1,36,7,5,1,1,2,2,2,2,2,1,0,0,0,0,0,0,0,0,0,0,0,0,0,0,0,0,0,0,0,0,0,0,0,0,0,0,0,0,0,0,0,0,0,0,0,0,0,0,0,0,0,60,2,0,2,3,1,0,2,2,2,2,2,1,1,2,1,1,1,1,1,1,2,8813,3,3,1,0,0,0,2,0,2,2
11A228,18,40194,2,1,0,1,27,224,2,34,7,4,1,1,2,2,2,2,2,1,0,0,0,0,0,0,0,0,0,0,0,0,0,0,0,0,0,0,0,0,0,0,0,0,0,0,0,0,0,0,0,0,0,0,0,0,0,0,0,0,0,25,2,0,2,2,2,0,2,2,2,2,2,1,2,0,1,1,1,1,1,1,1,17627,3,3,1,0,0,0,2,0,2,2
11B214,18,40230,4,1,0,1,27,224,1,67,7,5,8,1,1,1,1,2,2,2,2,3,2,1,1,2,2,2,3,300,2,1,1,1,4,2,1,2,2,2,2,2,2,2,2,0,2,1,1,0,0,0,0,0,0,0,0,0,0,0,0,20,2,0,2,3,1,0,2,1,2,1,2,2,2,0,2,0,1,2,2,2,2,8165,1,2,1,2,2,0,1,3,0,2
11B214,18,40230,2,1,0,2,27,224,2,49,7,5,1,1,2,2,2,2,2,2,0,0,0,0,0,0,0,0,0,0,0,0,0,0,0,0,0,0,0,0,0,0,0,0,0,0,0,0,0,0,0,0,0,0,0,0,0,0,0,0,0,0,0,0,0,0,0,3,2,2,2,2,2,1,1,2,1,1,1,3,1,3,3,16330,4,4,2,0,0,0,2,0,2,2
11B214,18,40230,1,1,0,2,27,224,2,35,3,3,1,1,1,2,1,2,2,1,0,0,0,0,0,0,0,0,0,0,0,0,0,2,3,2,1,1,2,2,2,2,2,2,2,0,2,1,2,0,0,0,0,0,0,0,0,0,0,0,0,30,2,0,2,4,2,0,2,2,2,2,1,1,1,1,1,1,1,2,1,2,2,16330,1,3,1,0,2,0,1,2,2,1
11B214,18,40230,3,1,0,1,27,224,2,50,4,3,7,1,1,2,1,2,2,1,0,0,0,0,0,0,0,0,0,0,0,0,0,3,3,2,1,2,1,2,2,2,2,2,3,210,2,1,1,0,0,0,0,0,0,0,0,0,0,0,0,30,2,0,3,4,1,0,1,1,2,2,2,2,2,0,2,0,1,2,1,1,1,16330,1,3,1,0,2,0,1,3,0,1
12B222,18,40319,4,1,0,2,27,224,1,31,4,3,1,1,1,1,2,2,1,1,5,4,2,2,2,1,2,2,1,0,1,1,1,0,0,0,0,0,0,0,0,0,0,0,0,0,0,0,0,0,0,0,0,0,0,0,0,0,0,0,0,60,2,0,3,4,1,0,2,1,2,2,2,2,2,0,1,1,1,1,1,1,1,14990,1,2,1,3,0,0,1,5,2,1
12B222,18,40319,1,1,0,1,27,224,1,30,7,1,1,1,1,1,2,1,2,1,2,4,2,2,2,2,1,2,2,0,2,1,1,0,0,0,0,0,0,0,0,0,0,0,0,0,0,0,0,2,3,1,2,2,2,1,2,0,2,1,2,20,2,0,2,3,1,0,1,2,2,1,1,1,1,2,1,1,1,2,1,1,1,14990,1,2,1,2,0,2,1,4,2,2
12B222,18,40319,2,1,0,1,27,224,2,38,7,4,1,1,1,1,2,2,2,1,1,4,2,2,2,1,2,2,2,0,2,1,1,0,0,0,0,0,0,0,0,0,0,0,0,0,0,0,0,0,0,0,0,0,0,0,0,0,0,0,0,5,1,4,3,3,2,0,2,2,2,2,2,1,2,0,1,1,1,1,1,1,1,7495,1,2,1,2,0,0,1,1,2,2
12B222,18,40319,3,1,0,3,27,224,2,30,7,4,1,1,1,1,1,2,1,1,2,4,2,2,2,1,2,2,3,500,2,1,1,1,4,2,2,2,2,2,1,2,2,2,2,0,2,1,1,0,0,0,0,0,0,0,0,0,0,0,0,30,2,0,3,4,1,0,1,2,2,1,2,2,2,0,2,0,1,2,1,1,2,22485,1,2,1,2,2,0,1,3,2,2
12B215,18,40391,3,1,0,1,27,224,2,22,4,1,7,1,2,2,2,2,2,1,0,0,0,0,0,0,0,0,0,0,0,0,0,0,0,0,0,0,0,0,0,0,0,0,0,0,0,0,0,0,0,0,0,0,0,0,0,0,0,0,0,10,1,5,2,1,2,0,2,2,2,2,1,2,1,2,1,1,1,1,1,1,1,20585,3,3,1,0,0,0,2,0,0,1
12B215,18,40391,1,1,0,1,27,224,2,77,3,3,1,1,2,2,2,2,2,2,0,0,0,0,0,0,0,0,0,0,0,0,0,0,0,0,0,0,0,0,0,0,0,0,0,0,0,0,0,0,0,0,0,0,0,0,0,0,0,0,0,0,0,0,0,0,0,3,2,2,2,2,2,2,2,0,2,0,1,2,1,1,1,20585,4,4,2,0,0,0,2,0,2,1
12B215,18,40391,4,1,0,2,27,224,2,54,3,3,1,1,2,2,2,2,2,1,0,0,0,0,0,0,0,0,0,0,0,0,0,0,0,0,0,0,0,0,0,0,0,0,0,0,0,0,0,0,0,0,0,0,0,0,0,0,0,0,0,5,2,0,3,2,1,0,2,2,2,2,2,1,2,0,1,1,1,1,1,1,1,51463,3,3,1,0,0,0,2,0,2,1
12B215,18,40391,2,1,0,2,27,224,2,56,2,6,7,1,1,2,2,2,2,1,0,0,0,0,0,0,0,0,0,0,0,0,0,0,0,0,0,0,0,0,0,0,0,0,0,0,0,0,0,0,0,0,0,0,0,0,0,0,0,0,0,10,2,0,2,4,1,0,2,2,2,2,2,1,2,0,2,0,1,2,1,2,2,41170,1,3,1,0,0,0,2,0,0,0
13B213,19,40006,4,1,0,1,3,224,2,94,2,1,7,1,2,2,2,2,2,2,0,0,0,0,0,0,0,0,0,0,0,0,0,0,0,0,0,0,0,0,0,0,0,0,0,0,0,0,0,0,0,0,0,0,0,0,0,0,0,0,0,0,0,0,0,0,0,5,2,2,2,2,2,1,1,2,2,0,1,2,1,1,1,10327,4,4,2,0,0,0,2,0,0,0
13B221,19,40006,4,1,0,2,3,224,2,63,7,5,7,1,1,1,2,1,2,1,2,3,2,2,1,2,1,2,1,0,2,1,1,0,0,0,0,0,0,0,0,0,0,0,0,0,0,0,0,2,3,1,2,2,2,2,1,0,1,2,1,20,2,0,3,3,2,0,2,2,2,2,1,1,1,1,1,1,1,1,1,1,1,22043,1,2,1,2,0,1,1,4,0,2
13B213,19,40006,3,1,0,1,3,224,1,56,8,3,1,1,1,1,1,1,2,1,1,4,2,2,2,2,1,2,3,500,2,1,1,2,1,2,2,1,2,2,1,2,2,2,2,0,2,1,2,6,4,1,1,1,2,1,3,10,2,1,1,40,2,0,1,3,2,0,2,2,2,1,2,1,1,2,1,2,1,1,1,1,1,30983,1,2,1,2,2,2,1,9,2,2
13B213,19,40006,1,1,0,3,3,224,2,80,6,2,8,1,1,1,2,2,2,2,1,5,2,2,1,2,2,2,3,900,2,1,1,0,0,0,0,0,0,0,0,0,0,0,0,0,0,0,0,0,0,0,0,0,0,0,0,0,0,0,0,30,2,0,2,3,2,0,2,2,2,2,2,2,2,0,2,0,1,2,1,1,2,30983,1,1,1,2,0,0,1,1,0,1
13B221,19,40006,1,1,0,1,3,224,1,84,7,5,8,1,2,1,2,2,2,2,1,5,2,2,2,2,1,2,3,400,2,1,1,0,0,0,0,0,0,0,0,0,0,0,0,0,0,0,0,0,0,0,0,0,0,0,0,0,0,0,0,60,2,0,2,3,2,0,2,2,2,2,2,2,2,0,1,5,1,2,2,2,2,11021,3,1,1,2,0,0,1,1,0,2
13B221,19,40006,3,1,0,2,3,224,2,54,7,4,1,1,1,1,1,2,2,2,1,2,2,2,2,2,1,2,1,0,1,2,1,2,3,2,1,2,2,2,1,2,2,2,1,0,1,2,1,0,0,0,0,0,0,0,0,0,0,0,0,30,2,0,3,4,2,0,2,2,1,1,2,2,2,0,1,4,1,1,1,1,1,22043,1,2,1,1,1,0,1,3,2,2
13B221,19,40006,2,1,0,2,3,224,2,70,4,3,1,1,1,1,1,1,2,1,2,3,1,2,2,2,2,2,2,0,2,1,1,4,4,2,2,2,2,2,2,1,2,2,3,30,2,1,1,7,4,1,2,1,1,1,3,150,2,1,1,45,2,0,3,4,2,0,2,2,2,2,2,1,2,0,1,1,1,2,2,2,2,33064,1,2,1,2,2,2,1,13,2,1
11B221,19,40008,4,1,0,2,3,224,2,47,4,3,1,1,1,1,2,2,2,2,1,5,2,2,1,2,2,2,2,0,2,1,1,0,0,0,0,0,0,0,0,0,0,0,0,0,0,0,0,0,0,0,0,0,0,0,0,0,0,0,0,60,2,0,2,3,1,0,2,2,2,2,2,2,2,0,2,0,1,1,1,1,1,30853,1,1,1,2,0,0,1,1,2,1
11B221,19,40008,2,1,0,3,3,224,1,23,4,3,1,1,2,2,2,2,2,1,0,0,0,0,0,0,0,0,0,0,0,0,0,0,0,0,0,0,0,0,0,0,0,0,0,0,0,0,0,0,0,0,0,0,0,0,0,0,0,0,0,5,2,0,3,3,1,0,2,2,2,2,2,2,2,0,1,1,1,1,2,1,1,23139,3,3,1,0,0,0,2,0,2,1
11B221,19,40008,1,1,0,3,3,224,1,26,4,2,1,1,1,2,1,2,2,1,0,0,0,0,0,0,0,0,0,0,0,0,0,2,1,1,2,2,2,2,2,1,2,2,1,0,1,2,1,0,0,0,0,0,0,0,0,0,0,0,0,30,2,0,4,4,1,0,2,2,2,2,1,1,2,0,1,1,1,1,1,1,2,30853,1,3,1,0,1,0,1,2,2,1
11B221,19,40008,3,1,0,2,3,224,2,33,3,3,7,1,1,2,2,2,2,2,0,0,0,0,0,0,0,0,0,0,0,0,0,0,0,0,0,0,0,0,0,0,0,0,0,0,0,0,0,0,0,0,0,0,0,0,0,0,0,0,0,0,0,0,0,0,0,2,2,2,2,2,2,2,2,0,2,0,1,2,1,1,2,15426,2,4,2,0,0,0,2,0,0,1
12B221,19,40009,4,1,0,2,3,224,2,50,4,2,7,1,1,2,1,2,2,1,0,0,0,0,0,0,0,0,0,0,0,0,0,3,3,2,2,1,2,2,2,2,2,2,1,0,1,2,1,0,0,0,0,0,0,0,0,0,0,0,0,15,2,0,2,2,1,0,2,2,2,2,2,1,2,0,1,1,1,2,2,2,2,9636,1,3,1,0,1,0,1,3,0,1
12B221,19,40009,1,1,0,1,3,224,1,73,7,5,8,1,1,1,1,2,1,1,2,1,2,1,2,2,2,2,1,0,1,2,1,3,1,2,2,2,1,2,2,2,2,2,1,0,1,2,1,0,0,0,0,0,0,0,0,0,0,0,0,60,2,0,2,3,1,0,2,2,2,2,2,2,2,0,2,0,1,2,1,1,1,19273,1,2,1,1,1,0,1,5,0,2
12B221,19,40009,2,1,0,4,3,224,1,26,7,4,1,1,1,1,2,2,2,2,1,4,2,2,2,1,2,2,3,450,2,1,1,0,0,0,0,0,0,0,0,0,0,0,0,0,0,0,0,0,0,0,0,0,0,0,0,0,0,0,0,60,2,0,3,3,2,0,1,2,2,1,1,1,1,2,1,1,1,1,1,1,1,38545,1,1,1,2,0,0,1,1,2,2
12B221,19,40009,3,1,0,1,3,224,1,62,2,3,1,1,2,2,2,2,2,2,0,0,0,0,0,0,0,0,0,0,0,0,0,0,0,0,0,0,0,0,0,0,0,0,0,0,0,0,0,0,0,0,0,0,0,0,0,0,0,0,0,0,0,0,0,0,0,3,2,2,2,2,2,2,2,0,2,0,1,2,2,2,2,28909,4,4,2,0,0,0,2,0,2,0
12B216,19,40015,3,1,0,2,3,224,2,52,6,3,7,1,1,2,2,2,2,1,0,0,0,0,0,0,0,0,0,0,0,0,0,0,0,0,0,0,0,0,0,0,0,0,0,0,0,0,0,0,0,0,0,0,0,0,0,0,0,0,0,60,1,6,2,3,1,0,2,2,2,2,1,1,1,1,1,2,1,2,1,1,1,31650,1,3,1,0,0,0,2,0,0,1
12B216,19,40015,4,1,0,2,3,224,1,25,7,5,1,1,2,2,2,1,2,2,0,0,0,0,0,0,0,0,0,0,0,0,0,0,0,0,0,0,0,0,0,0,0,0,0,0,0,0,0,1,3,1,1,1,2,2,2,0,2,1,1,30,2,0,2,2,1,0,1,2,1,2,2,2,2,0,1,1,1,1,1,1,1,31650,3,3,1,0,0,2,1,1,2,2
12B216,19,40015,2,1,0,1,3,224,1,70,7,4,8,1,1,2,1,1,2,1,0,0,0,0,0,0,0,0,0,0,0,0,0,2,3,2,2,2,2,2,2,1,2,2,2,0,2,1,1,1,4,2,1,2,1,1,3,20,2,1,1,30,2,0,3,3,1,0,2,2,2,2,2,1,2,0,2,0,1,2,1,1,1,23738,1,3,1,0,2,2,1,3,0,2
12B216,19,40015,1,1,0,2,3,224,2,81,6,3,8,1,1,2,1,2,2,2,0,0,0,0,0,0,0,0,0,0,0,0,0,10,4,2,1,2,2,2,2,2,1,2,2,0,2,1,1,0,0,0,0,0,0,0,0,0,0,0,0,60,1,3,3,2,2,0,2,1,2,2,2,1,1,2,1,1,1,2,1,1,1,15825,1,3,1,0,2,0,1,10,0,1
11B216,19,40017,3,1,0,2,3,224,2,75,3,1,7,1,2,2,2,2,2,1,0,0,0,0,0,0,0,0,0,0,0,0,0,0,0,0,0,0,0,0,0,0,0,0,0,0,0,0,0,0,0,0,0,0,0,0,0,0,0,0,0,10,2,0,2,4,2,0,2,1,2,2,2,2,2,0,1,1,1,1,1,1,2,13651,3,3,1,0,0,0,2,0,0,1
11B216,19,40017,4,1,0,3,3,224,1,66,2,6,8,1,2,2,2,2,2,2,0,0,0,0,0,0,0,0,0,0,0,0,0,0,0,0,0,0,0,0,0,0,0,0,0,0,0,0,0,0,0,0,0,0,0,0,0,0,0,0,0,0,0,0,0,0,0,2,2,2,2,2,2,2,2,0,2,0,1,2,2,2,2,20475,4,4,2,0,0,0,2,0,0,0
11B216,19,40017,1,1,0,1,3,224,2,69,2,6,7,1,1,2,2,1,2,2,0,0,0,0,0,0,0,0,0,0,0,0,0,0,0,0,0,0,0,0,0,0,0,0,0,0,0,0,0,1,6,2,2,2,2,2,2,0,2,1,1,20,2,0,1,2,2,0,2,2,2,2,2,2,2,0,2,0,1,2,2,2,2,6825,1,3,1,0,0,2,1,1,0,0
13B216,19,40019,2,1,0,2,3,224,2,39,3,3,1,1,1,2,1,2,2,1,0,0,0,0,0,0,0,0,0,0,0,0,0,3,4,2,2,2,2,2,2,1,2,2,1,0,1,2,1,0,0,0,0,0,0,0,0,0,0,0,0,30,2,0,3,3,2,0,2,2,2,2,1,2,1,1,1,1,1,1,1,1,1,56040,1,3,1,0,1,0,1,3,2,1
13B216,19,40019,1,1,0,1,3,224,1,51,7,4,1,1,2,2,1,2,2,2,0,0,0,0,0,0,0,0,0,0,0,0,0,2,1,1,2,2,2,2,2,2,2,2,2,0,2,1,1,0,0,0,0,0,0,0,0,0,0,0,0,60,2,0,2,3,2,0,2,2,2,2,1,1,1,2,1,2,1,2,1,2,1,93400,3,3,1,0,2,0,1,2,2,2
13B216,19,40019,4,1,0,2,3,224,2,40,3,3,7,1,1,1,2,1,2,1,2,4,2,2,1,2,2,2,3,600,2,1,1,0,0,0,0,0,0,0,0,0,0,0,0,0,0,0,0,3,3,1,2,1,1,1,3,70,2,1,1,30,2,0,2,3,2,0,2,2,2,2,2,1,1,1,1,1,1,1,1,1,1,56040,1,2,1,2,0,2,1,5,0,1
12A227,19,40041,3,1,0,3,3,224,2,19,4,3,6,1,1,1,2,2,1,2,5,4,2,2,2,1,2,2,3,1000,2,1,1,0,0,0,0,0,0,0,0,0,0,0,0,0,0,0,0,0,0,0,0,0,0,0,0,0,0,0,0,60,2,0,3,4,1,0,1,2,1,2,2,2,2,0,2,0,1,2,1,1,2,32424,1,2,1,2,0,0,1,5,1,1
12A227,19,40041,2,1,0,2,3,224,2,37,4,3,7,1,1,1,2,2,2,2,3,4,2,2,2,1,1,2,2,0,2,1,1,0,0,0,0,0,0,0,0,0,0,0,0,0,0,0,0,0,0,0,0,0,0,0,0,0,0,0,0,60,1,7,2,2,1,0,2,2,2,2,1,1,1,3,1,5,1,1,1,1,1,16212,1,1,1,2,0,0,1,3,0,1
12A227,19,40041,4,1,0,3,3,224,1,20,2,6,1,1,1,2,2,1,2,2,0,0,0,0,0,0,0,0,0,0,0,0,0,0,0,0,0,0,0,0,0,0,0,0,0,0,0,0,0,1,4,2,1,2,1,1,2,0,2,1,1,10,2,0,2,2,2,0,2,2,2,2,2,1,2,0,1,1,1,1,1,1,1,32424,1,3,1,0,0,2,1,1,2,0
12A227,19,40041,1,1,0,1,3,224,1,32,3,3,1,1,2,2,2,1,2,2,0,0,0,0,0,0,0,0,0,0,0,0,0,0,0,0,0,0,0,0,0,0,0,0,0,0,0,0,0,2,4,2,2,1,2,1,3,40,2,1,2,30,2,0,2,4,1,0,2,2,2,2,2,1,2,0,1,1,1,2,2,1,2,16212,3,3,1,0,0,2,1,2,2,1
11A227,19,40042,3,1,0,3,3,224,2,22,3,3,7,1,1,2,2,1,1,1,0,0,0,0,0,0,0,0,0,0,0,0,0,0,0,0,0,0,0,0,0,0,0,0,0,0,0,0,0,4,4,2,1,1,1,1,2,0,2,1,1,60,2,0,3,4,2,0,2,2,2,2,1,1,2,0,1,1,1,1,1,1,1,31745,1,3,1,0,0,2,1,4,0,1
11A227,19,40042,4,1,0,1,3,224,2,39,3,3,7,1,2,2,2,2,2,2,0,0,0,0,0,0,0,0,0,0,0,0,0,0,0,0,0,0,0,0,0,0,0,0,0,0,0,0,0,0,0,0,0,0,0,0,0,0,0,0,0,0,0,0,0,0,0,1,2,2,2,2,2,2,2,0,2,0,1,2,1,1,2,15872,4,4,2,0,0,0,2,0,0,1
13B221,19,40051,1,1,0,1,3,224,1,66,6,5,1,1,1,1,2,2,2,1,20,1,2,1,2,2,2,2,1,0,1,1,1,0,0,0,0,0,0,0,0,0,0,0,0,0,0,0,0,0,0,0,0,0,0,0,0,0,0,0,0,120,2,0,3,4,1,0,2,2,2,1,2,1,1,2,1,1,1,1,1,1,1,22481,1,2,1,3,0,0,1,20,2,1
13B221,19,40051,2,1,0,2,3,224,2,49,7,4,7,1,1,1,2,2,2,1,1,4,2,2,2,1,2,2,3,300,2,1,1,0,0,0,0,0,0,0,0,0,0,0,0,0,0,0,0,0,0,0,0,0,0,0,0,0,0,0,0,30,2,0,3,3,2,0,2,2,2,2,2,2,2,0,1,1,1,2,3,2,2,33722,1,2,1,2,0,0,1,1,0,2
12B213,19,40053,3,1,0,1,3,224,2,52,7,3,1,1,1,1,2,2,2,1,5,4,2,2,1,2,2,2,3,600,2,1,1,0,0,0,0,0,0,0,0,0,0,0,0,0,0,0,0,0,0,0,0,0,0,0,0,0,0,0,0,20,2,0,3,4,1,0,1,2,2,2,1,1,1,2,1,1,1,2,1,3,1,15334,1,2,1,2,0,0,1,5,2,2
12B213,19,40053,4,1,0,1,3,224,1,27,7,4,1,1,1,1,2,2,2,1,3,1,2,1,2,2,2,2,1,0,1,1,1,0,0,0,0,0,0,0,0,0,0,0,0,0,0,0,0,0,0,0,0,0,0,0,0,0,0,0,0,120,2,0,3,3,1,0,1,2,2,1,2,2,2,0,1,5,1,1,2,2,2,7667,1,2,1,3,0,0,1,3,2,2
12B213,19,40053,2,1,0,1,3,224,1,48,6,4,1,1,1,2,1,1,2,2,0,0,0,0,0,0,0,0,0,0,0,0,0,2,1,2,2,2,1,2,1,2,2,2,1,0,2,1,1,1,3,1,1,1,1,2,3,25,2,1,1,60,1,7,1,3,1,0,2,2,2,2,1,1,1,2,1,1,1,1,1,1,1,15334,1,3,1,0,2,2,1,3,2,1
12B213,19,40053,1,1,0,1,3,224,2,61,2,6,3,1,1,1,2,2,2,2,2,4,2,2,2,1,2,2,2,0,2,1,1,0,0,0,0,0,0,0,0,0,0,0,0,0,0,0,0,0,0,0,0,0,0,0,0,0,0,0,0,30,2,0,2,3,1,0,2,2,2,2,2,1,3,0,1,1,1,1,1,1,1,15334,1,1,1,2,0,0,1,2,2,0
11B221,19,40055,3,1,0,1,3,224,1,44,4,3,1,1,1,2,1,2,2,1,0,0,0,0,0,0,0,0,0,0,0,0,0,3,2,2,2,2,2,2,1,2,2,2,1,0,1,2,2,0,0,0,0,0,0,0,0,0,0,0,0,60,1,6,2,2,1,0,2,2,2,1,1,1,1,2,1,1,1,1,1,1,1,27805,1,3,1,0,1,0,1,3,2,1
11B221,19,40055,2,1,0,1,3,224,2,42,6,3,1,1,1,2,2,2,2,2,0,0,0,0,0,0,0,0,0,0,0,0,0,0,0,0,0,0,0,0,0,0,0,0,0,0,0,0,0,0,0,0,0,0,0,0,0,0,0,0,0,0,0,0,0,0,0,2,2,2,2,2,2,2,2,0,1,1,1,1,1,1,1,18537,2,4,2,0,0,0,2,0,2,1
11B221,19,40055,4,1,0,2,3,224,2,45,3,3,1,1,1,2,2,1,2,2,0,0,0,0,0,0,0,0,0,0,0,0,0,0,0,0,0,0,0,0,0,0,0,0,0,0,0,0,0,2,3,2,1,1,2,1,2,0,2,1,1,10,2,0,3,1,1,0,2,2,2,2,2,1,1,1,2,0,1,2,1,1,2,37073,1,3,1,0,0,2,1,2,2,1
11B221,19,40055,1,1,0,3,3,224,2,25,2,6,3,1,2,2,1,1,2,2,0,0,0,0,0,0,0,0,0,0,0,0,0,1,4,2,2,1,2,2,2,2,2,2,3,40,2,1,1,1,3,2,2,1,1,1,3,12,2,1,1,15,2,0,2,1,1,0,2,2,2,2,3,1,1,2,1,1,1,2,1,1,1,27805,3,3,1,0,2,2,1,2,2,0
11B216,19,40061,2,1,0,1,3,224,2,70,0,,7,2,0,0,0,0,0,0,0,0,0,0,0,0,0,0,0,0,0,0,0,0,0,0,0,0,0,0,0,0,0,0,0,0,0,0,0,0,0,0,0,0,0,0,0,0,0,0,0,0,0,0,0,0,0,0,0,0,0,0,0,0,0,0,0,0,0,0,0,0,0,9340,0,0,0,0,0,0,0,0,0,0
11B216,19,40061,1,1,0,1,3,224,2,61,2,5,1,1,2,2,2,2,2,2,0,0,0,0,0,0,0,0,0,0,0,0,0,0,0,0,0,0,0,0,0,0,0,0,0,0,0,0,0,0,0,0,0,0,0,0,0,0,0,0,0,0,0,0,0,0,0,2,2,2,2,2,2,2,2,0,2,0,1,2,1,1,2,9340,4,4,2,0,0,0,2,0,2,0
11B216,19,40061,4,1,0,1,3,224,2,46,3,3,1,1,1,2,2,2,2,2,0,0,0,0,0,0,0,0,0,0,0,0,0,0,0,0,0,0,0,0,0,0,0,0,0,0,0,0,0,0,0,0,0,0,0,0,0,0,0,0,0,0,0,0,0,0,0,3,2,2,2,2,2,2,2,0,2,0,1,2,2,3,2,9340,2,4,2,0,0,0,2,0,2,1
11B216,19,40061,3,1,0,2,3,224,2,33,3,3,7,1,1,1,2,2,2,2,2,1,2,1,2,2,2,2,2,0,2,1,1,0,0,0,0,0,0,0,0,0,0,0,0,0,0,0,0,0,0,0,0,0,0,0,0,0,0,0,0,30,2,0,4,4,1,0,2,2,2,2,2,1,1,2,2,0,1,1,1,1,1,37357,1,1,1,2,0,0,1,2,0,1
13A227,19,40087,3,1,0,3,3,224,1,30,8,3,1,1,1,1,2,1,2,1,2,2,2,1,2,2,2,2,3,600,2,1,1,0,0,0,0,0,0,0,0,0,0,0,0,0,0,0,0,2,4,1,1,1,1,1,3,60,2,1,1,60,2,0,2,4,2,0,2,2,1,1,1,1,1,1,1,1,1,1,1,1,1,30355,1,2,1,2,0,2,1,4,2,2
13A227,19,40087,4,1,0,1,3,224,1,68,7,5,4,1,1,1,1,1,2,1,5,3,2,2,2,1,2,2,3,1000,2,1,1,10,4,2,1,2,2,2,2,2,2,2,3,500,2,1,1,3,4,1,1,1,1,2,3,90,2,1,1,60,2,0,2,3,2,0,1,1,2,1,2,2,2,0,1,2,1,1,1,2,2,30355,1,2,1,2,2,2,1,18,1,2
13A227,19,40087,2,1,0,2,3,224,2,45,7,5,7,1,1,1,2,1,2,1,1,4,2,1,2,2,2,2,2,0,2,1,1,0,0,0,0,0,0,0,0,0,0,0,0,0,0,0,0,1,3,1,2,1,1,1,2,0,2,1,1,45,2,0,2,3,2,0,2,2,2,2,2,1,2,0,1,1,1,1,1,1,1,40473,1,2,1,2,0,2,1,2,0,2
13A227,19,40087,1,1,0,1,3,224,1,50,8,3,1,1,1,1,1,1,2,1,4,3,2,1,2,2,2,2,3,1500,1,2,1,3,4,2,2,1,2,2,2,2,2,2,1,0,1,2,1,12,3,1,1,1,2,2,1,0,2,1,1,90,1,6,2,4,1,0,1,2,2,1,1,1,1,2,1,2,1,1,1,1,1,20236,1,2,1,1,1,2,1,19,2,2
13A227,19,40091,3,1,0,2,3,224,2,67,7,5,8,1,1,1,2,2,2,1,3,4,2,2,2,1,2,2,2,0,2,1,1,0,0,0,0,0,0,0,0,0,0,0,0,0,0,0,0,0,0,0,0,0,0,0,0,0,0,0,0,60,2,0,2,3,1,0,2,2,2,2,1,1,1,2,1,1,1,3,3,2,2,21398,1,2,1,2,0,0,1,3,0,2
13A227,19,40091,4,1,0,1,3,224,2,87,7,6,8,1,2,2,2,2,2,2,0,0,0,0,0,0,0,0,0,0,0,0,0,0,0,0,0,0,0,0,0,0,0,0,0,0,0,0,0,0,0,0,0,0,0,0,0,0,0,0,0,0,0,0,0,0,0,6,2,2,2,2,2,2,2,0,1,1,1,1,1,1,1,10699,4,4,2,0,0,0,2,0,0,2
13A227,19,40091,2,1,0,1,3,224,1,26,7,4,1,1,2,1,1,2,2,1,1,4,2,2,2,1,2,2,2,0,2,1,1,3,4,1,2,2,2,2,2,2,1,2,2,0,2,1,2,0,0,0,0,0,0,0,0,0,0,0,0,60,2,0,3,4,1,0,2,2,2,1,1,1,1,2,1,1,1,1,1,1,1,21398,3,2,1,2,2,0,1,4,2,2
13A227,19,40091,1,1,0,1,3,224,1,84,7,5,8,1,1,2,1,2,2,2,0,0,0,0,0,0,0,0,0,0,0,0,0,2,4,2,2,2,1,2,2,1,2,2,3,300,2,1,1,0,0,0,0,0,0,0,0,0,0,0,0,60,2,0,2,3,2,0,1,2,2,2,2,2,2,0,1,1,1,1,2,1,1,21398,1,3,1,0,2,0,1,2,0,2
12B213,19,40094,4,1,0,1,3,224,1,57,3,2,1,1,2,2,2,2,2,2,0,0,0,0,0,0,0,0,0,0,0,0,0,0,0,0,0,0,0,0,0,0,0,0,0,0,0,0,0,0,0,0,0,0,0,0,0,0,0,0,0,0,0,0,0,0,0,3,2,2,2,2,2,2,1,1,2,0,1,2,1,2,2,8170,4,4,2,0,0,0,2,0,2,1
12B213,19,40094,2,1,0,1,3,224,1,45,3,3,1,1,1,1,2,2,2,1,2,4,2,2,2,2,1,2,1,0,1,2,1,0,0,0,0,0,0,0,0,0,0,0,0,0,0,0,0,0,0,0,0,0,0,0,0,0,0,0,0,60,2,0,2,2,1,0,2,2,2,2,2,1,1,1,1,1,1,1,2,1,1,8170,1,2,1,1,0,0,1,2,2,1
12B216,19,40103,2,1,0,2,3,224,2,49,2,6,7,1,1,1,1,1,2,2,2,4,2,2,2,1,2,2,3,200,2,1,1,1,4,2,2,2,1,2,2,2,2,2,3,120,2,1,1,1,4,1,2,1,1,1,3,12,2,1,1,60,2,0,3,3,2,0,1,2,2,2,2,1,1,1,1,1,1,1,1,1,1,38849,1,2,1,2,2,2,1,4,0,0
12B216,19,40103,3,1,0,1,3,224,2,53,6,3,1,1,2,2,2,2,2,2,0,0,0,0,0,0,0,0,0,0,0,0,0,0,0,0,0,0,0,0,0,0,0,0,0,0,0,0,0,0,0,0,0,0,0,0,0,0,0,0,0,0,0,0,0,0,0,3,2,2,2,2,2,2,2,0,2,0,1,1,1,1,1,15540,4,4,2,0,0,0,2,0,2,1
12B216,19,40103,1,1,0,2,3,224,2,31,7,3,1,1,1,1,1,2,2,2,5,2,2,1,2,2,2,2,1,0,1,2,1,2,4,2,2,1,2,2,2,2,2,2,3,60,2,1,2,0,0,0,0,0,0,0,0,0,0,0,0,15,1,5,2,3,1,0,2,2,2,2,2,2,2,0,2,0,1,1,1,1,1,31079,1,2,1,1,2,0,1,7,2,2
12B216,19,40103,4,1,0,1,3,224,1,50,3,3,1,1,2,2,2,2,2,2,0,0,0,0,0,0,0,0,0,0,0,0,0,0,0,0,0,0,0,0,0,0,0,0,0,0,0,0,0,0,0,0,0,0,0,0,0,0,0,0,0,0,0,0,0,0,0,3,2,2,2,2,2,1,2,0,2,0,1,2,1,2,1,23310,4,4,2,0,0,0,2,0,2,1
11B216,19,40107,2,1,0,1,3,224,2,60,9,1,1,1,1,1,2,2,2,2,4,1,2,1,2,2,2,2,1,0,1,2,1,0,0,0,0,0,0,0,0,0,0,0,0,0,0,0,0,0,0,0,0,0,0,0,0,0,0,0,0,60,2,0,4,3,2,0,2,2,2,2,2,2,2,0,2,0,1,1,1,1,2,5008,1,1,1,1,0,0,1,4,2,2
11B216,19,40107,1,1,0,3,3,224,2,26,7,2,6,1,1,1,2,2,2,2,3,2,2,1,2,2,2,2,2,0,2,1,1,0,0,0,0,0,0,0,0,0,0,0,0,0,0,0,0,0,0,0,0,0,0,0,0,0,0,0,0,30,2,0,2,4,1,0,2,2,1,2,2,1,1,2,1,1,1,1,1,1,2,20033,1,1,1,2,0,0,1,3,1,2
12A227,19,40133,4,1,0,2,3,224,2,61,2,6,8,1,1,2,1,2,2,2,0,0,0,0,0,0,0,0,0,0,0,0,0,3,5,2,2,2,2,1,2,2,2,2,3,90,2,1,1,0,0,0,0,0,0,0,0,0,0,0,0,30,2,0,2,3,2,0,2,2,2,2,2,1,2,0,1,1,1,2,1,1,2,16452,1,3,1,0,2,0,1,3,0,0
12A227,19,40133,3,1,0,1,3,224,1,31,3,3,1,1,2,2,2,2,2,2,0,0,0,0,0,0,0,0,0,0,0,0,0,0,0,0,0,0,0,0,0,0,0,0,0,0,0,0,0,0,0,0,0,0,0,0,0,0,0,0,0,0,0,0,0,0,0,3,2,2,2,2,2,2,2,0,2,0,1,1,1,1,2,16452,4,4,2,0,0,0,2,0,2,1
12A227,19,40133,1,1,0,4,3,224,2,30,3,3,1,1,1,1,1,2,2,2,4,4,2,2,2,2,1,2,1,0,1,2,1,1,4,2,1,2,2,2,2,2,2,2,2,0,2,1,1,0,0,0,0,0,0,0,0,0,0,0,0,30,2,0,2,3,2,0,2,2,2,2,2,2,1,2,2,0,1,2,1,1,1,32905,1,2,1,1,2,0,1,5,2,1
12A227,19,40133,2,1,0,2,3,224,2,35,3,3,1,1,2,2,2,2,2,2,0,0,0,0,0,0,0,0,0,0,0,0,0,0,0,0,0,0,0,0,0,0,0,0,0,0,0,0,0,0,0,0,0,0,0,0,0,0,0,0,0,0,0,0,0,0,0,3,2,2,2,2,2,1,1,1,1,1,1,1,1,1,1,16452,4,4,2,0,0,0,2,0,2,1
11B213,19,40140,1,1,0,3,3,224,2,29,7,3,1,1,1,1,2,2,2,2,2,4,2,1,2,1,2,2,1,0,1,2,2,0,0,0,0,0,0,0,0,0,0,0,0,0,0,0,0,0,0,0,0,0,0,0,0,0,0,0,0,30,2,0,2,3,1,0,2,2,2,1,2,2,1,2,1,1,1,1,1,1,1,25951,1,1,1,1,0,0,1,2,2,2
11B213,19,40140,2,1,0,2,3,224,2,25,3,3,7,1,1,2,1,2,2,2,0,0,0,0,0,0,0,0,0,0,0,0,0,4,4,2,2,1,2,2,2,2,1,2,2,0,2,1,1,0,0,0,0,0,0,0,0,0,0,0,0,20,2,0,2,4,1,0,2,2,2,2,1,1,2,0,1,1,1,1,1,1,1,17301,1,3,1,0,2,0,1,4,0,1
11B213,19,40140,3,1,0,1,3,224,1,57,3,3,1,1,2,2,2,2,2,2,0,0,0,0,0,0,0,0,0,0,0,0,0,0,0,0,0,0,0,0,0,0,0,0,0,0,0,0,0,0,0,0,0,0,0,0,0,0,0,0,0,0,0,0,0,0,0,3,2,2,2,2,1,1,1,2,1,1,1,1,1,1,1,25951,4,4,2,0,0,0,2,0,2,1
11B213,19,40140,4,1,0,4,3,224,1,23,4,2,4,1,1,1,2,2,2,2,5,4,2,2,2,1,2,2,1,0,1,2,1,0,0,0,0,0,0,0,0,0,0,0,0,0,0,0,0,0,0,0,0,0,0,0,0,0,0,0,0,20,2,0,3,2,2,0,1,2,2,2,2,1,1,2,1,1,1,1,1,1,1,43252,1,1,1,1,0,0,1,5,1,1
13B221,19,40142,3,1,0,1,3,224,1,50,7,5,1,1,1,1,2,2,2,2,5,4,2,2,2,2,1,2,3,1500,2,1,1,0,0,0,0,0,0,0,0,0,0,0,0,0,0,0,0,0,0,0,0,0,0,0,0,0,0,0,0,30,2,0,2,3,1,0,1,2,2,1,1,1,1,1,1,5,1,1,1,1,1,44097,1,1,1,2,0,0,1,5,2,2
13B221,19,40142,2,1,0,1,3,224,1,40,7,5,1,1,1,1,2,2,2,2,4,4,2,2,1,2,2,2,3,2000,2,1,5,0,0,0,0,0,0,0,0,0,0,0,0,0,0,0,0,0,0,0,0,0,0,0,0,0,0,0,0,60,2,0,4,4,2,0,1,2,2,2,2,1,2,0,1,5,1,1,1,1,1,11024,1,1,1,2,0,0,1,4,2,2
12B221,19,40143,3,1,0,1,3,224,1,45,6,3,1,1,2,2,2,2,2,2,0,0,0,0,0,0,0,0,0,0,0,0,0,0,0,0,0,0,0,0,0,0,0,0,0,0,0,0,0,0,0,0,0,0,0,0,0,0,0,0,0,0,0,0,0,0,0,3,2,2,2,2,1,1,2,0,2,0,1,1,1,1,1,16589,4,4,2,0,0,0,2,0,2,1
12B221,19,40143,2,1,0,1,3,224,1,61,7,2,8,1,1,1,2,2,2,2,4,3,2,2,2,2,1,2,3,5000,2,1,1,0,0,0,0,0,0,0,0,0,0,0,0,0,0,0,0,0,0,0,0,0,0,0,0,0,0,0,0,120,2,0,3,3,1,0,1,2,2,1,2,1,2,0,1,1,1,2,1,2,2,8294,1,1,1,2,0,0,1,4,0,2
12B221,19,40143,4,1,0,1,3,224,1,52,3,3,1,1,2,2,2,2,2,2,0,0,0,0,0,0,0,0,0,0,0,0,0,0,0,0,0,0,0,0,0,0,0,0,0,0,0,0,0,0,0,0,0,0,0,0,0,0,0,0,0,0,0,0,0,0,0,2,2,2,2,2,2,1,2,0,2,0,1,2,1,1,1,33177,4,4,2,0,0,0,2,0,2,1
12B221,19,40143,1,1,0,1,3,224,1,58,3,3,1,1,1,1,2,2,2,2,3,4,2,2,1,2,2,2,3,500,2,1,1,0,0,0,0,0,0,0,0,0,0,0,0,0,0,0,0,0,0,0,0,0,0,0,0,0,0,0,0,30,2,0,4,3,2,0,2,2,2,2,2,1,2,0,2,0,1,2,1,1,1,8294,1,1,1,2,0,0,1,3,2,1
13B216,19,40151,1,1,0,1,3,224,2,69,7,4,8,1,1,1,2,2,2,2,1,3,2,2,1,2,2,2,3,300,2,1,1,0,0,0,0,0,0,0,0,0,0,0,0,0,0,0,0,0,0,0,0,0,0,0,0,0,0,0,0,30,2,0,2,4,1,0,2,2,2,2,2,1,1,1,1,2,1,1,1,1,1,19974,1,1,1,2,0,0,1,1,0,2
12B216,19,40157,4,1,0,1,3,224,1,35,7,5,1,1,1,1,2,2,2,1,1,1,2,1,2,2,2,2,3,400,2,1,1,0,0,0,0,0,0,0,0,0,0,0,0,0,0,0,0,0,0,0,0,0,0,0,0,0,0,0,0,20,2,0,2,3,1,0,2,2,2,2,2,2,1,2,1,1,1,1,1,1,1,24074,1,2,1,2,0,0,1,1,2,2
12B216,19,40157,2,1,0,2,3,224,2,55,2,6,7,1,2,2,2,2,2,2,0,0,0,0,0,0,0,0,0,0,0,0,0,0,0,0,0,0,0,0,0,0,0,0,0,0,0,0,0,0,0,0,0,0,0,0,0,0,0,0,0,0,0,0,0,0,0,3,2,2,2,2,2,2,2,0,2,0,1,2,1,2,2,16049,4,4,2,0,0,0,2,0,0,0
12B216,19,40157,3,1,0,2,3,224,2,34,7,5,1,1,1,2,1,2,1,1,0,0,0,0,0,0,0,0,0,0,0,0,0,4,4,2,2,1,1,2,2,2,2,2,1,0,1,2,1,0,0,0,0,0,0,0,0,0,0,0,0,30,1,4,4,3,1,0,2,2,2,2,1,1,1,1,1,3,1,1,1,1,1,16049,1,3,1,0,1,0,1,4,2,2
11A227,19,40178,2,1,0,3,3,224,1,27,3,3,1,1,2,2,2,2,2,2,0,0,0,0,0,0,0,0,0,0,0,0,0,0,0,0,0,0,0,0,0,0,0,0,0,0,0,0,0,0,0,0,0,0,0,0,0,0,0,0,0,0,0,0,0,0,0,3,2,2,2,2,2,2,2,0,2,0,1,2,2,2,2,26973,4,4,2,0,0,0,2,0,2,1
11A227,19,40178,3,1,0,1,3,224,1,53,3,3,1,1,2,2,2,2,2,2,0,0,0,0,0,0,0,0,0,0,0,0,0,0,0,0,0,0,0,0,0,0,0,0,0,0,0,0,0,0,0,0,0,0,0,0,0,0,0,0,0,0,0,0,0,0,0,3,2,2,2,2,2,2,2,0,2,0,1,2,2,2,2,35963,4,4,2,0,0,0,2,0,2,1
11A227,19,40178,1,1,0,1,3,224,2,35,3,3,1,1,2,2,2,2,2,2,0,0,0,0,0,0,0,0,0,0,0,0,0,0,0,0,0,0,0,0,0,0,0,0,0,0,0,0,0,0,0,0,0,0,0,0,0,0,0,0,0,0,0,0,0,0,0,3,2,2,2,2,2,2,2,0,2,0,1,2,2,2,2,8991,4,4,2,0,0,0,2,0,2,1
13A227,19,40184,3,1,0,1,3,224,1,36,7,4,1,1,1,2,2,1,2,1,0,0,0,0,0,0,0,0,0,0,0,0,0,0,0,0,0,0,0,0,0,0,0,0,0,0,0,0,0,1,3,1,1,1,1,1,1,0,1,2,1,10,1,7,2,3,1,0,2,2,2,2,2,2,2,0,1,1,1,2,2,2,1,11392,1,3,1,0,0,1,1,1,2,2
13A227,19,40184,1,1,0,1,3,224,2,72,6,3,8,1,2,2,2,2,2,1,0,0,0,0,0,0,0,0,0,0,0,0,0,0,0,0,0,0,0,0,0,0,0,0,0,0,0,0,0,0,0,0,0,0,0,0,0,0,0,0,0,20,2,0,2,4,2,0,2,2,2,2,2,1,1,2,1,1,1,2,2,2,2,17088,3,3,1,0,0,0,2,0,0,1
13B213,19,40187,2,1,0,1,3,224,2,33,7,5,1,1,2,2,2,2,2,2,0,0,0,0,0,0,0,0,0,0,0,0,0,0,0,0,0,0,0,0,0,0,0,0,0,0,0,0,0,0,0,0,0,0,0,0,0,0,0,0,0,0,0,0,0,0,0,3,2,2,2,2,1,1,1,2,1,1,1,1,1,1,1,19748,4,4,2,0,0,0,2,0,2,2
13B213,19,40187,4,1,0,2,3,224,2,28,3,3,1,1,1,1,2,2,1,1,3,4,2,2,2,1,1,2,2,0,2,1,1,0,0,0,0,0,0,0,0,0,0,0,0,0,0,0,0,0,0,0,0,0,0,0,0,0,0,0,0,120,1,7,2,3,2,0,2,2,2,2,1,1,2,0,1,2,1,2,1,1,1,19748,1,2,1,2,0,0,1,3,2,1
13B213,19,40187,3,1,0,1,3,224,1,36,7,5,1,1,1,2,2,1,2,2,0,0,0,0,0,0,0,0,0,0,0,0,0,0,0,0,0,0,0,0,0,0,0,0,0,0,0,0,0,7,3,1,1,2,2,1,1,0,1,2,1,30,2,0,2,3,2,0,2,2,2,2,2,1,2,0,1,1,1,1,1,1,1,9873,1,3,1,0,0,1,1,7,2,2
12B222,19,40188,2,1,0,3,3,224,2,26,3,3,7,1,2,2,2,1,2,1,0,0,0,0,0,0,0,0,0,0,0,0,0,0,0,0,0,0,0,0,0,0,0,0,0,0,0,0,0,1,3,2,2,1,2,1,3,13,2,1,1,30,2,0,2,3,2,0,2,2,2,2,2,1,1,2,2,0,1,1,1,1,1,22980,3,3,1,0,0,2,1,1,0,1
12B213,19,40188,2,1,0,2,3,224,1,68,8,3,8,1,1,1,1,1,2,1,3,2,2,1,2,2,2,2,2,0,1,1,1,2,2,2,2,2,2,2,1,2,2,2,2,0,2,1,1,2,3,1,1,2,2,1,2,0,2,1,1,60,2,0,2,4,1,0,2,2,2,2,1,1,1,1,1,1,1,1,1,1,1,14851,1,2,1,3,2,2,1,7,0,2
12B213,19,40188,3,1,0,1,3,224,1,52,3,2,1,1,1,2,2,1,2,1,0,0,0,0,0,0,0,0,0,0,0,0,0,0,0,0,0,0,0,0,0,0,0,0,0,0,0,0,0,2,4,1,1,2,2,1,2,0,2,1,1,45,2,0,2,4,2,0,2,2,2,2,2,2,2,0,2,0,1,1,1,1,1,22276,1,3,1,0,0,2,1,2,2,1
11B213,19,40192,3,1,0,2,3,224,1,57,4,2,1,1,1,1,2,1,2,2,1,4,2,2,2,1,2,2,2,0,2,1,2,0,0,0,0,0,0,0,0,0,0,0,0,0,0,0,0,2,3,1,1,1,2,1,2,0,2,1,2,30,2,0,2,2,2,0,2,2,2,2,2,2,2,0,2,0,1,2,2,2,2,15225,1,2,1,2,0,2,1,3,2,1
11B213,19,40192,1,1,0,1,3,224,1,30,3,3,4,1,2,2,2,2,2,2,0,0,0,0,0,0,0,0,0,0,0,0,0,0,0,0,0,0,0,0,0,0,0,0,0,0,0,0,0,0,0,0,0,0,0,0,0,0,0,0,0,0,0,0,0,0,0,3,2,2,2,2,2,2,2,0,2,0,1,2,2,2,2,15225,4,4,2,0,0,0,2,0,1,1
12B221,19,40193,4,1,0,4,3,224,1,19,7,1,6,1,1,1,1,2,1,1,4,4,2,2,1,1,1,2,3,800,2,1,2,5,2,2,2,1,2,2,1,1,2,2,1,0,1,2,1,0,0,0,0,0,0,0,0,0,0,0,0,90,1,3,3,2,1,0,1,1,2,1,1,1,2,0,2,0,1,1,1,1,1,27976,1,2,1,2,1,0,1,9,1,2
12B221,19,40193,3,1,0,3,3,224,2,25,7,4,7,1,1,1,2,2,1,2,5,4,2,2,2,1,2,2,3,1500,2,1,1,0,0,0,0,0,0,0,0,0,0,0,0,0,0,0,0,0,0,0,0,0,0,0,0,0,0,0,0,120,2,0,2,4,1,0,1,1,2,1,1,1,1,1,1,1,1,1,1,1,1,20982,1,2,1,2,0,0,1,5,0,2
12B221,19,40193,2,1,0,2,3,224,2,65,7,4,8,1,2,2,2,2,2,1,0,0,0,0,0,0,0,0,0,0,0,0,0,0,0,0,0,0,0,0,0,0,0,0,0,0,0,0,0,0,0,0,0,0,0,0,0,0,0,0,0,20,2,0,2,2,2,0,2,2,2,2,1,2,2,0,1,1,1,1,1,1,1,20982,3,3,1,0,0,0,2,0,0,2
12B221,19,40193,1,1,0,2,3,224,2,38,7,5,7,1,1,1,1,2,2,1,3,3,2,1,2,2,2,2,3,600,1,1,1,3,4,2,1,2,2,2,2,2,1,2,3,150,2,1,1,0,0,0,0,0,0,0,0,0,0,0,0,20,2,0,4,3,1,0,1,2,2,1,2,2,1,1,1,2,1,1,1,1,1,13988,1,2,1,3,2,0,1,6,0,2
12A227,19,40222,3,1,0,1,3,224,1,36,7,5,1,1,1,1,1,2,2,1,2,4,2,2,2,1,2,2,1,0,1,2,1,2,4,2,1,2,2,2,2,1,2,2,1,0,1,2,1,0,0,0,0,0,0,0,0,0,0,0,0,30,2,0,2,3,2,0,2,1,2,2,2,2,2,0,1,1,1,1,1,1,2,16340,1,2,1,1,1,0,1,4,2,2
12A227,19,40222,4,1,0,2,3,224,2,54,6,3,7,1,1,1,1,2,2,1,1,4,2,2,1,2,2,2,2,0,2,1,1,1,4,2,2,2,2,2,2,2,1,2,2,0,2,1,1,0,0,0,0,0,0,0,0,0,0,0,0,15,2,0,2,3,2,0,2,2,2,2,1,1,2,0,2,0,1,2,1,1,1,24510,1,2,1,2,2,0,1,2,0,1
12A227,19,40222,1,1,0,3,3,224,2,22,4,2,1,1,1,1,2,2,2,1,4,4,2,2,2,1,2,2,1,0,1,2,1,0,0,0,0,0,0,0,0,0,0,0,0,0,0,0,0,0,0,0,0,0,0,0,0,0,0,0,0,60,2,0,2,3,2,0,1,2,1,1,2,2,2,0,2,0,1,1,1,1,2,24510,1,2,1,1,0,0,1,4,2,1
12A227,19,40222,2,1,0,2,3,224,2,26,4,2,1,1,1,2,1,2,2,2,0,0,0,0,0,0,0,0,0,0,0,0,0,2,4,2,2,2,1,2,2,2,2,2,3,100,2,1,1,0,0,0,0,0,0,0,0,0,0,0,0,20,2,0,2,4,2,0,1,2,2,2,2,1,1,2,1,1,1,2,1,1,1,16340,1,3,1,0,2,0,1,2,2,1
11B214,19,40236,1,1,0,3,3,224,2,21,7,2,1,1,1,2,1,2,2,1,0,0,0,0,0,0,0,0,0,0,0,0,0,4,1,2,1,2,2,2,2,2,2,2,1,0,1,2,1,0,0,0,0,0,0,0,0,0,0,0,0,10,2,0,2,3,1,0,1,2,1,2,2,1,2,0,1,3,1,1,1,1,1,37697,1,3,1,0,1,0,1,4,2,2
11B214,19,40236,2,1,0,1,3,224,1,43,3,3,1,1,2,2,2,2,2,2,0,0,0,0,0,0,0,0,0,0,0,0,0,0,0,0,0,0,0,0,0,0,0,0,0,0,0,0,0,0,0,0,0,0,0,0,0,0,0,0,0,0,0,0,0,0,0,2,2,2,2,2,2,1,2,0,1,2,1,2,1,1,1,7540,4,4,2,0,0,0,2,0,2,1
11B214,19,40236,4,1,0,1,3,224,1,60,3,2,1,1,2,2,2,2,2,2,0,0,0,0,0,0,0,0,0,0,0,0,0,0,0,0,0,0,0,0,0,0,0,0,0,0,0,0,0,0,0,0,0,0,0,0,0,0,0,0,0,0,0,0,0,0,0,2,2,2,2,2,2,2,2,0,2,0,1,2,2,2,2,7540,4,4,2,0,0,0,2,0,2,1
11B214,19,40236,3,1,0,3,3,224,2,37,3,3,1,1,1,2,2,2,2,2,0,0,0,0,0,0,0,0,0,0,0,0,0,0,0,0,0,0,0,0,0,0,0,0,0,0,0,0,0,0,0,0,0,0,0,0,0,0,0,0,0,0,0,0,0,0,0,1,2,2,2,2,1,1,1,2,1,1,1,1,1,1,1,22618,2,4,2,0,0,0,2,0,2,1
11B222,19,40239,1,1,0,1,3,224,1,46,3,3,1,1,1,2,2,2,2,1,0,0,0,0,0,0,0,0,0,0,0,0,0,0,0,0,0,0,0,0,0,0,0,0,0,0,0,0,0,0,0,0,0,0,0,0,0,0,0,0,0,60,2,0,2,2,1,0,2,2,2,2,1,1,1,2,1,1,1,1,1,1,1,47149,1,3,1,0,0,0,2,0,2,1
11B222,19,40239,3,1,0,2,3,224,2,52,3,2,7,1,1,1,1,1,2,2,1,4,2,2,2,2,1,2,2,0,2,1,1,2,3,2,2,2,1,2,2,2,1,2,2,0,2,1,1,1,4,2,2,2,1,1,2,0,2,1,1,15,2,0,2,3,2,0,2,2,2,2,2,1,2,0,2,0,1,2,2,2,2,37719,1,2,1,2,2,2,1,4,0,1
11B222,19,40239,4,1,0,1,3,224,1,22,4,3,1,1,1,2,1,2,2,1,0,0,0,0,0,0,0,0,0,0,0,0,0,2,4,1,2,2,2,2,1,2,2,2,1,0,1,2,1,0,0,0,0,0,0,0,0,0,0,0,0,15,1,5,2,2,2,0,2,2,2,2,2,1,1,1,2,0,1,2,1,2,2,18860,1,3,1,0,1,0,1,2,2,1
11B222,19,40239,2,1,0,2,3,224,2,64,2,6,7,1,2,2,2,2,2,2,0,0,0,0,0,0,0,0,0,0,0,0,0,0,0,0,0,0,0,0,0,0,0,0,0,0,0,0,0,0,0,0,0,0,0,0,0,0,0,0,0,0,0,0,0,0,0,2,2,2,2,1,2,1,1,2,2,0,1,2,1,1,2,18860,4,4,2,0,0,0,2,0,0,0
12A228,19,40277,4,1,0,3,3,224,2,34,3,3,2,1,1,1,2,2,2,1,1,3,2,2,1,2,2,2,2,0,2,1,1,0,0,0,0,0,0,0,0,0,0,0,0,0,0,0,0,0,0,0,0,0,0,0,0,0,0,0,0,60,2,0,4,4,2,0,2,1,2,2,2,2,2,0,2,0,1,2,1,3,2,33208,1,2,1,2,0,0,1,1,1,1
12A228,19,40277,3,1,0,2,3,224,2,57,2,6,1,1,1,1,2,1,2,1,4,3,2,2,2,2,1,2,2,0,2,1,2,0,0,0,0,0,0,0,0,0,0,0,0,0,0,0,0,1,3,1,2,1,2,1,2,0,2,1,2,15,2,0,4,4,2,0,2,2,2,2,2,2,2,0,2,0,1,2,1,2,2,44277,1,2,1,2,0,2,1,5,2,0
11B214,19,40280,2,1,0,1,3,224,1,51,2,4,8,1,2,2,2,2,2,2,0,0,0,0,0,0,0,0,0,0,0,0,0,0,0,0,0,0,0,0,0,0,0,0,0,0,0,0,0,0,0,0,0,0,0,0,0,0,0,0,0,0,0,0,0,0,0,1,2,2,2,2,2,1,1,2,1,1,1,2,1,1,2,8051,4,4,2,0,0,0,2,0,0,0
11B214,19,40280,3,1,0,2,3,224,2,31,3,3,7,1,2,1,1,2,1,2,3,3,2,1,2,2,2,2,2,0,2,1,1,1,4,2,2,2,2,2,2,2,1,2,2,0,2,1,1,0,0,0,0,0,0,0,0,0,0,0,0,20,2,0,4,2,1,0,2,2,2,2,1,1,1,1,1,1,1,2,1,1,1,16102,3,2,1,2,2,0,1,4,0,1
11B214,19,40280,4,1,0,1,3,224,2,60,2,6,1,1,1,2,1,2,2,1,0,0,0,0,0,0,0,0,0,0,0,0,0,2,3,2,2,1,2,2,2,1,2,2,3,100,2,1,1,0,0,0,0,0,0,0,0,0,0,0,0,20,2,0,3,2,2,0,2,2,2,2,2,2,2,0,2,0,2,0,0,0,0,8051,1,3,1,0,2,0,1,2,2,0
12B214,19,40281,3,1,0,2,3,224,2,64,3,3,7,1,1,2,1,1,2,2,0,0,0,0,0,0,0,0,0,0,0,0,0,2,5,2,2,2,2,1,2,2,2,2,2,0,2,1,1,1,3,1,2,2,2,1,2,0,2,1,1,30,2,0,2,3,2,0,2,2,2,2,2,2,2,0,1,1,1,1,1,1,1,17326,1,3,1,0,2,2,1,3,0,1
12B214,19,40281,2,1,0,1,3,224,1,54,4,3,1,1,1,2,2,1,2,2,0,0,0,0,0,0,0,0,0,0,0,0,0,0,0,0,0,0,0,0,0,0,0,0,0,0,0,0,0,1,4,1,1,2,2,1,2,0,2,1,2,30,2,0,2,3,2,0,2,2,2,2,2,2,2,0,2,0,1,2,2,2,2,8663,1,3,1,0,0,2,1,1,2,1
12B214,19,40281,1,1,0,3,3,224,1,21,7,1,1,1,1,1,1,2,2,1,1,5,2,2,1,2,2,2,1,0,1,2,1,2,5,2,2,2,2,1,2,2,2,2,1,0,1,2,1,0,0,0,0,0,0,0,0,0,0,0,0,15,2,0,2,3,2,0,2,2,2,2,2,1,2,0,1,1,1,1,1,1,1,25989,1,2,1,1,1,0,1,3,2,2
13B214,19,40282,2,1,0,1,3,224,1,35,8,2,1,1,1,1,2,2,2,1,2,3,2,2,1,2,1,2,3,300,2,1,4,0,0,0,0,0,0,0,0,0,0,0,0,0,0,0,0,0,0,0,0,0,0,0,0,0,0,0,0,60,1,6,3,3,2,0,2,1,2,2,1,1,1,2,1,2,1,1,1,1,1,31394,1,2,1,2,0,0,1,2,2,2
13B214,19,40282,4,1,0,1,3,224,2,49,7,4,1,1,1,1,1,2,2,1,8,1,2,1,1,2,1,2,2,0,1,2,1,4,4,2,1,2,2,2,2,2,1,2,2,0,2,1,1,0,0,0,0,0,0,0,0,0,0,0,0,120,2,0,3,3,1,0,1,1,2,1,2,1,1,1,1,2,1,3,1,1,1,41859,1,2,1,1,2,0,1,12,2,2
13B214,19,40282,1,1,0,2,3,224,2,44,3,3,7,1,1,1,2,2,2,2,2,3,2,1,2,2,2,2,2,0,2,1,1,0,0,0,0,0,0,0,0,0,0,0,0,0,0,0,0,0,0,0,0,0,0,0,0,0,0,0,0,30,2,0,3,3,1,0,2,2,2,2,2,2,2,0,2,0,1,2,2,2,2,31394,1,1,1,2,0,0,1,2,0,1
13B214,19,40282,3,1,0,1,3,224,2,26,4,2,1,1,2,2,2,2,2,2,0,0,0,0,0,0,0,0,0,0,0,0,0,0,0,0,0,0,0,0,0,0,0,0,0,0,0,0,0,0,0,0,0,0,0,0,0,0,0,0,0,0,0,0,0,0,0,1,2,2,2,2,2,1,2,0,1,1,1,1,2,1,1,20929,4,4,2,0,0,0,2,0,2,1
12B214,19,40284,2,1,1,1,3,224,1,52,6,3,1,1,2,2,2,2,2,2,0,0,0,0,0,0,0,0,0,0,0,0,0,0,0,0,0,0,0,0,0,0,0,0,0,0,0,0,0,0,0,0,0,0,0,0,0,0,0,0,0,0,0,0,0,0,0,3,2,2,2,2,2,2,2,0,2,0,1,2,1,1,2,33487,4,4,2,0,0,0,2,0,2,1
12B214,19,40284,1,1,0,2,3,224,2,74,6,3,7,1,1,1,2,2,2,1,2,3,2,2,2,2,1,2,2,0,2,1,1,0,0,0,0,0,0,0,0,0,0,0,0,0,0,0,0,0,0,0,0,0,0,0,0,0,0,0,0,20,2,0,2,3,2,0,2,2,2,2,2,2,1,1,2,0,1,1,1,1,1,25115,1,2,1,2,0,0,1,2,0,1
12B214,19,40284,4,1,0,1,3,224,2,40,4,2,1,1,1,2,2,1,2,1,0,0,0,0,0,0,0,0,0,0,0,0,0,0,0,0,0,0,0,0,0,0,0,0,0,0,0,0,0,2,4,1,2,1,2,1,1,0,1,2,2,60,2,0,3,3,2,0,2,2,2,2,2,1,1,1,2,0,1,2,1,1,1,16744,1,3,1,0,0,1,1,2,2,1
13A228,19,40320,2,1,0,1,3,224,1,61,7,4,1,1,1,1,2,1,2,1,2,1,2,2,1,2,2,2,3,300,1,1,1,0,0,0,0,0,0,0,0,0,0,0,0,0,0,0,0,4,3,1,1,1,1,1,3,80,2,1,1,90,2,0,3,3,1,0,2,2,2,2,2,1,1,2,1,5,1,1,1,1,1,27369,1,2,1,3,0,2,1,6,2,2
13A228,19,40320,3,1,0,2,3,224,1,24,7,5,4,1,1,2,1,2,2,1,0,0,0,0,0,0,0,0,0,0,0,0,0,2,3,2,2,2,2,2,2,1,2,2,3,100,2,1,1,0,0,0,0,0,0,0,0,0,0,0,0,20,2,0,2,4,2,0,2,2,2,2,1,1,2,0,1,2,1,1,1,1,1,18246,1,3,1,0,2,0,1,2,1,2
13A228,19,40320,1,1,0,1,3,224,1,47,7,5,1,1,1,1,1,1,1,1,6,4,1,2,2,2,1,2,3,400,2,1,1,7,4,2,2,2,2,2,2,1,1,2,3,500,1,1,1,2,4,2,1,1,2,1,3,50,2,1,1,60,2,0,2,3,1,0,1,2,2,1,1,1,1,2,1,4,1,1,1,1,1,18246,1,2,1,2,3,2,1,15,2,2
13A228,19,40320,4,1,0,4,3,224,2,24,7,5,7,1,2,2,1,2,2,1,0,0,0,0,0,0,0,0,0,0,0,0,0,2,3,2,1,2,2,2,2,2,2,2,3,100,2,1,1,0,0,0,0,0,0,0,0,0,0,0,0,20,2,0,2,4,2,0,2,1,2,2,2,1,2,0,1,1,1,1,1,1,1,36492,3,3,1,0,2,0,1,2,0,2
12A228,19,40322,1,1,0,2,3,224,1,75,3,3,8,1,1,2,2,1,1,2,0,0,0,0,0,0,0,0,0,0,0,0,0,0,0,0,0,0,0,0,0,0,0,0,0,0,0,0,0,14,4,1,1,1,1,1,3,120,2,1,1,30,2,0,2,4,2,0,2,2,2,2,2,1,1,2,2,0,1,2,1,1,2,16654,1,3,1,0,0,2,1,14,0,1
12A228,19,40322,2,1,0,2,3,224,2,83,2,4,7,1,1,2,2,1,2,2,0,0,0,0,0,0,0,0,0,0,0,0,0,0,0,0,0,0,0,0,0,0,0,0,0,0,0,0,0,7,4,2,2,1,1,1,3,140,2,1,1,25,2,0,2,3,2,0,2,2,2,2,2,1,2,0,2,0,1,2,2,2,2,41636,1,3,1,0,0,2,1,7,0,0
12A228,19,40322,3,1,0,1,3,224,1,70,3,2,1,1,1,2,2,2,2,2,0,0,0,0,0,0,0,0,0,0,0,0,0,0,0,0,0,0,0,0,0,0,0,0,0,0,0,0,0,0,0,0,0,0,0,0,0,0,0,0,0,0,0,0,0,0,0,4,2,2,2,2,1,1,1,1,2,0,1,2,1,1,1,16654,2,4,2,0,0,0,2,0,2,1
12A228,19,40322,4,1,0,1,3,224,1,46,4,3,1,1,1,2,2,2,2,2,0,0,0,0,0,0,0,0,0,0,0,0,0,0,0,0,0,0,0,0,0,0,0,0,0,0,0,0,0,0,0,0,0,0,0,0,0,0,0,0,0,0,0,0,0,0,0,3,2,2,2,2,1,2,1,2,1,1,1,2,1,1,1,33309,2,4,2,0,0,0,2,0,2,1
12B222,19,40324,2,1,0,4,3,224,2,24,7,5,7,1,1,1,1,2,2,2,2,2,2,1,2,2,2,2,1,0,1,2,1,4,4,2,2,2,2,2,2,2,1,2,3,150,2,1,1,0,0,0,0,0,0,0,0,0,0,0,0,20,1,5,2,4,2,0,1,2,1,2,2,1,2,0,1,1,1,1,1,1,2,48351,1,2,1,1,2,0,1,6,0,2
12B222,19,40324,4,1,0,1,3,224,1,54,4,2,1,1,2,2,2,1,2,2,0,0,0,0,0,0,0,0,0,0,0,0,0,0,0,0,0,0,0,0,0,0,0,0,0,0,0,0,0,2,3,1,1,1,1,1,3,30,2,1,2,30,2,0,3,2,2,0,2,2,2,2,2,1,1,1,1,1,1,2,1,1,1,9670,3,3,1,0,0,2,1,2,2,1
12B222,19,40324,3,1,0,1,3,224,1,37,7,4,1,1,1,1,2,2,2,1,2,4,2,2,1,2,2,2,3,700,2,1,1,0,0,0,0,0,0,0,0,0,0,0,0,0,0,0,0,0,0,0,0,0,0,0,0,0,0,0,0,30,2,0,4,4,1,0,2,2,2,2,1,1,1,2,1,1,1,2,2,2,1,19341,1,2,1,2,0,0,1,2,2,2
12B222,19,40324,1,1,0,1,3,224,2,80,2,6,8,1,1,1,2,2,2,2,1,5,2,2,1,2,2,2,2,0,2,1,1,0,0,0,0,0,0,0,0,0,0,0,0,0,0,0,0,0,0,0,0,0,0,0,0,0,0,0,0,30,2,0,2,2,2,0,2,2,2,2,3,3,2,0,2,0,1,3,1,3,3,9670,1,1,1,2,0,0,1,1,0,0
12B222,19,40328,2,1,0,2,3,224,2,65,4,3,7,1,1,1,2,2,2,1,1,3,2,2,1,2,2,2,3,500,2,1,1,0,0,0,0,0,0,0,0,0,0,0,0,0,0,0,0,0,0,0,0,0,0,0,0,0,0,0,0,60,2,0,3,2,1,0,2,2,2,1,2,2,2,0,2,0,1,2,1,2,2,17691,1,2,1,2,0,0,1,1,0,1
12B222,19,40328,3,1,0,3,3,224,2,50,7,4,1,1,2,2,1,2,2,2,0,0,0,0,0,0,0,0,0,0,0,0,0,4,4,2,1,2,2,2,2,1,1,2,3,90,2,1,1,0,0,0,0,0,0,0,0,0,0,0,0,60,2,0,2,3,2,0,2,2,2,2,2,2,2,0,1,1,1,2,1,2,2,26536,3,3,1,0,2,0,1,4,2,2
12B222,19,40328,1,1,0,1,3,224,1,22,7,4,1,1,1,1,2,2,2,1,6,2,2,1,2,2,2,2,3,2500,2,1,1,0,0,0,0,0,0,0,0,0,0,0,0,0,0,0,0,0,0,0,0,0,0,0,0,0,0,0,0,30,1,5,2,3,1,0,2,2,1,1,2,2,2,0,1,1,1,2,1,2,1,8845,1,2,1,2,0,0,1,6,2,2
13B222,19,40332,1,1,0,1,3,224,2,57,6,3,1,1,1,2,1,1,2,1,0,0,0,0,0,0,0,0,0,0,0,0,0,1,1,2,2,2,2,2,1,2,2,2,2,0,2,1,2,1,3,2,1,1,1,1,2,0,2,1,2,60,1,6,2,3,1,0,2,2,2,2,1,1,1,2,1,1,1,1,1,1,1,43127,1,3,1,0,2,2,1,2,2,1
13B222,19,40332,3,1,0,2,3,224,1,68,6,2,8,1,1,2,1,2,1,2,0,0,0,0,0,0,0,0,0,0,0,0,0,2,4,2,2,2,2,2,2,2,1,2,2,0,2,1,1,0,0,0,0,0,0,0,0,0,0,0,0,20,1,5,3,2,2,0,2,2,2,2,2,2,2,0,2,0,1,1,1,1,1,21564,1,3,1,0,2,0,1,2,0,1
13B222,19,40332,2,1,0,3,3,224,1,20,6,3,1,1,1,1,1,2,2,1,2,4,2,2,1,2,2,2,2,0,2,1,1,3,4,1,2,2,2,2,2,2,2,2,1,0,1,2,1,0,0,0,0,0,0,0,0,0,0,0,0,20,1,5,2,3,1,0,1,2,1,1,1,1,1,1,1,2,1,1,1,1,1,32345,1,2,1,2,1,0,1,5,2,1
12A228,19,40361,1,1,0,2,3,224,2,35,3,3,7,1,1,1,2,2,2,2,4,4,2,2,2,2,1,2,2,0,2,1,1,0,0,0,0,0,0,0,0,0,0,0,0,0,0,0,0,0,0,0,0,0,0,0,0,0,0,0,0,60,2,0,3,4,1,0,1,2,2,1,2,2,2,0,2,0,1,1,1,1,1,15837,1,1,1,2,0,0,1,4,0,1
12A228,19,40361,3,1,0,1,3,224,1,52,2,4,1,1,1,2,2,1,2,2,0,0,0,0,0,0,0,0,0,0,0,0,0,0,0,0,0,0,0,0,0,0,0,0,0,0,0,0,0,1,4,1,1,2,2,1,2,0,2,1,1,30,2,0,2,3,2,0,2,2,2,2,2,2,2,0,2,0,1,2,2,2,2,7918,1,3,1,0,0,2,1,1,2,0
12A228,19,40361,4,1,0,1,3,224,2,69,5,3,8,1,1,1,2,2,2,2,8,3,2,2,1,2,2,2,3,200,2,1,1,0,0,0,0,0,0,0,0,0,0,0,0,0,0,0,0,0,0,0,0,0,0,0,0,0,0,0,0,90,2,0,2,4,2,0,1,2,2,2,2,2,2,0,2,0,1,1,1,1,2,15837,1,1,1,2,0,0,1,8,0,1
12A228,19,40361,2,1,0,1,3,224,1,48,2,3,1,1,2,2,2,2,2,2,0,0,0,0,0,0,0,0,0,0,0,0,0,0,0,0,0,0,0,0,0,0,0,0,0,0,0,0,0,0,0,0,0,0,0,0,0,0,0,0,0,0,0,0,0,0,0,3,2,2,2,2,3,3,1,2,2,0,1,1,1,1,1,31674,4,4,2,0,0,0,2,0,2,0
13A228,19,40362,1,1,0,1,3,224,1,43,5,2,1,1,2,2,2,2,2,1,0,0,0,0,0,0,0,0,0,0,0,0,0,0,0,0,0,0,0,0,0,0,0,0,0,0,0,0,0,0,0,0,0,0,0,0,0,0,0,0,0,30,2,0,3,3,2,0,2,2,2,2,1,2,1,2,2,0,1,1,1,1,1,29624,3,3,1,0,0,0,2,0,2,1
13A228,19,40362,4,1,0,2,3,224,2,51,6,3,7,1,1,1,2,2,2,1,1,4,2,2,1,2,2,2,2,0,2,1,1,0,0,0,0,0,0,0,0,0,0,0,0,0,0,0,0,0,0,0,0,0,0,0,0,0,0,0,0,120,2,0,4,3,2,0,2,2,1,1,2,1,2,0,2,0,1,3,1,2,2,29624,1,2,1,2,0,0,1,1,0,1
13A228,19,40362,3,1,0,4,3,224,1,21,7,2,1,1,1,1,1,2,2,1,1,4,2,2,2,1,2,2,2,0,2,1,1,1,3,2,2,2,2,2,2,2,1,2,2,0,2,1,1,0,0,0,0,0,0,0,0,0,0,0,0,60,1,5,3,3,1,0,1,1,1,2,1,2,2,0,1,1,1,2,1,2,2,39499,1,2,1,2,2,0,1,2,2,2
13A228,19,40362,2,1,0,1,3,224,2,67,3,3,7,1,1,2,1,1,2,2,0,0,0,0,0,0,0,0,0,0,0,0,0,4,4,2,2,1,1,2,2,2,2,2,3,120,2,1,1,2,3,2,1,1,2,2,2,0,2,1,5,30,2,0,2,3,2,0,2,2,2,2,1,1,1,1,1,1,1,2,1,1,1,9874,1,3,1,0,2,2,1,6,0,1
11A228,19,40364,4,1,0,1,3,224,2,47,3,3,1,1,1,1,1,2,2,1,1,5,2,2,1,2,2,2,3,230,2,1,1,1,5,2,2,1,2,2,2,2,2,2,2,0,2,1,1,0,0,0,0,0,0,0,0,0,0,0,0,30,2,0,2,4,2,0,2,2,2,2,2,1,2,0,2,0,1,2,1,1,1,7909,1,2,1,2,2,0,1,2,2,1
11A228,19,40364,3,1,0,1,3,224,2,69,2,1,7,1,2,2,2,2,2,2,0,0,0,0,0,0,0,0,0,0,0,0,0,0,0,0,0,0,0,0,0,0,0,0,0,0,0,0,0,0,0,0,0,0,0,0,0,0,0,0,0,0,0,0,0,0,0,5,2,2,2,2,2,2,2,0,2,0,1,2,2,2,2,7909,4,4,2,0,0,0,2,0,0,0
11A228,19,40364,1,1,0,2,3,224,2,59,2,6,1,1,2,2,2,2,2,2,0,0,0,0,0,0,0,0,0,0,0,0,0,0,0,0,0,0,0,0,0,0,0,0,0,0,0,0,0,0,0,0,0,0,0,0,0,0,0,0,0,0,0,0,0,0,0,3,2,2,2,2,2,2,2,0,2,0,1,2,2,2,2,15818,4,4,2,0,0,0,2,0,2,0
11A228,19,40364,2,1,0,3,3,224,2,21,4,2,1,1,1,1,2,2,2,1,2,4,2,2,2,1,2,2,2,0,2,1,1,0,0,0,0,0,0,0,0,0,0,0,0,0,0,0,0,0,0,0,0,0,0,0,0,0,0,0,0,60,2,0,3,3,2,0,2,2,2,2,2,2,2,0,2,0,1,1,1,1,1,15818,1,2,1,2,0,0,1,2,2,1
12A228,19,40365,3,1,0,1,3,224,2,71,6,3,8,1,2,2,2,2,2,2,0,0,0,0,0,0,0,0,0,0,0,0,0,0,0,0,0,0,0,0,0,0,0,0,0,0,0,0,0,0,0,0,0,0,0,0,0,0,0,0,0,0,0,0,0,0,0,2,2,2,2,2,2,2,2,0,2,0,1,2,2,2,2,7853,4,4,2,0,0,0,2,0,0,1
12A228,19,40365,1,1,0,1,3,224,2,67,6,2,8,1,2,2,2,2,2,2,0,0,0,0,0,0,0,0,0,0,0,0,0,0,0,0,0,0,0,0,0,0,0,0,0,0,0,0,0,0,0,0,0,0,0,0,0,0,0,0,0,0,0,0,0,0,0,2,2,2,2,2,2,2,2,0,1,1,1,2,2,2,2,23560,4,4,2,0,0,0,2,0,0,1
12A228,19,40365,2,1,0,2,3,224,2,58,6,3,7,1,1,1,1,1,2,2,2,4,1,2,2,2,2,2,3,220,2,1,1,2,4,2,2,1,2,2,1,2,2,2,2,0,2,1,1,1,4,1,2,1,1,1,3,12,2,1,1,60,2,0,2,2,1,0,2,1,2,1,2,1,1,1,1,1,1,2,1,1,1,15707,1,2,1,2,2,2,1,5,0,1
12B214,19,40370,2,1,0,5,3,224,1,19,4,1,6,1,1,2,1,2,1,1,0,0,0,0,0,0,0,0,0,0,0,0,0,5,4,2,2,2,1,2,2,2,1,2,2,0,2,1,1,0,0,0,0,0,0,0,0,0,0,0,0,30,2,0,4,3,2,0,2,2,1,1,2,1,1,2,1,1,1,1,1,1,1,42319,1,3,1,0,2,0,1,5,1,1
12B214,19,40370,4,1,0,2,3,224,2,58,6,2,7,1,1,1,2,2,2,2,2,4,2,2,2,2,1,2,3,40,2,1,1,0,0,0,0,0,0,0,0,0,0,0,0,0,0,0,0,0,0,0,0,0,0,0,0,0,0,0,0,30,2,0,2,3,2,0,2,2,2,2,2,1,2,0,1,2,1,1,1,1,2,8464,1,1,1,2,0,0,1,2,0,1
12B214,19,40370,1,1,0,2,3,224,2,49,2,6,1,1,1,2,2,2,2,1,0,0,0,0,0,0,0,0,0,0,0,0,0,0,0,0,0,0,0,0,0,0,0,0,0,0,0,0,0,0,0,0,0,0,0,0,0,0,0,0,0,20,2,0,2,2,2,0,2,2,2,2,2,2,2,0,2,0,1,2,1,1,2,8464,1,3,1,0,0,0,2,0,2,0
12B214,19,40370,3,1,0,1,3,224,1,56,3,3,1,1,1,2,2,1,2,2,0,0,0,0,0,0,0,0,0,0,0,0,0,0,0,0,0,0,0,0,0,0,0,0,0,0,0,0,0,2,4,1,2,1,1,1,3,20,2,1,1,30,2,0,2,3,2,0,2,2,2,2,2,2,1,1,2,0,1,2,1,1,1,8464,1,3,1,0,0,2,1,2,2,1
13B214,19,40371,3,1,0,2,3,224,2,54,6,3,7,1,2,2,2,2,2,2,0,0,0,0,0,0,0,0,0,0,0,0,0,0,0,0,0,0,0,0,0,0,0,0,0,0,0,0,0,0,0,0,0,0,0,0,0,0,0,0,0,0,0,0,0,0,0,5,2,2,2,2,2,1,2,0,1,3,1,3,2,3,1,28849,4,4,2,0,0,0,2,0,0,1
13B214,19,40371,2,1,0,1,3,224,2,69,2,6,8,1,2,2,2,2,2,2,0,0,0,0,0,0,0,0,0,0,0,0,0,0,0,0,0,0,0,0,0,0,0,0,0,0,0,0,0,0,0,0,0,0,0,0,0,0,0,0,0,0,0,0,0,0,0,1,2,2,2,2,2,2,2,0,2,0,1,2,1,1,1,19232,4,4,2,0,0,0,2,0,0,0
13B214,19,40371,4,1,0,2,3,224,1,31,7,5,1,1,1,2,1,2,2,1,0,0,0,0,0,0,0,0,0,0,0,0,0,5,1,2,2,2,2,2,1,2,2,2,3,600,2,1,1,0,0,0,0,0,0,0,0,0,0,0,0,120,1,3,2,4,1,0,1,2,1,1,2,1,1,2,1,1,1,3,1,1,1,28849,1,3,1,0,2,0,1,5,2,2
11A228,19,40414,2,1,0,3,3,224,1,32,3,3,1,1,1,1,2,2,2,2,1,5,2,2,2,2,2,1,2,0,2,1,1,0,0,0,0,0,0,0,0,0,0,0,0,0,0,0,0,0,0,0,0,0,0,0,0,0,0,0,0,30,2,0,2,3,2,0,2,2,2,2,2,1,1,2,1,1,1,1,2,1,1,27667,1,1,1,2,0,0,1,1,2,1
11A228,19,40414,1,1,0,2,3,224,2,25,4,2,7,1,2,2,2,2,2,2,0,0,0,0,0,0,0,0,0,0,0,0,0,0,0,0,0,0,0,0,0,0,0,0,0,0,0,0,0,0,0,0,0,0,0,0,0,0,0,0,0,0,0,0,0,0,0,1,2,2,2,2,2,2,2,0,1,1,1,1,1,1,2,18445,4,4,2,0,0,0,2,0,0,1
11A228,19,40414,4,1,0,1,3,224,1,26,3,2,1,1,1,1,2,2,2,2,3,4,2,2,2,1,2,2,2,0,2,1,1,0,0,0,0,0,0,0,0,0,0,0,0,0,0,0,0,0,0,0,0,0,0,0,0,0,0,0,0,20,2,0,2,3,1,0,2,2,2,2,2,1,1,1,2,0,1,2,1,1,2,18445,1,1,1,2,0,0,1,3,2,1
11A228,19,40414,3,1,0,2,3,224,2,44,2,3,1,2,0,0,0,0,0,0,0,0,0,0,0,0,0,0,0,0,0,0,0,0,0,0,0,0,0,0,0,0,0,0,0,0,0,0,0,0,0,0,0,0,0,0,0,0,0,0,0,0,0,0,0,0,0,0,0,0,0,0,0,0,0,0,0,0,0,0,0,0,0,18445,0,0,0,0,0,0,0,0,2,0
13B213,19,40426,4,1,0,2,3,224,1,26,7,5,1,1,1,1,2,2,2,2,3,4,2,1,2,2,2,2,1,0,1,2,1,0,0,0,0,0,0,0,0,0,0,0,0,0,0,0,0,0,0,0,0,0,0,0,0,0,0,0,0,90,1,3,2,3,1,0,2,2,2,2,1,1,2,0,1,1,1,2,1,2,2,20416,1,1,1,1,0,0,1,3,2,2
13B213,19,40426,1,1,0,1,3,224,1,44,7,5,1,1,1,1,2,2,2,2,2,4,2,2,2,1,1,2,3,500,2,1,1,0,0,0,0,0,0,0,0,0,0,0,0,0,0,0,0,0,0,0,0,0,0,0,0,0,0,0,0,40,2,0,3,3,1,0,1,2,2,2,1,1,1,1,1,5,1,1,1,1,1,20416,1,1,1,2,0,0,1,2,2,2
13B213,19,40426,2,1,0,1,3,224,2,52,6,2,1,1,2,2,2,2,2,2,0,0,0,0,0,0,0,0,0,0,0,0,0,0,0,0,0,0,0,0,0,0,0,0,0,0,0,0,0,0,0,0,0,0,0,0,0,0,0,0,0,0,0,0,0,0,0,2,2,2,2,2,1,1,1,2,1,1,1,1,1,1,1,20416,4,4,2,0,0,0,2,0,2,1
13B213,19,40426,3,1,1,1,3,224,2,31,7,5,1,1,2,2,2,2,2,2,0,0,0,0,0,0,0,0,0,0,0,0,0,0,0,0,0,0,0,0,0,0,0,0,0,0,0,0,0,0,0,0,0,0,0,0,0,0,0,0,0,0,0,0,0,0,0,3,2,2,2,2,1,1,1,2,1,2,1,2,1,1,2,20416,4,4,2,0,0,0,2,0,2,2
12B222,19,40459,1,1,0,2,3,224,2,44,7,5,1,1,1,2,1,2,2,1,0,0,0,0,0,0,0,0,0,0,0,0,0,1,3,2,2,2,2,2,1,2,2,2,1,0,1,2,1,0,0,0,0,0,0,0,0,0,0,0,0,10,2,0,3,3,1,0,2,2,2,2,1,1,2,0,1,1,1,1,1,1,1,36870,1,3,1,0,1,0,1,1,2,2
12B222,19,40459,2,1,0,1,3,224,1,69,4,2,1,1,2,2,1,2,2,2,0,0,0,0,0,0,0,0,0,0,0,0,0,2,3,2,2,2,2,2,2,1,2,2,3,90,2,1,1,0,0,0,0,0,0,0,0,0,0,0,0,30,2,0,4,3,2,0,2,1,2,2,2,1,2,0,1,1,1,2,1,1,2,18435,3,3,1,0,2,0,1,2,2,1
12B215,19,40464,2,1,0,1,3,224,1,62,7,4,1,1,2,2,2,2,2,2,0,0,0,0,0,0,0,0,0,0,0,0,0,0,0,0,0,0,0,0,0,0,0,0,0,0,0,0,0,0,0,0,0,0,0,0,0,0,0,0,0,0,0,0,0,0,0,3,2,2,2,2,2,2,2,0,2,0,1,2,1,1,1,33715,4,4,2,0,0,0,2,0,2,2
12B215,19,40464,1,1,1,1,3,224,2,33,7,4,1,1,1,1,2,2,1,1,4,4,2,2,2,1,2,2,3,700,2,1,1,0,0,0,0,0,0,0,0,0,0,0,0,0,0,0,0,0,0,0,0,0,0,0,0,0,0,0,0,30,2,0,2,2,1,0,1,1,2,1,1,1,2,0,1,1,1,2,1,1,1,8429,1,2,1,2,0,0,1,4,2,2
12B215,19,40464,3,1,0,2,3,224,2,55,4,2,1,1,2,2,2,2,2,2,0,0,0,0,0,0,0,0,0,0,0,0,0,0,0,0,0,0,0,0,0,0,0,0,0,0,0,0,0,0,0,0,0,0,0,0,0,0,0,0,0,0,0,0,0,0,0,3,2,2,2,2,2,1,2,0,1,1,1,1,1,1,1,25286,4,4,2,0,0,0,2,0,2,1
12B215,19,40464,4,1,0,2,3,224,2,32,4,2,1,1,2,1,2,2,2,1,1,4,2,2,1,2,2,2,3,150,2,1,1,0,0,0,0,0,0,0,0,0,0,0,0,0,0,0,0,0,0,0,0,0,0,0,0,0,0,0,0,20,2,0,2,2,2,0,2,2,2,2,2,2,2,0,2,0,1,1,1,1,1,16858,3,2,1,2,0,0,1,1,2,1
11B215,19,40470,2,1,0,3,3,224,2,29,4,3,7,1,1,1,2,2,2,1,1,3,2,1,2,2,2,2,2,0,2,1,1,0,0,0,0,0,0,0,0,0,0,0,0,0,0,0,0,0,0,0,0,0,0,0,0,0,0,0,0,10,2,0,2,3,1,0,2,2,2,2,1,1,1,1,1,2,1,2,1,1,1,24654,1,2,1,2,0,0,1,1,0,1
11B215,19,40470,1,1,0,2,3,224,2,54,2,6,1,1,2,2,2,2,2,2,0,0,0,0,0,0,0,0,0,0,0,0,0,0,0,0,0,0,0,0,0,0,0,0,0,0,0,0,0,0,0,0,0,0,0,0,0,0,0,0,0,0,0,0,0,0,0,3,2,2,2,2,2,2,2,0,2,0,1,2,2,1,2,8218,4,4,2,0,0,0,2,0,2,0
11B215,19,40470,4,1,0,1,3,224,2,50,4,3,1,1,1,1,2,2,2,2,4,4,2,1,2,2,2,2,3,1800,2,1,1,0,0,0,0,0,0,0,0,0,0,0,0,0,0,0,0,0,0,0,0,0,0,0,0,0,0,0,0,120,2,0,3,3,2,0,1,2,2,1,1,1,1,1,1,2,1,1,1,1,1,16435,1,1,1,2,0,0,1,4,2,1
11B215,19,40470,3,1,0,3,3,224,1,20,4,3,1,1,1,1,2,2,2,1,2,4,2,2,1,2,2,2,3,700,2,1,1,0,0,0,0,0,0,0,0,0,0,0,0,0,0,0,0,0,0,0,0,0,0,0,0,0,0,0,0,30,2,0,3,2,2,0,2,1,2,2,2,2,2,0,2,0,1,1,1,1,1,16435,1,2,1,2,0,0,1,2,2,1
11B214,19,40499,1,1,0,1,3,224,2,28,3,3,7,1,2,2,2,2,2,2,0,0,0,0,0,0,0,0,0,0,0,0,0,0,0,0,0,0,0,0,0,0,0,0,0,0,0,0,0,0,0,0,0,0,0,0,0,0,0,0,0,0,0,0,0,0,0,3,2,2,2,2,2,2,2,0,1,1,1,1,1,1,1,9827,4,4,2,0,0,0,2,0,0,1
11B214,19,40499,4,1,0,1,3,224,1,59,2,6,1,1,1,2,2,1,2,2,0,0,0,0,0,0,0,0,0,0,0,0,0,0,0,0,0,0,0,0,0,0,0,0,0,0,0,0,0,1,3,1,1,2,2,1,3,10,2,1,1,30,2,0,2,3,2,0,2,2,2,2,2,2,2,0,2,0,1,2,2,2,2,19652,1,3,1,0,0,2,1,1,2,0
11B214,19,40499,3,1,0,1,3,224,1,29,7,4,1,1,2,2,2,2,2,2,0,0,0,0,0,0,0,0,0,0,0,0,0,0,0,0,0,0,0,0,0,0,0,0,0,0,0,0,0,0,0,0,0,0,0,0,0,0,0,0,0,0,0,0,0,0,0,3,2,2,2,2,1,1,2,0,1,1,1,1,1,1,1,19652,4,4,2,0,0,0,2,0,2,2
13B222,19,40502,1,1,0,2,3,224,2,31,6,3,1,1,1,2,1,2,2,1,0,0,0,0,0,0,0,0,0,0,0,0,0,2,2,2,2,2,2,2,1,2,2,2,3,130,2,1,1,0,0,0,0,0,0,0,0,0,0,0,0,10,2,0,3,3,1,0,1,1,2,1,1,1,1,1,2,0,1,1,1,1,1,21564,1,3,1,0,2,0,1,2,2,1
13B222,19,40502,3,1,0,1,3,224,1,24,7,3,1,1,2,2,1,1,2,1,0,0,0,0,0,0,0,0,0,0,0,0,0,10,3,1,2,2,1,2,2,1,2,2,1,0,1,2,2,1,3,2,1,1,2,2,2,0,1,2,2,10,2,0,3,3,1,0,2,2,1,2,1,1,1,2,2,0,1,1,1,1,1,21564,3,3,1,0,1,1,1,11,2,2
13B222,19,40502,4,1,0,1,3,224,1,65,7,5,8,1,1,2,1,1,2,2,0,0,0,0,0,0,0,0,0,0,0,0,0,3,3,2,1,2,2,2,2,2,2,2,1,0,1,2,1,7,3,1,1,1,1,1,1,0,1,2,1,60,2,0,3,3,1,0,2,2,2,2,2,1,2,0,1,1,1,2,1,1,1,21564,1,3,1,0,1,1,1,10,0,2
13B215,19,40509,4,1,0,2,3,224,2,41,7,4,1,1,2,1,2,2,1,1,1,4,2,2,2,1,2,2,3,100,2,1,1,0,0,0,0,0,0,0,0,0,0,0,0,0,0,0,0,0,0,0,0,0,0,0,0,0,0,0,0,30,2,0,2,3,1,0,1,2,1,1,1,2,2,0,1,4,1,1,1,1,1,20726,3,2,1,2,0,0,1,1,2,2
13B215,19,40509,2,1,0,1,3,224,1,42,3,3,1,1,1,2,1,1,2,2,0,0,0,0,0,0,0,0,0,0,0,0,0,3,4,2,2,2,2,2,2,1,1,2,3,60,2,1,2,7,3,2,1,1,2,1,3,70,2,1,1,40,1,6,2,3,1,0,1,2,2,1,1,1,1,2,1,1,1,2,1,1,1,51816,1,3,1,0,2,2,1,10,2,1
13B215,19,40509,1,1,0,1,3,224,2,50,7,5,1,1,2,2,1,2,2,1,0,0,0,0,0,0,0,0,0,0,0,0,0,3,3,2,2,1,2,2,2,1,2,2,1,0,1,2,1,0,0,0,0,0,0,0,0,0,0,0,0,20,2,0,1,3,1,0,2,2,2,2,3,1,1,1,1,1,1,3,3,1,3,10364,3,3,1,0,1,0,1,3,2,2
13B215,19,40512,3,1,0,3,3,224,1,41,4,2,1,1,1,2,1,1,1,2,0,0,0,0,0,0,0,0,0,0,0,0,0,1,4,2,1,2,2,2,2,2,2,2,2,0,2,1,1,7,3,1,2,1,1,1,2,0,2,1,1,60,2,0,2,3,1,0,2,1,2,1,2,2,2,0,2,0,1,2,1,1,2,19238,1,3,1,0,2,2,1,8,2,1
13B215,19,40512,4,1,0,1,3,224,2,58,3,3,1,1,1,2,2,2,2,1,0,0,0,0,0,0,0,0,0,0,0,0,0,0,0,0,0,0,0,0,0,0,0,0,0,0,0,0,0,0,0,0,0,0,0,0,0,0,0,0,0,120,2,0,2,3,2,0,2,2,2,2,2,1,2,0,1,2,1,2,1,2,1,19238,1,3,1,0,0,0,2,0,2,1
12B215,19,40513,3,1,0,1,3,224,1,34,8,2,1,1,1,1,2,2,2,1,1,3,2,2,2,2,1,2,1,0,1,2,1,0,0,0,0,0,0,0,0,0,0,0,0,0,0,0,0,0,0,0,0,0,0,0,0,0,0,0,0,30,2,0,2,3,2,0,2,2,2,2,2,2,2,0,2,0,1,1,1,1,2,14874,1,2,1,1,0,0,1,1,2,2
12B215,19,40513,2,1,0,2,3,224,2,49,6,2,7,1,1,1,1,2,2,2,1,4,2,1,2,2,2,2,2,0,2,1,1,1,4,2,2,1,2,2,2,2,2,2,2,0,2,1,1,0,0,0,0,0,0,0,0,0,0,0,0,20,2,0,2,4,2,0,2,2,2,2,1,1,2,0,2,0,1,1,1,1,1,29748,1,2,1,2,2,0,1,2,0,1
12B215,19,40513,4,1,0,3,3,224,1,29,3,3,1,1,2,2,1,1,2,2,0,0,0,0,0,0,0,0,0,0,0,0,0,1,4,2,1,2,2,2,2,2,2,2,2,0,2,1,1,1,4,1,1,1,1,2,2,0,2,1,2,30,1,4,2,4,2,0,2,1,1,2,1,1,1,2,1,1,1,1,1,1,1,29748,3,3,1,0,2,2,1,2,2,1
12B215,19,40513,1,1,0,1,3,224,1,33,3,3,1,1,2,2,2,2,2,2,0,0,0,0,0,0,0,0,0,0,0,0,0,0,0,0,0,0,0,0,0,0,0,0,0,0,0,0,0,0,0,0,0,0,0,0,0,0,0,0,0,0,0,0,0,0,0,1,2,2,2,2,2,1,2,0,2,0,1,2,2,2,2,7437,4,4,2,0,0,0,2,0,2,1
12B215,19,40515,4,1,0,3,3,224,2,20,4,3,1,1,1,1,2,2,2,1,2,4,2,2,1,1,2,2,2,0,2,1,1,0,0,0,0,0,0,0,0,0,0,0,0,0,0,0,0,0,0,0,0,0,0,0,0,0,0,0,0,40,2,0,2,3,2,0,2,2,2,2,2,1,1,2,1,1,1,1,1,1,2,30692,1,2,1,2,0,0,1,2,2,1
12B215,19,40515,2,1,0,1,3,224,1,51,4,2,1,1,2,2,2,2,2,1,0,0,0,0,0,0,0,0,0,0,0,0,0,0,0,0,0,0,0,0,0,0,0,0,0,0,0,0,0,0,0,0,0,0,0,0,0,0,0,0,0,90,1,6,2,3,1,0,2,2,2,2,2,2,2,0,2,0,1,2,1,2,1,30692,3,3,1,0,0,0,2,0,2,1
12B215,19,40515,3,1,0,1,3,224,1,41,3,3,1,1,1,1,1,2,1,1,1,3,2,1,2,2,2,2,1,0,1,2,1,2,3,2,1,2,1,2,2,2,2,2,1,0,1,2,1,0,0,0,0,0,0,0,0,0,0,0,0,60,2,0,2,3,2,0,2,2,2,2,2,1,1,2,1,2,1,2,1,1,1,20461,1,2,1,1,1,0,1,3,2,1
11B222,19,40548,1,1,0,2,3,224,2,25,6,2,1,1,2,2,2,2,2,2,0,0,0,0,0,0,0,0,0,0,0,0,0,0,0,0,0,0,0,0,0,0,0,0,0,0,0,0,0,0,0,0,0,0,0,0,0,0,0,0,0,0,0,0,0,0,0,2,2,2,2,2,2,2,2,0,2,0,1,2,1,2,2,26153,4,4,2,0,0,0,2,0,2,1
11B222,19,40548,2,1,0,3,3,224,2,19,2,4,1,1,1,2,2,2,2,1,0,0,0,0,0,0,0,0,0,0,0,0,0,0,0,0,0,0,0,0,0,0,0,0,0,0,0,0,0,0,0,0,0,0,0,0,0,0,0,0,0,60,2,0,1,3,2,0,2,2,2,2,2,1,1,2,2,0,1,1,2,2,2,43587,1,3,1,0,0,0,2,0,2,0
11B222,19,40548,4,1,0,2,3,224,2,48,8,3,1,1,1,1,2,1,2,1,3,2,2,1,2,2,2,2,3,2000,1,1,1,0,0,0,0,0,0,0,0,0,0,0,0,0,0,0,0,1,4,1,2,1,2,2,1,0,1,2,1,120,2,0,2,4,2,0,1,2,2,1,1,1,1,2,1,1,1,3,1,3,1,34870,1,2,1,3,0,1,1,4,2,2
11B215,19,40558,2,1,0,4,3,224,2,26,7,3,1,1,1,1,2,2,2,2,2,4,2,2,1,2,2,2,3,800,2,1,2,0,0,0,0,0,0,0,0,0,0,0,0,0,0,0,0,0,0,0,0,0,0,0,0,0,0,0,0,60,2,0,2,3,1,0,1,2,1,1,2,2,2,0,2,0,1,2,1,2,2,24761,1,1,1,2,0,0,1,2,2,2
11B215,19,40558,4,1,0,1,3,224,1,35,7,5,1,1,1,1,2,2,2,2,2,3,2,2,2,1,2,2,3,600,2,1,1,0,0,0,0,0,0,0,0,0,0,0,0,0,0,0,0,0,0,0,0,0,0,0,0,0,0,0,0,30,2,0,2,3,1,0,1,2,2,2,2,1,1,2,1,1,1,1,1,1,1,12380,1,1,1,2,0,0,1,2,2,2
11B215,19,40558,3,1,0,1,3,224,2,75,2,2,8,1,2,2,2,2,2,2,0,0,0,0,0,0,0,0,0,0,0,0,0,0,0,0,0,0,0,0,0,0,0,0,0,0,0,0,0,0,0,0,0,0,0,0,0,0,0,0,0,0,0,0,0,0,0,5,2,2,2,2,2,2,2,0,2,0,1,2,2,1,2,18571,4,4,2,0,0,0,2,0,0,0
11B215,19,40558,1,1,0,1,3,224,2,73,6,1,8,1,2,2,2,2,2,2,0,0,0,0,0,0,0,0,0,0,0,0,0,0,0,0,0,0,0,0,0,0,0,0,0,0,0,0,0,0,0,0,0,0,0,0,0,0,0,0,0,0,0,0,0,0,0,5,2,2,2,2,2,2,2,0,3,0,1,2,2,2,2,6190,4,4,2,0,0,0,2,0,0,1
12B215,19,40562,2,1,0,1,3,224,1,79,4,1,8,1,1,1,2,2,2,2,3,4,2,2,2,1,2,2,2,0,2,1,1,0,0,0,0,0,0,0,0,0,0,0,0,0,0,0,0,0,0,0,0,0,0,0,0,0,0,0,0,15,2,0,2,3,1,0,2,2,2,2,2,1,1,1,1,1,1,1,1,1,1,35366,1,1,1,2,0,0,1,3,0,1
12B215,19,40562,1,1,0,1,3,224,1,74,3,3,8,1,1,2,2,1,2,2,0,0,0,0,0,0,0,0,0,0,0,0,0,0,0,0,0,0,0,0,0,0,0,0,0,0,0,0,0,7,4,1,1,1,1,1,3,90,2,1,1,60,2,0,2,3,2,0,2,2,2,2,2,2,2,0,2,0,1,2,2,2,2,17683,1,3,1,0,0,2,1,7,0,1
12B215,19,40562,4,1,0,1,3,224,2,57,7,2,1,1,2,2,2,1,2,2,0,0,0,0,0,0,0,0,0,0,0,0,0,0,0,0,0,0,0,0,0,0,0,0,0,0,0,0,0,14,3,2,2,1,1,1,1,0,1,2,1,180,2,0,4,3,1,0,2,2,2,2,2,2,2,0,2,0,1,2,1,2,1,8842,3,3,1,0,0,1,1,14,2,2
12B215,19,40562,3,1,0,1,3,224,1,71,6,3,8,1,1,2,2,2,2,1,0,0,0,0,0,0,0,0,0,0,0,0,0,0,0,0,0,0,0,0,0,0,0,0,0,0,0,0,0,0,0,0,0,0,0,0,0,0,0,0,0,20,2,0,4,3,1,0,2,2,2,2,2,1,1,1,1,1,1,2,1,1,1,17683,1,3,1,0,0,0,2,0,0,1
11B216,20,40010,2,1,0,1,31,224,1,31,7,5,1,1,1,2,2,1,2,1,0,0,0,0,0,0,0,0,0,0,0,0,0,0,0,0,0,0,0,0,0,0,0,0,0,0,0,0,0,1,3,2,1,1,2,2,2,0,2,1,2,15,2,0,1,4,1,0,1,2,2,2,1,2,2,0,2,0,1,2,2,3,1,28683,1,3,1,0,0,2,1,1,2,2
11B216,20,40010,4,1,0,3,31,224,1,42,0,,2,2,0,0,0,0,0,0,0,0,0,0,0,0,0,0,0,0,0,0,0,0,0,0,0,0,0,0,0,0,0,0,0,0,0,0,0,0,0,0,0,0,0,0,0,0,0,0,0,0,0,0,0,0,0,0,0,0,0,0,0,0,0,0,0,0,0,0,0,0,0,28683,0,0,0,0,0,0,0,0,1,0
11B216,20,40010,3,1,0,1,31,224,2,63,7,4,7,1,2,2,2,2,2,1,0,0,0,0,0,0,0,0,0,0,0,0,0,0,0,0,0,0,0,0,0,0,0,0,0,0,0,0,0,0,0,0,0,0,0,0,0,0,0,0,0,30,1,5,2,4,2,0,2,2,2,2,2,1,2,0,1,1,1,2,1,1,1,19122,3,3,1,0,0,0,2,0,0,2
11B216,20,40010,1,1,0,1,31,224,2,47,3,3,1,1,2,2,2,2,2,2,0,0,0,0,0,0,0,0,0,0,0,0,0,0,0,0,0,0,0,0,0,0,0,0,0,0,0,0,0,0,0,0,0,0,0,0,0,0,0,0,0,0,0,0,0,0,0,3,2,2,2,2,2,2,2,0,2,0,1,1,1,1,2,28683,4,4,2,0,0,0,2,0,2,1
11B213,20,40037,3,1,0,1,31,224,2,28,4,3,1,1,1,1,2,2,2,1,12,6,2,1,2,2,1,2,1,0,1,2,1,0,0,0,0,0,0,0,0,0,0,0,0,0,0,0,0,0,0,0,0,0,0,0,0,0,0,0,0,20,2,0,2,3,1,0,2,2,2,2,1,2,2,0,1,2,1,1,1,1,1,12716,1,2,1,1,0,0,1,12,2,1
11B213,20,40037,2,1,0,2,31,224,2,51,2,6,7,1,2,2,2,2,2,2,0,0,0,0,0,0,0,0,0,0,0,0,0,0,0,0,0,0,0,0,0,0,0,0,0,0,0,0,0,0,0,0,0,0,0,0,0,0,0,0,0,0,0,0,0,0,0,1,2,2,2,2,2,2,2,0,2,0,1,2,2,2,2,25432,4,4,2,0,0,0,2,0,0,0
11B213,20,40037,4,1,0,1,31,224,1,31,7,5,1,1,2,2,2,1,2,1,0,0,0,0,0,0,0,0,0,0,0,0,0,0,0,0,0,0,0,0,0,0,0,0,0,0,0,0,0,1,3,1,1,2,2,1,2,0,2,1,2,20,2,0,3,3,2,0,2,2,2,2,2,2,2,0,1,1,1,2,1,2,2,25432,3,3,1,0,0,2,1,1,2,2
11B216,20,40042,1,1,0,1,31,224,1,48,3,3,10,1,1,2,2,2,2,2,0,0,0,0,0,0,0,0,0,0,0,0,0,0,0,0,0,0,0,0,0,0,0,0,0,0,0,0,0,0,0,0,0,0,0,0,0,0,0,0,0,0,0,0,0,0,0,4,2,2,2,2,2,2,2,0,2,0,1,1,1,1,1,7269,2,4,2,0,0,0,2,0,0,1
11B216,20,40042,2,1,0,2,31,224,2,57,3,3,1,1,2,2,2,2,2,2,0,0,0,0,0,0,0,0,0,0,0,0,0,0,0,0,0,0,0,0,0,0,0,0,0,0,0,0,0,0,0,0,0,0,0,0,0,0,0,0,0,0,0,0,0,0,0,3,2,1,2,2,2,1,1,1,2,0,1,2,1,2,2,29077,4,4,2,0,0,0,2,0,2,1
11B216,20,40042,4,1,0,2,31,224,1,21,4,2,1,1,1,1,1,2,1,1,1,3,2,2,2,1,2,2,3,150,2,1,1,1,3,2,2,2,2,1,2,2,2,2,2,0,2,1,1,0,0,0,0,0,0,0,0,0,0,0,0,60,2,0,3,3,1,0,2,2,2,2,2,1,2,0,1,1,1,2,1,2,1,21808,1,2,1,2,2,0,1,2,2,1
11B216,20,40042,3,1,0,2,31,224,2,36,4,2,7,1,2,2,2,2,2,1,0,0,0,0,0,0,0,0,0,0,0,0,0,0,0,0,0,0,0,0,0,0,0,0,0,0,0,0,0,0,0,0,0,0,0,0,0,0,0,0,0,10,1,7,3,3,2,0,2,2,2,2,1,1,2,0,1,1,1,2,1,1,1,21808,3,3,1,0,0,0,2,0,0,1
12A227,20,40093,4,1,0,1,31,224,2,84,2,1,10,1,1,1,1,2,2,2,30,4,2,2,1,1,2,2,2,0,2,1,1,20,4,2,2,2,2,1,2,2,2,2,2,0,2,1,1,0,0,0,0,0,0,0,0,0,0,0,0,60,2,0,1,1,2,0,2,2,2,2,2,2,2,0,2,0,1,2,2,2,2,6863,1,2,1,2,2,0,1,50,0,0
12A227,20,40093,2,1,0,2,31,224,2,25,3,3,7,1,1,1,2,2,2,1,8,3,1,1,2,1,1,2,3,450,2,1,1,0,0,0,0,0,0,0,0,0,0,0,0,0,0,0,0,0,0,0,0,0,0,0,0,0,0,0,0,20,1,7,2,2,2,0,1,2,2,2,1,2,2,0,1,1,1,1,1,1,1,6863,1,2,1,2,0,0,1,8,0,1
12A227,20,40093,3,1,0,4,31,224,2,32,7,5,1,1,1,2,1,2,2,1,0,0,0,0,0,0,0,0,0,0,0,0,0,3,3,2,2,2,2,2,1,1,2,2,2,0,1,1,1,0,0,0,0,0,0,0,0,0,0,0,0,30,2,0,3,4,2,0,2,2,2,2,1,1,1,1,1,2,1,1,1,1,2,34314,1,3,1,0,3,0,1,3,2,2
12A227,20,40093,1,1,0,1,31,224,2,48,7,3,1,1,1,1,2,2,2,1,2,4,2,2,2,1,2,2,2,0,2,1,1,0,0,0,0,0,0,0,0,0,0,0,0,0,0,0,0,0,0,0,0,0,0,0,0,0,0,0,0,15,2,0,1,4,2,0,2,2,2,2,2,1,2,0,1,2,1,1,1,2,1,13726,1,2,1,2,0,0,1,2,2,2
11B221,20,40100,1,1,0,2,31,224,2,29,3,3,7,1,2,2,1,2,2,1,0,0,0,0,0,0,0,0,0,0,0,0,0,2,4,2,2,2,2,2,2,2,1,2,2,0,2,1,5,0,0,0,0,0,0,0,0,0,0,0,0,10,2,0,2,2,2,0,2,2,2,2,2,2,2,0,2,0,1,1,1,1,1,15619,3,3,1,0,2,0,1,2,0,1
11B221,20,40100,3,1,0,1,31,224,1,79,2,5,10,1,1,2,2,2,2,2,0,0,0,0,0,0,0,0,0,0,0,0,0,0,0,0,0,0,0,0,0,0,0,0,0,0,0,0,0,0,0,0,0,0,0,0,0,0,0,0,0,0,0,0,0,0,0,6,2,2,2,2,2,2,2,0,2,0,1,2,1,2,2,15619,2,4,2,0,0,0,2,0,0,0
11B221,20,40100,4,1,0,1,31,224,1,42,4,3,1,1,2,2,2,2,2,1,0,0,0,0,0,0,0,0,0,0,0,0,0,0,0,0,0,0,0,0,0,0,0,0,0,0,0,0,0,0,0,0,0,0,0,0,0,0,0,0,0,30,2,0,3,3,2,0,2,2,2,2,1,1,1,1,1,1,1,1,1,1,1,15619,3,3,1,0,0,0,2,0,2,1
11B221,20,40100,2,1,0,2,31,224,2,61,2,6,7,1,2,2,2,2,2,2,0,0,0,0,0,0,0,0,0,0,0,0,0,0,0,0,0,0,0,0,0,0,0,0,0,0,0,0,0,0,0,0,0,0,0,0,0,0,0,0,0,0,0,0,0,0,0,1,2,2,2,2,2,2,2,0,2,0,1,1,1,2,2,15619,4,4,2,0,0,0,2,0,0,0
12B221,20,40137,3,1,0,1,31,224,1,68,8,3,8,1,1,1,1,1,1,1,2,1,2,1,2,2,2,2,2,0,1,1,1,5,1,2,2,2,1,2,1,2,2,2,1,0,1,1,2,7,3,2,1,1,2,2,1,0,1,2,2,60,2,0,3,4,1,0,2,2,1,1,2,2,2,0,1,5,1,2,2,2,2,27150,1,2,1,3,3,1,1,14,0,2
12B221,20,40137,4,1,0,2,31,224,2,37,7,4,1,1,2,2,1,2,2,1,0,0,0,0,0,0,0,0,0,0,0,0,0,2,1,2,2,1,2,2,2,2,2,2,3,150,1,1,2,0,0,0,0,0,0,0,0,0,0,0,0,20,2,0,2,3,1,0,1,2,2,2,1,1,1,1,1,5,1,2,1,1,1,27150,3,3,1,0,3,0,1,2,2,2
12B221,20,40137,2,1,0,3,31,224,2,24,7,4,1,1,1,1,1,2,1,1,11,2,2,1,2,1,1,2,3,500,1,1,1,1,3,2,2,2,2,2,1,2,2,2,1,0,1,2,1,0,0,0,0,0,0,0,0,0,0,0,0,35,2,0,3,4,1,0,1,2,2,1,1,1,1,2,1,3,1,2,1,2,2,40725,1,2,1,3,1,0,1,12,2,2
12B221,20,40137,1,1,0,1,31,224,2,39,4,2,1,1,1,1,2,1,2,1,2,3,2,2,2,2,1,2,2,0,1,1,1,0,0,0,0,0,0,0,0,0,0,0,0,0,0,0,0,1,3,2,2,1,1,1,3,30,2,1,1,30,1,5,2,3,2,0,2,2,2,2,1,1,1,1,1,1,1,1,1,1,1,27150,1,2,1,3,0,2,1,3,2,1
11B222,20,40165,3,1,0,4,31,224,2,24,4,3,1,1,1,1,2,2,1,2,70,4,1,2,2,1,1,2,1,0,1,1,1,0,0,0,0,0,0,0,0,0,0,0,0,0,0,0,0,0,0,0,0,0,0,0,0,0,0,0,0,120,2,0,4,4,1,0,1,2,2,2,1,1,1,1,1,5,1,1,1,1,1,37754,1,2,1,3,0,0,1,70,2,1
11B222,20,40165,1,1,0,1,31,224,2,67,2,6,1,1,1,1,2,2,2,2,1,5,2,2,2,2,1,2,2,0,2,1,1,0,0,0,0,0,0,0,0,0,0,0,0,0,0,0,0,0,0,0,0,0,0,0,0,0,0,0,0,15,2,0,2,2,2,0,2,2,2,2,2,2,2,0,2,0,1,1,2,1,2,7551,1,1,1,2,0,0,1,1,2,0
11B222,20,40165,2,1,0,1,31,224,2,66,0,,7,1,2,2,2,2,2,2,0,0,0,0,0,0,0,0,0,0,0,0,0,0,0,0,0,0,0,0,0,0,0,0,0,0,0,0,0,0,0,0,0,0,0,0,0,0,0,0,0,0,0,0,0,0,0,5,2,2,2,2,2,2,2,0,2,0,2,0,0,0,0,15102,4,4,2,0,0,0,2,0,0,0
11B222,20,40165,4,1,0,1,31,224,1,38,4,3,1,1,1,2,2,2,2,1,0,0,0,0,0,0,0,0,0,0,0,0,0,0,0,0,0,0,0,0,0,0,0,0,0,0,0,0,0,0,0,0,0,0,0,0,0,0,0,0,0,10,2,0,2,3,2,0,2,2,2,2,2,2,2,0,2,0,1,2,1,1,2,7551,1,3,1,0,0,0,2,0,2,1
11A228,20,40195,2,1,0,3,31,224,1,29,4,3,1,1,2,2,2,2,1,2,0,0,0,0,0,0,0,0,0,0,0,0,0,0,0,0,0,0,0,0,0,0,0,0,0,0,0,0,0,0,0,0,0,0,0,0,0,0,0,0,0,30,1,3,2,3,2,0,2,2,2,1,2,2,2,0,1,1,1,2,1,2,1,30103,3,3,1,0,0,0,2,0,2,1
11A228,20,40195,4,1,0,2,31,224,2,52,2,6,7,1,1,1,2,2,2,2,1,5,2,2,1,2,2,2,3,500,2,1,1,0,0,0,0,0,0,0,0,0,0,0,0,0,0,0,0,0,0,0,0,0,0,0,0,0,0,0,0,10,2,0,2,3,1,0,2,2,2,2,2,1,1,2,1,1,1,2,1,2,2,40138,1,1,1,2,0,0,1,1,0,0
11A228,20,40195,3,1,0,1,31,224,1,39,3,3,1,1,1,1,2,1,2,2,2,4,2,2,2,1,2,2,2,0,2,1,1,0,0,0,0,0,0,0,0,0,0,0,0,0,0,0,0,1,2,1,1,1,2,1,3,15,2,1,1,20,1,5,4,3,2,0,1,1,1,1,2,2,2,0,2,0,1,2,1,1,1,20069,1,2,1,2,0,2,1,3,2,1
11A228,20,40195,1,1,0,1,31,224,1,45,7,4,1,1,2,2,2,2,2,1,0,0,0,0,0,0,0,0,0,0,0,0,0,0,0,0,0,0,0,0,0,0,0,0,0,0,0,0,0,0,0,0,0,0,0,0,0,0,0,0,0,15,2,0,2,3,2,0,2,2,2,2,2,2,1,2,1,3,1,2,1,3,2,40138,3,3,1,0,0,0,2,0,2,2
12B214,20,40228,4,1,0,3,31,224,2,66,6,3,8,1,1,2,2,1,2,1,0,0,0,0,0,0,0,0,0,0,0,0,0,0,0,0,0,0,0,0,0,0,0,0,0,0,0,0,0,1,3,1,1,1,1,2,1,0,1,2,1,20,2,0,2,3,2,0,2,2,2,2,2,2,2,0,2,0,1,2,1,1,2,15232,1,3,1,0,0,1,1,1,0,1
12B214,20,40228,1,1,0,1,31,224,2,25,7,4,1,1,1,1,2,2,2,1,15,1,2,1,1,1,2,2,1,0,1,2,1,0,0,0,0,0,0,0,0,0,0,0,0,0,0,0,0,0,0,0,0,0,0,0,0,0,0,0,0,30,2,0,3,3,1,0,2,2,2,2,2,1,1,1,1,3,1,1,1,1,1,22847,1,2,1,1,0,0,1,15,2,2
12B222,20,40258,3,1,0,4,31,224,1,23,7,5,6,1,1,2,1,2,1,1,0,0,0,0,0,0,0,0,0,0,0,0,0,1,2,2,2,2,2,2,1,2,2,2,1,0,1,2,2,0,0,0,0,0,0,0,0,0,0,0,0,60,2,0,3,3,2,0,2,2,1,2,2,1,1,1,1,2,1,2,1,2,2,27025,1,3,1,0,1,0,1,1,1,2
12B222,20,40258,2,1,0,2,31,224,2,43,4,3,1,1,1,1,2,2,2,1,2,3,2,2,1,2,2,2,2,0,2,1,1,0,0,0,0,0,0,0,0,0,0,0,0,0,0,0,0,0,0,0,0,0,0,0,0,0,0,0,0,20,2,0,2,3,1,0,2,1,2,2,1,1,1,1,1,1,1,1,1,1,1,16215,1,2,1,2,0,0,1,2,2,1
11B215,20,40328,1,1,0,2,31,224,2,48,6,2,1,1,1,2,2,2,2,1,0,0,0,0,0,0,0,0,0,0,0,0,0,0,0,0,0,0,0,0,0,0,0,0,0,0,0,0,0,0,0,0,0,0,0,0,0,0,0,0,0,15,2,0,1,3,2,0,2,2,2,2,2,2,2,0,2,0,1,1,1,1,1,27305,1,3,1,0,0,0,2,0,2,1
11B215,20,40328,2,1,0,1,31,224,2,58,2,6,1,1,2,2,2,2,2,2,0,0,0,0,0,0,0,0,0,0,0,0,0,0,0,0,0,0,0,0,0,0,0,0,0,0,0,0,0,0,0,0,0,0,0,0,0,0,0,0,0,0,0,0,0,0,0,5,2,2,2,2,2,1,2,0,2,0,1,2,1,1,2,18203,4,4,2,0,0,0,2,0,2,0
11B215,20,40328,3,1,0,1,31,224,2,52,3,2,7,1,1,1,2,2,2,2,1,4,2,2,2,1,2,2,2,0,2,1,1,0,0,0,0,0,0,0,0,0,0,0,0,0,0,0,0,0,0,0,0,0,0,0,0,0,0,0,0,60,1,7,2,1,2,0,1,1,1,2,2,1,2,0,2,0,1,1,1,1,1,9102,1,1,1,2,0,0,1,1,0,1
11B215,20,40358,3,1,0,2,31,224,2,44,8,2,1,1,1,2,1,2,2,1,0,0,0,0,0,0,0,0,0,0,0,0,0,3,1,2,2,1,2,2,2,1,2,2,1,0,1,2,2,0,0,0,0,0,0,0,0,0,0,0,0,30,1,6,3,3,1,0,2,2,1,2,1,1,2,0,1,1,1,1,1,1,1,11936,1,3,1,0,1,0,1,3,2,2
11B215,20,40358,1,1,0,2,31,224,2,26,4,2,1,1,2,2,1,2,2,1,0,0,0,0,0,0,0,0,0,0,0,0,0,1,4,2,2,2,2,2,1,2,2,2,3,50,2,1,1,0,0,0,0,0,0,0,0,0,0,0,0,60,2,0,2,3,2,0,2,2,2,2,2,2,2,0,1,5,1,1,1,1,1,5969,3,3,1,0,2,0,1,1,2,1
11B215,20,40358,2,1,0,2,31,224,1,30,2,6,1,1,1,1,1,2,2,1,3,4,2,2,1,1,1,2,2,0,2,1,1,6,4,1,2,2,2,2,1,2,1,2,2,0,2,1,2,0,0,0,0,0,0,0,0,0,0,0,0,30,2,0,3,2,2,0,2,2,2,2,2,2,2,0,2,0,1,1,1,1,1,17905,1,2,1,2,2,0,1,9,2,0
13B215,21,40008,3,1,0,3,4,224,2,73,3,3,8,1,2,1,2,2,2,2,1,5,2,2,1,2,2,2,2,0,2,1,1,0,0,0,0,0,0,0,0,0,0,0,0,0,0,0,0,0,0,0,0,0,0,0,0,0,0,0,0,30,2,0,2,3,2,0,2,2,2,2,2,1,1,1,1,2,1,1,1,1,1,9131,3,1,1,2,0,0,1,1,0,1
13B215,21,40008,2,1,0,1,4,224,1,39,7,5,1,1,1,1,2,2,2,1,2,4,2,2,2,2,1,2,2,0,2,1,1,0,0,0,0,0,0,0,0,0,0,0,0,0,0,0,0,0,0,0,0,0,0,0,0,0,0,0,0,40,2,0,3,3,2,0,2,2,2,2,2,1,1,1,1,2,1,1,1,1,1,9131,1,2,1,2,0,0,1,2,2,2
13B215,21,40008,4,1,0,1,4,224,2,22,7,1,6,1,1,1,1,2,2,1,5,2,2,1,2,2,2,2,2,0,2,1,1,3,3,2,2,2,2,2,2,1,2,2,2,0,2,1,1,0,0,0,0,0,0,0,0,0,0,0,0,90,2,0,2,3,1,0,1,2,1,1,2,1,1,2,1,3,1,1,1,1,1,9131,1,2,1,2,2,0,1,8,1,2
11B213,21,40048,1,1,0,1,4,224,2,67,2,1,1,1,2,2,2,2,2,2,0,0,0,0,0,0,0,0,0,0,0,0,0,0,0,0,0,0,0,0,0,0,0,0,0,0,0,0,0,0,0,0,0,0,0,0,0,0,0,0,0,0,0,0,0,0,0,1,2,2,2,2,2,2,2,0,2,0,1,2,2,2,2,7106,4,4,2,0,0,0,2,0,2,0
11B213,21,40048,3,1,1,1,4,224,2,49,3,3,7,1,1,1,2,2,2,1,1,3,2,2,2,1,2,2,1,0,1,2,1,0,0,0,0,0,0,0,0,0,0,0,0,0,0,0,0,0,0,0,0,0,0,0,0,0,0,0,0,45,2,0,3,3,1,0,2,2,2,2,1,1,1,1,1,4,1,1,1,1,1,7106,1,2,1,1,0,0,1,1,0,1
11B213,21,40048,2,1,0,2,4,224,2,40,7,5,1,1,1,2,2,2,2,1,0,0,0,0,0,0,0,0,0,0,0,0,0,0,0,0,0,0,0,0,0,0,0,0,0,0,0,0,0,0,0,0,0,0,0,0,0,0,0,0,0,30,1,6,2,2,2,0,2,2,2,2,2,2,2,0,2,0,1,2,2,1,2,7106,1,3,1,0,0,0,2,0,2,2
11B213,21,40048,4,1,1,2,4,224,2,41,3,3,1,1,2,2,2,2,2,2,0,0,0,0,0,0,0,0,0,0,0,0,0,0,0,0,0,0,0,0,0,0,0,0,0,0,0,0,0,0,0,0,0,0,0,0,0,0,0,0,0,0,0,0,0,0,0,3,2,2,2,2,2,2,2,0,2,0,1,2,2,2,2,14212,4,4,2,0,0,0,2,0,2,1
12A227,21,40086,4,1,0,1,4,224,1,19,7,1,6,1,2,1,2,2,2,2,1,2,2,1,2,2,2,2,2,0,2,1,1,0,0,0,0,0,0,0,0,0,0,0,0,0,0,0,0,0,0,0,0,0,0,0,0,0,0,0,0,15,2,0,3,3,1,0,1,2,1,1,1,1,1,2,1,1,1,1,1,1,2,12536,3,1,1,2,0,0,1,1,1,2
12A227,21,40086,3,1,0,3,4,224,2,27,7,5,6,1,2,2,2,2,2,1,0,0,0,0,0,0,0,0,0,0,0,0,0,0,0,0,0,0,0,0,0,0,0,0,0,0,0,0,0,0,0,0,0,0,0,0,0,0,0,0,0,60,1,1,2,3,1,0,1,2,2,1,1,1,1,2,1,5,1,1,1,1,1,50143,3,3,1,0,0,0,2,0,1,2
12A227,21,40086,1,1,0,2,4,224,1,31,4,3,4,1,1,1,1,2,2,1,1,4,2,2,1,2,2,2,2,0,2,1,1,3,4,2,1,2,2,2,2,2,1,2,2,0,2,1,1,0,0,0,0,0,0,0,0,0,0,0,0,20,2,0,3,3,1,0,2,2,2,2,2,2,1,2,1,1,1,2,1,2,2,37607,1,2,1,2,2,0,1,4,1,1
12A227,21,40086,2,1,0,1,4,224,1,42,7,3,1,1,1,2,2,1,2,1,0,0,0,0,0,0,0,0,0,0,0,0,0,0,0,0,0,0,0,0,0,0,0,0,0,0,0,0,0,4,4,2,1,1,1,2,3,50,2,1,1,60,1,5,2,4,2,0,1,2,2,1,1,1,1,2,1,1,1,1,1,1,1,25072,1,3,1,0,0,2,1,4,2,2
12B221,21,40093,3,1,0,1,4,224,2,24,4,3,1,1,2,2,2,2,2,2,0,0,0,0,0,0,0,0,0,0,0,0,0,0,0,0,0,0,0,0,0,0,0,0,0,0,0,0,0,0,0,0,0,0,0,0,0,0,0,0,0,0,0,0,0,0,0,3,2,2,2,2,2,2,2,0,2,0,1,2,1,1,2,7997,4,4,2,0,0,0,2,0,2,1
12B221,21,40093,4,1,0,1,4,224,2,36,7,2,1,1,1,2,1,2,2,1,0,0,0,0,0,0,0,0,0,0,0,0,0,2,4,2,1,2,2,2,2,2,2,2,1,0,1,2,1,0,0,0,0,0,0,0,0,0,0,0,0,15,2,0,3,4,2,0,2,2,2,2,2,2,2,0,2,0,1,1,2,2,2,7997,1,3,1,0,1,0,1,2,2,2
12B221,21,40093,2,1,0,3,4,224,2,29,6,5,1,1,1,1,2,2,2,1,3,4,2,2,2,2,1,2,3,1200,2,1,2,0,0,0,0,0,0,0,0,0,0,0,0,0,0,0,0,0,0,0,0,0,0,0,0,0,0,0,0,30,1,2,2,3,2,0,1,2,2,1,2,2,1,2,2,0,1,1,1,1,1,23990,1,2,1,2,0,0,1,3,2,1
12B221,21,40093,1,1,0,1,4,224,1,52,7,5,1,1,1,2,2,2,2,2,0,0,0,0,0,0,0,0,0,0,0,0,0,0,0,0,0,0,0,0,0,0,0,0,0,0,0,0,0,0,0,0,0,0,0,0,0,0,0,0,0,0,0,0,0,0,0,3,2,2,2,2,2,2,2,0,2,0,1,1,1,1,2,15993,2,4,2,0,0,0,2,0,2,2
11B222,21,40100,4,1,0,1,4,224,2,39,3,3,1,1,1,1,2,2,2,2,2,4,2,2,2,2,1,2,2,0,2,1,1,0,0,0,0,0,0,0,0,0,0,0,0,0,0,0,0,0,0,0,0,0,0,0,0,0,0,0,0,45,2,0,2,3,2,0,2,2,2,2,2,1,1,1,1,1,1,1,1,1,1,19371,1,1,1,2,0,0,1,2,2,1
11B222,21,40100,2,1,0,4,4,224,1,22,4,3,1,1,2,2,1,2,2,2,0,0,0,0,0,0,0,0,0,0,0,0,0,2,3,1,2,2,2,2,2,2,2,2,2,0,2,1,1,0,0,0,0,0,0,0,0,0,0,0,0,15,2,0,2,3,2,0,2,2,2,2,2,1,2,0,1,1,1,1,1,1,1,48427,3,3,1,0,2,0,1,2,2,1
11B222,21,40100,3,1,0,1,4,224,2,72,2,6,7,1,1,1,2,2,2,2,1,5,2,2,1,2,2,2,2,0,2,1,1,0,0,0,0,0,0,0,0,0,0,0,0,0,0,0,0,0,0,0,0,0,0,0,0,0,0,0,0,10,2,0,1,1,2,0,2,2,2,2,2,2,2,0,2,0,2,0,0,0,0,9685,1,1,1,2,0,0,1,1,0,0
11B222,21,40100,1,1,0,5,4,224,2,29,7,5,1,1,1,1,2,2,2,1,2,4,2,2,2,1,2,2,2,0,2,1,1,0,0,0,0,0,0,0,0,0,0,0,0,0,0,0,0,0,0,0,0,0,0,0,0,0,0,0,0,20,2,0,2,2,1,0,2,1,2,2,1,2,2,0,1,1,1,1,1,1,1,48427,1,2,1,2,0,0,1,2,2,2
11B216,21,40152,4,1,0,1,4,224,1,83,2,3,8,1,1,1,2,2,2,2,1,3,2,2,2,2,1,2,2,0,2,1,1,0,0,0,0,0,0,0,0,0,0,0,0,0,0,0,0,0,0,0,0,0,0,0,0,0,0,0,0,40,2,0,2,3,2,0,2,2,2,2,2,2,2,0,2,0,1,2,2,2,2,8304,1,1,1,2,0,0,1,1,0,0
11B216,21,40152,3,1,0,2,4,224,2,28,4,3,7,1,2,2,2,2,2,2,0,0,0,0,0,0,0,0,0,0,0,0,0,0,0,0,0,0,0,0,0,0,0,0,0,0,0,0,0,0,0,0,0,0,0,0,0,0,0,0,0,0,0,0,0,0,0,3,2,2,2,2,2,2,2,0,1,1,1,1,1,1,1,16609,4,4,2,0,0,0,2,0,0,1
11B216,21,40152,1,1,0,2,4,224,2,52,3,3,7,1,1,1,2,2,2,2,1,5,2,2,1,2,2,2,2,0,2,1,1,0,0,0,0,0,0,0,0,0,0,0,0,0,0,0,0,0,0,0,0,0,0,0,0,0,0,0,0,30,2,0,2,3,2,0,2,2,2,2,2,1,1,1,1,1,1,1,1,1,1,33218,1,1,1,2,0,0,1,1,0,1
11B216,21,40152,2,1,0,1,4,224,2,62,7,5,8,1,2,2,2,2,2,2,0,0,0,0,0,0,0,0,0,0,0,0,0,0,0,0,0,0,0,0,0,0,0,0,0,0,0,0,0,0,0,0,0,0,0,0,0,0,0,0,0,0,0,0,0,0,0,1,2,2,2,2,2,2,2,0,1,1,1,1,1,1,1,16609,4,4,2,0,0,0,2,0,0,2
11A227,21,40179,2,1,0,1,4,224,1,32,7,5,1,1,1,1,1,1,2,1,2,4,2,1,2,1,2,2,2,0,1,1,1,3,4,2,2,2,2,2,2,1,2,2,3,45,2,1,1,4,4,1,1,2,2,2,1,0,1,2,1,20,2,0,3,3,1,0,2,2,2,1,1,1,1,2,1,1,1,2,1,1,2,19639,1,2,1,3,2,1,1,9,2,2
11A227,21,40179,3,1,0,1,4,224,2,30,7,5,1,1,2,2,2,2,2,2,0,0,0,0,0,0,0,0,0,0,0,0,0,0,0,0,0,0,0,0,0,0,0,0,0,0,0,0,0,0,0,0,0,0,0,0,0,0,0,0,0,0,0,0,0,0,0,3,2,2,2,2,2,2,2,0,2,0,1,2,2,2,2,9820,4,4,2,0,0,0,2,0,2,2
11A227,21,40179,4,1,0,3,4,224,2,35,6,3,1,1,1,2,1,2,2,2,0,0,0,0,0,0,0,0,0,0,0,0,0,1,4,2,2,2,2,1,2,2,2,2,2,0,2,1,1,0,0,0,0,0,0,0,0,0,0,0,0,10,2,0,4,2,2,0,2,2,2,2,2,2,2,0,1,1,1,1,1,1,2,29458,1,3,1,0,2,0,1,1,2,1
13B213,21,40187,3,1,0,2,4,224,1,50,3,3,8,1,1,1,1,2,2,1,1,4,2,2,2,2,1,2,2,0,2,1,1,4,4,2,2,2,2,2,2,1,2,2,2,0,2,1,1,0,0,0,0,0,0,0,0,0,0,0,0,60,2,0,2,3,2,0,2,2,2,2,2,1,1,2,1,1,1,1,1,1,1,38980,1,2,1,2,2,0,1,5,0,1
13B213,21,40187,1,1,0,1,4,224,2,51,7,4,1,1,1,1,1,2,2,1,1,4,2,2,2,1,2,2,2,0,2,1,1,2,3,2,2,2,2,2,2,1,2,2,3,80,2,1,2,0,0,0,0,0,0,0,0,0,0,0,0,30,2,0,2,3,2,0,1,2,2,2,2,1,1,2,1,2,1,1,1,1,1,9745,1,2,1,2,2,0,1,3,2,2
13B213,21,40187,2,1,0,1,4,224,1,56,4,3,1,1,2,2,2,2,2,1,0,0,0,0,0,0,0,0,0,0,0,0,0,0,0,0,0,0,0,0,0,0,0,0,0,0,0,0,0,0,0,0,0,0,0,0,0,0,0,0,0,40,2,0,3,3,2,0,2,2,2,2,2,1,1,1,1,2,1,1,1,1,1,29235,3,3,1,0,0,0,2,0,2,1
13B213,21,40187,4,1,0,1,4,224,2,53,3,3,1,1,1,1,2,2,2,1,2,3,2,2,2,2,1,2,2,0,2,1,1,0,0,0,0,0,0,0,0,0,0,0,0,0,0,0,0,0,0,0,0,0,0,0,0,0,0,0,0,45,2,0,3,3,2,0,2,2,2,2,1,1,1,1,1,2,1,1,1,1,1,9745,1,2,1,2,0,0,1,2,2,1
11B221,21,40193,3,1,0,1,4,224,1,46,7,5,1,1,1,1,1,1,2,1,5,4,1,2,2,1,1,2,3,500,2,1,1,25,4,2,1,2,2,2,1,1,2,2,1,0,1,2,4,3,3,1,2,1,2,2,1,0,1,2,2,120,2,0,4,4,1,0,2,2,1,1,1,1,1,1,1,5,1,1,1,1,1,27087,1,2,1,2,1,1,1,33,2,2
11B221,21,40193,4,1,0,2,4,224,2,51,6,2,1,1,1,1,2,2,2,2,3,5,2,2,1,2,2,2,3,300,2,1,1,0,0,0,0,0,0,0,0,0,0,0,0,0,0,0,0,0,0,0,0,0,0,0,0,0,0,0,0,60,2,0,2,3,1,0,2,2,1,1,2,2,2,0,2,0,1,2,2,2,2,54175,1,1,1,2,0,0,1,3,2,1
11B221,21,40193,2,1,0,4,4,224,1,18,4,2,6,1,1,1,2,2,1,2,5,2,2,1,2,1,2,2,3,600,2,1,1,0,0,0,0,0,0,0,0,0,0,0,0,0,0,0,0,0,0,0,0,0,0,0,0,0,0,0,0,30,2,0,2,4,2,0,1,2,2,1,1,1,2,0,1,1,1,1,1,1,1,54175,1,2,1,2,0,0,1,5,1,1
11B221,21,40193,1,1,0,1,4,224,1,43,2,6,1,1,2,2,2,2,2,2,0,0,0,0,0,0,0,0,0,0,0,0,0,0,0,0,0,0,0,0,0,0,0,0,0,0,0,0,0,0,0,0,0,0,0,0,0,0,0,0,0,0,0,0,0,0,0,1,2,2,2,2,2,2,2,0,2,0,1,3,1,3,2,27087,4,4,2,0,0,0,2,0,2,0
11B216,21,40202,3,1,0,2,4,224,2,25,3,3,7,1,2,2,2,2,2,1,0,0,0,0,0,0,0,0,0,0,0,0,0,0,0,0,0,0,0,0,0,0,0,0,0,0,0,0,0,0,0,0,0,0,0,0,0,0,0,0,0,20,2,0,2,3,2,0,2,2,1,2,2,1,1,2,1,1,1,1,1,1,1,17890,3,3,1,0,0,0,2,0,0,1
11B216,21,40202,1,1,0,1,4,224,1,55,4,3,1,1,1,1,2,2,2,2,1,5,2,2,1,2,2,2,2,0,2,1,1,0,0,0,0,0,0,0,0,0,0,0,0,0,0,0,0,0,0,0,0,0,0,0,0,0,0,0,0,40,2,0,3,3,1,0,2,2,2,2,2,2,2,0,2,0,1,1,1,2,2,26836,1,1,1,2,0,0,1,1,2,1
11B216,21,40202,4,1,0,1,4,224,1,63,2,6,1,1,2,2,2,2,2,2,0,0,0,0,0,0,0,0,0,0,0,0,0,0,0,0,0,0,0,0,0,0,0,0,0,0,0,0,0,0,0,0,0,0,0,0,0,0,0,0,0,0,0,0,0,0,0,3,2,2,2,2,2,2,2,0,2,0,1,2,2,2,2,26836,4,4,2,0,0,0,2,0,2,0
12B214,21,40278,2,1,0,2,4,224,2,55,7,5,1,1,2,1,2,2,2,2,1,3,2,2,2,2,1,2,2,0,2,1,1,0,0,0,0,0,0,0,0,0,0,0,0,0,0,0,0,0,0,0,0,0,0,0,0,0,0,0,0,45,2,0,2,3,2,0,2,2,2,2,1,1,1,1,1,2,1,1,1,1,1,23941,3,1,1,2,0,0,1,1,2,2
12B214,21,40278,1,1,0,2,4,224,2,21,7,2,6,1,1,1,1,2,2,1,6,2,2,1,2,2,2,2,2,0,2,1,1,4,2,2,2,2,2,2,1,2,2,2,2,0,2,1,1,0,0,0,0,0,0,0,0,0,0,0,0,90,2,0,3,3,1,0,2,2,1,1,2,1,1,2,1,2,1,1,1,1,1,11971,1,2,1,2,2,0,1,10,1,2
11B214,21,40284,2,1,0,2,4,224,2,49,3,3,7,1,1,1,2,2,2,2,20,5,2,1,2,2,2,2,1,0,1,2,1,0,0,0,0,0,0,0,0,0,0,0,0,0,0,0,0,0,0,0,0,0,0,0,0,0,0,0,0,20,2,0,2,2,2,0,2,2,2,2,2,2,2,0,2,0,1,2,2,3,3,25454,1,1,1,1,0,0,1,20,0,1
11B214,21,40284,1,1,0,3,4,224,1,21,4,3,6,1,2,1,2,2,2,1,1,2,2,1,2,2,2,2,2,0,2,1,3,0,0,0,0,0,0,0,0,0,0,0,0,0,0,0,0,0,0,0,0,0,0,0,0,0,0,0,0,30,1,5,2,3,1,0,2,1,1,1,1,1,2,0,1,2,1,2,2,2,2,50908,3,2,1,2,0,0,1,1,1,1
11B214,21,40284,3,1,1,1,4,224,1,37,4,3,1,1,1,2,2,2,2,1,0,0,0,0,0,0,0,0,0,0,0,0,0,0,0,0,0,0,0,0,0,0,0,0,0,0,0,0,0,0,0,0,0,0,0,0,0,0,0,0,0,120,2,0,4,2,1,0,1,2,1,1,2,1,1,2,2,0,1,2,1,2,2,25454,1,3,1,0,0,0,2,0,2,1
11B214,21,40284,4,1,0,1,4,224,1,31,3,3,1,1,2,2,2,2,2,2,0,0,0,0,0,0,0,0,0,0,0,0,0,0,0,0,0,0,0,0,0,0,0,0,0,0,0,0,0,0,0,0,0,0,0,0,0,0,0,0,0,0,0,0,0,0,0,3,2,2,2,2,2,2,2,0,2,0,1,2,2,1,2,25454,4,4,2,0,0,0,2,0,2,1
13A228,21,40323,3,1,0,1,4,224,1,39,7,5,1,1,1,1,1,2,2,1,8,3,2,1,2,2,1,2,3,2000,2,1,1,1,3,2,1,2,2,2,2,2,2,2,2,0,2,1,3,0,0,0,0,0,0,0,0,0,0,0,0,120,2,0,4,3,2,0,1,2,2,1,1,1,2,0,1,5,1,1,1,1,1,17504,1,2,1,2,2,0,1,9,2,2
13A228,21,40323,1,1,0,2,4,224,1,38,4,3,1,1,2,2,2,2,2,2,0,0,0,0,0,0,0,0,0,0,0,0,0,0,0,0,0,0,0,0,0,0,0,0,0,0,0,0,0,0,0,0,0,0,0,0,0,0,0,0,0,0,0,0,0,0,0,3,2,2,2,2,2,2,2,0,2,0,1,1,1,1,2,26257,4,4,2,0,0,0,2,0,2,1
13A228,21,40323,4,1,0,1,4,224,2,27,7,5,1,1,1,1,2,2,2,1,4,3,2,2,2,2,1,2,3,3000,2,1,1,0,0,0,0,0,0,0,0,0,0,0,0,0,0,0,0,0,0,0,0,0,0,0,0,0,0,0,0,60,2,0,3,2,1,0,2,2,1,1,2,1,1,2,1,5,1,1,1,1,1,8752,1,2,1,2,0,0,1,4,2,2
12B222,21,40324,4,1,0,2,4,224,2,70,7,5,8,1,1,2,2,2,2,1,0,0,0,0,0,0,0,0,0,0,0,0,0,0,0,0,0,0,0,0,0,0,0,0,0,0,0,0,0,0,0,0,0,0,0,0,0,0,0,0,0,30,2,0,1,2,1,0,2,2,2,2,2,1,2,0,1,4,1,2,2,2,2,14470,1,3,1,0,0,0,2,0,0,2
12B222,21,40324,3,1,0,1,4,224,1,60,8,2,8,1,1,2,2,2,2,1,0,0,0,0,0,0,0,0,0,0,0,0,0,0,0,0,0,0,0,0,0,0,0,0,0,0,0,0,0,0,0,0,0,0,0,0,0,0,0,0,0,30,2,0,3,4,1,0,2,2,2,2,2,1,2,0,2,0,1,1,1,1,1,14470,1,3,1,0,0,0,2,0,0,2
11A228,21,40411,2,1,0,3,4,224,1,18,3,3,1,1,2,2,2,2,2,2,0,0,0,0,0,0,0,0,0,0,0,0,0,0,0,0,0,0,0,0,0,0,0,0,0,0,0,0,0,0,0,0,0,0,0,0,0,0,0,0,0,0,0,0,0,0,0,3,2,2,2,2,2,2,2,0,3,0,1,1,1,3,2,37460,4,4,2,0,0,0,2,0,2,1
11A228,21,40411,1,1,0,1,4,224,2,48,3,3,1,1,2,2,2,2,2,2,0,0,0,0,0,0,0,0,0,0,0,0,0,0,0,0,0,0,0,0,0,0,0,0,0,0,0,0,0,0,0,0,0,0,0,0,0,0,0,0,0,0,0,0,0,0,0,3,2,2,2,2,2,2,2,0,1,1,1,2,2,3,3,37460,4,4,2,0,0,0,2,0,2,1
11A228,21,40411,3,1,0,1,4,224,2,50,4,3,7,1,1,1,2,2,2,2,1,5,2,2,1,2,2,2,3,430,2,1,1,0,0,0,0,0,0,0,0,0,0,0,0,0,0,0,0,0,0,0,0,0,0,0,0,0,0,0,0,60,2,0,2,3,1,0,2,2,2,1,1,2,2,0,2,0,1,1,1,1,1,24973,1,1,1,2,0,0,1,1,0,1
11A228,21,40411,4,1,0,2,4,224,1,24,7,5,1,1,1,2,2,2,2,1,0,0,0,0,0,0,0,0,0,0,0,0,0,0,0,0,0,0,0,0,0,0,0,0,0,0,0,0,0,0,0,0,0,0,0,0,0,0,0,0,0,60,2,0,3,3,1,0,2,2,2,2,2,1,1,2,1,1,1,1,1,1,1,24973,1,3,1,0,0,0,2,0,2,2
12B215,21,40419,1,1,0,2,4,224,2,26,7,2,6,1,1,1,2,2,2,1,5,2,2,1,2,2,2,2,2,0,2,1,3,0,0,0,0,0,0,0,0,0,0,0,0,0,0,0,0,0,0,0,0,0,0,0,0,0,0,0,0,60,2,0,2,3,2,0,2,2,1,1,2,1,1,1,1,2,1,1,1,1,1,14043,1,2,1,2,0,0,1,5,1,2
12B215,21,40419,3,1,0,1,4,224,1,35,7,5,1,1,1,1,2,2,2,1,1,3,2,2,2,2,1,2,2,0,2,1,1,0,0,0,0,0,0,0,0,0,0,0,0,0,0,0,0,0,0,0,0,0,0,0,0,0,0,0,0,50,2,0,2,3,2,0,2,2,2,2,2,1,2,0,1,1,1,1,1,1,1,21065,1,2,1,2,0,0,1,1,2,2
12B215,21,40419,4,1,0,1,4,224,2,55,7,5,1,1,1,1,2,2,2,2,1,3,2,2,2,2,1,2,2,0,2,1,1,0,0,0,0,0,0,0,0,0,0,0,0,0,0,0,0,0,0,0,0,0,0,0,0,0,0,0,0,90,2,0,2,3,2,0,2,2,2,2,2,1,2,0,1,1,1,1,1,3,3,14043,1,1,1,2,0,0,1,1,2,2
13A227,22,40027,1,1,0,1,36,224,1,56,4,3,1,1,2,2,2,2,2,1,0,0,0,0,0,0,0,0,0,0,0,0,0,0,0,0,0,0,0,0,0,0,0,0,0,0,0,0,0,0,0,0,0,0,0,0,0,0,0,0,0,20,2,0,3,3,2,0,2,2,2,2,1,1,2,0,1,1,1,2,1,1,2,29857,3,3,1,0,0,0,2,0,2,1
13A227,22,40027,4,1,0,1,36,224,2,35,7,4,1,1,1,2,2,1,2,1,0,0,0,0,0,0,0,0,0,0,0,0,0,0,0,0,0,0,0,0,0,0,0,0,0,0,0,0,0,2,3,1,2,1,2,2,1,0,1,2,1,30,2,0,2,3,1,0,1,2,2,1,1,1,1,1,1,5,1,1,1,1,1,19904,1,3,1,0,0,1,1,2,2,2
13A227,22,40027,2,1,0,1,36,224,2,40,8,2,1,1,1,1,1,1,2,1,1,4,2,2,2,1,2,2,1,0,1,2,1,3,4,2,2,2,2,2,1,2,2,2,1,0,1,2,1,1,4,1,1,1,1,1,3,20,2,1,1,20,2,0,4,4,1,0,1,1,1,1,1,1,1,2,1,3,1,1,1,1,1,9953,1,2,1,1,1,2,1,5,2,2
12B222,22,40036,1,1,0,1,36,224,1,53,4,3,1,1,1,1,2,2,1,2,6,2,2,1,2,2,1,2,1,0,1,2,1,0,0,0,0,0,0,0,0,0,0,0,0,0,0,0,0,0,0,0,0,0,0,0,0,0,0,0,0,60,1,5,3,4,1,0,1,1,1,1,1,1,1,2,1,3,1,1,1,1,1,10487,1,2,1,1,0,0,1,6,2,1
12B222,22,40036,2,1,0,1,36,224,1,51,4,3,1,1,1,1,2,2,2,2,1,3,2,2,2,1,2,2,2,0,2,1,1,0,0,0,0,0,0,0,0,0,0,0,0,0,0,0,0,0,0,0,0,0,0,0,0,0,0,0,0,20,2,0,3,4,1,0,2,2,2,2,2,2,2,0,1,1,1,2,2,2,2,5243,1,1,1,2,0,0,1,1,2,1
12B222,22,40036,3,1,0,4,36,224,1,27,4,3,1,1,1,1,1,2,2,2,2,2,2,1,2,2,2,2,2,0,2,1,2,1,4,2,2,2,2,2,2,2,1,2,2,0,2,1,1,0,0,0,0,0,0,0,0,0,0,0,0,30,2,0,2,1,1,0,2,2,2,2,2,2,1,2,2,0,1,2,1,1,2,26217,1,2,1,2,2,0,1,3,2,1
12B213,22,40101,2,1,0,1,36,224,2,51,7,5,1,1,1,1,2,2,2,1,1,1,2,1,2,2,2,2,2,0,2,1,1,0,0,0,0,0,0,0,0,0,0,0,0,0,0,0,0,0,0,0,0,0,0,0,0,0,0,0,0,30,2,0,4,3,2,0,2,2,2,2,2,1,1,1,1,6,1,1,1,1,1,7521,1,2,1,2,0,0,1,1,2,2
12B213,22,40101,3,1,0,5,36,224,1,20,4,3,6,1,2,1,2,2,2,2,2,2,2,1,2,2,2,2,2,0,2,1,2,0,0,0,0,0,0,0,0,0,0,0,0,0,0,0,0,0,0,0,0,0,0,0,0,0,0,0,0,120,2,0,2,4,1,0,2,2,1,2,2,2,2,0,1,2,1,2,2,2,2,30085,3,1,1,2,0,0,1,2,1,1
12B213,22,40101,4,1,1,2,36,224,2,28,7,4,1,1,2,2,2,2,2,2,0,0,0,0,0,0,0,0,0,0,0,0,0,0,0,0,0,0,0,0,0,0,0,0,0,0,0,0,0,0,0,0,0,0,0,0,0,0,0,0,0,0,0,0,0,0,0,3,2,2,2,2,2,1,2,0,1,1,1,2,1,2,2,30085,4,4,2,0,0,0,2,0,2,2
12B213,22,40101,1,1,0,1,36,224,2,64,6,1,1,1,1,2,2,2,2,1,0,0,0,0,0,0,0,0,0,0,0,0,0,0,0,0,0,0,0,0,0,0,0,0,0,0,0,0,0,0,0,0,0,0,0,0,0,0,0,0,0,60,2,0,2,3,2,0,2,2,2,2,2,1,1,2,2,0,1,1,1,1,1,7521,1,3,1,0,0,0,2,0,2,1
13B221,22,40134,2,1,0,2,36,224,2,64,6,4,2,1,1,1,2,2,2,2,3,4,1,2,2,1,2,2,3,900,2,1,1,0,0,0,0,0,0,0,0,0,0,0,0,0,0,0,0,0,0,0,0,0,0,0,0,0,0,0,0,30,2,0,2,3,1,0,1,2,2,1,1,1,2,0,1,3,1,1,1,1,2,22313,1,1,1,2,0,0,1,3,1,1
13B221,22,40134,3,1,0,2,36,224,2,60,7,4,7,1,1,1,1,2,2,1,2,4,1,2,1,2,2,2,2,0,2,1,1,2,3,2,2,2,2,2,2,1,1,2,2,0,2,1,1,0,0,0,0,0,0,0,0,0,0,0,0,40,2,0,3,3,2,0,1,2,2,1,1,1,1,2,1,3,1,1,1,1,2,22313,1,2,1,2,2,0,1,4,0,2
13B221,22,40134,4,1,0,1,36,224,1,44,4,3,1,1,1,1,2,2,2,1,2,3,2,2,1,2,2,2,3,999999,2,1,1,0,0,0,0,0,0,0,0,0,0,0,0,0,0,0,0,0,0,0,0,0,0,0,0,0,0,0,0,40,2,0,3,4,2,0,2,2,2,2,2,1,2,0,1,2,1,3,2,1,1,11157,1,2,1,2,0,0,1,2,2,1
13B221,22,40134,1,1,0,1,36,224,2,60,8,3,1,1,1,1,2,2,2,1,4,3,2,2,1,2,1,2,3,999999,2,1,1,0,0,0,0,0,0,0,0,0,0,0,0,0,0,0,0,0,0,0,0,0,0,0,0,0,0,0,0,90,2,0,4,4,1,0,1,2,2,2,1,1,1,1,1,4,1,2,2,2,2,22313,1,2,1,2,0,0,1,4,2,2
11B213,22,40135,2,1,0,2,36,224,2,58,6,2,7,1,2,2,2,2,2,2,0,0,0,0,0,0,0,0,0,0,0,0,0,0,0,0,0,0,0,0,0,0,0,0,0,0,0,0,0,0,0,0,0,0,0,0,0,0,0,0,0,0,0,0,0,0,0,5,2,2,2,2,1,2,1,1,1,1,1,1,1,1,2,24632,4,4,2,0,0,0,2,0,0,1
11B213,22,40135,1,1,0,2,36,224,1,34,4,2,7,1,1,1,2,2,2,2,1,4,2,2,2,1,2,2,3,150,2,1,1,0,0,0,0,0,0,0,0,0,0,0,0,0,0,0,0,0,0,0,0,0,0,0,0,0,0,0,0,20,2,0,2,2,1,0,2,1,2,2,2,2,2,0,2,0,1,1,1,1,1,16421,1,1,1,2,0,0,1,1,0,1
12B216,22,40137,3,1,0,3,36,224,1,54,4,3,1,1,2,2,2,2,2,2,0,0,0,0,0,0,0,0,0,0,0,0,0,0,0,0,0,0,0,0,0,0,0,0,0,0,0,0,0,0,0,0,0,0,0,0,0,0,0,0,0,0,0,0,0,0,0,3,2,2,2,2,2,1,2,0,1,1,1,2,1,2,2,34331,4,4,2,0,0,0,2,0,2,1
12B216,22,40137,4,1,0,1,36,224,2,82,6,4,8,1,2,2,2,2,2,2,0,0,0,0,0,0,0,0,0,0,0,0,0,0,0,0,0,0,0,0,0,0,0,0,0,0,0,0,0,0,0,0,0,0,0,0,0,0,0,0,0,0,0,0,0,0,0,5,2,2,2,2,2,2,2,0,3,0,1,3,3,3,3,8583,4,4,2,0,0,0,2,0,0,1
12B216,22,40137,2,1,0,1,36,224,2,47,6,3,1,1,1,1,1,2,2,2,2,4,2,2,2,1,2,2,2,0,2,1,1,3,3,2,2,1,2,2,2,1,2,2,1,0,1,1,1,0,0,0,0,0,0,0,0,0,0,0,0,20,2,0,2,3,1,0,2,2,2,2,2,2,2,0,1,1,1,2,1,1,2,25748,1,2,1,2,3,0,1,5,2,1
12B216,22,40137,1,1,0,2,36,224,2,23,3,3,7,1,2,2,2,2,2,2,0,0,0,0,0,0,0,0,0,0,0,0,0,0,0,0,0,0,0,0,0,0,0,0,0,0,0,0,0,0,0,0,0,0,0,0,0,0,0,0,0,0,0,0,0,0,0,2,2,2,2,2,2,2,2,0,1,1,1,2,1,1,2,17165,4,4,2,0,0,0,2,0,0,1
11A227,22,40158,4,1,0,2,36,224,2,53,2,6,7,1,1,2,2,2,2,2,0,0,0,0,0,0,0,0,0,0,0,0,0,0,0,0,0,0,0,0,0,0,0,0,0,0,0,0,0,0,0,0,0,0,0,0,0,0,0,0,0,0,0,0,0,0,0,1,2,2,2,2,2,2,2,0,1,6,1,2,2,2,2,67677,2,4,2,0,0,0,2,0,0,0
11A227,22,40158,2,1,0,4,36,224,2,21,7,2,1,1,1,1,2,2,2,1,3,2,2,1,2,2,2,2,2,0,1,1,2,0,0,0,0,0,0,0,0,0,0,0,0,0,0,0,0,0,0,0,0,0,0,0,0,0,0,0,0,30,2,0,3,3,1,0,2,2,1,2,2,1,2,0,1,1,1,2,1,1,2,54141,1,2,1,3,0,0,1,3,2,2
11A227,22,40158,3,1,0,2,36,224,2,49,0,,1,1,2,2,2,2,2,2,0,0,0,0,0,0,0,0,0,0,0,0,0,0,0,0,0,0,0,0,0,0,0,0,0,0,0,0,0,0,0,0,0,0,0,0,0,0,0,0,0,0,0,0,0,0,0,3,2,2,2,2,2,2,2,0,2,0,1,2,2,2,2,27071,4,4,2,0,0,0,2,0,2,0
11A227,22,40158,1,1,0,1,36,224,1,40,3,3,1,1,2,2,2,2,2,2,0,0,0,0,0,0,0,0,0,0,0,0,0,0,0,0,0,0,0,0,0,0,0,0,0,0,0,0,0,0,0,0,0,0,0,0,0,0,0,0,0,0,0,0,0,0,0,4,2,2,2,2,2,2,2,0,1,1,1,2,2,2,2,13535,4,4,2,0,0,0,2,0,2,1
11B214,22,40162,3,1,0,2,36,224,2,23,3,3,7,1,2,2,2,2,2,2,0,0,0,0,0,0,0,0,0,0,0,0,0,0,0,0,0,0,0,0,0,0,0,0,0,0,0,0,0,0,0,0,0,0,0,0,0,0,0,0,0,0,0,0,0,0,0,1,2,2,2,2,2,2,1,2,1,1,2,0,0,0,0,41192,4,4,2,0,0,0,2,0,0,1
11B214,22,40162,1,1,0,1,36,224,1,29,4,3,1,1,1,2,2,1,2,2,0,0,0,0,0,0,0,0,0,0,0,0,0,0,0,0,0,0,0,0,0,0,0,0,0,0,0,0,0,1,3,2,1,1,2,2,2,0,2,1,1,30,2,0,4,4,1,0,2,2,2,2,1,2,2,0,1,2,1,1,2,2,2,20596,1,3,1,0,0,2,1,1,2,1
11B214,22,40162,4,1,0,2,36,224,2,54,2,6,7,1,1,2,1,1,2,2,0,0,0,0,0,0,0,0,0,0,0,0,0,2,4,2,2,2,2,1,2,1,2,2,2,0,2,1,1,1,3,1,2,2,2,2,3,10,2,1,1,60,2,0,4,4,2,0,2,2,2,2,2,2,2,0,2,0,1,2,2,2,2,41192,1,3,1,0,2,2,1,3,0,0
11B214,22,40162,2,1,2,1,36,224,2,30,4,3,1,1,2,2,2,2,2,2,0,0,0,0,0,0,0,0,0,0,0,0,0,0,0,0,0,0,0,0,0,0,0,0,0,0,0,0,0,0,0,0,0,0,0,0,0,0,0,0,0,0,0,0,0,0,0,1,2,2,2,2,2,2,2,0,1,1,1,1,2,2,2,10299,4,4,2,0,0,0,2,0,2,1
12A228,22,40254,2,1,0,4,36,224,1,32,7,5,1,1,1,1,1,2,2,1,8,4,2,2,2,1,1,2,3,1600,2,1,1,1,4,2,1,2,2,2,2,2,2,2,1,0,1,2,1,0,0,0,0,0,0,0,0,0,0,0,0,30,2,0,3,4,1,0,1,2,1,1,2,2,2,0,1,1,1,2,1,2,2,29748,1,2,1,2,1,0,1,9,2,2
12A228,22,40254,4,1,0,1,36,224,2,53,6,1,1,1,1,1,1,2,2,2,1,4,2,2,1,2,2,2,2,0,2,1,1,1,3,2,2,2,2,2,2,1,2,2,2,0,2,1,1,0,0,0,0,0,0,0,0,0,0,0,0,30,1,7,2,3,1,0,2,2,2,2,2,2,2,0,1,1,1,1,2,2,2,22311,1,2,1,2,2,0,1,2,2,1
12A228,22,40254,3,1,0,1,36,224,1,37,7,4,1,1,1,1,1,1,2,1,1,4,2,2,2,2,1,2,3,400,2,1,2,3,3,2,2,1,2,2,1,2,2,2,3,130,2,1,1,7,3,1,2,2,2,1,1,0,1,2,4,40,2,0,3,3,1,0,1,2,2,1,1,1,1,1,2,0,1,2,2,2,2,7437,1,2,1,2,2,1,1,11,2,2
12A228,22,40254,1,1,0,2,36,224,2,30,4,3,1,1,1,1,1,2,1,1,2,4,2,2,2,2,1,2,3,150,2,1,1,4,4,1,2,1,2,2,2,2,1,2,3,20,2,1,1,0,0,0,0,0,0,0,0,0,0,0,0,60,2,0,3,3,1,0,1,1,2,2,3,1,1,2,1,1,1,1,1,1,1,14874,1,2,1,2,2,0,1,6,2,1
13B214,22,40262,2,1,0,1,36,224,1,40,3,2,1,1,2,2,2,2,2,2,0,0,0,0,0,0,0,0,0,0,0,0,0,0,0,0,0,0,0,0,0,0,0,0,0,0,0,0,0,0,0,0,0,0,0,0,0,0,0,0,0,0,0,0,0,0,0,3,2,2,2,2,2,2,2,0,1,1,1,2,1,2,2,18822,4,4,2,0,0,0,2,0,2,1
13B214,22,40262,4,1,1,1,36,224,2,35,4,3,1,1,2,2,2,2,2,1,0,0,0,0,0,0,0,0,0,0,0,0,0,0,0,0,0,0,0,0,0,0,0,0,0,0,0,0,0,0,0,0,0,0,0,0,0,0,0,0,0,20,2,0,2,2,1,0,2,2,2,2,2,2,2,0,1,1,1,2,1,2,2,9412,3,3,1,0,0,0,2,0,2,1
13B214,22,40262,1,1,0,2,36,224,2,36,7,6,1,1,2,1,2,2,2,1,1,1,2,1,2,2,2,2,2,0,2,1,1,0,0,0,0,0,0,0,0,0,0,0,0,0,0,0,0,0,0,0,0,0,0,0,0,0,0,0,0,30,2,0,2,3,2,0,2,2,2,2,2,2,2,0,1,1,1,2,1,2,2,18822,3,2,1,2,0,0,1,1,2,2
13A228,22,40290,4,1,0,4,36,224,1,23,7,4,1,1,1,1,2,2,2,1,2,4,2,2,2,2,1,2,3,450,2,1,1,0,0,0,0,0,0,0,0,0,0,0,0,0,0,0,0,0,0,0,0,0,0,0,0,0,0,0,0,60,2,0,3,3,1,0,1,2,2,1,1,1,1,2,1,3,1,1,1,1,2,39613,1,2,1,2,0,0,1,2,2,2
13A228,22,40290,1,1,0,3,36,224,1,34,7,4,1,1,1,1,1,1,2,1,1,4,2,2,2,1,2,2,1,0,1,2,2,10,4,2,1,1,2,2,1,1,2,2,2,0,1,1,1,7,3,1,2,1,2,1,1,0,1,1,1,20,1,6,3,3,1,0,2,2,2,2,1,1,1,1,1,1,1,1,1,1,2,39613,1,2,1,1,3,3,1,18,2,2
12B215,22,40326,2,1,0,1,36,224,2,44,7,5,1,1,2,1,2,2,2,1,2,1,1,2,2,2,2,2,2,0,1,1,1,0,0,0,0,0,0,0,0,0,0,0,0,0,0,0,0,0,0,0,0,0,0,0,0,0,0,0,0,30,2,0,3,3,1,0,2,2,2,2,1,2,2,0,1,2,1,2,1,1,2,23419,3,2,1,3,0,0,1,2,2,2
12B215,22,40326,1,1,0,1,36,224,1,82,6,2,8,1,1,1,2,1,2,2,2,4,2,2,2,1,2,2,2,0,2,1,1,0,0,0,0,0,0,0,0,0,0,0,0,0,0,0,0,3,4,1,1,1,1,1,2,0,2,1,1,20,2,0,2,3,2,0,2,2,2,2,2,2,2,0,1,1,1,2,1,1,2,23419,1,2,1,2,0,2,1,5,0,1
12B215,22,40326,3,1,0,4,36,224,1,29,3,3,1,1,2,2,2,2,2,2,0,0,0,0,0,0,0,0,0,0,0,0,0,0,0,0,0,0,0,0,0,0,0,0,0,0,0,0,0,0,0,0,0,0,0,0,0,0,0,0,0,0,0,0,0,0,0,3,2,2,2,2,2,2,2,0,1,1,1,2,1,2,2,54643,4,4,2,0,0,0,2,0,2,1
12B215,22,40326,4,1,0,1,36,224,2,45,3,3,1,1,2,2,2,2,2,2,0,0,0,0,0,0,0,0,0,0,0,0,0,0,0,0,0,0,0,0,0,0,0,0,0,0,0,0,0,0,0,0,0,0,0,0,0,0,0,0,0,0,0,0,0,0,0,3,2,2,2,2,2,2,2,0,1,1,1,2,1,1,1,23419,4,4,2,0,0,0,2,0,2,1
11B213,23,40039,4,1,0,1,41,224,2,58,0,,1,1,2,2,2,2,2,2,0,0,0,0,0,0,0,0,0,0,0,0,0,0,0,0,0,0,0,0,0,0,0,0,0,0,0,0,0,0,0,0,0,0,0,0,0,0,0,0,0,0,0,0,0,0,0,5,2,2,2,2,2,2,2,0,2,0,2,0,0,0,0,13722,4,4,2,0,0,0,2,0,2,0
11B213,23,40039,1,1,0,2,41,224,2,30,3,3,7,1,1,2,1,1,2,2,0,0,0,0,0,0,0,0,0,0,0,0,0,2,4,2,2,2,2,1,2,2,2,2,2,0,2,1,1,3,3,2,2,2,1,1,2,0,2,1,1,30,2,0,2,2,2,0,2,2,2,2,2,2,2,0,2,0,1,1,1,2,2,13722,1,3,1,0,2,2,1,5,0,1
11B213,23,40039,3,1,1,1,41,224,1,55,3,3,1,1,1,1,2,2,2,2,1,5,2,2,1,2,2,2,2,0,2,1,1,0,0,0,0,0,0,0,0,0,0,0,0,0,0,0,0,0,0,0,0,0,0,0,0,0,0,0,0,30,2,0,2,2,2,0,2,2,2,2,2,2,2,0,2,0,1,1,1,2,2,13722,1,1,1,2,0,0,1,1,2,1
11B213,23,40039,2,1,0,1,41,224,2,36,4,3,1,1,1,1,2,1,2,1,1,3,2,2,2,2,1,2,2,0,2,1,2,0,0,0,0,0,0,0,0,0,0,0,0,0,0,0,0,3,4,1,1,1,1,2,2,0,2,1,2,25,2,0,2,3,2,0,2,2,2,2,2,1,2,0,1,1,1,1,1,1,2,6860,1,2,1,2,0,2,1,4,2,1
12B216,23,40041,4,1,0,1,41,224,1,77,7,2,8,1,1,1,1,2,2,2,2,4,2,1,2,2,2,2,2,0,2,1,1,1,4,1,2,2,2,2,2,2,2,2,2,0,2,1,1,0,0,0,0,0,0,0,0,0,0,0,0,30,2,0,2,2,2,0,2,2,2,2,1,1,2,0,1,5,1,1,1,1,1,8934,1,2,1,2,2,0,1,3,0,2
12B216,23,40041,3,1,0,1,41,224,1,28,7,4,1,1,2,1,2,2,2,1,1,4,2,2,2,1,2,2,3,400,1,2,1,0,0,0,0,0,0,0,0,0,0,0,0,0,0,0,0,0,0,0,0,0,0,0,0,0,0,0,0,30,1,4,2,2,2,0,2,2,2,2,2,2,2,0,1,1,1,1,1,1,2,8934,3,2,1,1,0,0,1,1,2,2
11A227,23,40092,1,1,0,1,41,224,1,49,3,3,1,1,1,1,2,2,2,1,1,3,2,2,2,2,1,2,3,400,2,1,1,0,0,0,0,0,0,0,0,0,0,0,0,0,0,0,0,0,0,0,0,0,0,0,0,0,0,0,0,10,2,0,4,4,1,0,2,1,2,2,1,1,2,0,2,0,1,1,1,1,1,4968,1,2,1,2,0,0,1,1,2,1
11A227,23,40092,2,1,0,2,41,224,2,40,4,3,1,1,2,2,1,2,2,2,0,0,0,0,0,0,0,0,0,0,0,0,0,1,4,2,2,2,1,2,2,2,2,2,2,0,2,1,2,0,0,0,0,0,0,0,0,0,0,0,0,15,2,0,2,3,2,0,2,2,2,2,1,1,2,0,2,0,1,1,1,2,2,9936,3,3,1,0,2,0,1,1,2,1
11A227,23,40092,3,1,0,2,41,224,2,39,4,3,7,1,2,2,1,2,2,2,0,0,0,0,0,0,0,0,0,0,0,0,0,2,5,2,2,2,2,1,2,2,2,2,2,0,2,1,1,0,0,0,0,0,0,0,0,0,0,0,0,20,2,0,2,3,2,0,2,2,2,2,2,2,2,0,2,0,1,1,1,2,2,14904,3,3,1,0,2,0,1,2,0,1
11A227,23,40092,4,1,0,3,41,224,1,20,4,3,1,1,2,2,1,2,2,2,0,0,0,0,0,0,0,0,0,0,0,0,0,3,4,2,2,2,2,2,2,2,1,2,2,0,2,1,2,0,0,0,0,0,0,0,0,0,0,0,0,20,2,0,2,3,2,0,2,2,2,2,3,3,3,0,3,0,1,1,1,1,2,14904,3,3,1,0,2,0,1,3,2,1
11B221,23,40131,4,1,0,1,41,224,1,60,6,4,1,1,1,1,2,1,2,1,2,4,2,2,2,2,1,2,2,0,2,1,2,0,0,0,0,0,0,0,0,0,0,0,0,0,0,0,0,1,4,1,1,2,2,1,2,0,2,1,2,15,1,6,2,3,1,0,1,2,1,1,2,2,2,0,1,1,1,1,1,1,1,7181,1,2,1,2,0,2,1,3,2,1
11B221,23,40131,3,1,0,1,41,224,1,68,2,2,1,1,2,1,1,2,2,2,1,5,2,2,1,2,2,2,2,0,2,1,1,10,5,2,2,2,2,1,2,2,2,2,2,0,2,1,1,0,0,0,0,0,0,0,0,0,0,0,0,10,2,0,1,3,1,0,2,2,2,2,2,2,2,0,2,0,1,2,1,1,1,17954,3,2,1,2,2,0,1,11,2,0
11B221,23,40131,1,1,0,1,41,224,1,33,2,6,1,1,2,2,2,1,2,2,0,0,0,0,0,0,0,0,0,0,0,0,0,0,0,0,0,0,0,0,0,0,0,0,0,0,0,0,0,2,4,2,1,2,2,1,2,0,2,1,2,10,2,0,2,2,2,0,2,2,2,2,2,2,2,0,2,0,1,2,1,1,2,3591,3,3,1,0,0,2,1,2,2,0
11B221,23,40131,2,1,0,1,41,224,1,18,4,3,1,1,2,2,2,2,2,1,0,0,0,0,0,0,0,0,0,0,0,0,0,0,0,0,0,0,0,0,0,0,0,0,0,0,0,0,0,0,0,0,0,0,0,0,0,0,0,0,0,30,2,0,2,2,2,0,2,2,2,2,2,1,1,2,1,1,1,1,1,1,1,3591,3,3,1,0,0,0,2,0,2,1
13B221,23,40135,2,1,0,1,41,224,1,25,7,4,1,1,2,2,1,1,2,2,0,0,0,0,0,0,0,0,0,0,0,0,0,2,4,2,2,2,1,2,2,2,2,2,2,0,2,1,2,3,4,1,1,2,2,1,2,0,2,1,2,20,2,0,2,2,2,0,2,2,2,2,2,1,2,0,2,0,1,1,1,1,2,13028,3,3,1,0,2,2,1,5,2,2
13B221,23,40135,1,1,0,1,41,224,1,66,7,1,1,1,2,2,2,2,2,2,0,0,0,0,0,0,0,0,0,0,0,0,0,0,0,0,0,0,0,0,0,0,0,0,0,0,0,0,0,0,0,0,0,0,0,0,0,0,0,0,0,0,0,0,0,0,0,3,2,2,2,2,2,2,2,0,2,0,1,1,1,2,2,19542,4,4,2,0,0,0,2,0,2,2
13B221,23,40135,3,1,0,1,41,224,1,58,7,4,1,1,1,2,2,1,2,2,0,0,0,0,0,0,0,0,0,0,0,0,0,0,0,0,0,0,0,0,0,0,0,0,0,0,0,0,0,5,3,1,1,1,1,1,3,40,2,1,2,60,2,0,2,4,1,0,2,1,2,2,2,2,1,2,1,1,1,1,1,1,1,6514,1,3,1,0,0,2,1,5,2,2
13B221,23,40135,4,1,0,1,41,224,2,42,3,3,1,1,2,2,2,2,2,2,0,0,0,0,0,0,0,0,0,0,0,0,0,0,0,0,0,0,0,0,0,0,0,0,0,0,0,0,0,0,0,0,0,0,0,0,0,0,0,0,0,0,0,0,0,0,0,3,1,2,2,1,2,2,2,0,1,4,1,1,1,2,1,13028,4,4,2,0,0,0,2,0,2,1
11B216,23,40142,4,1,0,3,41,224,2,23,3,3,1,1,2,2,2,2,2,2,0,0,0,0,0,0,0,0,0,0,0,0,0,0,0,0,0,0,0,0,0,0,0,0,0,0,0,0,0,0,0,0,0,0,0,0,0,0,0,0,0,0,0,0,0,0,0,1,2,2,2,2,2,1,1,1,1,1,1,1,1,1,2,31235,4,4,2,0,0,0,2,0,2,1
11B216,23,40142,2,1,0,1,41,224,2,58,2,6,7,1,2,1,2,2,2,2,1,5,2,2,1,2,2,2,2,0,2,1,1,0,0,0,0,0,0,0,0,0,0,0,0,0,0,0,0,0,0,0,0,0,0,0,0,0,0,0,0,30,2,0,4,3,1,0,2,2,2,2,2,2,2,0,2,0,1,2,1,2,2,93705,3,1,1,2,0,0,1,1,0,0
11B216,23,40142,1,1,0,4,41,224,2,28,3,3,1,1,1,2,1,1,2,2,0,0,0,0,0,0,0,0,0,0,0,0,0,2,4,2,2,2,2,2,2,2,1,2,2,0,2,1,1,2,3,2,1,1,2,1,2,0,2,1,2,20,2,0,2,3,2,0,2,2,2,2,1,1,2,0,2,0,1,1,1,1,2,124941,1,3,1,0,2,2,1,4,2,1
11B216,23,40142,3,1,0,2,41,224,2,30,4,3,7,1,1,1,1,2,2,1,1,3,2,2,1,2,2,2,2,0,2,1,1,2,4,2,2,2,2,2,2,2,1,2,2,0,2,1,1,0,0,0,0,0,0,0,0,0,0,0,0,60,2,0,3,3,1,0,1,2,2,2,1,1,1,2,1,2,1,1,1,1,1,62470,1,2,1,2,2,0,1,3,0,1
11B222,23,40165,4,1,0,2,41,224,2,71,2,4,7,1,1,2,2,1,2,2,0,0,0,0,0,0,0,0,0,0,0,0,0,0,0,0,0,0,0,0,0,0,0,0,0,0,0,0,0,7,4,2,2,1,1,1,3,35,2,1,1,10,2,0,2,3,2,0,2,2,2,2,2,1,1,1,2,0,1,2,2,2,2,14698,1,3,1,0,0,2,1,7,0,0
11B222,23,40165,3,1,0,3,41,224,2,30,4,3,1,1,1,1,1,2,2,1,2,3,2,2,1,2,2,2,2,0,2,1,1,5,4,2,2,2,2,1,2,2,2,2,1,0,1,2,1,0,0,0,0,0,0,0,0,0,0,0,0,30,2,0,2,4,1,0,1,2,2,1,2,2,2,0,1,2,1,2,1,1,2,36745,1,2,1,2,1,0,1,7,2,1
11B222,23,40165,2,1,0,2,41,224,2,18,7,1,6,1,1,1,2,1,2,2,3,2,2,1,2,2,2,2,2,0,1,2,1,0,0,0,0,0,0,0,0,0,0,0,0,0,0,0,0,1,3,1,2,2,2,2,2,0,2,1,1,30,2,0,2,3,1,0,1,1,1,1,1,1,1,2,1,2,1,2,1,1,1,14698,1,2,1,1,0,2,1,4,1,2
11B214,23,40168,1,1,0,2,41,224,2,32,7,3,1,1,1,1,1,2,2,1,2,3,2,2,1,2,2,2,2,0,2,1,2,3,4,2,2,2,2,2,2,2,1,2,2,0,2,1,2,0,0,0,0,0,0,0,0,0,0,0,0,30,2,0,3,3,2,0,2,2,2,2,2,1,2,0,2,0,1,1,1,1,2,13765,1,2,1,2,2,0,1,5,2,2
11B214,23,40168,3,1,0,1,41,224,1,36,4,3,1,1,1,1,2,1,2,2,2,3,2,2,2,2,1,2,2,0,2,1,1,0,0,0,0,0,0,0,0,0,0,0,0,0,0,0,0,5,3,1,1,1,1,2,3,40,2,1,2,35,2,0,3,3,2,0,2,1,2,2,1,1,1,2,1,1,1,1,1,1,1,6882,1,2,1,2,0,2,1,7,2,1
11B214,23,40168,2,1,0,1,41,224,1,25,4,3,1,1,1,2,1,1,2,2,0,0,0,0,0,0,0,0,0,0,0,0,0,3,4,2,2,2,2,2,2,1,2,2,2,0,2,1,2,3,3,2,1,1,2,1,2,0,2,1,2,25,2,0,2,2,2,0,2,2,2,2,2,2,2,0,2,0,1,1,1,1,2,13765,1,3,1,0,2,2,1,6,2,1
11B214,23,40168,4,1,0,1,41,224,2,34,7,5,1,1,1,1,1,2,2,1,1,4,2,2,2,2,1,2,2,0,2,1,1,2,3,2,2,2,1,2,2,2,2,2,2,0,2,1,2,0,0,0,0,0,0,0,0,0,0,0,0,25,2,0,3,3,2,0,2,2,1,1,2,1,1,2,1,2,1,1,1,1,1,6882,1,2,1,2,2,0,1,3,2,2
11A228,23,40253,1,1,0,1,41,224,1,54,3,3,1,1,2,2,2,1,2,2,0,0,0,0,0,0,0,0,0,0,0,0,0,0,0,0,0,0,0,0,0,0,0,0,0,0,0,0,0,2,3,1,1,1,2,1,2,0,2,1,1,20,2,0,2,2,2,0,2,2,2,2,1,1,2,0,1,1,1,1,2,1,1,14808,3,3,1,0,0,2,1,2,2,1
11A228,23,40253,4,1,0,1,41,224,1,65,7,5,1,1,2,2,2,2,2,2,0,0,0,0,0,0,0,0,0,0,0,0,0,0,0,0,0,0,0,0,0,0,0,0,0,0,0,0,0,0,0,0,0,0,0,0,0,0,0,0,0,0,0,0,0,0,0,3,2,2,2,2,1,1,1,3,1,2,1,2,1,2,2,7405,4,4,2,0,0,0,2,0,2,2
11A228,23,40253,2,1,0,2,41,224,2,60,3,3,7,1,2,2,2,2,2,1,0,0,0,0,0,0,0,0,0,0,0,0,0,0,0,0,0,0,0,0,0,0,0,0,0,0,0,0,0,0,0,0,0,0,0,0,0,0,0,0,0,20,2,0,3,3,2,0,2,2,2,2,2,2,2,0,2,0,1,1,2,2,1,14808,3,3,1,0,0,0,2,0,0,1
11A228,23,40253,3,1,0,2,41,224,2,30,4,3,1,1,1,1,2,1,2,1,3,4,2,2,2,1,2,2,2,0,2,1,1,0,0,0,0,0,0,0,0,0,0,0,0,0,0,0,0,1,3,1,1,2,1,1,3,20,2,1,1,20,2,0,2,3,2,0,1,1,2,1,1,1,1,2,1,1,1,1,1,1,1,14808,1,2,1,2,0,2,1,4,2,1
13B215,23,40296,2,1,0,1,41,224,2,46,7,5,1,1,1,1,2,2,2,1,3,4,2,2,2,1,1,2,3,400,2,1,1,0,0,0,0,0,0,0,0,0,0,0,0,0,0,0,0,0,0,0,0,0,0,0,0,0,0,0,0,20,2,0,2,4,1,0,1,2,2,1,2,2,2,0,2,0,1,1,1,2,1,9778,1,2,1,2,0,0,1,3,2,2
13B215,23,40296,3,1,0,1,41,224,1,35,7,4,1,1,1,2,2,2,2,2,0,0,0,0,0,0,0,0,0,0,0,0,0,0,0,0,0,0,0,0,0,0,0,0,0,0,0,0,0,0,0,0,0,0,0,0,0,0,0,0,0,0,0,0,0,0,0,3,2,2,2,2,2,1,1,1,1,1,1,1,1,1,1,9778,2,4,2,0,0,0,2,0,2,2
13B215,23,40296,1,1,0,4,41,224,2,22,4,3,1,1,2,2,2,2,2,2,0,0,0,0,0,0,0,0,0,0,0,0,0,0,0,0,0,0,0,0,0,0,0,0,0,0,0,0,0,0,0,0,0,0,0,0,0,0,0,0,0,0,0,0,0,0,0,3,2,2,2,2,2,2,2,0,2,0,1,1,1,1,1,39115,4,4,2,0,0,0,2,0,2,1
13B215,23,40296,4,1,0,1,41,224,2,55,3,3,1,1,2,2,2,2,2,2,0,0,0,0,0,0,0,0,0,0,0,0,0,0,0,0,0,0,0,0,0,0,0,0,0,0,0,0,0,0,0,0,0,0,0,0,0,0,0,0,0,0,0,0,0,0,0,3,1,2,2,2,1,2,2,0,2,0,1,2,2,2,1,9778,4,4,2,0,0,0,2,0,2,1
11B215,23,40297,3,1,0,2,41,224,2,71,0,,7,1,2,1,1,2,2,2,1,4,2,2,1,2,2,2,2,0,2,1,1,1,4,2,2,2,2,1,2,2,2,2,2,0,2,1,1,0,0,0,0,0,0,0,0,0,0,0,0,30,2,0,1,1,2,0,2,2,2,2,2,2,2,0,2,0,2,0,0,0,0,27873,3,2,1,2,2,0,1,2,0,0
11B215,23,40297,1,1,0,6,41,224,2,22,2,3,7,1,2,2,1,1,1,1,0,0,0,0,0,0,0,0,0,0,0,0,0,3,4,2,2,2,2,2,2,2,1,2,3,60,2,1,1,1,3,2,1,1,2,1,3,6,2,1,1,10,2,0,2,3,1,0,2,2,1,2,1,1,1,2,1,1,1,2,1,1,1,34842,3,3,1,0,2,2,1,4,0,0
11B215,23,40297,4,1,0,1,41,224,2,46,2,6,1,1,1,1,2,2,2,2,1,2,2,2,1,2,2,2,2,0,2,1,1,0,0,0,0,0,0,0,0,0,0,0,0,0,0,0,0,0,0,0,0,0,0,0,0,0,0,0,0,20,2,0,4,4,2,0,2,2,2,2,2,2,2,0,2,0,1,1,2,1,1,13937,1,1,1,2,0,0,1,1,2,0
11B215,23,40297,2,1,0,3,41,224,2,34,4,3,7,1,2,2,2,2,2,1,0,0,0,0,0,0,0,0,0,0,0,0,0,0,0,0,0,0,0,0,0,0,0,0,0,0,0,0,0,0,0,0,0,0,0,0,0,0,0,0,0,15,2,0,2,2,2,0,2,2,2,2,1,3,1,2,1,2,1,2,1,2,1,27873,3,3,1,0,0,0,2,0,0,1
12A227,24,40032,4,1,0,1,7,224,2,66,3,2,8,1,2,2,2,2,2,2,0,0,0,0,0,0,0,0,0,0,0,0,0,0,0,0,0,0,0,0,0,0,0,0,0,0,0,0,0,0,0,0,0,0,0,0,0,0,0,0,0,0,0,0,0,0,0,3,2,2,2,2,2,2,2,0,2,0,1,1,1,1,1,7781,4,4,2,0,0,0,2,0,0,1
12A227,24,40032,2,1,0,2,7,224,2,60,3,3,7,1,2,2,2,2,2,2,0,0,0,0,0,0,0,0,0,0,0,0,0,0,0,0,0,0,0,0,0,0,0,0,0,0,0,0,0,0,0,0,0,0,0,0,0,0,0,0,0,0,0,0,0,0,0,3,2,2,2,2,2,2,2,0,2,0,1,2,2,2,2,38903,4,4,2,0,0,0,2,0,0,1
12A227,24,40032,3,1,0,1,7,224,2,58,2,6,1,1,2,2,2,2,2,2,0,0,0,0,0,0,0,0,0,0,0,0,0,0,0,0,0,0,0,0,0,0,0,0,0,0,0,0,0,0,0,0,0,0,0,0,0,0,0,0,0,0,0,0,0,0,0,3,2,2,2,2,2,2,2,0,3,0,1,2,2,3,2,15561,4,4,2,0,0,0,2,0,2,0
12A227,24,40032,1,1,0,1,7,224,1,59,4,2,1,1,1,2,1,2,2,2,0,0,0,0,0,0,0,0,0,0,0,0,0,3,3,2,2,2,2,2,2,1,2,2,3,150,2,1,1,0,0,0,0,0,0,0,0,0,0,0,0,30,2,0,2,3,2,0,1,2,2,1,1,1,1,1,1,1,1,1,1,1,1,15561,1,3,1,0,2,0,1,3,2,1
13B213,24,40034,1,1,0,1,7,224,1,69,2,6,8,1,1,1,1,1,2,2,1,4,2,2,2,1,2,2,2,0,2,1,1,3,3,2,2,2,1,2,2,2,2,2,2,0,2,1,1,1,3,1,2,2,2,1,3,10,2,1,1,30,2,0,2,3,2,0,2,2,2,2,2,2,2,0,3,0,1,1,1,2,2,21119,1,2,1,2,2,2,1,5,0,0
13B213,24,40034,2,1,0,3,7,224,1,26,4,3,1,1,1,1,2,2,2,1,3,4,2,2,1,2,2,2,3,700,2,1,1,0,0,0,0,0,0,0,0,0,0,0,0,0,0,0,0,0,0,0,0,0,0,0,0,0,0,0,0,60,2,0,3,3,2,0,2,1,1,1,2,1,1,1,1,1,1,1,1,1,2,52798,1,2,1,2,0,0,1,3,2,1
13B213,24,40034,4,1,0,2,7,224,1,31,8,2,1,1,1,1,2,2,2,1,3,3,2,2,2,2,1,2,3,750,2,1,1,0,0,0,0,0,0,0,0,0,0,0,0,0,0,0,0,0,0,0,0,0,0,0,0,0,0,0,0,60,2,0,3,3,2,0,2,2,2,1,2,1,2,0,1,2,1,1,2,2,1,31679,1,2,1,2,0,0,1,3,2,2
12B221,24,40070,2,1,0,2,7,224,2,57,2,6,7,1,2,2,2,2,2,2,0,0,0,0,0,0,0,0,0,0,0,0,0,0,0,0,0,0,0,0,0,0,0,0,0,0,0,0,0,0,0,0,0,0,0,0,0,0,0,0,0,0,0,0,0,0,0,5,2,2,2,2,2,2,2,0,2,0,1,2,2,2,2,37185,4,4,2,0,0,0,2,0,0,0
12B221,24,40070,1,1,0,2,7,224,1,27,4,2,1,1,1,1,2,2,2,2,1,4,2,2,2,2,1,2,2,0,2,1,4,0,0,0,0,0,0,0,0,0,0,0,0,0,0,0,0,0,0,0,0,0,0,0,0,0,0,0,0,20,2,0,3,4,1,0,1,2,1,1,2,2,2,0,1,1,1,1,2,1,1,29748,1,1,1,2,0,0,1,1,2,1
12B221,24,40070,3,1,0,1,7,224,1,33,4,3,1,1,1,2,1,1,1,1,0,0,0,0,0,0,0,0,0,0,0,0,0,2,3,2,2,2,2,2,1,1,2,2,3,200,2,1,1,2,3,1,1,1,1,1,3,24,2,1,1,30,2,0,2,3,2,0,1,1,1,2,2,1,1,1,1,4,1,1,1,1,1,14874,1,3,1,0,2,2,1,4,2,1
12B221,24,40070,4,1,0,3,7,224,2,30,7,5,1,1,1,1,2,2,2,1,1,4,2,2,2,1,2,2,3,300,2,1,1,0,0,0,0,0,0,0,0,0,0,0,0,0,0,0,0,0,0,0,0,0,0,0,0,0,0,0,0,30,1,6,4,3,1,0,2,2,2,2,1,1,1,2,1,1,1,1,2,2,1,29748,1,2,1,2,0,0,1,1,2,2
12B213,24,40130,1,1,0,2,7,224,2,70,2,6,7,1,1,2,2,1,2,2,0,0,0,0,0,0,0,0,0,0,0,0,0,0,0,0,0,0,0,0,0,0,0,0,0,0,0,0,0,2,3,1,1,1,1,1,2,0,2,1,1,20,2,0,2,3,2,0,2,2,2,2,1,2,2,0,1,2,1,1,1,1,1,38321,1,3,1,0,0,2,1,2,0,0
12B213,24,40130,3,1,1,1,7,224,2,41,4,3,1,1,2,2,2,2,2,2,0,0,0,0,0,0,0,0,0,0,0,0,0,0,0,0,0,0,0,0,0,0,0,0,0,0,0,0,0,0,0,0,0,0,0,0,0,0,0,0,0,0,0,0,0,0,0,3,2,2,2,2,2,1,2,0,2,0,1,2,2,2,2,9580,4,4,2,0,0,0,2,0,2,1
12B213,24,40130,4,1,0,1,7,224,1,38,3,3,1,1,2,2,2,2,2,2,0,0,0,0,0,0,0,0,0,0,0,0,0,0,0,0,0,0,0,0,0,0,0,0,0,0,0,0,0,0,0,0,0,0,0,0,0,0,0,0,0,0,0,0,0,0,0,3,2,2,2,2,1,2,1,2,1,1,1,1,1,3,1,9580,4,4,2,0,0,0,2,0,2,1
12B216,24,40137,4,1,0,2,7,224,2,24,3,3,7,1,2,2,2,1,2,2,0,0,0,0,0,0,0,0,0,0,0,0,0,0,0,0,0,0,0,0,0,0,0,0,0,0,0,0,0,1,1,2,2,2,2,1,3,10,2,1,1,20,2,0,3,4,1,0,2,2,2,2,2,2,2,0,2,0,1,1,1,1,1,33763,3,3,1,0,0,2,1,1,0,1
12B216,24,40137,2,1,0,1,7,224,1,61,6,2,8,1,1,1,2,2,2,2,1,4,2,2,1,2,2,2,3,150,2,1,1,0,0,0,0,0,0,0,0,0,0,0,0,0,0,0,0,0,0,0,0,0,0,0,0,0,0,0,0,30,2,0,2,4,2,0,2,2,2,2,2,2,2,0,2,0,1,1,1,1,2,33763,1,1,1,2,0,0,1,1,0,1
12B216,24,40137,1,1,0,4,7,224,1,24,7,5,1,1,1,1,2,2,2,1,2,3,2,2,2,1,2,2,3,200,2,1,1,0,0,0,0,0,0,0,0,0,0,0,0,0,0,0,0,0,0,0,0,0,0,0,0,0,0,0,0,60,2,0,3,3,2,0,1,2,2,2,1,1,1,2,1,1,1,1,1,1,3,33763,1,2,1,2,0,0,1,2,2,2
12B216,24,40137,3,1,0,1,7,224,1,21,7,2,1,1,1,1,1,2,2,1,8,2,2,1,2,2,1,2,1,0,1,2,1,5,4,1,2,2,2,2,2,2,2,2,3,100,2,1,1,0,0,0,0,0,0,0,0,0,0,0,0,60,2,0,3,4,1,0,2,1,1,1,2,1,1,1,1,2,1,1,1,1,3,8441,1,2,1,1,2,0,1,13,2,2
11A227,24,40157,4,1,0,2,7,224,2,44,3,3,7,1,1,1,1,1,2,1,4,3,2,2,2,1,2,2,2,0,2,1,1,2,3,2,2,1,2,2,2,1,2,2,3,150,2,1,1,1,4,1,2,2,1,1,3,10,2,1,1,30,2,0,3,3,2,0,2,2,2,2,1,1,1,1,1,2,1,1,1,1,1,22708,1,2,1,2,2,2,1,7,0,1
11A227,24,40157,2,1,0,1,7,224,1,45,3,3,1,1,2,2,2,2,2,2,0,0,0,0,0,0,0,0,0,0,0,0,0,0,0,0,0,0,0,0,0,0,0,0,0,0,0,0,0,0,0,0,0,0,0,0,0,0,0,0,0,0,0,0,0,0,0,3,2,2,2,2,1,1,2,0,2,0,1,1,1,2,3,15138,4,4,2,0,0,0,2,0,2,1
11A227,24,40157,1,1,0,2,7,224,2,35,3,3,7,1,2,2,2,2,2,2,0,0,0,0,0,0,0,0,0,0,0,0,0,0,0,0,0,0,0,0,0,0,0,0,0,0,0,0,0,0,0,0,0,0,0,0,0,0,0,0,0,0,0,0,0,0,0,3,2,2,2,2,3,1,2,0,2,0,1,1,1,1,2,15138,4,4,2,0,0,0,2,0,0,1
11A227,24,40157,3,1,0,2,7,224,2,31,6,2,1,1,1,1,2,2,2,1,2,3,2,2,1,2,1,2,2,0,2,1,1,0,0,0,0,0,0,0,0,0,0,0,0,0,0,0,0,0,0,0,0,0,0,0,0,0,0,0,0,30,2,0,3,3,2,0,2,1,2,2,1,1,1,2,1,1,1,1,1,1,1,15138,1,2,1,2,0,0,1,2,2,1
11A228,24,40188,1,1,0,3,7,224,2,22,6,2,7,1,1,1,2,2,2,1,8,4,2,2,2,1,2,2,2,0,2,1,1,0,0,0,0,0,0,0,0,0,0,0,0,0,0,0,0,0,0,0,0,0,0,0,0,0,0,0,0,60,2,0,2,3,1,0,2,1,2,2,1,1,2,0,1,1,1,1,1,1,1,23910,1,2,1,2,0,0,1,8,0,1
11A228,24,40188,4,1,0,1,7,224,1,46,3,3,1,1,2,2,2,2,2,2,0,0,0,0,0,0,0,0,0,0,0,0,0,0,0,0,0,0,0,0,0,0,0,0,0,0,0,0,0,0,0,0,0,0,0,0,0,0,0,0,0,0,0,0,0,0,0,3,2,2,2,2,2,2,2,0,2,0,1,1,1,1,1,15940,4,4,2,0,0,0,2,0,2,1
11A228,24,40188,2,1,0,2,7,224,2,32,4,3,1,1,1,1,2,2,2,2,1,3,2,2,1,2,2,2,2,0,2,1,1,0,0,0,0,0,0,0,0,0,0,0,0,0,0,0,0,0,0,0,0,0,0,0,0,0,0,0,0,20,2,0,2,3,2,0,2,2,2,2,1,1,1,2,1,1,1,1,1,1,1,15940,1,1,1,2,0,0,1,1,2,1
11A228,24,40188,3,1,0,2,7,224,1,37,3,3,1,1,2,2,2,2,2,2,0,0,0,0,0,0,0,0,0,0,0,0,0,0,0,0,0,0,0,0,0,0,0,0,0,0,0,0,0,0,0,0,0,0,0,0,0,0,0,0,0,0,0,0,0,0,0,3,2,2,2,2,1,1,1,2,1,1,1,1,1,1,1,15940,4,4,2,0,0,0,2,0,2,1
13B214,24,40201,3,1,0,1,7,224,1,35,7,5,1,1,1,1,1,1,2,1,4,1,2,2,1,2,1,2,2,0,2,1,1,2,4,2,2,2,1,2,2,1,2,2,3,300,2,1,1,3,3,1,2,1,2,1,1,0,1,2,1,60,2,0,3,3,2,0,2,1,2,2,2,1,2,0,1,2,1,1,1,2,3,19750,1,2,1,2,2,1,1,9,2,2
13B214,24,40201,1,1,0,3,7,224,2,25,7,4,1,1,1,1,2,2,2,1,2,3,2,2,2,1,2,2,3,200,2,1,1,0,0,0,0,0,0,0,0,0,0,0,0,0,0,0,0,0,0,0,0,0,0,0,0,0,0,0,0,45,2,0,2,3,2,0,1,2,2,1,1,3,1,2,1,2,1,1,1,1,2,29624,1,2,1,2,0,0,1,2,2,2
13B214,24,40201,4,1,0,1,7,224,2,71,4,3,7,1,2,2,2,2,2,2,0,0,0,0,0,0,0,0,0,0,0,0,0,0,0,0,0,0,0,0,0,0,0,0,0,0,0,0,0,0,0,0,0,0,0,0,0,0,0,0,0,0,0,0,0,0,0,3,2,2,2,2,2,2,2,0,3,0,1,3,1,2,2,9874,4,4,2,0,0,0,2,0,0,1
12B222,24,40230,1,1,0,2,7,224,1,45,7,5,1,1,1,1,1,2,2,1,1,1,1,2,2,2,2,2,2,0,2,1,2,2,1,2,2,2,2,2,1,2,2,2,2,0,2,1,2,0,0,0,0,0,0,0,0,0,0,0,0,30,2,0,2,3,1,0,2,2,2,2,2,2,2,0,2,0,1,1,2,2,1,17918,1,2,1,2,2,0,1,3,2,2
12B222,24,40230,4,1,0,3,7,224,2,24,3,3,1,1,1,1,1,1,2,1,5,3,2,2,2,1,2,2,3,200,2,1,1,3,4,2,2,2,2,2,2,2,1,2,2,0,2,1,1,2,3,2,2,2,2,1,2,0,2,1,1,10,1,5,2,4,2,0,2,1,2,2,2,1,2,0,2,0,1,1,1,1,1,26877,1,2,1,2,2,2,1,10,2,1
12B222,24,40230,3,1,0,1,7,224,1,57,3,3,1,1,2,2,2,2,2,2,0,0,0,0,0,0,0,0,0,0,0,0,0,0,0,0,0,0,0,0,0,0,0,0,0,0,0,0,0,0,0,0,0,0,0,0,0,0,0,0,0,0,0,0,0,0,0,3,2,2,2,2,2,2,2,0,2,0,1,3,2,3,3,35836,4,4,2,0,0,0,2,0,2,1
12B222,24,40230,2,1,0,1,7,224,2,34,3,3,1,1,2,2,2,2,2,2,0,0,0,0,0,0,0,0,0,0,0,0,0,0,0,0,0,0,0,0,0,0,0,0,0,0,0,0,0,0,0,0,0,0,0,0,0,0,0,0,0,0,0,0,0,0,0,3,2,2,2,2,1,1,2,0,1,1,1,1,1,1,1,17918,4,4,2,0,0,0,2,0,2,1
13A228,24,40256,4,1,0,2,7,224,2,61,7,5,1,1,1,1,2,2,2,2,1,3,2,2,2,1,2,2,2,0,2,1,1,0,0,0,0,0,0,0,0,0,0,0,0,0,0,0,0,0,0,0,0,0,0,0,0,0,0,0,0,30,2,0,3,3,2,0,2,2,2,2,2,2,2,0,1,2,1,2,2,2,2,26872,1,1,1,2,0,0,1,1,2,2
13A228,24,40256,1,1,0,2,7,224,1,56,3,3,1,1,2,2,2,2,2,2,0,0,0,0,0,0,0,0,0,0,0,0,0,0,0,0,0,0,0,0,0,0,0,0,0,0,0,0,0,0,0,0,0,0,0,0,0,0,0,0,0,0,0,0,0,0,0,3,1,2,2,1,2,1,2,0,1,4,1,2,2,2,2,17914,4,4,2,0,0,0,2,0,2,1
11B214,24,40264,4,1,0,1,7,224,1,51,3,3,1,1,1,1,2,2,2,2,1,5,2,2,1,2,2,2,2,0,2,1,1,0,0,0,0,0,0,0,0,0,0,0,0,0,0,0,0,0,0,0,0,0,0,0,0,0,0,0,0,30,2,0,2,3,2,0,2,2,2,2,2,1,2,0,2,0,1,1,1,1,2,7335,1,1,1,2,0,0,1,1,2,1
11B214,24,40264,1,1,0,4,7,224,1,22,4,2,1,1,2,2,2,2,2,2,0,0,0,0,0,0,0,0,0,0,0,0,0,0,0,0,0,0,0,0,0,0,0,0,0,0,0,0,0,0,0,0,0,0,0,0,0,0,0,0,0,0,0,0,0,0,0,3,2,2,2,2,1,1,3,0,2,0,1,2,1,1,1,22006,4,4,2,0,0,0,2,0,2,1
11B214,24,40264,2,1,0,1,7,224,2,45,3,3,1,1,2,1,2,2,2,2,1,4,2,2,2,1,2,2,2,0,2,1,1,0,0,0,0,0,0,0,0,0,0,0,0,0,0,0,0,0,0,0,0,0,0,0,0,0,0,0,0,25,2,0,2,2,2,0,2,2,2,2,2,1,3,0,2,0,1,1,1,1,1,7335,3,1,1,2,0,0,1,1,2,1
11B214,24,40264,3,1,0,3,7,224,2,21,4,1,1,1,1,1,2,2,2,1,1,3,2,2,2,1,2,2,2,0,2,1,1,0,0,0,0,0,0,0,0,0,0,0,0,0,0,0,0,0,0,0,0,0,0,0,0,0,0,0,0,30,2,0,2,2,2,0,2,2,2,2,2,1,1,2,3,0,1,1,1,1,1,36678,1,2,1,2,0,0,1,1,2,1
12B215,24,40293,3,1,0,2,7,224,2,24,7,4,1,1,2,2,2,2,2,2,0,0,0,0,0,0,0,0,0,0,0,0,0,0,0,0,0,0,0,0,0,0,0,0,0,0,0,0,0,0,0,0,0,0,0,0,0,0,0,0,0,0,0,0,0,0,0,3,1,2,2,2,1,1,1,2,1,2,1,1,1,1,1,15538,4,4,2,0,0,0,2,0,2,2
12B215,24,40293,4,1,0,1,7,224,2,69,2,6,1,1,2,2,2,2,2,2,0,0,0,0,0,0,0,0,0,0,0,0,0,0,0,0,0,0,0,0,0,0,0,0,0,0,0,0,0,0,0,0,0,0,0,0,0,0,0,0,0,0,0,0,0,0,0,5,2,2,2,2,2,2,2,0,2,0,1,2,2,2,2,15538,4,4,2,0,0,0,2,0,2,0
12B215,24,40293,2,1,0,1,7,224,2,48,0,,1,1,2,2,2,2,2,2,0,0,0,0,0,0,0,0,0,0,0,0,0,0,0,0,0,0,0,0,0,0,0,0,0,0,0,0,0,0,0,0,0,0,0,0,0,0,0,0,0,0,0,0,0,0,0,3,2,2,2,2,2,1,2,0,2,0,1,2,1,1,2,31077,4,4,2,0,0,0,2,0,2,0
11B216,25,40011,3,1,0,2,24,224,2,47,0,,7,1,1,2,2,2,2,1,0,0,0,0,0,0,0,0,0,0,0,0,0,0,0,0,0,0,0,0,0,0,0,0,0,0,0,0,0,0,0,0,0,0,0,0,0,0,0,0,0,5,2,0,4,3,2,0,2,2,2,2,2,2,2,0,2,0,1,2,3,2,2,25650,1,3,1,0,0,0,2,0,0,0
11B216,25,40011,1,1,1,2,24,224,2,45,3,3,7,1,1,1,2,2,2,2,1,4,2,2,2,2,1,2,2,0,2,1,1,0,0,0,0,0,0,0,0,0,0,0,0,0,0,0,0,0,0,0,0,0,0,0,0,0,0,0,0,30,2,0,3,3,2,0,2,2,2,2,2,2,2,0,2,0,1,2,1,3,2,17100,1,1,1,2,0,0,1,1,0,1
11B216,25,40011,2,1,0,6,24,224,2,21,4,3,1,1,2,1,2,2,1,1,1,1,1,2,2,2,2,2,2,0,2,1,1,0,0,0,0,0,0,0,0,0,0,0,0,0,0,0,0,0,0,0,0,0,0,0,0,0,0,0,0,30,2,0,2,1,1,0,2,2,2,2,1,2,2,0,2,0,1,1,1,1,1,25650,3,2,1,2,0,0,1,1,2,1
11B216,25,40011,4,1,0,1,24,224,1,40,7,2,1,1,1,2,1,1,2,1,0,0,0,0,0,0,0,0,0,0,0,0,0,4,1,2,2,2,2,2,2,1,2,2,2,0,2,1,5,2,4,2,2,2,2,1,2,0,2,1,5,120,2,0,4,3,1,0,2,2,2,1,2,2,2,0,2,0,1,1,1,1,1,25650,1,3,1,0,2,2,1,6,2,2
12A227,25,40063,1,1,0,2,24,224,2,61,2,6,7,1,2,2,2,2,2,2,0,0,0,0,0,0,0,0,0,0,0,0,0,0,0,0,0,0,0,0,0,0,0,0,0,0,0,0,0,0,0,0,0,0,0,0,0,0,0,0,0,0,0,0,0,0,0,5,2,2,2,2,2,2,2,0,2,0,1,2,1,1,2,31089,4,4,2,0,0,0,2,0,0,0
12A227,25,40063,4,1,0,2,24,224,2,65,7,5,8,1,2,2,2,2,2,2,0,0,0,0,0,0,0,0,0,0,0,0,0,0,0,0,0,0,0,0,0,0,0,0,0,0,0,0,0,0,0,0,0,0,0,0,0,0,0,0,0,0,0,0,0,0,0,1,2,2,2,2,2,2,2,0,2,0,1,2,2,2,2,23317,4,4,2,0,0,0,2,0,0,2
12B213,25,40070,1,1,0,3,24,224,1,54,4,2,1,1,1,1,2,1,2,2,1,4,1,2,2,2,2,2,2,0,2,1,1,0,0,0,0,0,0,0,0,0,0,0,0,0,0,0,0,5,4,2,1,2,2,2,1,0,1,2,1,10,2,0,2,3,1,0,2,2,2,2,3,3,3,0,2,0,1,1,1,3,3,27215,1,2,1,2,0,1,1,6,2,1
12B213,25,40070,3,1,0,3,24,224,2,47,3,3,1,1,2,2,2,2,2,2,0,0,0,0,0,0,0,0,0,0,0,0,0,0,0,0,0,0,0,0,0,0,0,0,0,0,0,0,0,0,0,0,0,0,0,0,0,0,0,0,0,0,0,0,0,0,0,3,2,2,2,2,2,2,2,0,2,0,1,2,2,2,2,18143,4,4,2,0,0,0,2,0,2,1
12B213,25,40070,2,1,0,2,24,224,2,39,7,5,1,1,2,2,2,2,2,1,0,0,0,0,0,0,0,0,0,0,0,0,0,0,0,0,0,0,0,0,0,0,0,0,0,0,0,0,0,0,0,0,0,0,0,0,0,0,0,0,0,10,1,6,3,3,1,0,2,2,2,2,2,2,2,0,2,0,1,1,1,1,1,18143,3,3,1,0,0,0,2,0,2,2
12B213,25,40070,4,1,0,1,24,224,1,45,4,3,3,1,1,2,2,1,2,1,0,0,0,0,0,0,0,0,0,0,0,0,0,0,0,0,0,0,0,0,0,0,0,0,0,0,0,0,0,7,3,2,2,2,2,1,3,140,2,1,1,5,2,0,2,3,1,0,2,2,2,2,2,1,2,0,1,1,1,2,1,1,3,18143,1,3,1,0,0,2,1,7,2,1
12B216,25,40105,2,1,0,5,24,224,2,21,4,3,6,1,1,1,1,2,2,1,4,4,2,2,2,1,2,2,1,0,1,2,1,1,2,2,2,2,2,2,2,1,2,2,2,0,2,1,1,0,0,0,0,0,0,0,0,0,0,0,0,60,2,0,3,3,1,0,2,2,1,2,1,1,2,0,1,1,1,1,1,1,1,42440,1,2,1,1,2,0,1,5,1,1
12B216,25,40105,4,1,0,3,24,224,2,20,4,3,1,1,1,1,2,2,2,2,1,2,2,2,2,2,1,2,1,0,1,2,1,0,0,0,0,0,0,0,0,0,0,0,0,0,0,0,0,0,0,0,0,0,0,0,0,0,0,0,0,20,2,0,4,3,2,0,2,2,2,2,2,2,1,2,1,1,1,1,1,1,1,33952,1,1,1,1,0,0,1,1,2,1
12B216,25,40105,1,1,0,1,24,224,1,71,7,4,1,1,2,2,2,2,2,1,0,0,0,0,0,0,0,0,0,0,0,0,0,0,0,0,0,0,0,0,0,0,0,0,0,0,0,0,0,0,0,0,0,0,0,0,0,0,0,0,0,10,2,0,2,3,2,0,2,2,2,2,2,1,2,0,2,0,1,2,2,1,2,8488,3,3,1,0,0,0,2,0,2,2
12B216,25,40105,3,1,0,1,24,224,2,57,7,2,1,1,2,2,2,2,2,1,0,0,0,0,0,0,0,0,0,0,0,0,0,0,0,0,0,0,0,0,0,0,0,0,0,0,0,0,0,0,0,0,0,0,0,0,0,0,0,0,0,20,2,0,3,3,1,0,2,2,2,2,2,1,2,0,2,0,1,1,2,3,1,8488,3,3,1,0,0,0,2,0,2,2
12B221,25,40134,2,1,0,1,24,224,2,45,3,2,1,1,2,2,1,2,2,1,0,0,0,0,0,0,0,0,0,0,0,0,0,2,4,2,2,2,1,2,2,2,1,2,2,0,2,1,1,0,0,0,0,0,0,0,0,0,0,0,0,5,2,0,2,4,1,0,2,2,2,2,2,2,2,0,2,0,1,2,1,1,2,24871,3,3,1,0,2,0,1,2,2,1
12B221,25,40134,1,1,0,3,24,224,2,26,6,5,1,1,1,1,2,2,2,1,2,4,2,2,1,2,2,2,3,250,2,1,1,0,0,0,0,0,0,0,0,0,0,0,0,0,0,0,0,0,0,0,0,0,0,0,0,0,0,0,0,30,2,0,2,3,2,0,2,2,1,2,1,1,1,2,1,1,1,1,1,1,1,24871,1,2,1,2,0,0,1,2,2,1
12B221,25,40134,4,1,1,1,24,224,1,44,6,5,1,1,1,1,1,1,1,1,3,3,2,1,2,1,1,2,1,0,1,2,1,6,4,2,1,2,2,2,1,1,2,2,1,0,1,2,1,2,3,1,1,1,2,2,1,0,1,2,1,30,1,6,4,3,1,0,1,2,2,2,2,2,2,0,2,0,1,2,2,3,1,16581,1,2,1,1,1,1,1,11,2,1
12B221,25,40134,3,1,0,2,24,224,2,22,3,3,7,1,2,2,2,2,2,1,0,0,0,0,0,0,0,0,0,0,0,0,0,0,0,0,0,0,0,0,0,0,0,0,0,0,0,0,0,0,0,0,0,0,0,0,0,0,0,0,0,10,2,0,3,3,2,0,2,2,2,2,2,2,2,0,2,0,1,1,1,1,1,16581,3,3,1,0,0,0,2,0,0,1
13B221,25,40135,3,1,0,2,24,224,1,55,6,5,1,1,2,2,2,2,2,2,0,0,0,0,0,0,0,0,0,0,0,0,0,0,0,0,0,0,0,0,0,0,0,0,0,0,0,0,0,0,0,0,0,0,0,0,0,0,0,0,0,0,0,0,0,0,0,3,1,2,2,2,1,1,2,0,1,1,1,1,1,1,1,20545,4,4,2,0,0,0,2,0,2,1
13B221,25,40135,2,1,0,1,24,224,1,47,4,3,1,1,1,2,1,1,2,2,0,0,0,0,0,0,0,0,0,0,0,0,0,2,4,2,2,2,2,2,2,1,2,2,3,76,2,1,1,3,4,1,1,2,2,2,3,30,2,1,1,20,1,7,3,4,2,0,1,2,2,2,1,1,1,2,1,1,1,2,1,2,1,10272,1,3,1,0,2,2,1,5,2,1
13B221,25,40135,1,1,0,1,24,224,2,59,7,5,1,1,1,2,1,2,2,1,0,0,0,0,0,0,0,0,0,0,0,0,0,4,4,2,2,2,2,1,2,2,2,2,2,0,2,1,1,0,0,0,0,0,0,0,0,0,0,0,0,30,1,7,1,2,1,0,1,2,2,2,3,1,3,0,1,3,1,1,1,1,2,20545,1,3,1,0,2,0,1,4,2,2
13B221,25,40135,4,1,0,1,24,224,2,65,6,3,8,1,1,1,1,2,2,1,1,4,2,2,2,1,2,2,2,0,2,1,1,3,4,2,2,2,2,2,1,2,2,2,2,0,2,1,1,0,0,0,0,0,0,0,0,0,0,0,0,90,2,0,2,3,1,0,1,2,2,2,2,1,1,1,1,2,1,1,1,1,1,30817,1,2,1,2,2,0,1,4,0,1
13B222,25,40162,3,1,0,1,24,224,2,61,7,5,8,1,1,1,1,1,2,2,3,4,2,2,2,2,1,2,2,0,2,1,1,6,4,2,2,2,1,2,2,2,2,2,1,0,1,2,1,7,4,1,1,1,1,1,1,0,1,2,1,20,2,0,3,4,1,0,2,2,2,2,1,2,1,2,2,0,1,1,1,1,1,28266,1,2,1,2,1,1,1,16,0,2
13B222,25,40162,1,1,0,1,24,224,2,63,7,1,1,1,1,1,1,2,2,2,1,5,2,2,2,2,1,2,2,0,2,1,1,3,5,2,2,2,2,1,2,2,2,1,2,0,2,1,1,0,0,0,0,0,0,0,0,0,0,0,0,30,2,0,3,3,1,0,2,2,2,2,2,2,2,0,2,0,1,1,1,2,2,9422,1,2,1,2,2,0,1,4,2,2
13B222,25,40162,2,1,0,1,24,224,2,67,7,9,8,1,1,1,2,2,1,1,4,4,2,2,2,2,1,2,3,500,2,1,1,0,0,0,0,0,0,0,0,0,0,0,0,0,0,0,0,0,0,0,0,0,0,0,0,0,0,0,0,60,2,0,3,4,1,0,2,2,2,1,2,1,2,0,1,1,1,1,1,1,1,18844,1,2,1,2,0,0,1,4,0,2
11B222,25,40231,4,1,0,1,24,224,1,50,4,1,1,1,2,2,2,1,2,1,0,0,0,0,0,0,0,0,0,0,0,0,0,0,0,0,0,0,0,0,0,0,0,0,0,0,0,0,0,1,4,2,1,2,2,2,2,0,2,1,1,5,2,0,2,4,2,0,2,2,2,2,2,1,2,0,1,1,1,2,1,2,2,34954,3,3,1,0,0,2,1,1,2,1
11B222,25,40231,2,1,0,3,24,224,1,25,2,5,1,2,0,0,0,0,0,0,0,0,0,0,0,0,0,0,0,0,0,0,0,0,0,0,0,0,0,0,0,0,0,0,0,0,0,0,0,0,0,0,0,0,0,0,0,0,0,0,0,0,0,0,0,0,0,0,0,0,0,0,0,0,0,0,0,0,0,0,0,0,0,43694,0,0,0,0,0,0,0,0,2,0
12A228,25,40257,3,1,0,4,24,224,2,33,4,2,1,1,2,2,2,2,2,2,0,0,0,0,0,0,0,0,0,0,0,0,0,0,0,0,0,0,0,0,0,0,0,0,0,0,0,0,0,0,0,0,0,0,0,0,0,0,0,0,0,0,0,0,0,0,0,3,2,2,2,2,2,2,2,0,1,1,1,1,1,1,1,66342,4,4,2,0,0,0,2,0,2,1
12A228,25,40257,4,1,0,1,24,224,2,51,7,5,1,1,2,2,2,1,2,2,0,0,0,0,0,0,0,0,0,0,0,0,0,0,0,0,0,0,0,0,0,0,0,0,0,0,0,0,0,1,4,2,1,2,1,2,2,0,2,1,1,5,1,3,2,2,1,0,2,2,2,2,2,2,2,0,2,0,1,1,1,1,1,24878,3,3,1,0,0,2,1,1,2,2
12A228,25,40257,2,1,0,2,24,224,2,65,7,5,8,1,2,2,2,2,2,2,0,0,0,0,0,0,0,0,0,0,0,0,0,0,0,0,0,0,0,0,0,0,0,0,0,0,0,0,0,0,0,0,0,0,0,0,0,0,0,0,0,0,0,0,0,0,0,3,2,2,2,2,2,2,2,0,2,0,1,1,1,1,1,24878,4,4,2,0,0,0,2,0,0,2
12A228,25,40257,1,1,0,1,24,224,1,21,7,4,1,1,1,1,2,2,1,2,3,1,2,2,2,1,1,2,1,0,1,2,1,0,0,0,0,0,0,0,0,0,0,0,0,0,0,0,0,0,0,0,0,0,0,0,0,0,0,0,0,30,1,5,4,3,1,0,1,2,2,2,1,1,1,2,1,1,1,1,1,1,1,24878,1,2,1,1,0,0,1,3,2,2
12B214,25,40262,2,1,0,1,24,224,2,62,7,2,7,1,1,1,2,2,2,1,3,4,2,2,2,2,1,2,2,0,2,1,1,0,0,0,0,0,0,0,0,0,0,0,0,0,0,0,0,0,0,0,0,0,0,0,0,0,0,0,0,60,2,0,2,3,1,0,2,2,2,2,2,2,2,0,1,1,1,3,3,2,2,7666,1,2,1,2,0,0,1,3,0,2
12B214,25,40262,3,1,0,3,24,224,2,31,7,5,1,1,1,1,2,1,2,1,12,4,2,2,2,1,2,2,3,1300,2,1,1,0,0,0,0,0,0,0,0,0,0,0,0,0,0,0,0,2,3,1,2,2,2,2,3,22,2,1,1,60,2,0,4,4,1,0,2,1,2,2,1,1,1,1,1,2,1,1,1,1,1,45998,1,2,1,2,0,2,1,14,2,2
12B214,25,40262,4,1,0,1,24,224,2,82,2,3,8,1,1,1,2,1,2,2,1,4,2,2,2,2,1,2,2,0,2,1,1,0,0,0,0,0,0,0,0,0,0,0,0,0,0,0,0,1,4,2,2,2,1,2,2,0,2,1,1,15,2,0,1,3,2,0,2,2,2,2,2,2,2,0,2,0,1,3,3,3,3,7666,1,2,1,2,0,2,1,2,0,0
13B215,25,40326,3,1,0,1,24,224,1,52,7,1,1,1,2,2,2,2,2,2,0,0,0,0,0,0,0,0,0,0,0,0,0,0,0,0,0,0,0,0,0,0,0,0,0,0,0,0,0,0,0,0,0,0,0,0,0,0,0,0,0,0,0,0,0,0,0,3,2,2,2,2,2,1,2,0,2,0,1,1,1,1,1,29265,4,4,2,0,0,0,2,0,2,2
13B215,25,40326,1,1,0,2,24,224,2,53,7,5,1,1,1,1,2,2,2,2,2,3,2,2,1,2,2,2,2,0,1,2,1,0,0,0,0,0,0,0,0,0,0,0,0,0,0,0,0,0,0,0,0,0,0,0,0,0,0,0,0,45,2,0,2,3,1,0,2,2,2,1,1,1,1,1,1,1,1,1,1,1,1,19509,1,1,1,1,0,0,1,2,2,2
13B215,25,40326,2,1,0,1,24,224,1,62,3,1,1,1,2,2,2,2,2,2,0,0,0,0,0,0,0,0,0,0,0,0,0,0,0,0,0,0,0,0,0,0,0,0,0,0,0,0,0,0,0,0,0,0,0,0,0,0,0,0,0,0,0,0,0,0,0,3,2,2,2,2,2,2,2,0,2,0,1,2,2,2,2,29265,4,4,2,0,0,0,2,0,2,1
11B215,25,40393,3,1,0,1,24,224,1,60,4,2,8,1,2,2,2,2,2,2,0,0,0,0,0,0,0,0,0,0,0,0,0,0,0,0,0,0,0,0,0,0,0,0,0,0,0,0,0,0,0,0,0,0,0,0,0,0,0,0,0,0,0,0,0,0,0,1,2,2,2,2,2,2,2,0,1,3,1,3,1,1,1,7465,4,4,2,0,0,0,2,0,0,1
11B215,25,40393,1,1,0,1,24,224,2,28,7,5,1,1,1,2,2,2,2,1,0,0,0,0,0,0,0,0,0,0,0,0,0,0,0,0,0,0,0,0,0,0,0,0,0,0,0,0,0,0,0,0,0,0,0,0,0,0,0,0,0,25,1,6,3,1,1,0,2,2,2,2,2,2,2,0,2,0,1,1,1,1,1,7465,1,3,1,0,0,0,2,0,2,2
13B213,26,40002,3,1,0,2,25,224,2,67,3,3,7,1,1,2,2,1,2,2,0,0,0,0,0,0,0,0,0,0,0,0,0,0,0,0,0,0,0,0,0,0,0,0,0,0,0,0,0,7,3,1,1,1,2,1,1,0,1,2,1,30,2,0,3,3,1,0,2,2,1,2,2,1,1,2,1,2,1,1,1,1,2,17969,1,3,1,0,0,1,1,7,0,1
13B213,26,40002,1,1,0,1,25,224,1,76,7,6,1,1,1,1,2,2,2,1,2,1,2,1,2,2,2,2,3,500,2,1,1,0,0,0,0,0,0,0,0,0,0,0,0,0,0,0,0,0,0,0,0,0,0,0,0,0,0,0,0,30,2,0,2,4,2,0,2,2,2,1,2,2,2,0,2,0,1,2,1,2,2,17969,1,2,1,2,0,0,1,2,2,2
13B213,26,40002,2,1,0,2,25,224,2,32,7,4,1,1,1,1,2,2,2,1,3,1,2,1,2,2,2,2,1,0,1,2,1,0,0,0,0,0,0,0,0,0,0,0,0,0,0,0,0,0,0,0,0,0,0,0,0,0,0,0,0,30,2,0,2,3,2,0,2,2,2,2,1,1,1,2,1,2,1,1,1,1,1,17969,1,2,1,1,0,0,1,3,2,2
13B213,26,40002,4,1,0,2,25,224,2,46,7,5,1,1,1,2,2,2,2,1,0,0,0,0,0,0,0,0,0,0,0,0,0,0,0,0,0,0,0,0,0,0,0,0,0,0,0,0,0,0,0,0,0,0,0,0,0,0,0,0,0,20,2,0,2,3,1,0,1,2,2,1,2,1,2,0,2,0,1,2,2,2,2,26954,1,3,1,0,0,0,2,0,2,2
11A227,26,40097,4,1,0,2,25,224,2,71,2,6,7,1,2,2,2,2,2,2,0,0,0,0,0,0,0,0,0,0,0,0,0,0,0,0,0,0,0,0,0,0,0,0,0,0,0,0,0,0,0,0,0,0,0,0,0,0,0,0,0,0,0,0,0,0,0,5,2,2,2,2,2,2,2,0,1,1,1,2,1,2,2,16521,4,4,2,0,0,0,2,0,0,0
11A227,26,40097,3,1,0,1,25,224,1,38,3,3,4,1,2,2,2,2,2,2,0,0,0,0,0,0,0,0,0,0,0,0,0,0,0,0,0,0,0,0,0,0,0,0,0,0,0,0,0,0,0,0,0,0,0,0,0,0,0,0,0,0,0,0,0,0,0,5,2,2,2,2,2,2,2,0,2,0,1,1,1,1,1,8260,4,4,2,0,0,0,2,0,1,1
11A227,26,40097,1,1,0,2,25,224,2,51,3,3,1,1,2,2,2,2,2,2,0,0,0,0,0,0,0,0,0,0,0,0,0,0,0,0,0,0,0,0,0,0,0,0,0,0,0,0,0,0,0,0,0,0,0,0,0,0,0,0,0,0,0,0,0,0,0,1,2,2,2,2,2,1,2,0,1,1,1,2,2,2,2,16521,4,4,2,0,0,0,2,0,2,1
11A227,26,40097,2,1,0,3,25,224,1,28,4,1,1,1,1,2,2,2,2,1,0,0,0,0,0,0,0,0,0,0,0,0,0,0,0,0,0,0,0,0,0,0,0,0,0,0,0,0,0,0,0,0,0,0,0,0,0,0,0,0,0,10,2,0,4,2,1,0,1,2,2,2,2,2,2,0,1,2,1,2,2,2,2,33040,1,3,1,0,0,0,2,0,2,1
12A227,26,40123,2,1,0,1,25,224,1,58,3,3,1,1,1,2,1,2,2,2,0,0,0,0,0,0,0,0,0,0,0,0,0,12,5,2,2,2,2,1,2,2,2,2,2,0,2,1,5,0,0,0,0,0,0,0,0,0,0,0,0,20,2,0,2,4,1,0,2,2,2,2,1,1,1,1,1,1,1,1,1,1,1,32809,1,3,1,0,2,0,1,12,2,1
12B221,26,40131,3,1,0,2,25,224,1,25,7,4,1,1,1,1,2,1,1,1,3,4,2,1,2,1,2,2,1,0,1,2,1,0,0,0,0,0,0,0,0,0,0,0,0,0,0,0,0,3,4,1,2,1,1,2,1,0,1,2,1,60,2,0,2,3,1,0,1,2,1,1,1,1,1,2,1,1,1,1,1,1,1,16276,1,2,1,1,0,1,1,6,2,2
12B221,26,40131,4,1,0,1,25,224,2,35,4,3,7,1,1,1,2,2,2,2,2,4,2,2,2,1,2,2,2,0,2,1,1,0,0,0,0,0,0,0,0,0,0,0,0,0,0,0,0,0,0,0,0,0,0,0,0,0,0,0,0,30,2,0,2,3,2,0,1,1,2,2,1,2,2,0,1,1,1,1,1,1,1,8138,1,1,1,2,0,0,1,2,0,1
12B221,26,40131,1,1,0,2,25,224,2,33,7,4,1,1,1,1,2,2,2,2,1,4,2,2,2,1,2,2,2,0,2,1,1,0,0,0,0,0,0,0,0,0,0,0,0,0,0,0,0,0,0,0,0,0,0,0,0,0,0,0,0,20,2,0,4,3,2,0,2,2,2,2,2,2,2,0,1,1,1,1,1,1,1,16276,1,1,1,2,0,0,1,1,2,2
12B221,26,40131,2,1,0,1,25,224,2,60,6,2,1,1,1,1,2,1,2,1,1,4,2,2,2,2,1,2,3,120,2,1,1,0,0,0,0,0,0,0,0,0,0,0,0,0,0,0,0,14,3,1,1,2,2,1,1,0,1,2,1,30,2,0,2,4,1,0,2,2,2,2,2,1,2,0,1,4,1,2,2,2,2,8138,1,2,1,2,0,1,1,15,2,1
12B213,26,40133,1,1,0,1,25,224,1,40,3,3,1,1,2,2,2,2,2,2,0,0,0,0,0,0,0,0,0,0,0,0,0,0,0,0,0,0,0,0,0,0,0,0,0,0,0,0,0,0,0,0,0,0,0,0,0,0,0,0,0,0,0,0,0,0,0,3,2,2,2,2,2,1,1,2,2,0,1,2,2,2,2,19410,4,4,2,0,0,0,2,0,2,1
12B213,26,40133,4,1,0,1,25,224,1,29,4,2,1,1,2,2,2,1,2,1,0,0,0,0,0,0,0,0,0,0,0,0,0,0,0,0,0,0,0,0,0,0,0,0,0,0,0,0,0,1,3,2,1,2,2,1,3,5,2,1,1,5,2,0,3,3,2,0,2,2,2,2,1,1,1,2,1,1,1,1,1,1,1,19410,3,3,1,0,0,2,1,1,2,1
12B213,26,40133,3,1,0,2,25,224,2,47,6,3,1,1,1,1,2,2,2,2,5,6,2,2,2,1,2,2,2,0,1,1,1,0,0,0,0,0,0,0,0,0,0,0,0,0,0,0,0,0,0,0,0,0,0,0,0,0,0,0,0,10,1,3,2,2,2,0,2,1,2,2,2,1,2,0,2,0,1,2,1,2,2,19410,1,1,1,3,0,0,1,5,2,1
12B213,26,40133,2,1,0,2,25,224,2,42,7,4,1,1,1,2,1,1,2,1,0,0,0,0,0,0,0,0,0,0,0,0,0,4,1,2,1,2,2,2,2,1,2,2,2,0,2,1,2,3,1,2,2,2,2,2,2,0,2,1,2,30,1,7,3,2,2,0,2,2,2,2,2,2,2,0,1,1,1,2,1,1,1,19410,1,3,1,0,2,2,1,7,2,2
12B216,26,40138,3,1,0,4,25,224,2,77,3,3,7,1,1,2,2,1,2,2,0,0,0,0,0,0,0,0,0,0,0,0,0,0,0,0,0,0,0,0,0,0,0,0,0,0,0,0,0,1,4,2,2,2,2,1,2,0,2,1,1,5,2,0,2,2,2,0,2,2,2,2,2,1,2,0,2,0,1,1,1,1,2,8593,1,3,1,0,0,2,1,1,0,1
12B216,26,40138,1,1,0,3,25,224,1,36,2,6,1,1,2,2,2,2,2,2,0,0,0,0,0,0,0,0,0,0,0,0,0,0,0,0,0,0,0,0,0,0,0,0,0,0,0,0,0,0,0,0,0,0,0,0,0,0,0,0,0,0,0,0,0,0,0,1,2,2,2,2,2,2,2,0,2,0,1,2,2,2,2,42965,4,4,2,0,0,0,2,0,2,0
12B216,26,40138,4,1,0,3,25,224,2,19,4,2,1,1,2,1,2,2,2,2,1,4,2,2,2,1,2,2,3,200,2,1,1,0,0,0,0,0,0,0,0,0,0,0,0,0,0,0,0,0,0,0,0,0,0,0,0,0,0,0,0,20,2,0,2,1,1,0,2,2,2,2,1,1,1,2,1,1,1,1,1,1,1,25779,3,1,1,2,0,0,1,1,2,1
11A228,26,40193,2,1,0,1,25,224,1,45,3,3,1,1,2,2,2,2,2,2,0,0,0,0,0,0,0,0,0,0,0,0,0,0,0,0,0,0,0,0,0,0,0,0,0,0,0,0,0,0,0,0,0,0,0,0,0,0,0,0,0,0,0,0,0,0,0,1,2,2,2,2,2,2,2,0,2,0,1,2,2,2,2,18066,4,4,2,0,0,0,2,0,2,1
11A228,26,40193,4,1,0,2,25,224,2,26,3,3,1,1,2,2,2,2,2,2,0,0,0,0,0,0,0,0,0,0,0,0,0,0,0,0,0,0,0,0,0,0,0,0,0,0,0,0,0,0,0,0,0,0,0,0,0,0,0,0,0,0,0,0,0,0,0,1,2,2,2,2,2,1,2,0,1,1,1,2,1,2,2,18066,4,4,2,0,0,0,2,0,2,1
11A228,26,40193,3,1,0,1,25,224,1,28,4,3,1,1,2,2,2,2,2,2,0,0,0,0,0,0,0,0,0,0,0,0,0,0,0,0,0,0,0,0,0,0,0,0,0,0,0,0,0,0,0,0,0,0,0,0,0,0,0,0,0,0,0,0,0,0,0,1,2,2,2,2,2,2,2,0,2,0,1,2,1,2,2,9033,4,4,2,0,0,0,2,0,2,1
11A228,26,40193,1,1,0,2,25,224,2,30,3,3,1,1,1,1,2,2,1,1,15,4,2,2,1,1,1,2,3,1400,2,1,1,0,0,0,0,0,0,0,0,0,0,0,0,0,0,0,0,0,0,0,0,0,0,0,0,0,0,0,0,60,2,0,2,2,1,0,2,1,1,1,1,1,1,2,1,2,1,1,1,1,1,18066,1,2,1,2,0,0,1,15,2,1
12B222,26,40194,3,1,0,1,25,224,1,46,3,3,1,1,1,2,1,2,2,1,0,0,0,0,0,0,0,0,0,0,0,0,0,3,3,2,2,2,2,2,2,1,2,2,2,0,2,1,2,0,0,0,0,0,0,0,0,0,0,0,0,15,2,0,2,4,2,0,1,2,2,2,2,1,2,0,1,1,1,2,1,1,1,17153,1,3,1,0,2,0,1,3,2,1
12B222,26,40194,4,1,0,1,25,224,1,54,3,3,1,1,2,2,2,2,2,2,0,0,0,0,0,0,0,0,0,0,0,0,0,0,0,0,0,0,0,0,0,0,0,0,0,0,0,0,0,0,0,0,0,0,0,0,0,0,0,0,0,0,0,0,0,0,0,1,2,2,2,2,2,2,2,0,2,0,1,2,2,2,2,8576,4,4,2,0,0,0,2,0,2,1
12B222,26,40194,1,1,0,1,25,224,2,66,3,2,8,1,2,2,2,1,2,2,0,0,0,0,0,0,0,0,0,0,0,0,0,0,0,0,0,0,0,0,0,0,0,0,0,0,0,0,0,2,3,2,2,2,2,1,3,20,2,1,1,20,2,0,1,3,2,0,2,2,2,2,2,1,1,2,1,1,1,2,2,2,1,8576,3,3,1,0,0,2,1,2,0,1
12B222,26,40194,2,1,0,1,25,224,1,54,3,3,1,1,2,2,2,2,2,1,0,0,0,0,0,0,0,0,0,0,0,0,0,0,0,0,0,0,0,0,0,0,0,0,0,0,0,0,0,0,0,0,0,0,0,0,0,0,0,0,0,20,2,0,2,4,2,0,2,2,2,2,2,2,2,0,1,1,1,2,1,1,2,34305,3,3,1,0,0,0,2,0,2,1
13B214,26,40199,4,1,0,2,25,224,2,30,8,1,1,1,1,1,1,1,2,1,3,1,2,1,2,2,2,2,1,0,1,2,1,3,4,2,2,2,1,2,2,2,2,2,1,0,1,2,1,2,3,2,2,1,2,2,1,0,1,2,1,30,2,0,3,4,2,0,2,2,2,2,1,1,1,2,1,2,1,1,1,1,1,29732,1,2,1,1,1,1,1,8,2,2
13B214,26,40199,1,1,0,1,25,224,2,56,7,4,1,1,1,1,1,2,2,1,12,1,2,1,2,2,2,2,1,0,1,2,2,3,1,2,2,2,2,2,1,2,2,2,1,0,1,1,2,0,0,0,0,0,0,0,0,0,0,0,0,60,1,6,2,3,1,0,2,1,2,2,1,2,2,0,2,0,1,1,1,1,2,9911,1,2,1,1,3,0,1,15,2,2
13B214,26,40199,2,1,0,1,25,224,1,56,7,4,1,1,1,1,2,1,2,1,6,3,2,2,1,2,2,2,1,0,1,2,1,0,0,0,0,0,0,0,0,0,0,0,0,0,0,0,0,3,3,1,1,2,2,1,1,0,1,2,1,40,2,0,2,3,1,0,2,2,2,2,1,1,2,0,1,4,1,1,1,2,1,59462,1,2,1,1,0,1,1,9,2,2
13A228,26,40257,4,1,0,2,25,224,2,43,6,5,7,1,2,2,2,2,2,2,0,0,0,0,0,0,0,0,0,0,0,0,0,0,0,0,0,0,0,0,0,0,0,0,0,0,0,0,0,0,0,0,0,0,0,0,0,0,0,0,0,0,0,0,0,0,0,2,2,2,2,2,1,1,2,0,1,1,1,1,1,1,1,20295,4,4,2,0,0,0,2,0,0,1
13A228,26,40257,1,1,0,1,25,224,2,71,8,2,8,1,1,1,1,2,2,2,4,3,2,1,2,2,2,2,2,0,2,1,1,3,3,2,1,2,2,2,2,2,2,2,2,0,2,1,1,0,0,0,0,0,0,0,0,0,0,0,0,70,2,0,3,3,2,0,2,1,2,1,1,1,2,0,1,2,1,1,1,1,2,10147,1,2,1,2,2,0,1,7,0,2
13A228,26,40257,3,1,0,1,25,224,1,63,9,2,8,1,1,2,2,1,2,1,0,0,0,0,0,0,0,0,0,0,0,0,0,0,0,0,0,0,0,0,0,0,0,0,0,0,0,0,0,4,3,1,2,2,2,1,1,0,1,2,1,20,2,0,2,3,2,0,2,2,2,2,1,1,2,0,1,2,1,1,1,1,1,10147,1,3,1,0,0,1,1,4,0,2
11B214,26,40262,3,1,0,1,25,224,1,44,4,3,1,1,1,2,2,1,2,1,0,0,0,0,0,0,0,0,0,0,0,0,0,0,0,0,0,0,0,0,0,0,0,0,0,0,0,0,0,2,3,1,1,1,1,1,3,16,1,1,1,20,2,0,2,3,1,0,2,2,2,2,1,1,1,2,1,1,1,2,1,1,1,17432,1,3,1,0,0,3,1,2,2,1
11B214,26,40262,2,1,0,1,25,224,1,47,3,2,1,1,2,2,2,2,2,2,0,0,0,0,0,0,0,0,0,0,0,0,0,0,0,0,0,0,0,0,0,0,0,0,0,0,0,0,0,0,0,0,0,0,0,0,0,0,0,0,0,0,0,0,0,0,0,3,2,2,2,2,2,1,2,0,1,1,1,2,1,1,1,17432,4,4,2,0,0,0,2,0,2,1
11B214,26,40262,4,1,0,1,25,224,2,47,3,3,1,1,1,2,2,2,2,1,0,0,0,0,0,0,0,0,0,0,0,0,0,0,0,0,0,0,0,0,0,0,0,0,0,0,0,0,0,0,0,0,0,0,0,0,0,0,0,0,0,30,2,0,4,3,2,0,2,2,2,2,1,2,2,0,1,2,1,1,1,1,1,17432,1,3,1,0,0,0,2,0,2,1
11B214,26,40262,1,1,0,4,25,224,1,19,4,3,1,1,1,1,1,1,2,1,5,2,2,1,2,2,2,2,2,0,2,1,2,3,2,2,2,1,2,2,2,2,2,2,3,200,2,1,2,1,3,2,1,2,1,1,2,0,2,1,1,30,1,5,2,3,1,0,1,1,1,1,2,1,1,2,1,3,1,1,1,1,2,26148,1,2,1,2,2,2,1,9,2,1
12B215,26,40326,3,1,0,2,25,224,2,58,6,2,1,1,2,2,2,2,2,2,0,0,0,0,0,0,0,0,0,0,0,0,0,0,0,0,0,0,0,0,0,0,0,0,0,0,0,0,0,0,0,0,0,0,0,0,0,0,0,0,0,0,0,0,0,0,0,1,1,1,2,1,2,2,2,0,1,1,1,2,2,1,1,15751,4,4,2,0,0,0,2,0,2,1
12B215,26,40326,1,1,0,1,25,224,1,44,2,4,4,2,0,0,0,0,0,0,0,0,0,0,0,0,0,0,0,0,0,0,0,0,0,0,0,0,0,0,0,0,0,0,0,0,0,0,0,0,0,0,0,0,0,0,0,0,0,0,0,0,0,0,0,0,0,0,0,0,0,0,0,0,0,0,0,0,0,0,0,0,0,7875,0,0,0,0,0,0,0,0,1,0
12B215,26,40326,2,1,0,2,25,224,2,43,4,3,1,1,1,1,2,1,2,1,4,4,2,2,2,1,2,2,1,0,1,2,1,0,0,0,0,0,0,0,0,0,0,0,0,0,0,0,0,1,3,2,2,2,2,1,1,0,1,2,1,60,2,0,3,3,2,0,1,1,2,1,2,1,2,0,2,0,1,2,1,1,1,23626,1,2,1,1,0,1,1,5,2,1
12B215,26,40326,4,1,0,2,25,224,2,47,3,3,1,1,1,1,1,2,2,2,1,4,2,2,1,2,2,2,2,0,2,1,1,5,4,2,2,2,2,1,2,2,2,2,2,0,2,1,1,0,0,0,0,0,0,0,0,0,0,0,0,30,2,0,1,3,1,0,2,2,2,2,1,2,2,0,1,2,1,1,1,1,1,15751,1,2,1,2,2,0,1,6,2,1
13B216,27,40042,1,1,0,2,18,224,2,32,4,3,1,1,1,1,2,2,2,1,1,3,2,2,2,2,1,2,3,400,2,1,1,0,0,0,0,0,0,0,0,0,0,0,0,0,0,0,0,0,0,0,0,0,0,0,0,0,0,0,0,30,2,0,2,3,2,0,1,2,1,1,1,1,1,3,1,4,1,2,1,2,1,20545,1,2,1,2,0,0,1,1,2,1
13B216,27,40042,2,1,0,1,18,224,1,45,8,2,1,1,1,1,1,1,2,1,5,4,2,1,2,1,2,2,3,2200,2,1,2,6,6,2,1,2,2,2,2,2,2,2,1,0,1,2,1,5,3,1,1,1,2,1,1,0,1,2,2,30,2,0,3,4,1,0,1,2,2,2,2,2,2,0,1,1,1,2,2,2,2,20545,1,2,1,2,1,1,1,16,2,2
13B213,27,40071,4,1,0,1,18,224,1,68,9,4,1,1,1,1,2,1,2,2,2,3,2,2,1,2,2,2,2,0,2,1,1,0,0,0,0,0,0,0,0,0,0,0,0,0,0,0,0,7,3,1,1,1,2,1,1,0,1,2,1,45,2,0,4,4,1,0,2,2,2,2,2,1,1,1,1,2,1,2,2,2,2,26085,1,2,1,2,0,1,1,9,2,2
13B213,27,40071,1,1,0,1,18,224,2,71,5,3,7,1,1,1,2,2,2,2,1,5,2,2,1,2,2,2,2,0,2,1,1,0,0,0,0,0,0,0,0,0,0,0,0,0,0,0,0,0,0,0,0,0,0,0,0,0,0,0,0,10,2,0,2,3,2,0,2,2,2,2,2,2,2,0,3,0,1,3,3,3,3,8695,1,1,1,2,0,0,1,1,0,1
13B213,27,40071,3,1,0,1,18,224,2,26,7,4,1,1,1,1,1,2,1,1,30,4,2,2,2,1,2,2,1,0,1,2,1,3,4,2,2,2,2,2,1,2,2,2,3,300,2,1,1,0,0,0,0,0,0,0,0,0,0,0,0,60,2,0,4,3,1,0,1,2,2,1,2,2,2,0,2,0,1,1,1,1,1,8695,1,2,1,1,2,0,1,33,2,2
13B213,27,40071,2,1,0,1,18,224,1,46,7,4,1,1,1,1,2,1,2,1,3,3,2,2,2,1,2,2,3,1000,2,1,1,0,0,0,0,0,0,0,0,0,0,0,0,0,0,0,0,1,3,2,2,1,2,2,1,0,1,2,1,30,2,0,4,3,1,0,1,2,2,1,1,1,1,1,1,6,1,1,1,1,1,17390,1,2,1,2,0,1,1,4,2,2
11A227,27,40094,4,1,0,1,18,224,1,61,4,3,1,1,1,1,2,1,2,2,1,5,2,2,1,2,2,2,3,400,2,1,1,0,0,0,0,0,0,0,0,0,0,0,0,0,0,0,0,2,3,1,1,1,2,1,2,0,2,1,2,20,2,0,2,2,2,0,2,2,2,2,2,3,2,0,3,0,1,2,2,2,2,7497,1,2,1,2,0,2,1,3,2,1
11A227,27,40094,2,1,0,1,18,224,1,34,7,5,1,1,1,1,2,2,2,2,1,3,2,2,2,1,2,2,3,150,2,1,1,0,0,0,0,0,0,0,0,0,0,0,0,0,0,0,0,0,0,0,0,0,0,0,0,0,0,0,0,5,1,6,2,2,2,0,2,2,2,2,2,2,2,0,1,1,1,1,2,2,1,7497,1,1,1,2,0,0,1,1,2,2
11A227,27,40094,1,1,0,1,18,224,2,61,6,2,7,1,2,1,2,2,2,2,1,5,2,2,1,2,2,2,3,500,2,1,1,0,0,0,0,0,0,0,0,0,0,0,0,0,0,0,0,0,0,0,0,0,0,0,0,0,0,0,0,10,2,0,1,2,2,0,2,2,2,2,2,2,2,0,2,0,1,2,2,2,2,7497,3,1,1,2,0,0,1,1,0,1
11A227,27,40094,3,1,0,2,18,224,2,28,7,4,1,1,2,2,2,2,2,2,0,0,0,0,0,0,0,0,0,0,0,0,0,0,0,0,0,0,0,0,0,0,0,0,0,0,0,0,0,0,0,0,0,0,0,0,0,0,0,0,0,0,0,0,0,0,0,1,2,2,2,2,2,2,2,0,2,0,1,2,2,2,2,7497,4,4,2,0,0,0,2,0,2,2
11B221,27,40103,1,1,0,2,18,224,2,27,4,3,7,1,1,1,2,2,2,1,2,5,2,2,1,2,2,2,3,50,2,1,1,0,0,0,0,0,0,0,0,0,0,0,0,0,0,0,0,0,0,0,0,0,0,0,0,0,0,0,0,20,2,0,2,1,2,0,2,2,2,2,2,1,1,1,2,0,1,1,1,1,1,15512,1,2,1,2,0,0,1,2,0,1
11B221,27,40103,2,1,0,1,18,224,1,39,4,3,1,1,1,1,2,2,2,1,2,3,2,2,1,2,2,2,3,500,2,1,1,0,0,0,0,0,0,0,0,0,0,0,0,0,0,0,0,0,0,0,0,0,0,0,0,0,0,0,0,30,2,0,3,3,1,0,2,2,1,1,1,1,1,2,2,0,1,1,1,1,1,15512,1,2,1,2,0,0,1,2,2,1
11B221,27,40103,4,1,0,1,18,224,1,69,3,3,1,1,1,1,2,2,2,2,1,1,1,2,2,2,2,2,3,150,2,1,1,0,0,0,0,0,0,0,0,0,0,0,0,0,0,0,0,0,0,0,0,0,0,0,0,0,0,0,0,30,2,0,2,3,2,0,2,2,2,2,2,2,2,0,2,0,1,3,1,2,1,7755,1,1,1,2,0,0,1,1,2,1
11B221,27,40103,3,1,0,2,18,224,2,46,4,3,1,1,1,2,2,2,2,1,0,0,0,0,0,0,0,0,0,0,0,0,0,0,0,0,0,0,0,0,0,0,0,0,0,0,0,0,0,0,0,0,0,0,0,0,0,0,0,0,0,5,2,0,2,4,2,0,2,2,2,2,1,2,2,0,2,0,1,1,1,1,1,15512,1,3,1,0,0,0,2,0,2,1
11B216,27,40143,4,1,0,1,18,224,1,59,3,3,7,1,1,2,2,1,2,2,0,0,0,0,0,0,0,0,0,0,0,0,0,0,0,0,0,0,0,0,0,0,0,0,0,0,0,0,0,1,3,2,1,1,2,1,3,10,2,1,1,30,2,0,2,2,2,0,2,2,2,2,2,1,2,0,2,0,1,2,2,2,2,8304,1,3,1,0,0,2,1,1,0,1
11B216,27,40143,3,1,0,1,18,224,2,57,6,3,1,1,1,1,2,2,2,2,1,5,2,2,1,2,2,2,2,0,2,1,1,0,0,0,0,0,0,0,0,0,0,0,0,0,0,0,0,0,0,0,0,0,0,0,0,0,0,0,0,10,2,0,2,3,2,0,2,2,2,2,1,1,1,1,1,1,1,1,1,1,1,8304,1,1,1,2,0,0,1,1,2,1
11B216,27,40143,2,1,0,1,18,224,2,47,4,3,1,1,1,1,2,2,2,2,1,5,2,2,1,2,2,2,3,500,2,1,1,0,0,0,0,0,0,0,0,0,0,0,0,0,0,0,0,0,0,0,0,0,0,0,0,0,0,0,0,10,2,0,2,3,1,0,2,2,2,2,2,2,2,0,1,1,1,1,1,1,1,24913,1,1,1,2,0,0,1,1,2,1
11B216,27,40143,1,1,0,1,18,224,1,47,4,3,1,1,2,2,2,2,2,2,0,0,0,0,0,0,0,0,0,0,0,0,0,0,0,0,0,0,0,0,0,0,0,0,0,0,0,0,0,0,0,0,0,0,0,0,0,0,0,0,0,0,0,0,0,0,0,3,2,2,2,2,1,1,1,2,1,1,1,1,1,1,1,24913,4,4,2,0,0,0,2,0,2,1
12B214,27,40165,4,1,0,2,18,224,2,40,7,5,1,1,1,1,1,2,2,1,2,1,2,1,2,2,2,2,1,0,1,2,1,1,3,2,2,2,2,2,1,2,2,2,1,0,1,2,1,0,0,0,0,0,0,0,0,0,0,0,0,30,1,7,3,3,1,0,2,2,1,2,1,1,1,2,1,1,1,2,1,1,1,17644,1,2,1,1,1,0,1,3,2,2
12B214,27,40165,3,1,0,2,18,224,2,49,8,2,1,1,1,1,2,2,2,1,10,2,2,2,1,2,1,2,1,0,1,2,1,0,0,0,0,0,0,0,0,0,0,0,0,0,0,0,0,0,0,0,0,0,0,0,0,0,0,0,0,180,2,0,2,4,1,0,1,2,2,2,1,1,2,0,1,5,1,2,1,2,1,17644,1,2,1,1,0,0,1,10,2,2
12B214,27,40165,2,1,0,1,18,224,1,20,7,2,6,1,1,1,2,2,2,1,5,2,2,1,2,2,2,2,1,0,1,2,1,0,0,0,0,0,0,0,0,0,0,0,0,0,0,0,0,0,0,0,0,0,0,0,0,0,0,0,0,60,1,7,3,1,1,0,2,2,1,2,2,1,1,2,1,1,1,3,1,1,1,8822,1,2,1,1,0,0,1,5,1,2
12B214,27,40165,1,1,0,2,18,224,2,74,4,3,7,1,2,2,2,2,2,2,0,0,0,0,0,0,0,0,0,0,0,0,0,0,0,0,0,0,0,0,0,0,0,0,0,0,0,0,0,0,0,0,0,0,0,0,0,0,0,0,0,0,0,0,0,0,0,1,2,2,2,2,2,2,2,0,2,0,1,1,1,1,1,17644,4,4,2,0,0,0,2,0,0,1
11B222,27,40232,3,1,0,1,18,224,2,65,6,2,7,1,1,1,2,2,1,2,1,5,2,2,1,2,2,2,1,0,1,2,1,0,0,0,0,0,0,0,0,0,0,0,0,0,0,0,0,0,0,0,0,0,0,0,0,0,0,0,0,30,2,0,2,1,1,0,2,2,2,2,2,1,2,0,2,0,1,2,2,2,2,15714,1,2,1,1,0,0,1,1,0,1
11B222,27,40232,4,1,0,5,18,224,2,22,7,3,1,1,1,1,1,2,2,1,2,2,2,1,2,2,2,2,1,0,1,2,1,1,1,2,2,2,2,2,2,2,1,2,2,0,2,1,2,0,0,0,0,0,0,0,0,0,0,0,0,10,2,0,4,2,1,0,2,2,2,2,1,1,2,0,2,0,1,1,1,1,1,39284,1,2,1,1,2,0,1,3,2,2
11B222,27,40232,1,1,0,1,18,224,2,62,0,,1,2,0,0,0,0,0,0,0,0,0,0,0,0,0,0,0,0,0,0,0,0,0,0,0,0,0,0,0,0,0,0,0,0,0,0,0,0,0,0,0,0,0,0,0,0,0,0,0,0,0,0,0,0,0,0,0,0,0,0,0,0,0,0,0,0,0,0,0,0,0,15714,0,0,0,0,0,0,0,0,2,0
11B222,27,40232,2,1,0,3,18,224,2,41,7,5,1,1,1,1,2,2,1,1,2,1,2,1,2,2,2,2,1,0,1,2,1,0,0,0,0,0,0,0,0,0,0,0,0,0,0,0,0,0,0,0,0,0,0,0,0,0,0,0,0,60,1,5,2,3,1,0,2,2,2,2,1,1,1,2,1,1,1,1,1,1,1,23570,1,2,1,1,0,0,1,2,2,2
12A228,27,40255,4,1,0,1,18,224,1,42,3,3,1,1,1,1,1,2,1,1,1,3,2,2,1,2,2,2,3,200,2,1,1,1,1,2,2,2,2,1,2,2,2,2,1,0,2,1,1,0,0,0,0,0,0,0,0,0,0,0,0,20,1,7,1,2,1,0,2,2,2,2,2,1,1,2,1,1,1,1,1,1,1,8545,1,2,1,2,2,0,1,2,2,1
12A228,27,40255,3,1,0,1,18,224,1,83,7,5,8,1,1,1,2,1,2,2,3,4,2,2,2,1,2,2,3,400,2,1,1,0,0,0,0,0,0,0,0,0,0,0,0,0,0,0,0,2,4,2,2,1,2,1,1,0,2,1,3,30,2,0,2,2,1,0,2,2,1,1,2,2,2,0,1,1,1,3,2,2,3,17090,1,2,1,2,0,2,1,5,0,2
12A228,27,40255,1,1,0,1,18,224,2,76,2,2,7,1,2,2,2,2,2,2,0,0,0,0,0,0,0,0,0,0,0,0,0,0,0,0,0,0,0,0,0,0,0,0,0,0,0,0,0,0,0,0,0,0,0,0,0,0,0,0,0,0,0,0,0,0,0,5,2,2,2,2,2,2,2,0,2,0,1,3,3,3,3,17090,4,4,2,0,0,0,2,0,0,0
12A228,27,40255,2,1,0,2,18,224,2,54,7,4,1,1,1,1,2,2,2,2,1,5,2,2,1,2,2,2,3,150,2,1,1,0,0,0,0,0,0,0,0,0,0,0,0,0,0,0,0,0,0,0,0,0,0,0,0,0,0,0,0,30,2,0,1,3,1,0,1,2,2,2,2,2,2,0,3,0,1,1,1,1,2,17090,1,1,1,2,0,0,1,1,2,2
11B215,27,40362,4,1,0,2,18,224,2,32,4,3,7,1,1,1,2,2,2,1,2,4,2,2,1,2,2,2,1,0,1,2,1,0,0,0,0,0,0,0,0,0,0,0,0,0,0,0,0,0,0,0,0,0,0,0,0,0,0,0,0,10,2,0,4,3,2,0,2,2,2,1,2,1,1,2,2,0,1,1,1,1,1,16200,1,2,1,1,0,0,1,2,0,1
11B215,27,40362,2,1,0,2,18,224,2,58,2,3,7,1,1,1,2,2,2,2,1,5,2,2,1,2,2,2,1,0,1,2,1,0,0,0,0,0,0,0,0,0,0,0,0,0,0,0,0,0,0,0,0,0,0,0,0,0,0,0,0,5,2,0,1,3,2,0,2,2,2,2,2,2,2,0,2,0,1,2,2,2,2,24300,1,1,1,1,0,0,1,1,0,0
11B215,27,40362,1,1,0,1,18,224,2,73,2,6,7,1,1,1,2,2,2,2,1,5,2,2,1,2,2,2,2,0,2,1,1,0,0,0,0,0,0,0,0,0,0,0,0,0,0,0,0,0,0,0,0,0,0,0,0,0,0,0,0,10,2,0,1,2,2,0,2,2,2,2,3,3,3,0,3,0,1,2,2,2,2,16200,1,1,1,2,0,0,1,1,0,0
11B215,27,40362,3,1,0,3,18,224,2,25,7,2,7,1,1,1,2,2,1,1,1,4,2,2,2,1,2,2,1,0,1,2,1,0,0,0,0,0,0,0,0,0,0,0,0,0,0,0,0,0,0,0,0,0,0,0,0,0,0,0,0,15,2,0,2,1,2,0,2,2,2,2,1,1,1,1,1,1,1,1,2,1,1,16200,1,2,1,1,0,0,1,1,0,2
11B222,27,40388,3,1,0,1,18,224,2,48,4,3,1,1,1,1,2,2,1,2,1,4,2,2,2,1,2,2,2,0,2,1,1,0,0,0,0,0,0,0,0,0,0,0,0,0,0,0,0,0,0,0,0,0,0,0,0,0,0,0,0,60,2,0,4,3,2,0,2,2,2,2,1,1,2,0,1,1,1,2,1,1,1,9652,1,2,1,2,0,0,1,1,2,1
11B222,27,40388,2,1,0,1,18,224,1,37,7,5,1,1,1,1,2,1,2,1,1,1,1,2,2,2,2,2,1,0,1,2,2,0,0,0,0,0,0,0,0,0,0,0,0,0,0,0,0,3,1,1,1,2,2,1,1,0,1,2,2,25,2,0,3,4,1,0,1,2,1,2,1,1,2,0,1,1,1,1,1,1,2,19304,1,2,1,1,0,1,1,4,2,2
11B222,27,40388,1,1,0,2,18,224,2,44,3,3,5,1,1,1,2,2,1,2,1,5,2,2,1,2,2,2,2,0,2,1,1,0,0,0,0,0,0,0,0,0,0,0,0,0,0,0,0,0,0,0,0,0,0,0,0,0,0,0,0,15,2,0,2,2,1,0,2,2,2,2,2,2,2,0,2,0,1,1,1,1,1,28956,1,2,1,2,0,0,1,1,2,1
11B221,28,40004,4,1,0,1,10,224,1,46,4,3,1,1,2,2,2,2,2,1,0,0,0,0,0,0,0,0,0,0,0,0,0,0,0,0,0,0,0,0,0,0,0,0,0,0,0,0,0,0,0,0,0,0,0,0,0,0,0,0,0,20,2,0,3,3,2,0,2,2,2,2,2,2,2,0,2,0,1,1,1,1,1,23689,3,3,1,0,0,0,2,0,2,1
11B221,28,40004,3,1,0,2,10,224,2,37,3,3,1,1,2,2,2,2,2,2,0,0,0,0,0,0,0,0,0,0,0,0,0,0,0,0,0,0,0,0,0,0,0,0,0,0,0,0,0,0,0,0,0,0,0,0,0,0,0,0,0,0,0,0,0,0,0,1,2,2,2,2,2,2,2,0,1,1,1,1,1,1,1,35533,4,4,2,0,0,0,2,0,2,1
11B221,28,40004,1,1,0,1,10,224,1,24,4,1,1,1,2,2,2,2,2,2,0,0,0,0,0,0,0,0,0,0,0,0,0,0,0,0,0,0,0,0,0,0,0,0,0,0,0,0,0,0,0,0,0,0,0,0,0,0,0,0,0,0,0,0,0,0,0,3,2,2,2,2,2,2,2,0,2,0,1,1,1,1,1,23689,4,4,2,0,0,0,2,0,2,1
12B221,28,40006,3,1,0,1,10,224,2,46,7,7,1,1,2,2,2,2,2,2,0,0,0,0,0,0,0,0,0,0,0,0,0,0,0,0,0,0,0,0,0,0,0,0,0,0,0,0,0,0,0,0,0,0,0,0,0,0,0,0,0,0,0,0,0,0,0,3,2,2,2,2,2,2,2,0,1,1,1,1,1,2,1,28934,4,4,2,0,0,0,2,0,2,2
12B216,28,40011,4,1,0,1,10,224,2,73,2,6,8,1,2,2,2,2,2,2,0,0,0,0,0,0,0,0,0,0,0,0,0,0,0,0,0,0,0,0,0,0,0,0,0,0,0,0,0,0,0,0,0,0,0,0,0,0,0,0,0,0,0,0,0,0,0,3,2,2,2,2,1,1,1,1,1,1,1,1,1,1,1,8843,4,4,2,0,0,0,2,0,0,0
12B216,28,40011,1,1,0,1,10,224,2,36,6,3,1,1,1,1,2,2,2,2,2,3,2,2,1,2,1,2,1,0,1,2,1,0,0,0,0,0,0,0,0,0,0,0,0,0,0,0,0,0,0,0,0,0,0,0,0,0,0,0,0,60,2,0,4,3,2,0,2,2,2,2,2,2,2,0,1,2,1,1,1,1,1,8843,1,1,1,1,0,0,1,2,2,1
12B216,28,40011,2,1,0,1,10,224,1,71,6,3,8,1,2,2,2,2,2,2,0,0,0,0,0,0,0,0,0,0,0,0,0,0,0,0,0,0,0,0,0,0,0,0,0,0,0,0,0,0,0,0,0,0,0,0,0,0,0,0,0,0,0,0,0,0,0,3,2,2,2,2,2,2,2,0,2,0,1,2,2,2,2,17687,4,4,2,0,0,0,2,0,0,1
12B216,28,40011,3,1,0,3,10,224,2,39,4,3,10,1,1,2,2,2,2,1,0,0,0,0,0,0,0,0,0,0,0,0,0,0,0,0,0,0,0,0,0,0,0,0,0,0,0,0,0,0,0,0,0,0,0,0,0,0,0,0,0,5,2,0,2,2,2,0,2,2,2,2,1,1,1,2,1,1,1,1,1,1,1,26530,1,3,1,0,0,0,2,0,0,1
12B213,28,40034,1,1,0,1,10,224,1,77,7,5,8,1,1,1,2,2,2,2,2,4,2,2,2,1,2,2,2,0,2,1,1,0,0,0,0,0,0,0,0,0,0,0,0,0,0,0,0,0,0,0,0,0,0,0,0,0,0,0,0,40,2,0,2,3,2,0,2,2,2,2,2,1,2,0,1,1,1,1,1,1,1,16243,1,1,1,2,0,0,1,2,0,2
12B213,28,40034,4,1,0,2,10,224,1,30,7,1,1,1,1,1,2,2,2,2,1,2,2,1,2,2,2,2,2,0,2,1,2,0,0,0,0,0,0,0,0,0,0,0,0,0,0,0,0,0,0,0,0,0,0,0,0,0,0,0,0,40,1,6,2,2,1,0,2,2,2,2,2,2,2,0,2,0,1,1,1,1,1,16243,1,1,1,2,0,0,1,1,2,2
12B213,28,40034,2,1,0,1,10,224,1,39,7,5,8,1,2,2,2,2,2,2,0,0,0,0,0,0,0,0,0,0,0,0,0,0,0,0,0,0,0,0,0,0,0,0,0,0,0,0,0,0,0,0,0,0,0,0,0,0,0,0,0,0,0,0,0,0,0,1,2,2,2,2,2,2,2,0,2,0,1,2,2,2,2,24365,4,4,2,0,0,0,2,0,0,2
12B213,28,40034,3,1,0,2,10,224,2,49,6,3,1,1,2,2,2,2,2,1,0,0,0,0,0,0,0,0,0,0,0,0,0,0,0,0,0,0,0,0,0,0,0,0,0,0,0,0,0,0,0,0,0,0,0,0,0,0,0,0,0,30,2,0,2,3,1,0,2,2,2,2,1,1,1,1,2,0,1,1,1,1,1,16243,3,3,1,0,0,0,2,0,2,1
11A227,28,40059,4,1,0,1,10,224,1,55,4,3,1,1,1,2,2,1,2,2,0,0,0,0,0,0,0,0,0,0,0,0,0,0,0,0,0,0,0,0,0,0,0,0,0,0,0,0,0,2,3,1,1,2,2,1,2,0,2,1,2,20,2,0,2,3,2,0,2,2,2,2,2,2,2,0,2,0,1,1,1,1,1,17487,1,3,1,0,0,2,1,2,2,1
11A227,28,40059,1,1,0,1,10,224,2,35,7,4,1,1,1,1,2,2,2,1,1,4,2,2,2,1,2,2,2,0,2,1,1,0,0,0,0,0,0,0,0,0,0,0,0,0,0,0,0,0,0,0,0,0,0,0,0,0,0,0,0,40,2,0,3,3,2,0,2,2,2,2,2,2,2,0,2,0,1,1,1,1,1,26230,1,2,1,2,0,0,1,1,2,2
11A227,28,40059,2,1,0,1,10,224,1,44,3,3,1,1,1,2,1,2,2,1,0,0,0,0,0,0,0,0,0,0,0,0,0,1,4,2,2,2,1,2,2,2,2,2,2,0,2,1,2,0,0,0,0,0,0,0,0,0,0,0,0,30,2,0,2,3,1,0,2,2,2,2,2,1,2,0,2,0,1,1,1,1,1,17487,1,3,1,0,2,0,1,1,2,1
11A227,28,40059,3,1,0,2,10,224,2,35,3,3,7,1,1,1,2,2,2,2,5,6,2,1,2,2,2,2,2,0,2,1,1,0,0,0,0,0,0,0,0,0,0,0,0,0,0,0,0,0,0,0,0,0,0,0,0,0,0,0,0,30,2,0,2,2,2,0,2,2,2,2,2,1,1,1,2,0,1,2,2,1,1,17487,1,1,1,2,0,0,1,5,0,1
13A227,28,40154,2,1,0,4,10,224,1,21,7,2,4,1,2,1,1,2,1,1,1,4,2,2,2,1,2,2,1,0,1,2,1,1,4,2,2,2,2,2,2,2,1,2,1,0,1,2,1,0,0,0,0,0,0,0,0,0,0,0,0,30,2,0,2,4,1,0,2,2,2,2,1,2,2,0,1,1,1,1,1,1,1,60896,3,2,1,1,1,0,1,2,1,2
13A227,28,40154,1,1,0,2,10,224,2,36,4,3,7,1,2,2,2,2,2,1,0,0,0,0,0,0,0,0,0,0,0,0,0,0,0,0,0,0,0,0,0,0,0,0,0,0,0,0,0,0,0,0,0,0,0,0,0,0,0,0,0,30,2,0,2,2,2,0,2,2,2,2,2,1,2,0,1,1,1,1,1,1,1,24359,3,3,1,0,0,0,2,0,0,1
13A227,28,40154,4,1,0,1,10,224,1,41,4,3,1,1,2,2,2,2,2,2,0,0,0,0,0,0,0,0,0,0,0,0,0,0,0,0,0,0,0,0,0,0,0,0,0,0,0,0,0,0,0,0,0,0,0,0,0,0,0,0,0,0,0,0,0,0,0,3,2,2,2,2,2,1,2,0,1,1,1,1,1,1,1,36538,4,4,2,0,0,0,2,0,2,1
11A228,28,40185,4,1,0,3,10,224,2,21,4,3,7,1,2,2,2,2,2,1,0,0,0,0,0,0,0,0,0,0,0,0,0,0,0,0,0,0,0,0,0,0,0,0,0,0,0,0,0,0,0,0,0,0,0,0,0,0,0,0,0,30,2,0,3,4,2,0,2,2,2,2,2,2,1,2,1,1,1,1,1,1,1,27967,3,3,1,0,0,0,2,0,0,1
11A228,28,40185,1,1,0,1,10,224,2,64,0,,7,1,2,2,2,2,2,2,0,0,0,0,0,0,0,0,0,0,0,0,0,0,0,0,0,0,0,0,0,0,0,0,0,0,0,0,0,0,0,0,0,0,0,0,0,0,0,0,0,0,0,0,0,0,0,3,2,2,2,2,2,2,2,0,2,0,1,2,2,1,2,9323,4,4,2,0,0,0,2,0,0,0
11A228,28,40185,3,1,0,1,10,224,1,24,4,3,1,1,2,2,2,2,2,1,0,0,0,0,0,0,0,0,0,0,0,0,0,0,0,0,0,0,0,0,0,0,0,0,0,0,0,0,0,0,0,0,0,0,0,0,0,0,0,0,0,35,2,0,2,2,2,0,2,2,2,2,2,2,2,0,2,0,1,1,1,1,1,18644,3,3,1,0,0,0,2,0,2,1
11A228,28,40185,2,1,0,2,10,224,1,20,7,1,6,1,1,1,2,2,2,1,2,6,2,2,1,2,2,2,2,0,2,1,1,0,0,0,0,0,0,0,0,0,0,0,0,0,0,0,0,0,0,0,0,0,0,0,0,0,0,0,0,60,1,7,2,4,2,0,2,1,2,2,2,1,1,2,2,0,1,1,1,1,1,27967,1,2,1,2,0,0,1,2,1,2
11B214,28,40190,2,1,0,2,10,224,1,25,4,3,1,1,2,2,2,2,2,2,0,0,0,0,0,0,0,0,0,0,0,0,0,0,0,0,0,0,0,0,0,0,0,0,0,0,0,0,0,0,0,0,0,0,0,0,0,0,0,0,0,0,0,0,0,0,0,1,2,2,2,2,2,2,2,0,2,0,1,1,1,1,2,24835,4,4,2,0,0,0,2,0,2,1
11B214,28,40190,3,1,0,2,10,224,2,34,3,3,1,1,2,2,2,2,2,2,0,0,0,0,0,0,0,0,0,0,0,0,0,0,0,0,0,0,0,0,0,0,0,0,0,0,0,0,0,0,0,0,0,0,0,0,0,0,0,0,0,0,0,0,0,0,0,1,2,2,2,2,2,2,2,0,2,0,1,1,1,1,1,24835,4,4,2,0,0,0,2,0,2,1
11B214,28,40190,1,1,0,3,10,224,1,24,3,3,2,1,2,2,2,2,2,2,0,0,0,0,0,0,0,0,0,0,0,0,0,0,0,0,0,0,0,0,0,0,0,0,0,0,0,0,0,0,0,0,0,0,0,0,0,0,0,0,0,0,0,0,0,0,0,3,2,2,2,2,2,2,2,0,2,0,1,1,1,2,2,24835,4,4,2,0,0,0,2,0,1,1
12B222,28,40250,2,1,0,2,10,224,1,44,4,3,1,1,2,2,2,2,2,1,0,0,0,0,0,0,0,0,0,0,0,0,0,0,0,0,0,0,0,0,0,0,0,0,0,0,0,0,0,0,0,0,0,0,0,0,0,0,0,0,0,60,2,0,4,4,2,0,2,2,2,2,2,1,1,2,1,1,1,1,1,1,1,14220,3,3,1,0,0,0,2,0,2,1
12B222,28,40250,3,1,0,2,10,224,2,38,4,3,7,1,1,2,2,2,2,1,0,0,0,0,0,0,0,0,0,0,0,0,0,0,0,0,0,0,0,0,0,0,0,0,0,0,0,0,0,0,0,0,0,0,0,0,0,0,0,0,0,60,2,0,2,3,2,0,2,2,2,2,3,3,3,0,3,0,1,2,2,2,2,14220,1,3,1,0,0,0,2,0,0,1
12B222,28,40250,1,1,0,2,10,224,2,47,4,3,7,1,1,1,1,2,2,1,2,3,2,2,1,2,2,2,3,1700,2,1,1,2,4,2,2,2,2,1,2,1,2,2,1,0,1,2,1,0,0,0,0,0,0,0,0,0,0,0,0,30,2,0,3,3,1,0,1,2,2,1,2,1,2,0,1,2,1,2,1,2,2,21330,1,2,1,2,1,0,1,4,0,1
12B222,28,40250,4,1,0,1,10,224,2,55,7,4,1,1,2,2,2,2,2,2,0,0,0,0,0,0,0,0,0,0,0,0,0,0,0,0,0,0,0,0,0,0,0,0,0,0,0,0,0,0,0,0,0,0,0,0,0,0,0,0,0,0,0,0,0,0,0,3,2,2,2,2,2,1,2,0,1,2,1,3,3,1,1,7110,4,4,2,0,0,0,2,0,2,2
13B214,28,40254,4,1,0,1,10,224,1,60,7,4,1,1,2,2,2,2,2,2,0,0,0,0,0,0,0,0,0,0,0,0,0,0,0,0,0,0,0,0,0,0,0,0,0,0,0,0,0,0,0,0,0,0,0,0,0,0,0,0,0,0,0,0,0,0,0,3,2,2,2,2,2,1,2,0,1,3,1,1,1,1,2,20634,4,4,2,0,0,0,2,0,2,2
13B214,28,40254,1,1,0,1,10,224,2,53,3,3,7,1,1,2,2,2,2,1,0,0,0,0,0,0,0,0,0,0,0,0,0,0,0,0,0,0,0,0,0,0,0,0,0,0,0,0,0,0,0,0,0,0,0,0,0,0,0,0,0,40,2,0,2,2,2,0,2,2,2,2,2,1,1,2,2,0,1,1,2,1,2,20634,1,3,1,0,0,0,2,0,0,1
13B214,28,40254,3,1,0,4,10,224,2,21,7,2,6,1,2,2,2,2,2,1,0,0,0,0,0,0,0,0,0,0,0,0,0,0,0,0,0,0,0,0,0,0,0,0,0,0,0,0,0,0,0,0,0,0,0,0,0,0,0,0,0,60,2,0,2,2,2,0,2,2,2,2,1,1,1,1,1,3,1,1,1,1,1,30951,3,3,1,0,0,0,2,0,1,2
11A228,28,40278,1,1,0,2,10,224,2,40,4,3,7,1,2,2,2,2,2,1,0,0,0,0,0,0,0,0,0,0,0,0,0,0,0,0,0,0,0,0,0,0,0,0,0,0,0,0,0,0,0,0,0,0,0,0,0,0,0,0,0,5,1,7,1,1,2,0,2,2,2,2,2,2,2,0,2,0,1,1,1,1,1,34602,3,3,1,0,0,0,2,0,0,1
11A228,28,40278,4,1,0,1,10,224,2,55,2,3,7,1,1,1,1,2,2,1,1,5,2,2,1,2,2,2,2,0,2,1,1,2,4,2,2,2,2,2,2,2,1,2,2,0,2,1,1,0,0,0,0,0,0,0,0,0,0,0,0,30,2,0,2,2,1,0,2,2,2,2,2,2,2,0,1,1,1,2,1,1,2,17301,1,2,1,2,2,0,1,3,0,0
11A228,28,40278,2,1,0,1,10,224,1,87,2,1,10,2,0,0,0,0,0,0,0,0,0,0,0,0,0,0,0,0,0,0,0,0,0,0,0,0,0,0,0,0,0,0,0,0,0,0,0,0,0,0,0,0,0,0,0,0,0,0,0,0,0,0,0,0,0,0,0,0,0,0,0,0,0,0,0,0,0,0,0,0,0,8650,0,0,0,0,0,0,0,0,0,0
11A228,28,40278,3,1,0,2,10,224,2,68,2,6,2,1,2,2,2,2,2,2,0,0,0,0,0,0,0,0,0,0,0,0,0,0,0,0,0,0,0,0,0,0,0,0,0,0,0,0,0,0,0,0,0,0,0,0,0,0,0,0,0,0,0,0,0,0,0,1,2,2,2,2,2,2,2,0,2,0,1,1,1,2,2,17301,4,4,2,0,0,0,2,0,1,0
11B215,28,40371,1,1,0,2,10,224,2,41,7,4,1,1,2,2,2,2,2,2,0,0,0,0,0,0,0,0,0,0,0,0,0,0,0,0,0,0,0,0,0,0,0,0,0,0,0,0,0,0,0,0,0,0,0,0,0,0,0,0,0,0,0,0,0,0,0,3,2,2,2,2,2,2,2,0,2,0,1,1,1,1,1,16984,4,4,2,0,0,0,2,0,2,2
11B215,28,40371,2,1,0,2,10,224,2,51,6,3,1,1,2,2,2,2,2,2,0,0,0,0,0,0,0,0,0,0,0,0,0,0,0,0,0,0,0,0,0,0,0,0,0,0,0,0,0,0,0,0,0,0,0,0,0,0,0,0,0,0,0,0,0,0,0,1,2,2,2,2,2,2,2,0,2,0,1,2,2,2,2,16984,4,4,2,0,0,0,2,0,2,1
11B215,28,40371,3,1,0,1,10,224,2,40,7,2,1,1,1,1,2,2,2,1,8,2,2,1,2,2,2,2,3,3000,2,1,1,0,0,0,0,0,0,0,0,0,0,0,0,0,0,0,0,0,0,0,0,0,0,0,0,0,0,0,0,120,2,0,3,3,1,0,1,2,1,2,1,2,2,0,1,1,1,1,2,1,1,8492,1,2,1,2,0,0,1,8,2,2
11B215,28,40371,4,1,0,2,10,224,2,60,4,3,7,1,1,2,2,2,2,1,0,0,0,0,0,0,0,0,0,0,0,0,0,0,0,0,0,0,0,0,0,0,0,0,0,0,0,0,0,0,0,0,0,0,0,0,0,0,0,0,0,15,1,7,2,4,1,0,2,2,2,2,1,1,2,0,1,1,1,1,1,1,1,16984,1,3,1,0,0,0,2,0,0,1
12B215,28,40372,4,1,0,1,10,224,1,62,7,3,8,1,2,2,2,1,2,1,0,0,0,0,0,0,0,0,0,0,0,0,0,0,0,0,0,0,0,0,0,0,0,0,0,0,0,0,0,2,3,2,2,1,1,1,3,45,2,1,1,60,2,0,2,3,2,0,2,2,2,2,2,2,2,0,3,0,1,2,2,1,2,8663,3,3,1,0,0,2,1,2,0,2
12B215,28,40372,1,1,0,1,10,224,1,47,2,6,1,1,2,2,2,2,2,2,0,0,0,0,0,0,0,0,0,0,0,0,0,0,0,0,0,0,0,0,0,0,0,0,0,0,0,0,0,0,0,0,0,0,0,0,0,0,0,0,0,0,0,0,0,0,0,3,2,2,2,2,2,2,2,0,2,0,1,2,2,2,2,8663,4,4,2,0,0,0,2,0,2,0
12B215,28,40372,2,1,0,1,10,224,1,34,7,5,1,1,2,2,2,2,2,1,0,0,0,0,0,0,0,0,0,0,0,0,0,0,0,0,0,0,0,0,0,0,0,0,0,0,0,0,0,0,0,0,0,0,0,0,0,0,0,0,0,30,2,0,3,3,2,0,2,2,2,2,2,2,2,0,1,3,1,1,1,1,1,8663,3,3,1,0,0,0,2,0,2,2
12B215,28,40372,3,1,0,1,10,224,1,44,2,6,1,1,2,2,2,2,2,2,0,0,0,0,0,0,0,0,0,0,0,0,0,0,0,0,0,0,0,0,0,0,0,0,0,0,0,0,0,0,0,0,0,0,0,0,0,0,0,0,0,0,0,0,0,0,0,3,2,2,2,2,2,2,2,0,2,0,2,0,0,0,0,34652,4,4,2,0,0,0,2,0,2,0
11B216,29,40041,1,1,0,8,39,224,2,33,3,3,7,1,1,1,2,2,2,2,3,4,2,2,2,1,2,2,2,0,2,1,1,0,0,0,0,0,0,0,0,0,0,0,0,0,0,0,0,0,0,0,0,0,0,0,0,0,0,0,0,30,2,0,3,3,1,0,2,2,2,2,2,2,2,0,1,2,1,1,1,1,1,19715,1,1,1,2,0,0,1,3,0,1
11B216,29,40041,2,1,0,2,39,224,2,33,2,6,1,1,1,1,2,2,1,2,1,5,2,2,2,1,2,2,2,0,2,1,1,0,0,0,0,0,0,0,0,0,0,0,0,0,0,0,0,0,0,0,0,0,0,0,0,0,0,0,0,15,2,0,3,1,2,0,2,2,2,2,2,2,2,0,2,0,1,1,1,1,1,29572,1,2,1,2,0,0,1,1,2,0
11B216,29,40041,3,1,0,1,39,224,1,71,2,6,8,1,1,2,2,2,2,2,0,0,0,0,0,0,0,0,0,0,0,0,0,0,0,0,0,0,0,0,0,0,0,0,0,0,0,0,0,0,0,0,0,0,0,0,0,0,0,0,0,0,0,0,0,0,0,5,2,2,2,2,1,1,1,1,2,0,1,2,2,2,2,29572,2,4,2,0,0,0,2,0,0,0
11A227,29,40064,1,1,0,4,39,224,1,19,4,3,1,1,1,1,2,1,2,1,6,2,2,1,2,1,2,2,3,3000,2,1,1,0,0,0,0,0,0,0,0,0,0,0,0,0,0,0,0,3,4,1,2,1,2,1,1,0,1,2,2,30,2,0,3,3,1,0,2,2,1,2,1,2,1,2,1,1,1,1,1,1,1,49543,1,2,1,2,0,1,1,9,2,1
11A227,29,40064,4,1,0,1,39,224,2,30,3,3,7,1,2,2,2,2,2,2,0,0,0,0,0,0,0,0,0,0,0,0,0,0,0,0,0,0,0,0,0,0,0,0,0,0,0,0,0,0,0,0,0,0,0,0,0,0,0,0,0,0,0,0,0,0,0,1,2,2,2,2,2,2,2,0,3,0,1,1,1,1,1,9909,4,4,2,0,0,0,2,0,0,1
12B221,29,40066,1,1,0,2,39,224,2,31,7,4,7,1,2,2,2,2,2,2,0,0,0,0,0,0,0,0,0,0,0,0,0,0,0,0,0,0,0,0,0,0,0,0,0,0,0,0,0,0,0,0,0,0,0,0,0,0,0,0,0,0,0,0,0,0,0,1,2,2,2,2,2,2,3,0,3,0,1,1,1,1,1,12513,4,4,2,0,0,0,2,0,0,2
12B221,29,40066,4,1,0,2,39,224,2,40,3,3,7,1,1,1,2,2,2,1,1,4,2,2,2,1,2,2,1,0,1,2,1,0,0,0,0,0,0,0,0,0,0,0,0,0,0,0,0,0,0,0,0,0,0,0,0,0,0,0,0,60,2,0,2,3,2,0,2,2,2,2,2,2,2,0,2,0,1,3,1,1,1,25026,1,2,1,1,0,0,1,1,0,1
12B221,29,40066,2,1,0,1,39,224,1,62,4,3,1,1,2,2,2,2,2,2,0,0,0,0,0,0,0,0,0,0,0,0,0,0,0,0,0,0,0,0,0,0,0,0,0,0,0,0,0,0,0,0,0,0,0,0,0,0,0,0,0,0,0,0,0,0,0,1,2,2,2,2,1,2,2,0,2,0,1,1,1,2,1,12513,4,4,2,0,0,0,2,0,2,1
12B221,29,40066,3,1,0,2,39,224,2,56,3,3,7,1,2,2,2,1,2,2,0,0,0,0,0,0,0,0,0,0,0,0,0,0,0,0,0,0,0,0,0,0,0,0,0,0,0,0,0,1,4,1,1,1,1,1,1,0,1,2,1,10,2,0,2,2,1,0,2,2,1,1,2,2,2,0,1,2,1,2,1,1,2,18770,3,3,1,0,0,1,1,1,0,1
11B213,29,40072,3,1,0,1,39,224,1,38,3,3,1,1,2,2,2,2,2,2,0,0,0,0,0,0,0,0,0,0,0,0,0,0,0,0,0,0,0,0,0,0,0,0,0,0,0,0,0,0,0,0,0,0,0,0,0,0,0,0,0,0,0,0,0,0,0,3,2,2,2,2,1,1,1,2,1,1,1,1,1,1,1,19666,4,4,2,0,0,0,2,0,2,1
11B213,29,40072,1,1,0,2,39,224,2,32,4,3,4,1,2,2,2,2,2,2,0,0,0,0,0,0,0,0,0,0,0,0,0,0,0,0,0,0,0,0,0,0,0,0,0,0,0,0,0,0,0,0,0,0,0,0,0,0,0,0,0,0,0,0,0,0,0,3,2,1,2,2,1,1,1,1,1,1,1,1,1,1,1,29500,4,4,2,0,0,0,2,0,1,1
11B213,29,40072,2,1,0,2,39,224,2,23,3,3,1,1,1,2,2,2,1,1,0,0,0,0,0,0,0,0,0,0,0,0,0,0,0,0,0,0,0,0,0,0,0,0,0,0,0,0,0,0,0,0,0,0,0,0,0,0,0,0,0,10,2,0,2,3,1,0,2,2,2,2,1,1,2,0,1,1,1,1,1,1,1,19666,1,3,1,0,0,0,2,0,2,1
11B213,29,40072,4,1,0,1,39,224,2,57,3,3,7,1,1,2,2,2,2,2,0,0,0,0,0,0,0,0,0,0,0,0,0,0,0,0,0,0,0,0,0,0,0,0,0,0,0,0,0,0,0,0,0,0,0,0,0,0,0,0,0,0,0,0,0,0,0,3,2,2,2,2,1,2,2,0,2,0,1,3,1,1,1,19666,2,4,2,0,0,0,2,0,0,1
12B216,29,40077,4,1,0,1,39,224,2,67,5,4,8,1,1,1,2,1,2,2,3,4,1,2,1,2,2,2,2,0,2,1,1,0,0,0,0,0,0,0,0,0,0,0,0,0,0,0,0,7,3,1,1,1,1,1,3,100,2,1,1,60,2,0,3,3,1,0,2,2,2,1,1,1,1,2,1,4,1,1,1,1,1,20821,1,2,1,2,0,2,1,10,0,1
12B216,29,40077,1,1,0,3,39,224,1,18,4,2,1,1,1,1,2,2,1,1,1,2,2,1,2,2,2,2,1,0,1,2,1,0,0,0,0,0,0,0,0,0,0,0,0,0,0,0,0,0,0,0,0,0,0,0,0,0,0,0,0,60,2,0,3,3,2,0,2,2,2,2,1,1,1,2,1,1,1,1,1,1,1,20821,1,2,1,1,0,0,1,1,2,1
12B216,29,40077,3,1,0,4,39,224,1,19,4,2,6,1,1,1,2,2,2,1,2,2,2,1,2,2,2,2,2,0,2,1,2,0,0,0,0,0,0,0,0,0,0,0,0,0,0,0,0,0,0,0,0,0,0,0,0,0,0,0,0,15,2,0,3,3,1,0,2,2,1,1,2,1,2,0,1,1,1,1,1,1,1,41643,1,2,1,2,0,0,1,2,1,1
12B216,29,40077,2,1,0,1,39,224,1,69,5,4,8,1,2,2,2,2,2,1,0,0,0,0,0,0,0,0,0,0,0,0,0,0,0,0,0,0,0,0,0,0,0,0,0,0,0,0,0,0,0,0,0,0,0,0,0,0,0,0,0,15,2,0,4,3,1,0,2,2,2,2,2,1,1,2,2,0,1,1,2,1,1,20821,3,3,1,0,0,0,2,0,0,1
11B213,29,40131,3,1,0,2,39,224,2,30,7,4,1,1,2,2,1,2,2,1,0,0,0,0,0,0,0,0,0,0,0,0,0,2,3,2,2,1,2,2,1,2,2,2,1,0,1,2,2,0,0,0,0,0,0,0,0,0,0,0,0,20,2,0,2,3,1,0,2,2,2,2,1,1,2,0,1,1,1,2,1,1,1,34219,3,3,1,0,1,0,1,2,2,2
11B213,29,40131,4,1,0,1,39,224,2,54,3,3,7,1,1,1,2,2,2,2,1,4,2,2,1,2,2,2,3,500,2,1,1,0,0,0,0,0,0,0,0,0,0,0,0,0,0,0,0,0,0,0,0,0,0,0,0,0,0,0,0,60,2,0,2,1,2,0,2,2,2,2,1,2,2,0,2,0,1,2,2,2,2,68437,1,1,1,2,0,0,1,1,0,1
11B213,29,40131,1,1,0,1,39,224,1,45,7,5,1,1,1,1,2,2,2,2,1,1,1,2,2,2,2,2,3,200,2,1,1,0,0,0,0,0,0,0,0,0,0,0,0,0,0,0,0,0,0,0,0,0,0,0,0,0,0,0,0,40,2,0,3,2,1,0,2,2,1,1,1,1,2,0,2,0,1,1,1,1,1,22813,1,1,1,2,0,0,1,1,2,2
11B213,29,40131,2,1,0,2,39,224,2,28,4,3,1,1,1,2,1,2,2,1,0,0,0,0,0,0,0,0,0,0,0,0,0,3,4,2,2,2,1,2,2,2,1,2,1,0,1,2,1,0,0,0,0,0,0,0,0,0,0,0,0,20,2,0,3,3,1,0,2,2,2,2,1,1,1,2,1,4,1,1,1,1,1,34219,1,3,1,0,1,0,1,3,2,1
11B222,29,40227,1,1,0,4,39,224,2,44,3,3,7,1,2,2,2,2,2,2,0,0,0,0,0,0,0,0,0,0,0,0,0,0,0,0,0,0,0,0,0,0,0,0,0,0,0,0,0,0,0,0,0,0,0,0,0,0,0,0,0,0,0,0,0,0,0,1,2,2,2,2,2,2,2,0,2,0,1,2,2,2,2,32014,4,4,2,0,0,0,2,0,0,1
11B222,29,40227,4,1,0,2,39,224,2,44,7,5,1,1,2,2,2,2,2,1,0,0,0,0,0,0,0,0,0,0,0,0,0,0,0,0,0,0,0,0,0,0,0,0,0,0,0,0,0,0,0,0,0,0,0,0,0,0,0,0,0,10,2,0,2,3,1,0,1,2,2,2,1,2,2,0,2,0,1,2,2,1,1,24011,3,3,1,0,0,0,2,0,2,2
11B222,29,40227,2,1,0,1,39,224,1,55,7,4,1,1,1,2,2,2,2,1,0,0,0,0,0,0,0,0,0,0,0,0,0,0,0,0,0,0,0,0,0,0,0,0,0,0,0,0,0,0,0,0,0,0,0,0,0,0,0,0,0,10,2,0,2,2,1,0,2,2,2,2,1,1,1,2,1,1,1,1,1,1,1,40018,1,3,1,0,0,0,2,0,2,2
11B222,29,40227,3,1,0,3,39,224,2,24,7,3,1,1,1,1,2,2,2,1,6,1,1,1,2,2,2,2,1,0,1,2,2,0,0,0,0,0,0,0,0,0,0,0,0,0,0,0,0,0,0,0,0,0,0,0,0,0,0,0,0,60,1,6,3,4,2,0,1,2,2,2,2,2,2,0,2,0,1,1,1,2,2,40018,1,2,1,1,0,0,1,6,2,2
11B214,29,40228,3,1,0,4,39,224,2,20,4,3,7,1,1,2,2,2,2,1,0,0,0,0,0,0,0,0,0,0,0,0,0,0,0,0,0,0,0,0,0,0,0,0,0,0,0,0,0,0,0,0,0,0,0,0,0,0,0,0,0,10,2,0,3,3,2,0,2,2,2,2,2,2,1,2,1,3,1,1,1,1,2,37512,1,3,1,0,0,0,2,0,0,1
11B214,29,40228,4,1,0,2,39,224,2,42,3,3,7,1,1,2,2,2,2,1,0,0,0,0,0,0,0,0,0,0,0,0,0,0,0,0,0,0,0,0,0,0,0,0,0,0,0,0,0,0,0,0,0,0,0,0,0,0,0,0,0,20,2,0,2,3,1,0,2,2,1,2,2,2,3,0,2,0,1,2,1,1,1,18756,1,3,1,0,0,0,2,0,0,1
11B214,29,40228,1,1,0,1,39,224,2,28,3,3,1,1,2,2,2,2,2,2,0,0,0,0,0,0,0,0,0,0,0,0,0,0,0,0,0,0,0,0,0,0,0,0,0,0,0,0,0,0,0,0,0,0,0,0,0,0,0,0,0,0,0,0,0,0,0,3,2,2,2,2,2,2,2,0,2,0,1,1,1,1,1,18756,4,4,2,0,0,0,2,0,2,1
11A228,29,40288,4,1,0,2,39,224,2,47,3,3,7,1,2,2,2,2,2,2,0,0,0,0,0,0,0,0,0,0,0,0,0,0,0,0,0,0,0,0,0,0,0,0,0,0,0,0,0,0,0,0,0,0,0,0,0,0,0,0,0,0,0,0,0,0,0,1,2,2,2,2,2,1,1,2,2,0,1,2,1,2,1,21372,4,4,2,0,0,0,2,0,0,1
11A228,29,40288,3,1,0,1,39,224,2,51,2,6,7,1,2,2,2,2,2,2,0,0,0,0,0,0,0,0,0,0,0,0,0,0,0,0,0,0,0,0,0,0,0,0,0,0,0,0,0,0,0,0,0,0,0,0,0,0,0,0,0,0,0,0,0,0,0,1,2,2,2,2,3,2,2,0,2,0,1,2,1,3,1,42744,4,4,2,0,0,0,2,0,0,0
11A228,29,40288,2,1,0,2,39,224,2,21,3,3,1,1,1,2,2,2,1,2,0,0,0,0,0,0,0,0,0,0,0,0,0,0,0,0,0,0,0,0,0,0,0,0,0,0,0,0,0,0,0,0,0,0,0,0,0,0,0,0,0,30,2,0,3,2,2,0,2,1,2,2,2,1,2,0,2,0,1,1,1,1,1,21372,1,3,1,0,0,0,2,0,2,1
11B215,29,40293,2,1,0,1,39,224,1,55,6,3,1,1,1,1,1,1,2,1,3,1,2,1,2,2,2,2,1,0,1,2,1,3,1,2,1,2,2,2,1,2,2,2,1,0,1,2,1,3,3,1,1,1,1,1,1,0,1,2,1,120,1,6,3,4,1,0,2,2,2,2,1,1,1,2,1,1,1,1,1,1,1,12035,1,2,1,1,1,1,1,9,2,1
11B215,29,40293,4,1,0,1,39,224,1,56,4,1,1,1,2,2,2,2,2,2,0,0,0,0,0,0,0,0,0,0,0,0,0,0,0,0,0,0,0,0,0,0,0,0,0,0,0,0,0,0,0,0,0,0,0,0,0,0,0,0,0,0,0,0,0,0,0,3,2,2,2,2,2,2,2,0,2,0,1,2,1,1,2,18053,4,4,2,0,0,0,2,0,2,1
11B215,29,40293,1,1,0,3,39,224,1,51,7,1,1,1,1,1,2,1,2,2,3,3,2,2,2,1,2,2,3,280,2,1,1,0,0,0,0,0,0,0,0,0,0,0,0,0,0,0,0,1,3,1,2,1,1,2,3,12,2,1,1,15,2,0,2,3,2,0,2,2,2,2,1,1,1,2,1,1,1,1,1,2,1,18053,1,2,1,2,0,2,1,4,2,2
11B213,30,40005,3,1,0,2,10,224,1,61,2,6,1,1,2,2,2,2,2,2,0,0,0,0,0,0,0,0,0,0,0,0,0,0,0,0,0,0,0,0,0,0,0,0,0,0,0,0,0,0,0,0,0,0,0,0,0,0,0,0,0,0,0,0,0,0,0,3,2,2,2,2,2,2,2,0,2,0,1,2,2,1,2,19031,4,4,2,0,0,0,2,0,2,0
11B213,30,40005,4,1,0,1,10,224,1,44,3,3,1,1,1,2,2,2,2,1,0,0,0,0,0,0,0,0,0,0,0,0,0,0,0,0,0,0,0,0,0,0,0,0,0,0,0,0,0,0,0,0,0,0,0,0,0,0,0,0,0,60,1,1,2,3,2,0,2,2,2,2,2,2,2,0,2,0,1,2,2,2,2,28546,1,3,1,0,0,0,2,0,2,1
11B213,30,40005,2,1,0,3,10,224,1,21,2,6,1,1,2,2,2,2,2,1,0,0,0,0,0,0,0,0,0,0,0,0,0,0,0,0,0,0,0,0,0,0,0,0,0,0,0,0,0,0,0,0,0,0,0,0,0,0,0,0,0,38,2,0,2,2,2,0,2,2,2,2,2,2,2,0,2,0,1,2,2,2,2,38062,3,3,1,0,0,0,2,0,2,0
12B221,30,41005,3,1,0,1,12,224,1,68,6,3,8,1,1,2,2,2,2,2,0,0,0,0,0,0,0,0,0,0,0,0,0,0,0,0,0,0,0,0,0,0,0,0,0,0,0,0,0,0,0,0,0,0,0,0,0,0,0,0,0,0,0,0,0,0,0,3,2,2,2,2,1,2,2,0,3,0,1,1,1,1,1,6497,2,4,2,0,0,0,2,0,0,1
12B221,30,41005,4,1,0,2,12,224,1,28,4,2,1,1,2,2,2,2,2,2,0,0,0,0,0,0,0,0,0,0,0,0,0,0,0,0,0,0,0,0,0,0,0,0,0,0,0,0,0,0,0,0,0,0,0,0,0,0,0,0,0,0,0,0,0,0,0,3,2,2,2,2,2,2,2,0,3,0,1,3,1,3,2,12994,4,4,2,0,0,0,2,0,2,1
12B221,30,41005,1,1,0,4,12,224,2,29,7,4,1,1,2,2,1,2,2,2,0,0,0,0,0,0,0,0,0,0,0,0,0,2,1,2,2,1,2,2,2,2,2,2,2,0,2,1,1,0,0,0,0,0,0,0,0,0,0,0,0,20,2,0,3,3,2,0,2,2,2,2,2,1,2,0,3,0,1,1,1,1,1,32486,3,3,1,0,2,0,1,2,2,2
12B221,30,41005,2,1,0,2,12,224,2,51,3,3,7,1,2,2,2,2,2,2,0,0,0,0,0,0,0,0,0,0,0,0,0,0,0,0,0,0,0,0,0,0,0,0,0,0,0,0,0,0,0,0,0,0,0,0,0,0,0,0,0,0,0,0,0,0,0,3,2,2,2,2,2,2,2,0,3,0,1,2,1,2,2,12994,4,4,2,0,0,0,2,0,0,1
11B221,30,41066,4,1,0,2,12,224,1,37,4,3,1,1,1,1,1,2,2,2,1,4,2,2,1,2,2,2,3,999999,2,1,1,2,4,2,2,1,2,2,2,2,2,2,2,0,2,1,1,0,0,0,0,0,0,0,0,0,0,0,0,10,2,0,3,3,1,0,2,2,2,2,1,1,2,0,2,0,1,2,2,2,2,22643,1,2,1,2,2,0,1,3,2,1
11B221,30,41066,3,1,0,1,12,224,2,62,2,3,7,1,1,2,2,1,2,2,0,0,0,0,0,0,0,0,0,0,0,0,0,0,0,0,0,0,0,0,0,0,0,0,0,0,0,0,0,4,4,1,2,1,1,1,3,70,2,1,1,40,1,5,2,3,2,0,2,2,2,2,1,1,1,2,1,2,1,1,1,3,3,15096,1,3,1,0,0,2,1,4,0,0
11B221,30,41066,2,1,0,2,12,224,1,60,4,3,1,1,1,2,1,1,2,2,0,0,0,0,0,0,0,0,0,0,0,0,0,2,3,2,1,2,2,2,2,2,2,2,1,0,1,2,1,1,3,1,1,1,1,1,3,5,2,1,1,30,2,0,2,4,1,0,2,2,2,2,2,1,2,0,2,0,1,1,1,1,1,22643,1,3,1,0,1,2,1,3,2,1
12B216,30,41074,3,1,0,3,12,224,2,52,4,3,1,1,1,1,2,2,2,2,2,4,2,2,1,2,2,2,2,0,2,1,1,0,0,0,0,0,0,0,0,0,0,0,0,0,0,0,0,0,0,0,0,0,0,0,0,0,0,0,0,45,2,0,2,3,2,0,2,2,2,2,3,1,1,2,1,3,1,1,1,1,3,23971,1,1,1,2,0,0,1,2,2,1
12B216,30,41074,1,1,0,1,12,224,1,37,7,4,1,1,1,1,2,2,2,1,3,4,2,1,2,2,2,2,3,1100,2,1,1,0,0,0,0,0,0,0,0,0,0,0,0,0,0,0,0,0,0,0,0,0,0,0,0,0,0,0,0,60,1,5,3,4,1,0,1,2,2,1,1,1,1,2,1,4,1,1,1,1,1,7990,1,2,1,2,0,0,1,3,2,2
12B216,30,41074,2,1,0,2,12,224,1,33,7,4,1,1,1,2,2,1,2,2,0,0,0,0,0,0,0,0,0,0,0,0,0,0,0,0,0,0,0,0,0,0,0,0,0,0,0,0,0,5,4,1,1,1,1,1,3,100,2,1,1,50,1,5,2,3,2,0,2,1,2,2,1,1,1,2,1,3,1,1,1,1,3,23971,1,3,1,0,0,2,1,5,2,2
12B213,30,41103,3,1,1,1,12,224,2,60,4,3,8,1,1,1,2,2,2,2,1,4,2,2,2,1,2,2,3,300,2,1,1,0,0,0,0,0,0,0,0,0,0,0,0,0,0,0,0,0,0,0,0,0,0,0,0,0,0,0,0,20,2,0,2,3,2,0,2,2,2,2,1,1,2,0,1,2,1,1,1,1,1,6989,1,1,1,2,0,0,1,1,0,1
12B213,30,41103,2,1,0,1,12,224,1,55,3,3,1,1,2,2,2,2,2,2,0,0,0,0,0,0,0,0,0,0,0,0,0,0,0,0,0,0,0,0,0,0,0,0,0,0,0,0,0,0,0,0,0,0,0,0,0,0,0,0,0,0,0,0,0,0,0,3,2,2,2,2,1,1,2,0,1,1,1,1,1,1,1,20968,4,4,2,0,0,0,2,0,2,1
12B213,30,41103,1,1,0,1,12,224,2,63,2,6,8,1,1,1,2,1,2,2,3,3,2,1,2,2,2,2,2,0,2,1,1,0,0,0,0,0,0,0,0,0,0,0,0,0,0,0,0,3,4,1,1,1,1,1,3,50,2,1,1,60,2,0,2,3,2,0,1,1,2,2,1,1,1,2,1,3,1,1,1,1,1,6989,1,2,1,2,0,2,1,6,0,0
12B213,30,41103,4,1,0,1,12,224,2,40,4,2,1,1,2,2,2,2,2,2,0,0,0,0,0,0,0,0,0,0,0,0,0,0,0,0,0,0,0,0,0,0,0,0,0,0,0,0,0,0,0,0,0,0,0,0,0,0,0,0,0,0,0,0,0,0,0,3,2,2,2,2,2,1,2,0,2,0,1,2,1,2,2,20968,4,4,2,0,0,0,2,0,2,1
13A227,30,41125,1,1,0,2,12,224,2,51,7,4,7,1,1,1,2,1,2,2,2,4,2,2,1,1,2,2,2,0,2,1,1,0,0,0,0,0,0,0,0,0,0,0,0,0,0,0,0,5,3,1,1,1,1,1,3,50,2,1,1,45,2,0,2,3,2,0,1,2,2,2,1,1,1,1,1,3,1,1,1,1,3,44464,1,2,1,2,0,2,1,7,0,2
13A227,30,41125,3,1,0,2,12,224,1,23,6,4,1,1,1,1,2,2,2,1,3,1,2,1,2,2,2,2,3,1500,2,1,1,0,0,0,0,0,0,0,0,0,0,0,0,0,0,0,0,0,0,0,0,0,0,0,0,0,0,0,0,50,1,5,4,4,2,0,1,2,2,2,1,1,1,2,1,3,1,1,1,1,1,22232,1,2,1,2,0,0,1,3,2,1
11A227,30,41128,3,1,0,1,12,224,2,57,2,6,1,1,2,2,2,2,2,2,0,0,0,0,0,0,0,0,0,0,0,0,0,0,0,0,0,0,0,0,0,0,0,0,0,0,0,0,0,0,0,0,0,0,0,0,0,0,0,0,0,0,0,0,0,0,0,3,2,2,2,2,2,2,2,0,3,0,1,3,3,2,2,7888,4,4,2,0,0,0,2,0,2,0
11A227,30,41128,1,1,0,1,12,224,2,78,2,6,1,1,2,2,2,2,2,2,0,0,0,0,0,0,0,0,0,0,0,0,0,0,0,0,0,0,0,0,0,0,0,0,0,0,0,0,0,0,0,0,0,0,0,0,0,0,0,0,0,0,0,0,0,0,0,3,2,2,2,2,2,2,2,0,2,0,1,1,1,2,2,7888,4,4,2,0,0,0,2,0,2,0
11A227,30,41128,4,1,0,1,12,224,2,50,2,6,1,1,2,2,2,1,2,2,0,0,0,0,0,0,0,0,0,0,0,0,0,0,0,0,0,0,0,0,0,0,0,0,0,0,0,0,0,3,3,1,2,1,1,1,2,0,2,1,2,10,2,0,2,3,2,0,2,2,2,2,2,2,2,0,2,0,1,3,2,2,3,7888,3,3,1,0,0,2,1,3,2,0
11A227,30,41128,2,1,0,3,12,224,2,38,4,3,1,1,1,1,2,2,2,1,2,4,2,2,2,1,2,2,2,0,2,1,1,0,0,0,0,0,0,0,0,0,0,0,0,0,0,0,0,0,0,0,0,0,0,0,0,0,0,0,0,60,1,5,3,4,2,0,1,2,2,2,1,1,1,2,1,2,1,1,1,1,1,31548,1,2,1,2,0,0,1,2,2,1
11B214,30,41163,4,1,0,1,12,224,2,48,4,3,7,1,1,1,2,2,2,2,1,4,2,2,1,2,2,2,1,0,1,2,1,0,0,0,0,0,0,0,0,0,0,0,0,0,0,0,0,0,0,0,0,0,0,0,0,0,0,0,0,25,2,0,2,3,2,0,2,2,2,2,2,2,2,0,1,1,1,1,1,1,2,25951,1,1,1,1,0,0,1,1,0,1
11B214,30,41163,1,1,0,3,12,224,1,33,2,6,1,1,2,2,2,2,2,2,0,0,0,0,0,0,0,0,0,0,0,0,0,0,0,0,0,0,0,0,0,0,0,0,0,0,0,0,0,0,0,0,0,0,0,0,0,0,0,0,0,0,0,0,0,0,0,3,2,2,2,2,2,2,2,0,3,0,1,2,2,2,2,17301,4,4,2,0,0,0,2,0,2,0
11B214,30,41163,3,1,0,1,12,224,1,59,3,3,1,1,1,2,2,1,2,2,0,0,0,0,0,0,0,0,0,0,0,0,0,0,0,0,0,0,0,0,0,0,0,0,0,0,0,0,0,4,4,1,1,1,1,1,3,100,2,1,1,50,1,5,3,3,2,0,2,2,2,2,3,1,1,1,1,2,1,1,1,1,1,17301,1,3,1,0,0,2,1,4,2,1
11B214,30,41163,2,1,0,2,12,224,2,51,3,3,7,1,1,2,1,2,2,2,0,0,0,0,0,0,0,0,0,0,0,0,0,3,4,2,2,2,2,2,2,2,1,2,1,0,1,2,1,0,0,0,0,0,0,0,0,0,0,0,0,30,2,0,2,3,2,0,2,2,2,2,1,1,2,0,1,2,1,2,2,2,2,17301,1,3,1,0,1,0,1,3,0,1
13B214,30,41166,4,1,0,1,12,224,1,80,7,4,8,1,1,2,2,1,2,2,0,0,0,0,0,0,0,0,0,0,0,0,0,0,0,0,0,0,0,0,0,0,0,0,0,0,0,0,0,4,4,1,1,1,1,1,3,100,2,1,1,40,2,0,2,2,2,0,1,1,2,2,1,1,1,2,1,4,1,1,1,1,1,8429,1,3,1,0,0,2,1,4,0,2
13B214,30,41166,1,1,0,2,12,224,2,48,7,5,7,1,1,1,2,2,2,1,4,4,2,1,1,2,2,2,2,0,2,1,1,0,0,0,0,0,0,0,0,0,0,0,0,0,0,0,0,0,0,0,0,0,0,0,0,0,0,0,0,60,1,5,4,4,1,0,1,2,2,2,1,1,1,2,1,4,1,1,1,1,1,16859,1,2,1,2,0,0,1,4,0,2
13B214,30,41166,3,1,0,2,12,224,2,44,7,4,1,1,1,1,2,2,2,2,3,3,2,2,1,2,2,2,3,1000,2,1,1,0,0,0,0,0,0,0,0,0,0,0,0,0,0,0,0,0,0,0,0,0,0,0,0,0,0,0,0,70,1,5,3,3,2,0,1,2,2,1,1,1,1,2,1,4,1,1,1,1,1,16859,1,1,1,2,0,0,1,3,2,2
11A228,30,41189,4,1,0,1,12,224,1,42,4,3,1,1,2,2,2,2,2,2,0,0,0,0,0,0,0,0,0,0,0,0,0,0,0,0,0,0,0,0,0,0,0,0,0,0,0,0,0,0,0,0,0,0,0,0,0,0,0,0,0,0,0,0,0,0,0,3,2,2,2,2,2,2,2,0,2,0,1,2,1,2,2,7777,4,4,2,0,0,0,2,0,2,1
11A228,30,41189,3,1,0,1,12,224,2,75,0,,1,2,0,0,0,0,0,0,0,0,0,0,0,0,0,0,0,0,0,0,0,0,0,0,0,0,0,0,0,0,0,0,0,0,0,0,0,0,0,0,0,0,0,0,0,0,0,0,0,0,0,0,0,0,0,0,0,0,0,0,0,0,0,0,0,0,0,0,0,0,0,15555,0,0,0,0,0,0,0,0,2,0
11A228,30,41189,2,1,0,1,12,224,2,77,2,6,1,1,1,2,1,1,2,2,0,0,0,0,0,0,0,0,0,0,0,0,0,1,4,2,2,1,2,2,2,2,2,2,2,0,2,1,2,2,3,1,2,1,1,2,3,18,2,1,2,10,1,6,2,3,2,0,2,2,2,2,2,2,2,0,2,0,1,2,2,2,2,15555,1,3,1,0,2,2,1,3,2,0
11A228,30,41189,1,1,0,2,12,224,2,25,4,3,1,1,2,2,1,2,2,2,0,0,0,0,0,0,0,0,0,0,0,0,0,2,3,2,2,2,1,2,2,2,2,2,2,0,2,1,2,0,0,0,0,0,0,0,0,0,0,0,0,20,2,0,3,3,2,0,2,2,2,2,2,1,2,0,3,0,1,1,1,1,1,31109,3,3,1,0,2,0,1,2,2,1
11A228,30,41258,4,1,0,2,12,224,2,18,4,3,6,1,1,1,2,2,2,1,4,2,2,1,2,2,2,2,2,0,2,1,2,0,0,0,0,0,0,0,0,0,0,0,0,0,0,0,0,0,0,0,0,0,0,0,0,0,0,0,0,60,1,5,4,4,1,0,1,2,1,2,1,1,1,1,1,3,1,1,1,1,1,22191,1,2,1,2,0,0,1,4,1,1
11A228,30,41258,2,1,0,2,12,224,2,35,3,3,1,1,1,2,1,1,2,2,0,0,0,0,0,0,0,0,0,0,0,0,0,3,4,2,2,2,1,2,2,2,1,2,2,0,2,1,1,4,4,2,1,1,1,1,2,0,2,1,1,50,1,5,3,3,2,0,1,2,2,2,1,1,1,2,1,2,1,1,1,1,3,22191,1,3,1,0,2,2,1,7,2,1
11A228,30,41258,3,1,0,1,12,224,2,57,3,3,7,1,1,2,2,1,2,2,0,0,0,0,0,0,0,0,0,0,0,0,0,0,0,0,0,0,0,0,0,0,0,0,0,0,0,0,0,4,4,1,1,1,1,1,2,0,2,1,1,45,2,0,2,3,2,0,2,2,2,2,1,1,1,2,1,3,1,1,1,1,1,22191,1,3,1,0,0,2,1,4,0,1
11A228,30,41258,1,1,0,1,12,224,1,41,7,3,1,1,1,1,2,2,2,2,2,3,2,1,2,2,2,2,2,0,2,1,1,0,0,0,0,0,0,0,0,0,0,0,0,0,0,0,0,0,0,0,0,0,0,0,0,0,0,0,0,60,1,5,2,3,2,0,1,2,2,2,1,1,1,2,1,3,1,1,1,1,3,22191,1,1,1,2,0,0,1,2,2,2
12B222,30,41261,1,1,0,1,12,224,1,40,4,1,1,1,2,2,2,2,2,2,0,0,0,0,0,0,0,0,0,0,0,0,0,0,0,0,0,0,0,0,0,0,0,0,0,0,0,0,0,0,0,0,0,0,0,0,0,0,0,0,0,0,0,0,0,0,0,3,2,2,2,2,2,2,2,0,1,1,1,2,2,2,2,23729,4,4,2,0,0,0,2,0,2,1
12B222,30,41261,3,1,0,2,12,224,2,61,4,3,7,1,1,1,2,2,2,2,12,5,2,2,1,2,2,2,2,0,2,1,1,0,0,0,0,0,0,0,0,0,0,0,0,0,0,0,0,0,0,0,0,0,0,0,0,0,0,0,0,60,2,0,3,3,2,0,2,2,2,2,1,1,2,0,1,4,1,1,1,1,1,23729,1,1,1,2,0,0,1,12,0,1
12B222,30,41261,2,1,0,1,12,224,2,24,7,4,1,1,1,1,2,2,2,2,3,4,2,2,2,2,1,2,2,0,2,1,1,0,0,0,0,0,0,0,0,0,0,0,0,0,0,0,0,0,0,0,0,0,0,0,0,0,0,0,0,60,2,0,2,3,1,0,2,2,2,2,2,1,1,2,1,2,1,3,3,3,3,11864,1,1,1,2,0,0,1,3,2,2
11B222,30,41318,4,1,0,5,12,224,2,22,7,3,6,1,1,1,2,2,2,1,4,2,2,1,2,2,2,2,3,1000,2,1,2,0,0,0,0,0,0,0,0,0,0,0,0,0,0,0,0,0,0,0,0,0,0,0,0,0,0,0,0,60,1,5,4,2,2,0,2,2,1,2,1,1,1,1,1,2,1,2,1,1,1,42571,1,2,1,2,0,0,1,4,1,2
11B222,30,41318,1,1,0,1,12,224,1,52,3,3,1,1,1,1,2,2,2,2,5,3,2,2,1,2,2,2,2,0,2,1,1,0,0,0,0,0,0,0,0,0,0,0,0,0,0,0,0,0,0,0,0,0,0,0,0,0,0,0,0,60,1,5,2,4,1,0,2,2,2,2,2,1,1,2,1,1,1,1,3,1,3,34056,1,1,1,2,0,0,1,5,2,1
11B222,30,41318,3,1,0,2,12,224,2,45,3,3,7,1,1,2,1,2,2,1,0,0,0,0,0,0,0,0,0,0,0,0,0,1,4,2,2,2,1,2,2,2,2,2,2,0,2,1,1,0,0,0,0,0,0,0,0,0,0,0,0,10,2,0,2,3,2,0,2,1,2,2,2,1,3,0,1,1,1,1,1,1,1,25543,1,3,1,0,2,0,1,1,0,1
11B222,30,41318,2,1,0,1,12,224,2,88,2,6,7,2,0,0,0,0,0,0,0,0,0,0,0,0,0,0,0,0,0,0,0,0,0,0,0,0,0,0,0,0,0,0,0,0,0,0,0,0,0,0,0,0,0,0,0,0,0,0,0,0,0,0,0,0,0,0,0,0,0,0,0,0,0,0,0,0,0,0,0,0,0,8514,0,0,0,0,0,0,0,0,0,0
12B215,30,41325,4,1,0,6,12,224,2,28,3,3,7,1,1,2,2,1,2,2,0,0,0,0,0,0,0,0,0,0,0,0,0,0,0,0,0,0,0,0,0,0,0,0,0,0,0,0,0,5,4,2,1,1,1,1,2,0,2,1,1,45,1,5,2,3,2,0,2,2,2,2,1,1,1,1,1,2,1,1,1,1,3,23240,1,3,1,0,0,2,1,5,0,1
12B215,30,41325,3,1,0,1,12,224,2,69,3,3,1,1,1,1,2,2,2,2,2,4,2,2,1,2,2,2,2,0,2,1,1,0,0,0,0,0,0,0,0,0,0,0,0,0,0,0,0,0,0,0,0,0,0,0,0,0,0,0,0,40,1,5,2,3,2,0,2,2,2,2,1,1,1,2,1,3,1,1,1,1,3,7747,1,1,1,2,0,0,1,2,2,1
12B215,30,41325,2,1,0,1,12,224,1,42,7,3,1,1,1,1,2,2,2,2,2,3,2,2,1,2,2,2,2,0,2,1,1,0,0,0,0,0,0,0,0,0,0,0,0,0,0,0,0,0,0,0,0,0,0,0,0,0,0,0,0,50,2,0,2,3,2,0,2,1,2,2,1,1,1,2,1,2,1,1,1,1,3,23240,1,1,1,2,0,0,1,2,2,2
12B215,30,41325,1,1,0,1,12,224,1,60,2,6,8,1,1,2,2,1,2,2,0,0,0,0,0,0,0,0,0,0,0,0,0,0,0,0,0,0,0,0,0,0,0,0,0,0,0,0,0,5,3,1,1,1,1,1,3,80,2,1,1,40,2,0,2,2,2,0,2,1,2,2,3,1,1,2,1,2,1,1,1,1,1,15493,1,3,1,0,0,2,1,5,0,0
11B215,30,41390,3,1,0,1,12,224,2,27,2,6,1,1,1,1,2,2,2,2,4,4,2,1,2,2,2,2,3,1500,2,1,1,0,0,0,0,0,0,0,0,0,0,0,0,0,0,0,0,0,0,0,0,0,0,0,0,0,0,0,0,60,1,5,3,4,1,0,1,2,2,2,1,1,1,2,1,3,1,1,1,1,1,6291,1,1,1,2,0,0,1,4,2,0
11B215,30,41390,4,1,0,3,12,224,2,31,6,3,1,1,1,2,2,1,2,2,0,0,0,0,0,0,0,0,0,0,0,0,0,0,0,0,0,0,0,0,0,0,0,0,0,0,0,0,0,4,3,1,1,1,1,1,3,28,2,1,1,5,2,0,2,1,2,0,2,2,2,2,2,2,2,0,2,0,1,2,2,2,2,12582,1,3,1,0,0,2,1,4,2,1
11B215,30,41390,2,1,0,2,12,224,1,81,0,,8,1,2,2,2,2,2,2,0,0,0,0,0,0,0,0,0,0,0,0,0,0,0,0,0,0,0,0,0,0,0,0,0,0,0,0,0,0,0,0,0,0,0,0,0,0,0,0,0,0,0,0,0,0,0,1,2,2,2,2,2,2,2,0,2,0,1,3,3,3,3,25165,4,4,2,0,0,0,2,0,0,0
11B215,30,41390,1,1,0,1,12,224,1,58,2,6,1,1,2,2,2,2,2,2,0,0,0,0,0,0,0,0,0,0,0,0,0,0,0,0,0,0,0,0,0,0,0,0,0,0,0,0,0,0,0,0,0,0,0,0,0,0,0,0,0,0,0,0,0,0,0,3,2,2,2,2,2,2,2,0,2,0,1,2,2,2,2,12582,4,4,2,0,0,0,2,0,2,0
11B221,31,40006,2,1,0,3,8,224,2,23,3,3,1,1,2,2,1,2,1,1,0,0,0,0,0,0,0,0,0,0,0,0,0,5,4,2,2,1,2,2,2,2,1,2,3,200,2,1,1,0,0,0,0,0,0,0,0,0,0,0,0,40,1,6,3,3,2,0,2,2,2,2,2,1,2,0,1,1,1,1,1,1,1,59461,3,3,1,0,2,0,1,5,2,1
11B221,31,40006,4,1,2,1,8,224,1,44,3,3,1,1,2,2,2,2,2,2,0,0,0,0,0,0,0,0,0,0,0,0,0,0,0,0,0,0,0,0,0,0,0,0,0,0,0,0,0,0,0,0,0,0,0,0,0,0,0,0,0,0,0,0,0,0,0,1,2,2,2,2,2,2,2,0,2,0,1,2,2,2,2,19821,4,4,2,0,0,0,2,0,2,1
11B221,31,40006,1,1,1,1,8,224,1,35,7,5,1,1,1,1,1,2,2,1,4,2,2,1,2,2,2,2,1,0,1,2,1,4,2,2,2,2,2,2,1,2,2,2,1,0,1,2,1,0,0,0,0,0,0,0,0,0,0,0,0,120,2,0,3,3,2,0,1,1,1,1,2,2,2,0,2,0,1,1,1,1,1,19821,1,2,1,1,1,0,1,8,2,2
11B221,31,40006,3,1,0,2,8,224,2,44,8,2,1,1,1,1,2,2,2,2,2,1,2,1,1,2,2,2,3,600,2,1,1,0,0,0,0,0,0,0,0,0,0,0,0,0,0,0,0,0,0,0,0,0,0,0,0,0,0,0,0,40,2,0,3,3,1,0,1,2,1,1,2,1,1,2,1,5,1,2,2,1,1,19821,1,1,1,2,0,0,1,2,2,2
11B216,31,40010,1,1,0,1,8,224,2,31,6,3,7,1,1,1,2,2,2,1,2,4,2,2,2,1,2,2,1,0,1,2,1,0,0,0,0,0,0,0,0,0,0,0,0,0,0,0,0,0,0,0,0,0,0,0,0,0,0,0,0,60,2,0,2,3,2,0,2,2,2,2,2,1,3,0,1,2,1,1,1,2,2,9452,1,2,1,1,0,0,1,2,0,1
11B216,31,40010,3,1,0,1,8,224,2,28,7,4,7,1,1,1,2,2,2,1,4,4,2,2,1,2,2,2,2,0,1,2,1,0,0,0,0,0,0,0,0,0,0,0,0,0,0,0,0,0,0,0,0,0,0,0,0,0,0,0,0,35,2,0,2,3,1,0,1,2,2,1,2,2,2,0,2,0,1,1,1,1,1,18903,1,2,1,1,0,0,1,4,0,2
11B216,31,40010,2,1,0,1,8,224,2,24,3,3,7,1,2,1,1,2,2,1,1,6,2,2,2,2,2,1,3,40,2,1,1,3,4,2,2,2,2,2,2,2,1,2,2,0,2,1,1,0,0,0,0,0,0,0,0,0,0,0,0,30,2,0,3,3,2,0,2,2,2,2,2,2,1,2,1,1,1,1,1,1,1,18903,3,2,1,2,2,0,1,4,0,1
11B216,31,40010,4,1,0,1,8,224,1,40,6,3,1,1,1,1,2,1,2,1,1,4,2,2,2,2,1,2,2,0,2,1,1,0,0,0,0,0,0,0,0,0,0,0,0,0,0,0,0,1,4,1,1,1,1,1,2,0,2,1,1,30,2,0,2,2,2,0,2,2,2,2,2,2,2,0,1,6,1,1,1,1,1,18903,1,2,1,2,0,2,1,2,2,1
12B213,31,40068,2,1,0,1,8,224,2,61,8,3,1,1,1,1,2,1,2,1,2,4,2,2,2,1,2,2,1,0,1,2,1,0,0,0,0,0,0,0,0,0,0,0,0,0,0,0,0,2,3,1,1,1,1,1,1,0,1,2,1,20,2,0,4,4,2,0,2,2,2,2,2,1,1,2,1,2,1,1,1,1,1,17956,1,2,1,1,0,1,1,4,2,2
12B213,31,40068,3,1,0,2,8,224,1,69,6,2,8,1,2,2,2,2,2,2,0,0,0,0,0,0,0,0,0,0,0,0,0,0,0,0,0,0,0,0,0,0,0,0,0,0,0,0,0,0,0,0,0,0,0,0,0,0,0,0,0,0,0,0,0,0,0,5,2,2,2,2,2,1,1,2,1,6,1,2,2,2,2,8978,4,4,2,0,0,0,2,0,0,1
12B213,31,40068,1,1,0,3,8,224,2,33,7,5,1,1,1,1,1,2,2,2,1,4,2,2,2,2,1,2,2,0,2,1,2,2,4,2,2,2,2,2,2,1,2,2,2,0,2,1,2,0,0,0,0,0,0,0,0,0,0,0,0,20,2,0,3,3,2,0,1,1,1,1,2,1,1,2,2,0,1,1,1,1,1,26934,1,2,1,2,2,0,1,3,2,2
13B216,31,40075,1,1,0,2,8,224,2,38,4,3,1,1,1,2,2,2,2,2,0,0,0,0,0,0,0,0,0,0,0,0,0,0,0,0,0,0,0,0,0,0,0,0,0,0,0,0,0,0,0,0,0,0,0,0,0,0,0,0,0,0,0,0,0,0,0,2,2,2,2,2,3,1,2,0,1,4,1,1,1,1,1,22870,2,4,2,0,0,0,2,0,2,1
13B216,31,40075,3,1,0,1,8,224,2,66,6,3,8,1,1,1,2,2,2,2,2,5,2,2,1,1,2,2,2,0,2,1,1,0,0,0,0,0,0,0,0,0,0,0,0,0,0,0,0,0,0,0,0,0,0,0,0,0,0,0,0,120,2,0,3,3,2,0,2,2,2,2,2,2,2,0,2,0,1,2,2,2,2,7624,1,1,1,2,0,0,1,2,0,1
11B221,31,40097,2,1,0,1,8,224,1,63,2,6,1,1,1,2,1,2,2,2,0,0,0,0,0,0,0,0,0,0,0,0,0,3,5,2,2,2,2,1,2,2,2,2,2,0,2,1,1,0,0,0,0,0,0,0,0,0,0,0,0,15,2,0,2,2,2,0,2,2,2,2,2,2,2,0,2,0,1,2,2,2,2,31456,1,3,1,0,2,0,1,3,2,0
11B221,31,40097,4,1,0,1,8,224,2,67,7,5,1,1,1,2,2,1,2,1,0,0,0,0,0,0,0,0,0,0,0,0,0,0,0,0,0,0,0,0,0,0,0,0,0,0,0,0,0,7,4,2,1,1,1,1,2,0,2,1,1,60,2,0,4,4,1,0,2,1,2,2,2,2,2,0,1,1,1,1,2,1,2,7864,1,3,1,0,0,2,1,7,2,2
11B221,31,40097,3,1,0,2,8,224,1,35,4,3,1,1,2,2,2,1,2,2,0,0,0,0,0,0,0,0,0,0,0,0,0,0,0,0,0,0,0,0,0,0,0,0,0,0,0,0,0,4,3,2,1,2,2,2,3,20,2,1,2,30,1,3,2,3,2,0,2,2,2,2,2,2,2,0,2,0,1,1,1,2,2,23592,3,3,1,0,0,2,1,4,2,1
11B221,31,40097,1,1,0,1,8,224,1,50,3,3,1,1,2,2,2,1,2,2,0,0,0,0,0,0,0,0,0,0,0,0,0,0,0,0,0,0,0,0,0,0,0,0,0,0,0,0,0,2,3,1,1,1,1,1,3,12,2,1,1,15,2,0,2,3,2,0,2,2,2,2,2,1,1,2,1,1,1,1,1,1,1,7864,3,3,1,0,0,2,1,2,2,1
12A227,31,40156,2,1,0,1,8,224,2,72,3,2,1,1,1,1,2,2,2,1,3,5,2,2,1,2,2,2,2,0,2,1,1,0,0,0,0,0,0,0,0,0,0,0,0,0,0,0,0,0,0,0,0,0,0,0,0,0,0,0,0,30,2,0,3,3,2,0,2,2,2,2,2,2,2,0,3,0,1,2,2,2,2,6226,1,2,1,2,0,0,1,3,2,1
12A227,31,40156,1,1,0,1,8,224,1,64,7,5,1,1,1,2,2,2,2,1,0,0,0,0,0,0,0,0,0,0,0,0,0,0,0,0,0,0,0,0,0,0,0,0,0,0,0,0,0,0,0,0,0,0,0,0,0,0,0,0,0,120,2,0,3,3,2,0,2,2,2,2,2,1,1,2,1,1,1,2,2,1,1,12453,1,3,1,0,0,0,2,0,2,2
12A227,31,40156,3,1,0,1,8,224,1,71,6,2,7,1,1,2,2,2,2,1,0,0,0,0,0,0,0,0,0,0,0,0,0,0,0,0,0,0,0,0,0,0,0,0,0,0,0,0,0,0,0,0,0,0,0,0,0,0,0,0,0,15,2,0,2,3,2,0,2,2,2,2,2,2,2,0,1,4,1,1,1,1,1,6226,1,3,1,0,0,0,2,0,0,1
12B214,31,40165,2,1,0,1,8,224,1,69,2,3,8,1,2,2,2,2,2,2,0,0,0,0,0,0,0,0,0,0,0,0,0,0,0,0,0,0,0,0,0,0,0,0,0,0,0,0,0,0,0,0,0,0,0,0,0,0,0,0,0,0,0,0,0,0,0,1,2,2,2,2,2,2,2,0,2,0,1,2,2,2,2,15865,4,4,2,0,0,0,2,0,0,0
12B214,31,40165,4,1,0,2,8,224,2,67,2,3,2,1,2,2,2,2,2,2,0,0,0,0,0,0,0,0,0,0,0,0,0,0,0,0,0,0,0,0,0,0,0,0,0,0,0,0,0,0,0,0,0,0,0,0,0,0,0,0,0,0,0,0,0,0,0,3,2,2,2,2,2,2,2,0,3,0,1,2,2,2,2,15865,4,4,2,0,0,0,2,0,1,0
12B214,31,40165,1,1,0,1,8,224,2,58,7,1,7,1,1,1,2,1,2,1,1,5,2,2,1,2,2,2,2,0,2,1,1,0,0,0,0,0,0,0,0,0,0,0,0,0,0,0,0,1,3,1,2,1,1,2,2,0,2,1,1,60,2,0,4,4,2,0,2,2,2,2,2,2,2,0,2,0,1,1,1,1,2,15865,1,2,1,2,0,2,1,2,0,2
13B222,31,40166,1,1,0,1,8,224,2,67,7,5,8,1,2,2,2,2,2,2,0,0,0,0,0,0,0,0,0,0,0,0,0,0,0,0,0,0,0,0,0,0,0,0,0,0,0,0,0,0,0,0,0,0,0,0,0,0,0,0,0,0,0,0,0,0,0,1,2,2,2,2,2,2,2,0,2,0,1,1,1,1,1,10002,4,4,2,0,0,0,2,0,0,2
13B222,31,40166,2,1,0,1,8,224,1,65,4,3,8,1,2,2,2,1,2,2,0,0,0,0,0,0,0,0,0,0,0,0,0,0,0,0,0,0,0,0,0,0,0,0,0,0,0,0,0,7,3,2,2,2,2,2,3,999999,2,1,1,30,2,0,3,3,2,0,1,2,2,2,2,2,2,0,3,0,1,2,2,2,2,30006,3,3,1,0,0,2,1,7,0,1
12A228,31,40224,3,1,0,2,8,224,2,64,2,6,1,1,2,2,1,2,1,1,0,0,0,0,0,0,0,0,0,0,0,0,0,2,4,2,2,2,2,2,2,2,1,2,3,30,2,1,1,0,0,0,0,0,0,0,0,0,0,0,0,10,2,0,4,3,2,0,2,2,2,2,2,1,1,2,1,2,1,1,1,1,1,31653,3,3,1,0,2,0,1,2,2,0
12A228,31,40224,4,1,0,1,8,224,1,42,7,7,1,1,2,1,2,1,2,1,2,3,1,2,2,2,1,2,1,0,1,2,1,0,0,0,0,0,0,0,0,0,0,0,0,0,0,0,0,2,4,1,1,1,1,1,1,0,1,2,1,30,2,0,3,3,2,0,2,2,2,2,2,2,2,0,1,1,1,1,1,1,1,15827,3,2,1,1,0,1,1,4,2,2
12A228,31,40224,2,1,0,2,8,224,2,64,2,3,7,2,0,0,0,0,0,0,0,0,0,0,0,0,0,0,0,0,0,0,0,0,0,0,0,0,0,0,0,0,0,0,0,0,0,0,0,0,0,0,0,0,0,0,0,0,0,0,0,0,0,0,0,0,0,0,0,0,0,0,0,0,0,0,0,0,0,0,0,0,0,23740,0,0,0,0,0,0,0,0,0,0
12A228,31,40224,1,1,0,1,8,224,2,68,3,3,7,1,2,2,2,2,2,2,0,0,0,0,0,0,0,0,0,0,0,0,0,0,0,0,0,0,0,0,0,0,0,0,0,0,0,0,0,0,0,0,0,0,0,0,0,0,0,0,0,0,0,0,0,0,0,2,2,2,2,2,2,2,2,0,2,0,1,2,2,2,2,15827,4,4,2,0,0,0,2,0,0,1
11B222,31,40228,2,1,0,3,8,224,1,22,7,2,6,1,2,2,1,2,2,1,0,0,0,0,0,0,0,0,0,0,0,0,0,9,2,2,2,2,2,2,1,2,2,2,1,0,1,2,1,0,0,0,0,0,0,0,0,0,0,0,0,30,2,0,3,3,2,0,2,2,2,2,2,1,2,0,2,0,1,2,2,2,2,27611,3,3,1,0,1,0,1,9,1,2
11B222,31,40228,1,1,0,1,8,224,2,65,0,,7,2,0,0,0,0,0,0,0,0,0,0,0,0,0,0,0,0,0,0,0,0,0,0,0,0,0,0,0,0,0,0,0,0,0,0,0,0,0,0,0,0,0,0,0,0,0,0,0,0,0,0,0,0,0,0,0,0,0,0,0,0,0,0,0,0,0,0,0,0,0,6902,0,0,0,0,0,0,0,0,0,0
11B222,31,40228,4,1,0,1,8,224,1,70,3,3,1,1,1,2,2,1,2,1,0,0,0,0,0,0,0,0,0,0,0,0,0,0,0,0,0,0,0,0,0,0,0,0,0,0,0,0,0,7,3,2,2,1,2,2,2,0,2,1,1,30,2,0,2,2,2,0,2,2,2,2,2,2,2,0,3,0,1,1,1,1,1,20708,1,3,1,0,0,2,1,7,2,1
11B215,31,40292,3,1,0,1,8,224,2,70,3,3,7,1,2,2,2,2,2,2,0,0,0,0,0,0,0,0,0,0,0,0,0,0,0,0,0,0,0,0,0,0,0,0,0,0,0,0,0,0,0,0,0,0,0,0,0,0,0,0,0,0,0,0,0,0,0,3,2,2,2,2,2,1,2,0,3,0,1,1,1,3,3,22882,4,4,2,0,0,0,2,0,0,1
11B215,31,40292,2,1,0,3,8,224,1,29,6,3,1,1,2,2,1,2,1,1,0,0,0,0,0,0,0,0,0,0,0,0,0,5,4,2,2,2,2,2,2,1,1,2,2,0,2,1,1,0,0,0,0,0,0,0,0,0,0,0,0,20,2,0,3,2,2,0,2,2,2,2,2,2,2,0,2,0,1,2,2,2,2,22882,3,3,1,0,2,0,1,5,2,1
11B215,31,40292,1,1,0,4,8,224,1,38,7,4,1,1,2,2,2,2,2,1,0,0,0,0,0,0,0,0,0,0,0,0,0,0,0,0,0,0,0,0,0,0,0,0,0,0,0,0,0,0,0,0,0,0,0,0,0,0,0,0,0,30,2,0,2,3,2,0,2,2,2,2,2,2,2,0,2,0,1,2,2,2,2,30509,3,3,1,0,0,0,2,0,2,2
13B215,31,40392,2,1,0,1,8,224,1,53,3,3,1,1,2,2,2,2,2,2,0,0,0,0,0,0,0,0,0,0,0,0,0,0,0,0,0,0,0,0,0,0,0,0,0,0,0,0,0,0,0,0,0,0,0,0,0,0,0,0,0,0,0,0,0,0,0,1,2,2,2,2,2,1,3,0,1,2,1,1,1,1,1,37370,4,4,2,0,0,0,2,0,2,1
13B215,31,40392,1,1,0,1,8,224,2,28,3,3,7,1,2,2,2,2,2,2,0,0,0,0,0,0,0,0,0,0,0,0,0,0,0,0,0,0,0,0,0,0,0,0,0,0,0,0,0,0,0,0,0,0,0,0,0,0,0,0,0,0,0,0,0,0,0,3,2,2,2,2,2,2,2,0,2,0,1,2,2,2,2,37370,4,4,2,0,0,0,2,0,0,1
13B215,31,40392,3,1,0,3,8,224,2,19,4,3,6,1,2,1,2,1,1,1,10,1,2,1,2,1,2,2,1,0,1,2,1,0,0,0,0,0,0,0,0,0,0,0,0,0,0,0,0,9,2,2,2,1,2,2,3,10,2,1,1,120,2,0,3,3,2,0,2,2,2,2,2,2,2,0,2,0,1,2,2,2,2,37370,3,2,1,1,0,2,1,19,1,1
13B215,31,40392,4,1,0,3,8,224,2,19,4,3,1,1,2,2,2,2,2,1,0,0,0,0,0,0,0,0,0,0,0,0,0,0,0,0,0,0,0,0,0,0,0,0,0,0,0,0,0,0,0,0,0,0,0,0,0,0,0,0,0,60,1,6,2,2,2,0,2,2,2,1,2,2,2,0,1,1,1,1,2,1,1,37370,3,3,1,0,0,0,2,0,2,1
13B221,32,40036,4,1,0,1,32,224,1,67,8,2,8,1,1,1,2,2,2,1,10,2,2,1,2,1,2,2,2,0,1,1,1,0,0,0,0,0,0,0,0,0,0,0,0,0,0,0,0,0,0,0,0,0,0,0,0,0,0,0,0,120,2,0,2,4,1,0,2,2,2,2,1,2,1,2,2,0,1,2,1,1,2,8574,1,2,1,3,0,0,1,10,0,2
13B221,32,40036,1,1,0,1,32,224,1,31,8,2,1,1,1,1,2,2,2,1,2,4,2,2,1,2,2,2,3,400,2,1,1,0,0,0,0,0,0,0,0,0,0,0,0,0,0,0,0,0,0,0,0,0,0,0,0,0,0,0,0,30,2,0,3,3,1,0,1,2,2,1,1,1,1,2,1,3,1,1,1,1,1,17147,1,2,1,2,0,0,1,2,2,2
13B221,32,40036,2,1,0,2,32,224,2,40,7,5,7,1,1,1,2,2,2,1,3,4,2,2,1,2,2,2,3,600,2,1,1,0,0,0,0,0,0,0,0,0,0,0,0,0,0,0,0,0,0,0,0,0,0,0,0,0,0,0,0,30,1,7,2,2,1,0,2,2,2,2,1,1,1,1,1,2,1,3,1,3,1,25720,1,2,1,2,0,0,1,3,0,2
12B216,32,40043,3,1,0,2,32,224,2,63,3,3,7,1,2,2,2,2,2,2,0,0,0,0,0,0,0,0,0,0,0,0,0,0,0,0,0,0,0,0,0,0,0,0,0,0,0,0,0,0,0,0,0,0,0,0,0,0,0,0,0,0,0,0,0,0,0,2,2,2,2,2,1,1,1,1,1,1,1,1,1,1,1,19991,4,4,2,0,0,0,2,0,0,1
12B216,32,40043,1,1,0,2,32,224,2,64,7,5,7,1,1,2,2,2,2,1,0,0,0,0,0,0,0,0,0,0,0,0,0,0,0,0,0,0,0,0,0,0,0,0,0,0,0,0,0,0,0,0,0,0,0,0,0,0,0,0,0,30,2,0,3,3,2,0,1,1,2,2,2,1,1,1,1,3,1,2,2,1,2,19991,1,3,1,0,0,0,2,0,0,2
12B216,32,40043,4,1,0,1,32,224,1,68,7,5,8,1,2,2,2,2,2,2,0,0,0,0,0,0,0,0,0,0,0,0,0,0,0,0,0,0,0,0,0,0,0,0,0,0,0,0,0,0,0,0,0,0,0,0,0,0,0,0,0,0,0,0,0,0,0,5,2,2,2,2,2,1,1,1,1,5,1,1,2,1,2,4998,4,4,2,0,0,0,2,0,0,2
12B216,32,40043,2,1,0,1,32,224,2,78,7,5,8,1,1,1,2,2,2,2,1,5,2,2,1,2,2,2,3,5000,2,1,1,0,0,0,0,0,0,0,0,0,0,0,0,0,0,0,0,0,0,0,0,0,0,0,0,0,0,0,0,30,2,0,2,2,2,0,2,2,2,2,2,2,2,0,1,2,1,2,2,1,1,4998,1,1,1,2,0,0,1,1,0,2
11A227,32,40058,4,1,0,2,32,224,2,33,8,2,1,1,1,1,1,2,2,1,5,4,2,2,2,1,2,2,3,3000,2,1,1,1,2,2,2,1,2,2,2,2,2,2,2,0,2,1,1,0,0,0,0,0,0,0,0,0,0,0,0,30,2,0,3,3,2,0,1,2,1,1,2,2,2,0,1,1,1,1,1,1,2,7890,1,2,1,2,2,0,1,6,2,2
11A227,32,40058,2,1,0,2,32,224,2,46,3,3,1,1,2,2,2,2,2,2,0,0,0,0,0,0,0,0,0,0,0,0,0,0,0,0,0,0,0,0,0,0,0,0,0,0,0,0,0,0,0,0,0,0,0,0,0,0,0,0,0,0,0,0,0,0,0,3,2,2,2,2,2,2,2,0,2,0,1,2,2,2,2,15778,4,4,2,0,0,0,2,0,2,1
11A227,32,40058,1,1,0,2,32,224,2,31,4,3,1,1,2,2,1,2,2,2,0,0,0,0,0,0,0,0,0,0,0,0,0,2,4,2,2,2,2,1,2,2,2,2,2,0,2,1,1,0,0,0,0,0,0,0,0,0,0,0,0,20,2,0,3,3,2,0,2,2,2,2,1,2,2,0,1,1,1,1,1,1,1,23668,3,3,1,0,2,0,1,2,2,1
11A227,32,40058,3,1,0,3,32,224,1,47,3,3,4,1,1,1,1,2,1,2,3,3,1,2,2,1,2,2,2,0,2,1,1,6,4,1,2,2,2,2,2,2,1,2,2,0,2,1,1,0,0,0,0,0,0,0,0,0,0,0,0,60,2,0,1,2,1,0,2,2,2,2,3,1,1,2,1,1,1,2,1,1,1,31557,1,2,1,2,2,0,1,9,1,1
12B213,32,40070,4,1,0,3,32,224,2,19,4,2,6,1,2,2,2,2,2,1,0,0,0,0,0,0,0,0,0,0,0,0,0,0,0,0,0,0,0,0,0,0,0,0,0,0,0,0,0,0,0,0,0,0,0,0,0,0,0,0,0,30,2,0,2,3,2,0,2,2,2,2,2,2,1,2,1,2,1,1,1,1,2,24915,3,3,1,0,0,0,2,0,1,1
12B213,32,40070,3,1,0,2,32,224,2,48,3,3,7,1,1,1,2,2,2,2,1,6,2,1,2,2,2,2,3,90,2,1,1,0,0,0,0,0,0,0,0,0,0,0,0,0,0,0,0,0,0,0,0,0,0,0,0,0,0,0,0,10,2,0,2,2,1,0,2,2,2,2,2,2,2,0,2,0,1,1,1,1,1,16610,1,1,1,2,0,0,1,1,0,1
12B213,32,40070,1,1,0,2,32,224,2,41,7,5,1,1,2,2,2,2,2,2,0,0,0,0,0,0,0,0,0,0,0,0,0,0,0,0,0,0,0,0,0,0,0,0,0,0,0,0,0,0,0,0,0,0,0,0,0,0,0,0,0,0,0,0,0,0,0,3,2,1,2,2,2,1,1,2,1,2,1,1,1,1,1,16610,4,4,2,0,0,0,2,0,2,2
12B213,32,40070,2,1,0,1,32,224,1,74,2,6,8,1,1,2,2,2,2,2,0,0,0,0,0,0,0,0,0,0,0,0,0,0,0,0,0,0,0,0,0,0,0,0,0,0,0,0,0,0,0,0,0,0,0,0,0,0,0,0,0,0,0,0,0,0,0,5,2,2,2,2,2,2,2,0,1,1,1,2,1,1,2,8305,2,4,2,0,0,0,2,0,0,0
13A227,32,40123,3,1,0,3,32,224,1,21,7,1,1,1,1,1,1,2,2,1,2,4,1,2,1,2,2,2,2,0,2,1,2,3,4,2,1,2,2,2,2,2,1,2,3,200,2,1,1,0,0,0,0,0,0,0,0,0,0,0,0,20,2,0,2,3,1,0,1,1,2,1,2,1,1,2,1,3,1,1,1,1,1,34833,1,2,1,2,2,0,1,5,2,2
13A227,32,40123,1,1,0,2,32,224,1,33,4,2,1,1,1,1,2,2,2,2,1,4,2,2,2,1,2,2,2,0,2,1,1,0,0,0,0,0,0,0,0,0,0,0,0,0,0,0,0,0,0,0,0,0,0,0,0,0,0,0,0,60,2,0,2,4,2,0,2,2,2,2,1,2,2,0,1,1,1,2,1,2,1,17416,1,1,1,2,0,0,1,1,2,1
13B214,32,40166,4,1,0,1,32,224,2,44,6,2,1,1,1,1,2,2,2,1,2,3,2,2,2,1,1,2,3,600,2,1,2,0,0,0,0,0,0,0,0,0,0,0,0,0,0,0,0,0,0,0,0,0,0,0,0,0,0,0,0,30,2,0,3,3,2,0,1,2,2,2,1,1,1,1,1,1,1,1,1,1,1,20755,1,2,1,2,0,0,1,2,2,1
13B214,32,40166,3,1,0,2,32,224,2,47,4,3,4,1,1,2,2,2,2,1,0,0,0,0,0,0,0,0,0,0,0,0,0,0,0,0,0,0,0,0,0,0,0,0,0,0,0,0,0,0,0,0,0,0,0,0,0,0,0,0,0,30,1,3,2,4,2,0,2,2,2,2,1,1,1,2,1,1,1,2,1,2,1,20755,1,3,1,0,0,0,2,0,1,1
13B214,32,40166,2,1,0,1,32,224,2,25,3,3,7,1,2,1,1,2,1,1,3,6,2,1,2,2,2,2,1,0,1,2,1,1,4,2,2,1,2,2,2,2,2,2,1,0,1,2,1,0,0,0,0,0,0,0,0,0,0,0,0,60,2,0,2,3,1,0,2,2,2,2,1,1,1,2,1,2,1,2,1,1,2,10378,3,2,1,1,1,0,1,4,0,1
11B214,32,40200,2,1,0,1,32,224,1,41,2,6,1,1,2,2,2,1,2,1,0,0,0,0,0,0,0,0,0,0,0,0,0,0,0,0,0,0,0,0,0,0,0,0,0,0,0,0,0,2,3,2,2,2,2,1,3,16,2,1,2,15,2,0,2,4,1,0,2,2,2,2,2,1,2,0,2,0,1,1,1,1,1,22659,3,3,1,0,0,2,1,2,2,0
11B214,32,40200,4,1,0,1,32,224,2,63,2,6,1,1,1,2,2,2,2,2,0,0,0,0,0,0,0,0,0,0,0,0,0,0,0,0,0,0,0,0,0,0,0,0,0,0,0,0,0,0,0,0,0,0,0,0,0,0,0,0,0,0,0,0,0,0,0,3,2,2,2,2,2,1,1,2,1,1,1,1,2,3,2,22659,2,4,2,0,0,0,2,0,2,0
11B214,32,40200,1,1,0,2,32,224,2,49,3,3,7,1,2,2,2,2,2,2,0,0,0,0,0,0,0,0,0,0,0,0,0,0,0,0,0,0,0,0,0,0,0,0,0,0,0,0,0,0,0,0,0,0,0,0,0,0,0,0,0,0,0,0,0,0,0,3,2,1,2,2,2,2,2,0,2,0,1,2,1,1,2,45319,4,4,2,0,0,0,2,0,0,1
11B214,32,40200,3,1,0,1,32,224,1,53,3,3,1,1,1,2,1,2,2,1,0,0,0,0,0,0,0,0,0,0,0,0,0,2,4,1,2,2,2,2,2,2,2,2,2,0,2,1,2,0,0,0,0,0,0,0,0,0,0,0,0,5,2,0,2,3,2,0,2,2,2,2,1,1,1,1,2,0,1,2,1,1,1,22659,1,3,1,0,2,0,1,2,2,1
12A228,32,40220,1,1,0,1,32,224,1,37,6,2,4,1,1,1,2,1,1,2,1,4,2,2,2,1,2,2,3,150,2,1,2,0,0,0,0,0,0,0,0,0,0,0,0,0,0,0,0,1,3,1,2,2,2,1,2,0,2,1,2,30,2,0,2,4,1,0,2,1,2,2,2,1,2,0,1,1,1,1,1,1,1,5775,1,2,1,2,0,2,1,2,1,1
12A228,32,40220,3,1,0,1,32,224,2,76,2,2,7,1,1,1,2,2,2,2,3,4,2,2,2,1,1,2,3,250,2,1,1,0,0,0,0,0,0,0,0,0,0,0,0,0,0,0,0,0,0,0,0,0,0,0,0,0,0,0,0,15,2,0,1,2,2,0,2,2,2,2,2,2,2,0,2,0,1,2,2,1,2,5775,1,1,1,2,0,0,1,3,0,0
12A228,32,40220,4,1,0,4,32,224,2,47,7,5,6,1,1,1,2,2,2,2,2,4,2,2,2,1,2,2,2,0,2,1,1,0,0,0,0,0,0,0,0,0,0,0,0,0,0,0,0,0,0,0,0,0,0,0,0,0,0,0,0,60,2,0,2,3,1,0,1,1,2,1,2,1,1,1,1,4,1,2,2,2,2,17326,1,1,1,2,0,0,1,2,1,2
12B215,32,40360,3,1,0,2,32,224,2,63,2,6,7,1,1,2,1,2,2,2,0,0,0,0,0,0,0,0,0,0,0,0,0,3,5,2,2,2,2,1,2,2,2,2,3,90,2,1,1,0,0,0,0,0,0,0,0,0,0,0,0,20,2,0,1,2,2,0,2,2,2,2,2,2,2,0,2,0,1,2,1,2,2,16099,1,3,1,0,2,0,1,3,0,0
12B215,32,40360,4,1,0,1,32,224,1,61,7,5,8,1,1,1,2,2,2,1,1,6,2,2,2,1,2,2,3,350,2,1,1,0,0,0,0,0,0,0,0,0,0,0,0,0,0,0,0,0,0,0,0,0,0,0,0,0,0,0,0,10,1,7,3,3,2,0,2,2,2,2,2,1,2,0,1,2,1,2,1,1,1,24149,1,2,1,2,0,0,1,1,0,2
12B215,32,40360,2,1,0,2,32,224,2,59,2,6,7,1,1,1,2,2,2,1,2,3,2,2,2,1,2,2,2,0,2,1,1,0,0,0,0,0,0,0,0,0,0,0,0,0,0,0,0,0,0,0,0,0,0,0,0,0,0,0,0,120,2,0,2,3,2,0,2,1,2,2,2,2,2,0,2,0,1,1,1,2,2,16099,1,2,1,2,0,0,1,2,0,0
12B215,32,40360,1,1,0,2,32,224,2,36,7,5,1,1,1,1,2,2,2,1,4,2,2,1,2,1,2,2,3,400,1,1,1,0,0,0,0,0,0,0,0,0,0,0,0,0,0,0,0,0,0,0,0,0,0,0,0,0,0,0,0,30,2,0,2,4,1,0,1,2,2,2,1,1,2,0,1,3,1,2,1,2,1,16099,1,2,1,3,0,0,1,4,2,2
12B222,32,40420,3,1,0,5,32,224,2,21,7,2,6,1,1,1,2,2,2,1,1,3,2,2,2,1,2,2,1,0,1,2,1,0,0,0,0,0,0,0,0,0,0,0,0,0,0,0,0,0,0,0,0,0,0,0,0,0,0,0,0,10,2,0,2,3,2,0,2,2,1,2,1,1,2,0,1,3,1,1,1,1,2,38983,1,2,1,1,0,0,1,1,1,2
12B222,32,40420,2,1,0,2,32,224,2,51,7,5,3,1,2,2,2,2,2,2,0,0,0,0,0,0,0,0,0,0,0,0,0,0,0,0,0,0,0,0,0,0,0,0,0,0,0,0,0,0,0,0,0,0,0,0,0,0,0,0,0,0,0,0,0,0,0,3,2,2,2,2,1,1,2,0,1,2,1,1,1,1,1,15593,4,4,2,0,0,0,2,0,2,2
11B213,1,40003,2,1,0,1,14,223,1,29,4,3,1,1,2,2,2,2,2,2,0,0,0,0,0,0,0,0,0,0,0,0,0,0,0,0,0,0,0,0,0,0,0,0,0,0,0,0,0,0,0,0,0,0,0,0,0,0,0,0,0,0,0,0,0,0,0,3,2,2,2,2,2,2,2,0,1,1,1,1,1,1,1,7806,4,4,2,0,0,0,2,0,2,1
11B213,1,40003,1,1,0,1,14,223,1,53,3,3,1,1,2,2,2,1,2,2,0,0,0,0,0,0,0,0,0,0,0,0,0,0,0,0,0,0,0,0,0,0,0,0,0,0,0,0,0,1,4,1,1,1,1,1,2,0,2,1,4,10,2,0,2,2,2,0,2,2,2,2,2,1,2,0,1,1,1,2,1,2,2,7906,3,3,1,0,0,2,1,1,2,1
11B213,1,40003,4,1,0,1,14,223,2,65,2,6,7,1,2,2,2,2,2,2,0,0,0,0,0,0,0,0,0,0,0,0,0,0,0,0,0,0,0,0,0,0,0,0,0,0,0,0,0,0,0,0,0,0,0,0,0,0,0,0,0,0,0,0,0,0,0,1,2,2,2,2,2,2,2,0,1,1,1,2,2,2,2,7401,4,4,2,0,0,0,2,0,0,0
11B213,1,40003,3,1,0,2,14,223,2,44,3,3,7,1,2,2,2,2,2,2,0,0,0,0,0,0,0,0,0,0,0,0,0,0,0,0,0,0,0,0,0,0,0,0,0,0,0,0,0,0,0,0,0,0,0,0,0,0,0,0,0,0,0,0,0,0,0,2,2,2,2,2,2,2,2,0,1,1,1,1,1,1,2,31590,4,4,2,0,0,0,2,0,0,1
12A207,1,40007,4,1,0,1,14,223,1,52,6,3,1,1,2,2,2,2,2,1,0,0,0,0,0,0,0,0,0,0,0,0,0,0,0,0,0,0,0,0,0,0,0,0,0,0,0,0,0,0,0,0,0,0,0,0,0,0,0,0,0,20,2,0,2,3,1,0,2,2,2,2,2,1,1,2,1,1,1,1,1,1,2,26205,3,3,1,0,0,0,2,0,2,1
12A207,1,40007,3,1,0,2,14,223,2,36,3,3,1,1,2,2,2,2,2,2,0,0,0,0,0,0,0,0,0,0,0,0,0,0,0,0,0,0,0,0,0,0,0,0,0,0,0,0,0,0,0,0,0,0,0,0,0,0,0,0,0,0,0,0,0,0,0,3,2,2,2,2,2,2,2,0,1,1,1,1,1,1,1,20943,4,4,2,0,0,0,2,0,2,1
12A207,1,40007,2,1,0,2,14,223,2,74,2,6,7,1,1,1,2,2,2,2,2,4,2,2,2,1,2,2,2,0,2,1,1,0,0,0,0,0,0,0,0,0,0,0,0,0,0,0,0,0,0,0,0,0,0,0,0,0,0,0,0,30,2,0,2,3,2,0,2,2,2,2,2,1,2,0,1,1,1,2,2,2,2,12267,1,1,1,2,0,0,1,2,0,0
12A207,1,40007,1,1,0,1,14,223,1,53,3,3,1,1,2,2,2,2,2,1,0,0,0,0,0,0,0,0,0,0,0,0,0,0,0,0,0,0,0,0,0,0,0,0,0,0,0,0,0,0,0,0,0,0,0,0,0,0,0,0,0,15,2,0,2,3,2,0,2,2,2,2,2,1,1,1,1,1,1,1,1,1,2,19654,3,3,1,0,0,0,2,0,2,1
12B213,1,40034,4,1,0,2,14,223,2,23,7,4,1,1,1,1,2,2,2,1,3,2,2,1,2,2,2,2,2,0,2,1,1,0,0,0,0,0,0,0,0,0,0,0,0,0,0,0,0,0,0,0,0,0,0,0,0,0,0,0,0,30,2,0,2,3,1,0,1,2,1,1,1,1,1,2,1,1,1,1,1,1,1,39390,1,2,1,2,0,0,1,3,2,2
12B213,1,40034,1,1,0,2,14,223,2,57,4,3,1,1,2,2,2,2,2,2,0,0,0,0,0,0,0,0,0,0,0,0,0,0,0,0,0,0,0,0,0,0,0,0,0,0,0,0,0,0,0,0,0,0,0,0,0,0,0,0,0,0,0,0,0,0,0,2,2,2,2,2,2,2,2,0,2,0,1,1,1,1,2,20447,4,4,2,0,0,0,2,0,2,1
12B213,1,40034,2,1,0,1,14,223,1,53,7,5,1,1,2,2,2,2,2,2,0,0,0,0,0,0,0,0,0,0,0,0,0,0,0,0,0,0,0,0,0,0,0,0,0,0,0,0,0,0,0,0,0,0,0,0,0,0,0,0,0,0,0,0,0,0,0,3,2,2,2,2,2,1,2,0,1,1,1,2,2,2,2,18629,4,4,2,0,0,0,2,0,2,2
12B213,1,40034,3,1,0,1,14,223,1,36,4,3,1,1,2,2,2,2,2,1,0,0,0,0,0,0,0,0,0,0,0,0,0,0,0,0,0,0,0,0,0,0,0,0,0,0,0,0,0,0,0,0,0,0,0,0,0,0,0,0,0,20,2,0,2,3,2,0,2,2,2,2,2,2,2,0,1,1,1,1,1,1,1,19005,3,3,1,0,0,0,2,0,2,1
13B216,1,40041,4,1,0,1,14,223,1,40,7,5,1,1,1,1,2,1,2,1,3,4,2,2,2,1,2,2,3,500,1,1,1,0,0,0,0,0,0,0,0,0,0,0,0,0,0,0,0,1,4,1,1,1,1,1,2,0,2,1,1,60,2,0,2,3,2,0,2,2,2,1,1,1,1,2,1,1,1,1,1,1,1,12085,1,2,1,3,0,2,1,4,2,2
13B216,1,40041,2,1,0,2,14,223,1,22,4,2,1,1,1,1,2,2,2,1,2,4,2,2,2,1,2,2,2,0,2,1,1,0,0,0,0,0,0,0,0,0,0,0,0,0,0,0,0,0,0,0,0,0,0,0,0,0,0,0,0,20,2,0,2,3,1,0,2,2,2,2,1,1,1,2,1,1,1,1,1,1,1,29208,1,2,1,2,0,0,1,2,2,1
13B216,1,40041,3,1,0,3,14,223,1,22,4,3,1,1,1,1,2,2,2,1,2,4,2,1,2,2,2,2,2,0,1,1,1,0,0,0,0,0,0,0,0,0,0,0,0,0,0,0,0,0,0,0,0,0,0,0,0,0,0,0,0,30,2,0,3,3,2,0,2,2,2,2,1,1,1,2,1,1,1,1,1,1,1,58416,1,2,1,3,0,0,1,2,2,1
11B216,1,40044,3,1,0,1,14,223,1,39,2,6,1,1,2,2,2,2,2,2,0,0,0,0,0,0,0,0,0,0,0,0,0,0,0,0,0,0,0,0,0,0,0,0,0,0,0,0,0,0,0,0,0,0,0,0,0,0,0,0,0,0,0,0,0,0,0,3,2,2,2,2,2,2,2,0,1,1,1,1,1,1,1,16252,4,4,2,0,0,0,2,0,2,0
11B216,1,40044,1,1,0,2,14,223,2,28,4,3,1,1,1,1,2,2,2,1,1,4,2,2,2,1,2,2,2,0,2,1,1,0,0,0,0,0,0,0,0,0,0,0,0,0,0,0,0,0,0,0,0,0,0,0,0,0,0,0,0,30,2,0,2,3,2,0,2,2,2,2,2,1,2,0,1,1,1,1,1,1,1,13820,1,2,1,2,0,0,1,1,2,1
11B216,1,40044,4,1,0,2,14,223,2,40,3,3,7,1,1,2,2,1,2,2,0,0,0,0,0,0,0,0,0,0,0,0,0,0,0,0,0,0,0,0,0,0,0,0,0,0,0,0,0,2,4,1,2,1,1,1,3,27,2,1,1,30,2,0,2,3,2,0,2,2,2,2,1,1,1,2,1,1,1,1,1,1,1,12731,1,3,1,0,0,2,1,2,0,1
11B216,1,40044,2,1,0,1,14,223,1,58,4,3,1,1,2,2,2,2,2,2,0,0,0,0,0,0,0,0,0,0,0,0,0,0,0,0,0,0,0,0,0,0,0,0,0,0,0,0,0,0,0,0,0,0,0,0,0,0,0,0,0,0,0,0,0,0,0,3,2,2,2,2,3,3,3,0,3,0,1,1,1,1,3,19639,4,4,2,0,0,0,2,0,2,1
11B202,1,40111,3,1,0,2,14,223,2,55,3,3,7,1,1,1,2,2,2,2,2,4,2,2,2,1,2,2,2,0,2,1,1,0,0,0,0,0,0,0,0,0,0,0,0,0,0,0,0,0,0,0,0,0,0,0,0,0,0,0,0,60,2,0,2,3,2,0,2,2,2,2,1,1,1,1,1,1,1,1,1,1,1,19429,1,1,1,2,0,0,1,2,0,1
11B202,1,40111,2,1,0,2,14,223,2,30,3,3,7,1,1,1,2,2,2,1,2,4,2,2,2,1,1,2,2,0,2,1,1,0,0,0,0,0,0,0,0,0,0,0,0,0,0,0,0,0,0,0,0,0,0,0,0,0,0,0,0,20,2,0,2,3,2,0,2,2,2,2,1,1,2,0,1,1,1,1,1,1,1,15358,1,2,1,2,0,0,1,2,0,1
11B202,1,40111,4,1,0,1,14,223,2,38,4,3,1,1,2,1,2,1,2,2,1,3,2,2,1,2,2,2,2,0,2,1,1,0,0,0,0,0,0,0,0,0,0,0,0,0,0,0,0,1,1,1,2,1,1,1,2,0,2,1,2,10,2,0,2,3,2,0,2,2,2,2,2,2,2,0,2,0,1,2,2,2,2,14148,3,2,1,2,0,2,1,2,2,1
11B202,1,40111,1,1,0,1,14,223,2,54,7,3,7,1,2,2,2,2,2,2,0,0,0,0,0,0,0,0,0,0,0,0,0,0,0,0,0,0,0,0,0,0,0,0,0,0,0,0,0,0,0,0,0,0,0,0,0,0,0,0,0,0,0,0,0,0,0,2,2,2,2,2,2,2,2,0,1,1,1,1,1,1,2,7295,4,4,2,0,0,0,2,0,0,2
13B202,1,40112,2,1,0,1,14,223,1,47,5,3,1,1,2,2,2,1,2,1,0,0,0,0,0,0,0,0,0,0,0,0,0,0,0,0,0,0,0,0,0,0,0,0,0,0,0,0,0,1,4,1,2,1,1,1,2,0,2,1,1,30,2,0,2,3,2,0,2,2,2,2,1,1,1,2,1,1,1,1,1,1,1,21737,3,3,1,0,0,2,1,1,2,1
13B202,1,40112,1,1,0,1,14,223,1,39,7,3,1,1,1,1,2,2,2,1,4,4,2,2,2,2,1,2,1,0,1,1,1,0,0,0,0,0,0,0,0,0,0,0,0,0,0,0,0,0,0,0,0,0,0,0,0,0,0,0,0,60,2,0,2,3,2,0,2,2,2,2,1,1,1,2,1,4,1,2,2,2,2,33263,1,2,1,3,0,0,1,4,2,2
13B202,1,40112,3,1,1,2,14,223,2,40,2,6,7,1,2,2,2,2,2,2,0,0,0,0,0,0,0,0,0,0,0,0,0,0,0,0,0,0,0,0,0,0,0,0,0,0,0,0,0,0,0,0,0,0,0,0,0,0,0,0,0,0,0,0,0,0,0,1,2,2,2,2,2,2,2,0,1,1,1,1,1,1,1,26058,4,4,2,0,0,0,2,0,0,0
13B202,1,40112,4,1,0,1,14,223,1,56,3,3,1,1,2,2,2,2,2,2,0,0,0,0,0,0,0,0,0,0,0,0,0,0,0,0,0,0,0,0,0,0,0,0,0,0,0,0,0,0,0,0,0,0,0,0,0,0,0,0,0,0,0,0,0,0,0,2,2,2,2,2,2,1,1,1,1,1,1,1,1,1,2,26796,4,4,2,0,0,0,2,0,2,1
12A208,1,40237,1,1,0,1,14,223,2,27,7,5,1,1,2,2,2,2,2,1,0,0,0,0,0,0,0,0,0,0,0,0,0,0,0,0,0,0,0,0,0,0,0,0,0,0,0,0,0,0,0,0,0,0,0,0,0,0,0,0,0,30,2,0,2,3,2,0,2,2,2,2,1,1,1,2,1,1,1,1,1,1,1,7748,3,3,1,0,0,0,2,0,2,2
12A208,1,40237,2,1,0,2,14,223,2,56,2,6,7,1,2,2,2,2,2,2,0,0,0,0,0,0,0,0,0,0,0,0,0,0,0,0,0,0,0,0,0,0,0,0,0,0,0,0,0,0,0,0,0,0,0,0,0,0,0,0,0,0,0,0,0,0,0,2,2,2,2,2,2,2,2,0,2,0,1,2,2,2,2,13069,4,4,2,0,0,0,2,0,0,0
12A208,1,40237,3,1,0,2,14,223,2,77,6,3,8,1,2,2,2,2,2,2,0,0,0,0,0,0,0,0,0,0,0,0,0,0,0,0,0,0,0,0,0,0,0,0,0,0,0,0,0,0,0,0,0,0,0,0,0,0,0,0,0,0,0,0,0,0,0,5,2,2,2,2,2,1,2,0,1,1,1,2,2,2,2,16722,4,4,2,0,0,0,2,0,0,1
12A208,1,40237,4,1,0,1,14,223,1,30,4,3,1,1,2,2,2,2,2,1,0,0,0,0,0,0,0,0,0,0,0,0,0,0,0,0,0,0,0,0,0,0,0,0,0,0,0,0,0,0,0,0,0,0,0,0,0,0,0,0,0,15,2,0,2,3,2,0,2,2,2,2,2,1,1,2,1,1,1,1,1,1,1,17636,3,3,1,0,0,0,2,0,2,1
12B214,1,40260,1,1,0,2,14,223,1,49,3,3,1,1,2,2,2,2,2,2,0,0,0,0,0,0,0,0,0,0,0,0,0,0,0,0,0,0,0,0,0,0,0,0,0,0,0,0,0,0,0,0,0,0,0,0,0,0,0,0,0,0,0,0,0,0,0,3,2,2,2,2,2,2,2,0,1,1,1,1,1,1,1,16624,4,4,2,0,0,0,2,0,2,1
12B214,1,40260,3,1,0,1,14,223,1,30,3,3,1,1,2,2,2,2,2,1,0,0,0,0,0,0,0,0,0,0,0,0,0,0,0,0,0,0,0,0,0,0,0,0,0,0,0,0,0,0,0,0,0,0,0,0,0,0,0,0,0,10,2,0,3,3,2,0,2,2,2,2,2,1,1,2,1,1,1,1,1,1,1,16414,3,3,1,0,0,0,2,0,2,1
12B214,1,40260,4,1,0,2,14,223,1,57,3,3,1,1,2,2,2,2,2,2,0,0,0,0,0,0,0,0,0,0,0,0,0,0,0,0,0,0,0,0,0,0,0,0,0,0,0,0,0,0,0,0,0,0,0,0,0,0,0,0,0,0,0,0,0,0,0,3,2,2,2,2,2,1,2,0,1,1,1,2,2,2,2,20494,4,4,2,0,0,0,2,0,2,1
11A208,1,40265,4,1,0,2,14,223,1,60,3,3,1,1,2,2,2,1,2,2,0,0,0,0,0,0,0,0,0,0,0,0,0,0,0,0,0,0,0,0,0,0,0,0,0,0,0,0,0,1,4,1,2,1,1,1,2,0,2,1,1,20,2,0,2,3,2,0,2,2,2,2,2,1,2,0,1,1,1,1,1,1,2,21837,3,3,1,0,0,2,1,1,2,1
11A208,1,40265,3,1,1,1,14,223,2,43,3,3,1,1,2,2,2,2,2,2,0,0,0,0,0,0,0,0,0,0,0,0,0,0,0,0,0,0,0,0,0,0,0,0,0,0,0,0,0,0,0,0,0,0,0,0,0,0,0,0,0,0,0,0,0,0,0,3,2,2,2,2,2,2,2,0,1,1,1,1,1,1,1,28314,4,4,2,0,0,0,2,0,2,1
11A208,1,40265,2,1,0,2,14,223,2,37,3,3,7,1,2,2,2,2,2,2,0,0,0,0,0,0,0,0,0,0,0,0,0,0,0,0,0,0,0,0,0,0,0,0,0,0,0,0,0,0,0,0,0,0,0,0,0,0,0,0,0,0,0,0,0,0,0,3,2,2,2,2,2,2,2,0,1,1,1,1,1,1,1,14156,4,4,2,0,0,0,2,0,0,1
11A208,1,40265,1,1,1,7,14,223,2,58,2,6,1,1,2,2,2,2,2,2,0,0,0,0,0,0,0,0,0,0,0,0,0,0,0,0,0,0,0,0,0,0,0,0,0,0,0,0,0,0,0,0,0,0,0,0,0,0,0,0,0,0,0,0,0,0,0,3,2,2,2,2,2,2,2,0,2,0,1,2,2,2,2,19442,4,4,2,0,0,0,2,0,2,0
12B201,1,40297,1,1,0,2,14,223,2,51,2,6,7,1,2,2,2,2,2,2,0,0,0,0,0,0,0,0,0,0,0,0,0,0,0,0,0,0,0,0,0,0,0,0,0,0,0,0,0,0,0,0,0,0,0,0,0,0,0,0,0,0,0,0,0,0,0,2,2,2,2,2,1,1,1,2,1,1,1,1,1,1,2,15611,4,4,2,0,0,0,2,0,0,0
12B201,1,40297,3,1,0,2,14,223,2,38,4,3,7,1,2,2,2,2,2,1,0,0,0,0,0,0,0,0,0,0,0,0,0,0,0,0,0,0,0,0,0,0,0,0,0,0,0,0,0,0,0,0,0,0,0,0,0,0,0,0,0,20,2,0,2,3,2,0,2,2,2,2,1,1,1,1,1,1,1,1,1,1,1,15136,3,3,1,0,0,0,2,0,0,1
12B201,1,40297,2,1,0,2,14,223,2,50,2,6,7,1,2,2,2,2,2,2,0,0,0,0,0,0,0,0,0,0,0,0,0,0,0,0,0,0,0,0,0,0,0,0,0,0,0,0,0,0,0,0,0,0,0,0,0,0,0,0,0,0,0,0,0,0,0,1,2,2,2,2,2,2,2,0,2,0,1,1,2,2,2,15611,4,4,2,0,0,0,2,0,0,0
12B201,1,40297,4,1,0,1,14,223,1,35,7,5,1,1,2,2,2,2,2,2,0,0,0,0,0,0,0,0,0,0,0,0,0,0,0,0,0,0,0,0,0,0,0,0,0,0,0,0,0,0,0,0,0,0,0,0,0,0,0,0,0,0,0,0,0,0,0,4,2,2,2,2,2,2,2,0,1,1,1,1,1,1,1,19322,4,4,2,0,0,0,2,0,2,2
12B215,1,40356,3,1,0,2,14,223,1,36,7,5,1,1,1,1,2,2,2,1,2,4,2,2,2,2,1,2,2,0,2,1,1,0,0,0,0,0,0,0,0,0,0,0,0,0,0,0,0,0,0,0,0,0,0,0,0,0,0,0,0,20,2,0,2,3,2,0,2,2,2,2,2,1,1,2,1,1,1,1,1,1,1,14436,1,2,1,2,0,0,1,2,2,2
12B215,1,40356,2,1,0,2,14,223,1,55,7,5,1,1,1,1,2,1,2,1,3,4,2,2,2,1,2,2,3,210,1,1,1,0,0,0,0,0,0,0,0,0,0,0,0,0,0,0,0,1,4,1,2,1,1,1,2,0,2,1,1,30,2,0,3,3,2,0,2,2,2,2,2,1,1,2,1,1,1,1,1,1,2,11629,1,2,1,3,0,2,1,4,2,2
12B215,1,40356,1,1,0,2,14,223,2,52,7,5,1,1,1,1,2,2,2,1,2,4,2,2,2,1,2,2,2,0,2,1,1,0,0,0,0,0,0,0,0,0,0,0,0,0,0,0,0,0,0,0,0,0,0,0,0,0,0,0,0,15,2,0,3,3,2,0,2,2,2,2,2,1,1,1,1,1,1,1,1,1,2,11664,1,2,1,2,0,0,1,2,2,2
12B215,1,40356,4,1,0,2,14,223,2,39,7,5,1,1,2,2,2,2,2,1,0,0,0,0,0,0,0,0,0,0,0,0,0,0,0,0,0,0,0,0,0,0,0,0,0,0,0,0,0,0,0,0,0,0,0,0,0,0,0,0,0,20,2,0,2,3,2,0,2,2,2,2,1,1,1,2,1,1,1,1,1,1,1,16963,3,3,1,0,0,0,2,0,2,2
11A207,2,40007,4,1,0,3,21,223,1,24,3,3,1,1,2,2,2,2,2,1,0,0,0,0,0,0,0,0,0,0,0,0,0,0,0,0,0,0,0,0,0,0,0,0,0,0,0,0,0,0,0,0,0,0,0,0,0,0,0,0,0,15,2,0,2,3,2,0,2,2,2,2,2,2,2,0,3,0,1,2,2,2,2,31754,3,3,1,0,0,0,2,0,2,1
11A207,2,40007,2,1,0,1,21,223,2,36,2,6,1,1,2,2,2,2,2,2,0,0,0,0,0,0,0,0,0,0,0,0,0,0,0,0,0,0,0,0,0,0,0,0,0,0,0,0,0,0,0,0,0,0,0,0,0,0,0,0,0,0,0,0,0,0,0,3,2,2,2,2,2,2,2,0,1,2,1,1,2,1,2,6862,4,4,2,0,0,0,2,0,2,0
11A207,2,40007,1,1,2,1,21,223,2,39,4,3,1,1,2,2,2,2,2,2,0,0,0,0,0,0,0,0,0,0,0,0,0,0,0,0,0,0,0,0,0,0,0,0,0,0,0,0,0,0,0,0,0,0,0,0,0,0,0,0,0,0,0,0,0,0,0,1,2,2,2,2,2,3,2,0,3,0,1,2,1,2,2,6862,4,4,2,0,0,0,2,0,2,1
11A207,2,40007,3,1,0,1,21,223,1,35,4,3,1,1,1,2,2,1,2,1,0,0,0,0,0,0,0,0,0,0,0,0,0,0,0,0,0,0,0,0,0,0,0,0,0,0,0,0,0,3,3,1,1,2,2,1,3,28,2,1,1,20,2,0,3,4,1,0,1,1,2,1,2,1,2,0,1,1,1,1,2,1,1,17517,1,3,1,0,0,2,1,3,2,1
12B216,2,40008,4,1,0,1,21,223,1,59,3,3,1,1,1,2,2,1,2,2,0,0,0,0,0,0,0,0,0,0,0,0,0,0,0,0,0,0,0,0,0,0,0,0,0,0,0,0,0,7,3,1,1,1,1,1,3,70,2,1,2,15,2,0,4,4,2,0,2,2,2,2,1,1,1,1,2,0,1,2,2,1,2,24371,1,3,1,0,0,2,1,7,2,1
12B216,2,40008,3,1,0,1,21,223,1,29,3,3,1,1,1,2,2,2,2,1,0,0,0,0,0,0,0,0,0,0,0,0,0,0,0,0,0,0,0,0,0,0,0,0,0,0,0,0,0,0,0,0,0,0,0,0,0,0,0,0,0,30,2,0,3,4,1,0,2,2,2,2,2,1,2,0,1,1,1,1,1,1,1,21959,1,3,1,0,0,0,2,0,2,1
12B216,2,40008,1,1,0,2,21,223,2,20,7,2,6,1,1,1,1,2,2,1,4,2,2,1,2,2,2,2,1,0,1,2,1,1,3,2,2,2,1,2,2,2,2,2,1,0,1,2,1,0,0,0,0,0,0,0,0,0,0,0,0,60,1,7,4,3,1,0,2,2,1,2,2,1,1,2,1,2,1,1,1,1,1,15675,1,2,1,1,1,0,1,5,1,2
12A207,2,40043,2,1,0,3,21,223,1,26,4,3,1,1,1,1,2,2,2,1,6,2,2,1,2,2,2,2,1,0,1,2,1,0,0,0,0,0,0,0,0,0,0,0,0,0,0,0,0,0,0,0,0,0,0,0,0,0,0,0,0,40,1,4,4,4,1,0,2,2,1,1,2,3,2,0,3,0,1,1,1,1,1,23438,1,2,1,1,0,0,1,6,2,1
12A207,2,40043,1,1,0,2,21,223,2,52,3,3,7,1,2,2,2,2,2,2,0,0,0,0,0,0,0,0,0,0,0,0,0,0,0,0,0,0,0,0,0,0,0,0,0,0,0,0,0,0,0,0,0,0,0,0,0,0,0,0,0,0,0,0,0,0,0,1,2,2,2,2,2,2,3,0,3,0,1,3,1,1,3,13044,4,4,2,0,0,0,2,0,0,1
12A207,2,40043,4,1,0,2,21,223,2,23,4,3,1,1,2,2,2,2,2,1,0,0,0,0,0,0,0,0,0,0,0,0,0,0,0,0,0,0,0,0,0,0,0,0,0,0,0,0,0,0,0,0,0,0,0,0,0,0,0,0,0,15,2,0,2,3,2,0,2,2,2,2,2,2,3,0,3,0,1,2,1,3,3,25096,3,3,1,0,0,0,2,0,2,1
12A207,2,40043,3,1,0,2,21,223,1,22,4,3,1,1,1,1,1,2,1,1,2,4,2,2,2,1,2,2,3,500,2,1,1,1,4,2,2,2,2,2,2,2,1,2,2,0,2,1,1,0,0,0,0,0,0,0,0,0,0,0,0,30,2,0,2,3,2,0,1,1,2,2,2,2,2,0,1,2,1,2,1,1,2,39019,1,2,1,2,2,0,1,3,2,1
12B202,2,40079,1,1,0,1,21,223,2,39,7,2,1,1,1,2,2,2,2,2,0,0,0,0,0,0,0,0,0,0,0,0,0,0,0,0,0,0,0,0,0,0,0,0,0,0,0,0,0,0,0,0,0,0,0,0,0,0,0,0,0,0,0,0,0,0,0,3,2,2,2,2,2,2,2,0,2,0,1,2,1,2,2,39390,2,4,2,0,0,0,2,0,2,2
12B202,2,40079,4,1,0,1,21,223,1,46,4,3,1,1,2,2,2,2,2,2,0,0,0,0,0,0,0,0,0,0,0,0,0,0,0,0,0,0,0,0,0,0,0,0,0,0,0,0,0,0,0,0,0,0,0,0,0,0,0,0,0,0,0,0,0,0,0,3,2,2,2,2,1,1,2,0,2,0,1,1,2,1,1,16429,4,4,2,0,0,0,2,0,2,1
12B202,2,40079,3,1,0,1,21,223,2,49,2,6,1,1,1,2,2,2,2,2,0,0,0,0,0,0,0,0,0,0,0,0,0,0,0,0,0,0,0,0,0,0,0,0,0,0,0,0,0,0,0,0,0,0,0,0,0,0,0,0,0,0,0,0,0,0,0,3,2,2,2,2,2,2,2,0,2,0,1,2,1,2,2,27083,2,4,2,0,0,0,2,0,2,0
12B202,2,40079,2,1,0,1,21,223,1,25,4,1,1,1,2,2,2,2,2,2,0,0,0,0,0,0,0,0,0,0,0,0,0,0,0,0,0,0,0,0,0,0,0,0,0,0,0,0,0,0,0,0,0,0,0,0,0,0,0,0,0,0,0,0,0,0,0,3,2,2,2,2,3,1,2,0,1,1,1,1,1,1,1,32444,4,4,2,0,0,0,2,0,2,1
11B213,2,40101,2,1,0,2,21,223,2,59,0,,1,1,1,2,2,2,2,2,0,0,0,0,0,0,0,0,0,0,0,0,0,0,0,0,0,0,0,0,0,0,0,0,0,0,0,0,0,0,0,0,0,0,0,0,0,0,0,0,0,0,0,0,0,0,0,3,2,2,2,2,2,2,2,0,2,0,2,0,0,0,0,14327,2,4,2,0,0,0,2,0,2,0
11B213,2,40101,3,1,0,2,21,223,2,51,3,3,1,1,2,2,2,2,2,2,0,0,0,0,0,0,0,0,0,0,0,0,0,0,0,0,0,0,0,0,0,0,0,0,0,0,0,0,0,0,0,0,0,0,0,0,0,0,0,0,0,0,0,0,0,0,0,3,2,2,2,2,2,1,2,0,2,0,1,1,1,1,1,40346,4,4,2,0,0,0,2,0,2,1
11B213,2,40101,4,1,0,1,21,223,1,24,4,3,1,1,2,2,2,2,2,2,0,0,0,0,0,0,0,0,0,0,0,0,0,0,0,0,0,0,0,0,0,0,0,0,0,0,0,0,0,0,0,0,0,0,0,0,0,0,0,0,0,0,0,0,0,0,0,3,2,2,2,2,2,2,2,0,2,0,1,2,2,2,2,24138,4,4,2,0,0,0,2,0,2,1
11B213,2,40101,1,1,0,1,21,223,1,25,3,3,1,1,2,2,2,2,2,1,0,0,0,0,0,0,0,0,0,0,0,0,0,0,0,0,0,0,0,0,0,0,0,0,0,0,0,0,0,0,0,0,0,0,0,0,0,0,0,0,0,30,2,0,2,3,2,0,2,2,2,2,2,2,2,0,2,0,1,2,1,2,2,19333,3,3,1,0,0,0,2,0,2,1
13B213,2,40134,2,1,0,1,21,223,2,64,7,3,7,1,1,1,1,2,2,2,2,3,2,2,2,1,2,2,1,0,1,2,1,3,4,2,2,2,1,2,2,2,2,2,3,150,2,1,1,0,0,0,0,0,0,0,0,0,0,0,0,30,2,0,3,3,2,0,1,2,2,2,3,1,1,2,1,2,1,1,1,1,1,7631,1,2,1,1,2,0,1,5,0,2
13B213,2,40134,4,1,0,1,21,223,1,40,7,4,1,1,1,1,2,1,2,1,2,3,2,2,2,1,2,2,1,0,1,2,1,0,0,0,0,0,0,0,0,0,0,0,0,0,0,0,0,5,3,1,1,2,2,1,2,0,2,1,2,15,2,0,4,4,2,0,1,2,2,1,3,1,1,2,1,1,1,1,1,1,1,31920,1,2,1,1,0,2,1,7,2,2
11B214,2,40167,3,1,0,1,21,223,1,59,0,,7,1,2,2,2,2,2,2,0,0,0,0,0,0,0,0,0,0,0,0,0,0,0,0,0,0,0,0,0,0,0,0,0,0,0,0,0,0,0,0,0,0,0,0,0,0,0,0,0,0,0,0,0,0,0,1,2,2,2,2,2,2,2,0,2,0,1,2,2,3,3,14747,4,4,2,0,0,0,2,0,0,0
11B214,2,40167,4,1,0,2,21,223,2,28,3,3,7,1,1,1,2,2,1,2,2,2,2,1,2,2,2,2,3,500,2,1,1,0,0,0,0,0,0,0,0,0,0,0,0,0,0,0,0,0,0,0,0,0,0,0,0,0,0,0,0,60,2,0,2,3,1,0,2,2,2,1,2,2,2,0,1,2,1,1,1,1,1,15568,1,2,1,2,0,0,1,2,0,1
11B214,2,40167,2,1,0,3,21,223,1,32,2,6,4,1,2,2,2,2,2,2,0,0,0,0,0,0,0,0,0,0,0,0,0,0,0,0,0,0,0,0,0,0,0,0,0,0,0,0,0,0,0,0,0,0,0,0,0,0,0,0,0,0,0,0,0,0,0,1,2,2,2,2,2,2,2,0,3,0,1,1,1,1,3,44295,4,4,2,0,0,0,2,0,1,0
11A208,2,40171,1,1,0,2,21,223,1,38,2,6,1,1,2,2,2,2,2,1,0,0,0,0,0,0,0,0,0,0,0,0,0,0,0,0,0,0,0,0,0,0,0,0,0,0,0,0,0,0,0,0,0,0,0,0,0,0,0,0,0,20,2,0,2,4,1,0,2,2,2,2,2,2,2,0,1,1,1,2,1,1,2,24415,3,3,1,0,0,0,2,0,2,0
11A208,2,40171,2,1,0,1,21,223,1,73,2,6,8,1,1,2,1,2,1,2,0,0,0,0,0,0,0,0,0,0,0,0,0,1,3,2,1,2,2,2,2,2,2,2,2,0,2,1,1,0,0,0,0,0,0,0,0,0,0,0,0,15,2,0,3,4,2,0,1,2,2,2,2,1,1,2,2,0,1,2,2,2,2,11353,1,3,1,0,2,0,1,1,0,0
11A208,2,40171,3,1,0,1,21,223,1,46,2,2,1,1,1,2,1,1,2,2,0,0,0,0,0,0,0,0,0,0,0,0,0,6,4,2,2,2,2,1,2,2,2,2,2,0,2,1,1,4,3,1,1,1,1,1,2,0,2,1,2,15,2,0,3,3,2,0,2,2,2,2,2,2,2,0,1,1,1,1,1,1,2,23932,1,3,1,0,2,2,1,10,2,0
13A208,2,40173,2,1,0,2,21,223,2,35,4,3,7,1,1,1,2,1,2,1,2,4,2,2,2,1,2,2,3,400,2,1,1,0,0,0,0,0,0,0,0,0,0,0,0,0,0,0,0,3,3,1,1,1,1,1,3,30,2,1,1,30,2,0,3,4,1,0,1,2,2,1,1,1,1,1,1,2,1,1,1,1,1,17637,1,2,1,2,0,2,1,5,0,1
13B214,2,40199,2,1,0,3,21,223,1,19,4,3,6,1,1,1,2,2,2,1,8,2,2,1,2,2,2,2,3,7500,2,1,1,0,0,0,0,0,0,0,0,0,0,0,0,0,0,0,0,0,0,0,0,0,0,0,0,0,0,0,0,30,1,4,3,3,2,0,2,2,1,1,1,1,1,2,3,0,1,1,3,1,1,63678,1,2,1,2,0,0,1,8,1,1
13B214,2,40199,4,1,0,2,21,223,2,45,7,4,1,1,1,1,1,2,2,1,4,4,2,2,2,1,2,2,1,0,1,2,1,3,4,2,2,2,1,2,2,2,2,2,1,0,1,2,1,0,0,0,0,0,0,0,0,0,0,0,0,40,2,0,3,4,2,0,1,2,2,1,1,1,1,2,1,2,1,1,1,1,1,31930,1,2,1,1,1,0,1,7,2,2
13B214,2,40199,3,1,0,1,21,223,2,77,2,6,7,1,2,2,2,2,2,2,0,0,0,0,0,0,0,0,0,0,0,0,0,0,0,0,0,0,0,0,0,0,0,0,0,0,0,0,0,0,0,0,0,0,0,0,0,0,0,0,0,0,0,0,0,0,0,1,2,2,2,2,2,2,2,0,3,0,1,3,3,2,2,12089,4,4,2,0,0,0,2,0,0,0
11B201,2,40298,4,1,1,4,21,223,2,22,3,3,1,1,1,1,2,2,1,2,6,5,2,2,1,2,2,2,3,120,2,1,1,0,0,0,0,0,0,0,0,0,0,0,0,0,0,0,0,0,0,0,0,0,0,0,0,0,0,0,0,120,2,0,2,2,2,0,1,2,2,1,2,2,1,2,2,0,1,2,2,2,2,39015,1,2,1,2,0,0,1,6,2,1
11B201,2,40298,3,1,0,1,21,223,2,29,7,4,1,1,1,2,2,1,1,1,0,0,0,0,0,0,0,0,0,0,0,0,0,0,0,0,0,0,0,0,0,0,0,0,0,0,0,0,0,1,3,2,2,2,2,1,1,0,1,2,2,60,2,0,3,3,1,0,2,2,2,2,2,2,2,0,2,0,1,1,1,1,1,16008,1,3,1,0,0,1,1,1,2,2
11B201,2,40298,2,1,1,2,21,223,2,22,4,3,7,1,2,2,2,2,2,2,0,0,0,0,0,0,0,0,0,0,0,0,0,0,0,0,0,0,0,0,0,0,0,0,0,0,0,0,0,0,0,0,0,0,0,0,0,0,0,0,0,0,0,0,0,0,0,1,2,2,2,2,2,2,2,0,2,0,1,2,2,2,2,19508,4,4,2,0,0,0,2,0,0,1
12B201,2,40302,1,1,0,3,21,223,2,26,4,3,7,1,2,2,2,2,2,1,0,0,0,0,0,0,0,0,0,0,0,0,0,0,0,0,0,0,0,0,0,0,0,0,0,0,0,0,0,0,0,0,0,0,0,0,0,0,0,0,0,15,2,0,2,3,2,0,2,2,2,2,3,2,2,0,3,0,1,2,1,1,1,25694,3,3,1,0,0,0,2,0,0,1
12B201,2,40302,2,1,0,2,21,223,1,53,0,,1,1,1,2,2,1,2,1,0,0,0,0,0,0,0,0,0,0,0,0,0,0,0,0,0,0,0,0,0,0,0,0,0,0,0,0,0,6,3,1,1,1,1,1,2,0,2,1,1,15,2,0,3,4,2,0,2,2,2,2,2,2,2,0,2,0,1,1,1,1,1,29617,1,3,1,0,0,2,1,6,2,0
11B215,2,40355,4,1,0,1,21,223,2,36,3,3,1,1,1,2,1,1,2,1,0,0,0,0,0,0,0,0,0,0,0,0,0,2,4,1,2,2,1,2,2,2,2,2,3,50,2,1,1,2,4,2,1,1,1,1,3,30,2,1,1,20,2,0,2,2,2,0,2,2,2,2,2,1,2,0,2,0,1,1,1,1,3,6592,1,3,1,0,2,2,1,4,2,1
11B215,2,40355,2,1,0,1,21,223,2,64,4,1,8,1,1,2,1,2,2,2,0,0,0,0,0,0,0,0,0,0,0,0,0,1,4,2,1,2,2,2,2,2,2,2,2,0,2,1,1,0,0,0,0,0,0,0,0,0,0,0,0,40,2,0,4,4,2,0,2,2,2,2,1,1,1,1,1,1,1,1,1,1,1,24140,1,3,1,0,2,0,1,1,0,1
11B215,2,40355,3,1,0,2,21,223,2,38,7,5,7,1,1,2,1,1,1,1,0,0,0,0,0,0,0,0,0,0,0,0,0,2,3,2,2,1,2,2,2,2,1,2,3,100,2,1,1,2,3,1,1,1,1,1,2,0,2,1,1,20,2,0,3,3,2,0,1,2,2,2,2,2,2,0,2,0,1,1,1,1,1,13182,1,3,1,0,2,2,1,4,0,2
11B215,2,40355,1,1,0,1,21,223,1,29,3,3,1,1,2,2,2,2,2,1,0,0,0,0,0,0,0,0,0,0,0,0,0,0,0,0,0,0,0,0,0,0,0,0,0,0,0,0,0,0,0,0,0,0,0,0,0,0,0,0,0,25,2,0,3,3,2,0,2,2,2,2,2,2,2,0,3,0,1,1,1,2,2,16287,3,3,1,0,0,0,2,0,2,1
12B215,2,40357,3,1,0,2,21,223,2,30,4,3,1,1,2,2,1,2,1,1,0,0,0,0,0,0,0,0,0,0,0,0,0,1,4,2,1,2,2,2,2,2,2,2,1,0,1,2,1,0,0,0,0,0,0,0,0,0,0,0,0,40,1,6,4,3,2,0,2,2,2,2,1,1,1,1,1,1,1,1,1,1,1,17821,3,3,1,0,1,0,1,1,2,1
12B215,2,40357,4,1,0,2,21,223,2,50,4,1,1,1,1,2,2,2,2,1,0,0,0,0,0,0,0,0,0,0,0,0,0,0,0,0,0,0,0,0,0,0,0,0,0,0,0,0,0,0,0,0,0,0,0,0,0,0,0,0,0,30,1,3,2,4,1,0,1,2,2,2,1,1,1,1,1,2,1,1,1,1,1,22575,1,3,1,0,0,0,2,0,2,1
12B215,2,40357,2,1,0,1,21,223,2,43,3,3,1,1,1,2,1,2,2,1,0,0,0,0,0,0,0,0,0,0,0,0,0,2,3,2,2,1,1,2,2,2,2,2,3,100,2,1,1,0,0,0,0,0,0,0,0,0,0,0,0,60,2,0,3,4,2,0,1,2,2,2,1,1,1,2,1,1,1,1,1,1,1,21889,1,3,1,0,2,0,1,2,2,1
12B215,2,40357,1,1,0,1,21,223,1,47,3,3,1,1,2,2,2,2,2,2,0,0,0,0,0,0,0,0,0,0,0,0,0,0,0,0,0,0,0,0,0,0,0,0,0,0,0,0,0,0,0,0,0,0,0,0,0,0,0,0,0,0,0,0,0,0,0,3,2,2,2,2,2,1,2,0,1,2,1,3,1,2,1,20542,4,4,2,0,0,0,2,0,2,1
11B216,3,40011,1,1,0,1,40,223,1,63,0,,1,2,0,0,0,0,0,0,0,0,0,0,0,0,0,0,0,0,0,0,0,0,0,0,0,0,0,0,0,0,0,0,0,0,0,0,0,0,0,0,0,0,0,0,0,0,0,0,0,0,0,0,0,0,0,0,0,0,0,0,0,0,0,0,0,0,0,0,0,0,0,13683,0,0,0,0,0,0,0,0,2,0
11B216,3,40011,2,1,0,2,40,223,1,62,2,3,9,1,1,2,2,2,2,2,0,0,0,0,0,0,0,0,0,0,0,0,0,0,0,0,0,0,0,0,0,0,0,0,0,0,0,0,0,0,0,0,0,0,0,0,0,0,0,0,0,0,0,0,0,0,0,5,2,2,2,2,2,2,2,0,2,0,1,2,2,2,2,13683,2,4,2,0,0,0,2,0,0,0
11B216,3,40011,3,1,0,2,40,223,2,22,7,4,7,1,1,1,1,2,2,1,3,5,2,2,1,2,2,2,3,500,2,1,1,2,3,2,2,1,2,2,2,2,2,2,1,0,1,2,1,0,0,0,0,0,0,0,0,0,0,0,0,30,2,0,2,4,2,0,2,2,1,2,1,1,1,1,1,1,1,1,1,1,1,17602,1,2,1,2,1,0,1,5,0,2
11B216,3,40011,4,1,0,1,40,223,2,70,2,3,8,1,1,1,1,2,2,2,1,5,2,2,1,2,2,2,2,0,2,1,1,12,5,2,2,2,2,1,2,2,2,2,2,0,2,1,1,0,0,0,0,0,0,0,0,0,0,0,0,90,2,0,2,4,2,0,2,2,2,2,2,2,2,0,2,0,1,2,2,2,2,15587,1,2,1,2,2,0,1,13,0,0
12B201,3,40029,1,1,0,1,40,223,2,44,3,2,1,1,1,1,2,2,2,2,3,5,2,2,1,2,2,2,3,60,2,1,1,0,0,0,0,0,0,0,0,0,0,0,0,0,0,0,0,0,0,0,0,0,0,0,0,0,0,0,0,20,2,0,1,3,2,0,2,1,2,2,1,1,1,1,1,1,1,1,1,1,1,34064,1,1,1,2,0,0,1,3,2,1
12B201,3,40029,4,1,0,1,40,223,2,82,7,3,8,1,2,2,2,2,2,2,0,0,0,0,0,0,0,0,0,0,0,0,0,0,0,0,0,0,0,0,0,0,0,0,0,0,0,0,0,0,0,0,0,0,0,0,0,0,0,0,0,0,0,0,0,0,0,5,2,2,2,2,2,2,2,0,2,0,1,1,1,2,2,15962,4,4,2,0,0,0,2,0,0,2
12B201,3,40029,3,1,1,1,40,223,1,26,7,4,1,1,1,1,1,2,2,1,2,4,2,2,2,1,2,2,3,800,1,1,1,4,4,2,2,1,2,2,2,2,2,2,2,0,1,2,1,0,0,0,0,0,0,0,0,0,0,0,0,15,2,0,2,3,1,0,2,2,2,2,1,1,1,2,1,3,1,1,1,1,1,16834,1,2,1,3,1,0,1,6,2,2
12B201,3,40029,2,1,0,1,40,223,1,58,2,6,1,1,2,2,2,2,2,2,0,0,0,0,0,0,0,0,0,0,0,0,0,0,0,0,0,0,0,0,0,0,0,0,0,0,0,0,0,0,0,0,0,0,0,0,0,0,0,0,0,0,0,0,0,0,0,1,2,2,2,2,2,2,2,0,2,0,1,2,2,2,2,14012,4,4,2,0,0,0,2,0,2,0
13B213,3,40033,2,1,0,1,40,223,1,44,2,6,1,1,2,2,2,2,2,2,0,0,0,0,0,0,0,0,0,0,0,0,0,0,0,0,0,0,0,0,0,0,0,0,0,0,0,0,0,0,0,0,0,0,0,0,0,0,0,0,0,0,0,0,0,0,0,1,2,2,2,2,2,2,2,0,2,0,1,2,2,2,2,23162,4,4,2,0,0,0,2,0,2,0
13B213,3,40033,1,1,0,1,40,223,2,44,7,4,1,1,2,2,2,2,2,1,0,0,0,0,0,0,0,0,0,0,0,0,0,0,0,0,0,0,0,0,0,0,0,0,0,0,0,0,0,0,0,0,0,0,0,0,0,0,0,0,0,25,2,0,3,3,2,0,1,2,2,2,2,2,1,2,1,1,1,1,2,1,2,9072,3,3,1,0,0,0,2,0,2,2
13B213,3,40033,4,1,0,1,40,223,1,48,4,3,1,1,1,2,2,2,2,2,0,0,0,0,0,0,0,0,0,0,0,0,0,0,0,0,0,0,0,0,0,0,0,0,0,0,0,0,0,0,0,0,0,0,0,0,0,0,0,0,0,0,0,0,0,0,0,2,2,2,2,2,2,2,1,2,1,1,1,1,2,2,2,11351,2,4,2,0,0,0,2,0,2,1
13B213,3,40033,3,1,0,2,40,223,1,42,4,3,1,1,1,1,1,2,2,2,1,3,2,2,1,2,2,2,1,0,1,2,1,1,3,2,1,2,2,2,2,2,2,2,2,0,2,1,2,0,0,0,0,0,0,0,0,0,0,0,0,20,1,5,3,2,2,0,2,2,2,2,2,1,2,0,2,0,1,1,1,1,1,34742,1,2,1,1,2,0,1,2,2,1
13B202,3,40072,1,1,0,2,40,223,2,37,7,5,1,1,1,1,2,2,2,2,2,4,2,2,1,2,2,2,3,200,2,1,1,0,0,0,0,0,0,0,0,0,0,0,0,0,0,0,0,0,0,0,0,0,0,0,0,0,0,0,0,10,2,0,2,3,2,0,2,2,2,2,1,1,1,2,1,2,1,1,1,1,1,34846,1,1,1,2,0,0,1,2,2,2
13B202,3,40072,2,1,0,1,40,223,1,51,7,4,1,1,1,1,2,2,2,2,2,1,2,1,2,2,2,2,1,0,1,2,1,0,0,0,0,0,0,0,0,0,0,0,0,0,0,0,0,0,0,0,0,0,0,0,0,0,0,0,0,30,2,0,2,3,2,0,2,2,2,2,2,1,2,0,1,1,1,1,1,1,1,29068,1,1,1,1,0,0,1,2,2,2
12A207,3,40106,1,1,0,1,40,223,1,38,3,3,1,1,2,2,1,2,2,2,0,0,0,0,0,0,0,0,0,0,0,0,0,2,3,2,2,2,2,1,2,2,2,2,2,0,2,1,1,0,0,0,0,0,0,0,0,0,0,0,0,20,2,0,3,3,2,0,1,2,2,2,2,1,1,2,2,0,1,1,1,2,1,18530,3,3,1,0,2,0,1,2,2,1
12A207,3,40106,2,1,2,1,40,223,1,22,7,3,6,1,1,1,2,2,2,1,1,2,2,1,2,2,2,2,1,0,1,2,1,0,0,0,0,0,0,0,0,0,0,0,0,0,0,0,0,0,0,0,0,0,0,0,0,0,0,0,0,60,2,0,3,3,2,0,1,2,2,2,2,2,1,2,1,2,1,1,2,1,2,11196,1,2,1,1,0,0,1,1,1,2
12A207,3,40106,3,1,0,1,40,223,1,77,2,6,8,1,1,1,2,2,2,2,2,5,2,1,1,2,2,2,2,0,2,1,1,0,0,0,0,0,0,0,0,0,0,0,0,0,0,0,0,0,0,0,0,0,0,0,0,0,0,0,0,30,2,0,2,3,2,0,2,2,2,2,2,2,2,0,2,0,1,1,2,2,2,25851,1,1,1,2,0,0,1,2,0,0
13B216,3,40121,3,1,0,1,40,223,1,27,3,3,1,1,2,2,2,2,2,2,0,0,0,0,0,0,0,0,0,0,0,0,0,0,0,0,0,0,0,0,0,0,0,0,0,0,0,0,0,0,0,0,0,0,0,0,0,0,0,0,0,0,0,0,0,0,0,1,2,2,2,2,2,2,1,2,2,0,1,1,2,1,2,22725,4,4,2,0,0,0,2,0,2,1
13B216,3,40121,2,1,0,1,40,223,2,26,7,4,1,1,2,2,2,2,2,2,0,0,0,0,0,0,0,0,0,0,0,0,0,0,0,0,0,0,0,0,0,0,0,0,0,0,0,0,0,0,0,0,0,0,0,0,0,0,0,0,0,0,0,0,0,0,0,1,2,2,2,2,2,2,2,0,2,0,1,2,1,1,1,9984,4,4,2,0,0,0,2,0,2,2
13B216,3,40121,4,1,0,2,40,223,2,47,7,5,1,1,1,1,2,2,2,1,3,1,1,2,1,2,2,2,3,700,2,1,1,0,0,0,0,0,0,0,0,0,0,0,0,0,0,0,0,0,0,0,0,0,0,0,0,0,0,0,0,60,2,0,3,4,1,0,1,2,2,1,2,1,2,0,1,1,1,1,1,1,1,28457,1,2,1,2,0,0,1,3,2,2
13B216,3,40121,1,1,0,2,40,223,2,48,3,3,7,1,2,2,2,2,2,2,0,0,0,0,0,0,0,0,0,0,0,0,0,0,0,0,0,0,0,0,0,0,0,0,0,0,0,0,0,0,0,0,0,0,0,0,0,0,0,0,0,0,0,0,0,0,0,3,2,2,2,2,2,2,2,0,2,0,1,2,2,2,2,18970,4,4,2,0,0,0,2,0,0,1
11B202,3,40126,3,1,0,2,40,223,2,22,7,1,1,1,1,1,2,2,2,2,3,4,2,2,1,1,2,2,2,0,2,1,1,0,0,0,0,0,0,0,0,0,0,0,0,0,0,0,0,0,0,0,0,0,0,0,0,0,0,0,0,30,2,0,2,3,2,0,2,2,2,2,2,2,2,0,2,0,1,2,2,2,2,17106,1,1,1,2,0,0,1,3,2,2
11B202,3,40126,2,1,0,1,40,223,2,75,3,1,8,1,2,2,2,2,2,2,0,0,0,0,0,0,0,0,0,0,0,0,0,0,0,0,0,0,0,0,0,0,0,0,0,0,0,0,0,0,0,0,0,0,0,0,0,0,0,0,0,0,0,0,0,0,0,5,2,2,2,2,2,2,2,0,2,0,1,2,2,2,2,7573,4,4,2,0,0,0,2,0,0,1
11B202,3,40126,1,1,0,1,40,223,1,57,2,6,1,1,2,2,2,2,2,2,0,0,0,0,0,0,0,0,0,0,0,0,0,0,0,0,0,0,0,0,0,0,0,0,0,0,0,0,0,0,0,0,0,0,0,0,0,0,0,0,0,0,0,0,0,0,0,5,2,2,2,2,2,2,2,0,2,0,1,2,2,2,2,6648,4,4,2,0,0,0,2,0,2,0
12B214,3,40140,4,1,0,1,40,223,1,38,4,3,1,1,1,2,2,2,2,1,0,0,0,0,0,0,0,0,0,0,0,0,0,0,0,0,0,0,0,0,0,0,0,0,0,0,0,0,0,0,0,0,0,0,0,0,0,0,0,0,0,35,2,0,3,3,1,0,2,2,2,2,2,2,2,0,2,0,1,1,1,1,1,18842,1,3,1,0,0,0,2,0,2,1
12B214,3,40140,1,1,0,1,40,223,1,35,7,4,1,1,2,2,2,2,2,2,0,0,0,0,0,0,0,0,0,0,0,0,0,0,0,0,0,0,0,0,0,0,0,0,0,0,0,0,0,0,0,0,0,0,0,0,0,0,0,0,0,0,0,0,0,0,0,1,2,2,2,2,2,2,2,0,1,1,1,1,1,1,1,18842,4,4,2,0,0,0,2,0,2,2
12B214,3,40140,3,1,0,2,40,223,2,82,0,,7,2,0,0,0,0,0,0,0,0,0,0,0,0,0,0,0,0,0,0,0,0,0,0,0,0,0,0,0,0,0,0,0,0,0,0,0,0,0,0,0,0,0,0,0,0,0,0,0,0,0,0,0,0,0,0,0,0,0,0,0,0,0,0,0,0,0,0,0,0,0,25937,0,0,0,0,0,0,0,0,0,0
12B214,3,40140,2,1,0,2,40,223,2,46,6,2,1,1,2,2,2,2,2,2,0,0,0,0,0,0,0,0,0,0,0,0,0,0,0,0,0,0,0,0,0,0,0,0,0,0,0,0,0,0,0,0,0,0,0,0,0,0,0,0,0,0,0,0,0,0,0,1,2,2,2,2,2,2,2,0,2,0,1,1,1,1,1,30447,4,4,2,0,0,0,2,0,2,1
12A208,3,40274,4,1,1,1,40,223,2,24,7,5,1,1,1,1,2,2,2,1,6,1,2,1,2,2,2,2,2,0,1,1,1,0,0,0,0,0,0,0,0,0,0,0,0,0,0,0,0,0,0,0,0,0,0,0,0,0,0,0,0,30,1,7,2,3,1,0,1,1,2,1,2,1,2,0,1,1,1,1,1,1,2,9366,1,2,1,3,0,0,1,6,2,2
12A208,3,40274,2,1,0,2,40,223,2,31,3,3,7,1,1,1,1,2,2,2,3,4,2,1,2,2,2,2,2,0,2,1,1,3,4,2,2,1,2,2,2,2,2,2,2,0,2,1,1,0,0,0,0,0,0,0,0,0,0,0,0,20,2,0,2,3,2,0,2,2,2,2,2,2,2,0,1,1,1,1,1,1,1,15373,1,2,1,2,2,0,1,6,0,1
12A208,3,40274,3,1,0,1,40,223,1,29,7,5,1,1,1,1,2,2,2,1,4,1,2,1,2,2,2,2,1,0,1,2,1,0,0,0,0,0,0,0,0,0,0,0,0,0,0,0,0,0,0,0,0,0,0,0,0,0,0,0,0,90,2,0,3,3,1,0,1,2,2,1,1,1,1,1,1,2,1,1,1,1,1,8748,1,2,1,1,0,0,1,4,2,2
12A208,3,40274,1,1,0,1,40,223,1,42,4,3,1,1,1,2,2,2,2,2,0,0,0,0,0,0,0,0,0,0,0,0,0,0,0,0,0,0,0,0,0,0,0,0,0,0,0,0,0,0,0,0,0,0,0,0,0,0,0,0,0,0,0,0,0,0,0,2,2,2,2,2,2,2,2,0,1,1,1,2,2,2,2,27116,2,4,2,0,0,0,2,0,2,1
12B215,3,40281,1,1,0,1,40,223,1,29,7,4,1,1,1,1,2,2,2,1,4,4,2,2,2,1,2,2,3,1200,2,1,1,0,0,0,0,0,0,0,0,0,0,0,0,0,0,0,0,0,0,0,0,0,0,0,0,0,0,0,0,40,1,5,3,3,2,0,1,1,2,1,1,1,1,2,1,3,1,1,1,1,1,8188,1,2,1,2,0,0,1,4,2,2
12B215,3,40281,4,1,0,1,40,223,2,62,2,6,8,1,2,2,2,2,2,2,0,0,0,0,0,0,0,0,0,0,0,0,0,0,0,0,0,0,0,0,0,0,0,0,0,0,0,0,0,0,0,0,0,0,0,0,0,0,0,0,0,0,0,0,0,0,0,5,2,2,2,2,2,2,1,2,2,0,1,1,2,2,1,18204,4,4,2,0,0,0,2,0,0,0
12B215,3,40281,3,1,0,1,40,223,1,37,7,5,1,1,1,1,2,1,2,2,4,4,2,2,2,1,2,2,2,0,2,1,1,0,0,0,0,0,0,0,0,0,0,0,0,0,0,0,0,15,3,1,2,2,2,1,1,0,1,2,1,20,2,0,2,3,2,0,1,2,2,2,2,2,2,0,1,1,1,2,2,2,2,8460,1,2,1,2,0,1,1,19,2,2
12B215,3,40281,2,1,0,3,40,223,1,30,7,2,1,1,1,1,2,2,2,1,3,2,2,1,2,2,2,2,1,0,1,2,2,0,0,0,0,0,0,0,0,0,0,0,0,0,0,0,0,0,0,0,0,0,0,0,0,0,0,0,0,35,2,0,3,3,1,0,1,2,2,2,2,2,2,0,1,1,1,1,1,1,1,24565,1,2,1,1,0,0,1,3,2,2
11B213,4,40005,1,1,0,2,28,223,2,48,4,3,7,1,1,1,2,2,2,2,10,4,1,2,1,1,1,2,3,1500,2,1,1,0,0,0,0,0,0,0,0,0,0,0,0,0,0,0,0,0,0,0,0,0,0,0,0,0,0,0,0,60,2,0,4,4,1,0,2,2,2,1,1,1,1,1,1,1,1,1,1,1,1,13314,1,1,1,2,0,0,1,10,0,1
11B213,4,40005,4,1,0,1,28,223,1,63,2,6,1,1,1,1,2,2,2,2,2,1,2,1,2,2,2,2,3,500,2,1,2,0,0,0,0,0,0,0,0,0,0,0,0,0,0,0,0,0,0,0,0,0,0,0,0,0,0,0,0,30,1,6,2,3,1,0,2,2,2,2,2,2,2,0,1,1,1,1,1,1,1,13275,1,1,1,2,0,0,1,2,2,0
11B213,4,40005,3,1,0,2,28,223,1,66,7,3,8,1,2,2,2,1,2,2,0,0,0,0,0,0,0,0,0,0,0,0,0,0,0,0,0,0,0,0,0,0,0,0,0,0,0,0,0,3,3,1,1,2,1,1,3,30,2,1,1,30,2,0,2,3,2,0,2,2,2,2,2,2,2,0,2,0,1,3,3,3,3,22988,3,3,1,0,0,2,1,3,0,2
11A207,4,40011,4,1,0,2,28,223,2,45,3,3,7,1,2,2,2,2,2,2,0,0,0,0,0,0,0,0,0,0,0,0,0,0,0,0,0,0,0,0,0,0,0,0,0,0,0,0,0,0,0,0,0,0,0,0,0,0,0,0,0,0,0,0,0,0,0,1,2,2,2,2,2,1,2,0,2,0,1,1,1,1,1,20076,4,4,2,0,0,0,2,0,0,1
11A207,4,40011,2,1,0,3,28,223,2,28,7,2,1,1,1,1,2,1,2,1,1,4,2,2,1,2,2,2,2,0,2,1,2,0,0,0,0,0,0,0,0,0,0,0,0,0,0,0,0,1,3,2,2,1,1,1,2,0,2,1,1,30,2,0,3,3,2,0,2,2,2,2,2,1,2,0,1,1,1,1,1,1,1,63392,1,2,1,2,0,2,1,2,2,2
11A207,4,40011,1,1,0,1,28,223,1,36,3,3,1,1,1,1,2,2,2,1,1,5,2,2,1,2,2,2,2,0,2,1,1,0,0,0,0,0,0,0,0,0,0,0,0,0,0,0,0,0,0,0,0,0,0,0,0,0,0,0,0,30,2,0,2,2,2,0,2,2,2,2,1,1,1,2,1,2,1,1,1,1,1,24848,1,2,1,2,0,0,1,1,2,1
11A207,4,40011,3,1,0,2,28,223,2,19,3,2,1,1,2,2,1,1,2,1,0,0,0,0,0,0,0,0,0,0,0,0,0,3,4,2,2,2,2,2,2,2,1,2,2,0,2,1,2,7,3,2,2,1,2,1,2,0,2,1,1,5,2,0,2,2,2,0,2,2,2,2,2,2,1,2,2,0,1,2,1,1,1,25750,3,3,1,0,2,2,1,10,2,1
12B216,4,40093,3,1,0,1,28,223,2,62,2,6,7,1,1,1,2,2,2,1,1,5,2,2,1,2,2,2,3,200,2,1,1,0,0,0,0,0,0,0,0,0,0,0,0,0,0,0,0,0,0,0,0,0,0,0,0,0,0,0,0,30,2,0,1,1,2,0,2,2,2,2,2,1,2,0,1,1,1,2,2,2,2,13239,1,2,1,2,0,0,1,1,0,0
12B216,4,40093,1,1,0,2,28,223,2,37,7,4,1,1,1,1,1,2,2,1,2,3,2,2,1,2,2,2,1,0,1,2,1,2,3,2,2,2,1,2,2,2,2,2,2,0,2,1,1,0,0,0,0,0,0,0,0,0,0,0,0,15,2,0,2,3,1,0,1,2,2,1,2,2,2,0,1,1,1,1,1,1,1,14460,1,2,1,1,2,0,1,4,2,2
12B216,4,40093,2,1,0,4,28,223,1,30,7,4,1,1,2,2,2,2,2,1,0,0,0,0,0,0,0,0,0,0,0,0,0,0,0,0,0,0,0,0,0,0,0,0,0,0,0,0,0,0,0,0,0,0,0,0,0,0,0,0,0,30,2,0,3,4,2,0,2,2,2,2,2,1,1,1,1,2,1,1,1,1,1,35731,3,3,1,0,0,0,2,0,2,2
12B202,4,40123,2,1,0,2,28,223,2,62,3,3,3,1,1,1,2,2,2,2,2,5,2,2,1,1,2,2,2,0,2,1,1,0,0,0,0,0,0,0,0,0,0,0,0,0,0,0,0,0,0,0,0,0,0,0,0,0,0,0,0,60,2,0,1,2,1,0,2,2,2,2,2,1,1,1,1,2,1,2,1,2,2,13031,1,1,1,2,0,0,1,2,2,1
12B202,4,40123,4,1,0,2,28,223,2,41,7,5,1,1,1,1,1,2,2,1,3,4,2,1,2,1,2,2,1,0,1,1,1,1,4,2,2,2,2,2,1,2,2,2,3,130,2,1,1,0,0,0,0,0,0,0,0,0,0,0,0,60,2,0,2,3,1,0,1,2,2,1,1,1,1,1,1,1,1,2,1,1,1,14232,1,2,1,3,2,0,1,4,2,2
12B202,4,40123,1,1,0,1,28,223,1,36,8,3,1,1,1,1,1,1,1,1,6,1,2,1,2,2,2,2,3,7000,2,1,2,6,1,2,1,2,2,2,2,2,2,2,3,300,1,2,1,4,4,1,1,2,1,2,3,40,2,1,1,60,2,0,3,3,1,0,1,1,1,1,1,1,1,1,1,2,1,2,2,2,2,6056,1,2,1,2,1,2,1,16,2,2
12B202,4,40123,3,1,0,1,28,223,1,67,7,5,1,1,1,2,2,2,2,1,0,0,0,0,0,0,0,0,0,0,0,0,0,0,0,0,0,0,0,0,0,0,0,0,0,0,0,0,0,0,0,0,0,0,0,0,0,0,0,0,0,30,2,0,1,3,1,0,2,2,2,2,2,2,2,0,2,0,1,1,1,1,1,11264,1,3,1,0,0,0,2,0,2,2
11A208,4,40148,3,1,0,4,28,223,2,41,7,5,1,1,1,2,2,2,2,1,0,0,0,0,0,0,0,0,0,0,0,0,0,0,0,0,0,0,0,0,0,0,0,0,0,0,0,0,0,0,0,0,0,0,0,0,0,0,0,0,0,60,2,0,3,3,2,0,2,2,2,2,2,2,2,0,3,0,1,2,2,2,2,28850,1,3,1,0,0,0,2,0,2,2
11A208,4,40148,1,1,0,2,28,223,2,65,2,6,7,1,1,1,2,2,2,1,1,4,2,2,2,1,2,2,2,0,2,1,1,0,0,0,0,0,0,0,0,0,0,0,0,0,0,0,0,0,0,0,0,0,0,0,0,0,0,0,0,60,2,0,1,3,1,0,2,2,2,2,2,1,1,1,1,1,1,2,1,1,1,13518,1,2,1,2,0,0,1,1,0,0
11B214,4,40170,4,1,0,3,28,223,1,32,3,1,1,1,2,2,2,2,2,1,0,0,0,0,0,0,0,0,0,0,0,0,0,0,0,0,0,0,0,0,0,0,0,0,0,0,0,0,0,0,0,0,0,0,0,0,0,0,0,0,0,5,2,0,2,3,2,0,2,2,2,2,2,2,1,2,2,0,1,2,2,1,2,32692,3,3,1,0,0,0,2,0,2,1
11B214,4,40170,1,1,1,2,28,223,2,33,7,4,1,1,1,2,1,2,2,2,0,0,0,0,0,0,0,0,0,0,0,0,0,25,1,2,1,2,2,2,2,2,2,2,2,0,2,1,2,0,0,0,0,0,0,0,0,0,0,0,0,5,1,6,1,2,1,0,2,2,2,2,2,1,2,0,2,0,1,1,1,1,1,14362,1,3,1,0,2,0,1,25,2,2
11B214,4,40170,3,1,0,2,28,223,2,32,7,2,7,1,1,2,2,2,2,1,0,0,0,0,0,0,0,0,0,0,0,0,0,0,0,0,0,0,0,0,0,0,0,0,0,0,0,0,0,0,0,0,0,0,0,0,0,0,0,0,0,180,1,6,2,4,1,0,2,2,2,2,1,2,1,2,1,1,1,2,1,2,1,14362,1,3,1,0,0,0,2,0,0,2
11B214,4,40170,2,1,0,1,28,223,1,49,3,2,1,1,2,2,2,2,2,1,0,0,0,0,0,0,0,0,0,0,0,0,0,0,0,0,0,0,0,0,0,0,0,0,0,0,0,0,0,0,0,0,0,0,0,0,0,0,0,0,0,30,2,0,3,4,1,0,2,2,2,2,2,1,2,0,1,1,1,2,1,2,1,16555,3,3,1,0,0,0,2,0,2,1
11B201,4,40256,2,1,0,2,28,223,2,28,7,5,3,1,1,1,1,2,2,1,2,1,2,1,2,2,2,2,2,0,2,1,2,2,4,2,2,2,2,2,2,2,1,2,2,0,2,1,1,0,0,0,0,0,0,0,0,0,0,0,0,30,2,0,4,4,1,0,2,2,2,2,1,1,1,2,1,1,1,1,1,1,1,13794,1,2,1,2,2,0,1,4,2,2
11B201,4,40256,1,1,0,1,28,223,1,55,7,5,1,1,1,1,2,1,2,1,4,1,2,1,2,2,2,2,3,1000,2,1,1,0,0,0,0,0,0,0,0,0,0,0,0,0,0,0,0,5,3,1,1,2,2,1,1,0,1,2,1,120,2,0,3,3,1,0,2,2,2,2,1,1,1,1,3,0,1,1,3,1,2,13067,1,2,1,2,0,1,1,9,2,2
11B201,4,40256,3,1,0,2,28,223,2,79,2,5,7,1,1,2,2,1,2,2,0,0,0,0,0,0,0,0,0,0,0,0,0,0,0,0,0,0,0,0,0,0,0,0,0,0,0,0,0,1,3,1,1,1,1,1,3,8,2,1,1,10,2,0,1,1,2,0,2,2,2,2,2,2,2,0,2,0,1,1,1,1,1,14886,1,3,1,0,0,2,1,1,0,0
11B201,4,40256,4,1,0,4,28,223,2,41,7,4,7,1,1,1,2,2,2,1,5,1,2,2,2,2,1,2,1,0,1,2,1,0,0,0,0,0,0,0,0,0,0,0,0,0,0,0,0,0,0,0,0,0,0,0,0,0,0,0,0,30,1,2,1,1,1,0,1,2,2,1,2,1,2,0,1,2,1,1,1,2,1,31767,1,2,1,1,0,0,1,5,0,2
11B215,4,40279,4,1,0,1,28,223,1,57,3,3,1,1,1,1,2,2,2,1,3,4,1,2,2,2,1,2,2,0,2,1,1,0,0,0,0,0,0,0,0,0,0,0,0,0,0,0,0,0,0,0,0,0,0,0,0,0,0,0,0,10,2,0,2,3,1,0,1,2,2,2,2,2,2,0,1,5,1,2,1,2,2,15559,1,2,1,2,0,0,1,3,2,1
11B215,4,40279,2,1,0,1,28,223,1,50,3,3,1,1,1,2,1,2,2,2,0,0,0,0,0,0,0,0,0,0,0,0,0,2,3,2,1,2,2,2,2,2,2,2,2,0,2,1,2,0,0,0,0,0,0,0,0,0,0,0,0,15,2,0,2,4,2,0,2,2,2,2,1,2,2,0,1,1,1,2,1,1,1,9465,1,3,1,0,2,0,1,2,2,1
11B215,4,40279,1,1,0,2,28,223,2,32,3,3,1,1,1,1,2,2,2,2,3,3,2,2,1,1,1,2,3,300,2,1,1,0,0,0,0,0,0,0,0,0,0,0,0,0,0,0,0,0,0,0,0,0,0,0,0,0,0,0,0,30,2,0,1,3,1,0,1,1,2,2,2,2,2,0,1,1,1,2,1,2,2,16424,1,1,1,2,0,0,1,3,2,1
11B215,4,40279,3,1,0,1,28,223,1,31,4,3,1,1,1,1,1,2,1,1,1,4,2,2,1,2,2,2,2,0,2,1,1,2,4,2,1,2,2,2,2,2,2,2,1,0,1,2,1,0,0,0,0,0,0,0,0,0,0,0,0,45,2,0,2,3,1,0,1,1,2,2,2,1,1,2,1,1,1,1,1,1,1,18693,1,2,1,2,1,0,1,3,2,1
13B201,4,40312,2,1,0,1,28,223,1,83,7,5,8,1,1,2,2,1,2,2,0,0,0,0,0,0,0,0,0,0,0,0,0,0,0,0,0,0,0,0,0,0,0,0,0,0,0,0,0,7,3,1,1,1,1,1,3,72,2,1,1,60,2,0,2,4,2,0,2,2,2,2,2,1,1,3,1,4,1,2,2,2,2,38390,1,3,1,0,0,2,1,7,0,2
13B201,4,40312,4,1,0,1,28,223,1,55,7,4,1,1,1,1,1,2,2,2,8,4,2,2,2,2,1,2,3,3000,2,1,1,3,1,2,1,2,2,2,2,2,2,2,3,300,2,1,1,0,0,0,0,0,0,0,0,0,0,0,0,60,2,0,3,3,1,0,1,2,2,1,1,1,1,2,1,2,1,2,1,1,1,16627,1,2,1,2,2,0,1,11,2,2
12B215,4,40335,3,1,0,5,28,223,1,31,7,5,1,1,1,1,2,1,2,1,2,1,2,1,2,1,2,2,1,0,1,2,1,0,0,0,0,0,0,0,0,0,0,0,0,0,0,0,0,2,3,2,1,1,2,1,3,20,2,1,1,60,2,0,3,4,1,0,2,2,2,2,2,1,1,1,1,2,1,1,1,1,1,57331,1,2,1,1,0,2,1,4,2,2
12B215,4,40335,1,1,0,1,28,223,2,52,2,6,1,1,1,1,2,2,2,2,1,4,2,2,1,2,2,2,2,0,1,2,1,0,0,0,0,0,0,0,0,0,0,0,0,0,0,0,0,0,0,0,0,0,0,0,0,0,0,0,0,15,2,0,1,3,1,0,2,2,2,2,2,2,1,3,1,1,1,2,1,1,2,15953,1,1,1,1,0,0,1,1,2,0
12B215,4,40335,4,1,0,1,28,223,2,62,7,4,8,1,2,2,2,1,2,2,0,0,0,0,0,0,0,0,0,0,0,0,0,0,0,0,0,0,0,0,0,0,0,0,0,0,0,0,0,2,4,2,2,1,1,1,3,10,2,1,1,30,2,0,2,1,2,0,2,2,2,2,2,2,2,0,1,1,1,2,2,1,1,14162,3,3,1,0,0,2,1,2,0,2
12B215,4,40335,2,1,0,3,28,223,2,32,7,4,1,1,1,1,2,1,2,1,6,4,2,2,2,1,2,2,3,800,1,2,1,0,0,0,0,0,0,0,0,0,0,0,0,0,0,0,0,6,4,1,1,1,2,1,3,42,2,1,2,30,2,0,2,3,1,0,1,2,2,1,1,1,2,0,1,2,1,2,2,1,1,33583,1,2,1,1,0,2,1,12,2,2
13B213,5,40007,4,1,0,4,17,223,1,23,6,4,1,1,2,2,2,2,2,2,0,0,0,0,0,0,0,0,0,0,0,0,0,0,0,0,0,0,0,0,0,0,0,0,0,0,0,0,0,0,0,0,0,0,0,0,0,0,0,0,0,0,0,0,0,0,0,1,2,2,2,2,1,1,1,2,1,1,1,2,1,1,1,63422,4,4,2,0,0,0,2,0,2,1
13B213,5,40007,1,1,0,1,17,223,1,45,4,3,1,1,1,1,1,1,2,1,2,4,2,2,2,1,2,2,1,0,1,2,1,1,4,2,2,2,2,2,2,2,1,2,2,0,2,1,1,1,3,1,2,2,2,1,2,0,2,1,1,25,2,0,1,2,1,0,2,2,2,2,1,1,1,1,1,3,1,2,1,2,1,25722,1,2,1,1,2,2,1,4,2,1
13B213,5,40007,2,1,0,1,17,223,1,62,3,3,8,1,2,2,2,2,2,2,0,0,0,0,0,0,0,0,0,0,0,0,0,0,0,0,0,0,0,0,0,0,0,0,0,0,0,0,0,0,0,0,0,0,0,0,0,0,0,0,0,0,0,0,0,0,0,1,2,2,2,2,1,1,1,2,2,0,1,1,1,1,1,10570,4,4,2,0,0,0,2,0,0,1
11A207,5,40013,2,1,0,2,17,223,2,26,3,3,1,1,2,2,2,2,2,2,0,0,0,0,0,0,0,0,0,0,0,0,0,0,0,0,0,0,0,0,0,0,0,0,0,0,0,0,0,0,0,0,0,0,0,0,0,0,0,0,0,0,0,0,0,0,0,3,2,2,2,2,2,2,2,0,2,0,1,2,2,2,2,15557,4,4,2,0,0,0,2,0,2,1
11A207,5,40013,1,1,0,1,17,223,2,50,6,2,7,1,1,1,2,2,2,2,2,4,2,2,1,2,2,2,2,0,2,1,1,0,0,0,0,0,0,0,0,0,0,0,0,0,0,0,0,0,0,0,0,0,0,0,0,0,0,0,0,30,2,0,1,3,2,0,2,2,2,2,2,2,2,0,2,0,1,2,1,1,2,7390,1,1,1,2,0,0,1,2,0,1
11A207,5,40013,3,1,0,2,17,223,2,38,3,3,7,1,2,2,2,2,2,1,0,0,0,0,0,0,0,0,0,0,0,0,0,0,0,0,0,0,0,0,0,0,0,0,0,0,0,0,0,0,0,0,0,0,0,0,0,0,0,0,0,60,1,7,2,1,1,0,2,2,2,2,1,1,1,2,2,0,1,1,1,2,2,14331,3,3,1,0,0,0,2,0,0,1
11A207,5,40013,4,1,0,2,17,223,2,41,3,3,7,1,2,2,2,2,2,2,0,0,0,0,0,0,0,0,0,0,0,0,0,0,0,0,0,0,0,0,0,0,0,0,0,0,0,0,0,0,0,0,0,0,0,0,0,0,0,0,0,0,0,0,0,0,0,3,2,2,2,2,2,1,2,0,2,0,1,2,1,2,2,14331,4,4,2,0,0,0,2,0,0,1
11B213,5,40039,4,1,0,2,17,223,2,43,6,3,7,1,1,1,1,1,2,2,1,4,2,2,2,1,2,2,3,200,2,1,1,3,4,2,2,2,2,2,2,2,1,2,3,450,2,1,1,1,3,1,1,1,1,1,3,50,2,1,1,20,1,5,2,3,1,0,1,1,2,2,1,1,2,0,1,1,1,1,1,1,1,23335,1,2,1,2,2,2,1,5,0,1
11B213,5,40039,1,1,0,2,17,223,2,22,2,6,1,1,1,1,2,2,2,2,2,5,2,2,1,1,2,2,3,800,2,1,1,0,0,0,0,0,0,0,0,0,0,0,0,0,0,0,0,0,0,0,0,0,0,0,0,0,0,0,0,30,2,0,2,3,2,0,2,2,2,2,1,2,3,0,1,1,1,2,1,1,1,20578,1,1,1,2,0,0,1,2,2,0
11B213,5,40039,3,1,0,2,17,223,2,40,2,6,1,1,2,2,2,2,2,1,0,0,0,0,0,0,0,0,0,0,0,0,0,0,0,0,0,0,0,0,0,0,0,0,0,0,0,0,0,0,0,0,0,0,0,0,0,0,0,0,0,20,1,3,1,2,1,0,2,1,2,2,2,1,2,0,2,0,1,1,2,1,2,31113,3,3,1,0,0,0,2,0,2,0
12A207,5,40040,2,1,0,1,17,223,1,31,4,3,4,1,1,2,2,2,2,1,0,0,0,0,0,0,0,0,0,0,0,0,0,0,0,0,0,0,0,0,0,0,0,0,0,0,0,0,0,0,0,0,0,0,0,0,0,0,0,0,0,120,2,0,2,3,2,0,2,2,2,2,2,1,2,0,1,1,1,1,1,3,2,17276,1,3,1,0,0,0,2,0,1,1
12A207,5,40040,1,1,0,2,17,223,2,43,9,2,1,1,1,1,1,1,1,1,10,1,2,2,2,2,1,2,1,0,1,2,1,4,4,2,2,2,2,2,1,2,2,2,1,0,1,2,1,3,3,1,1,1,1,1,1,0,1,2,1,60,2,0,3,3,1,0,2,2,2,2,2,2,2,0,1,1,1,1,1,1,1,13983,1,2,1,1,1,1,1,17,2,2
12A207,5,40040,4,1,0,1,17,223,2,70,2,6,7,1,1,1,2,2,2,2,2,5,2,2,1,1,2,2,2,0,2,1,1,0,0,0,0,0,0,0,0,0,0,0,0,0,0,0,0,0,0,0,0,0,0,0,0,0,0,0,0,10,2,0,1,1,2,0,2,2,2,2,2,1,2,0,2,0,1,2,1,1,2,8190,1,1,1,2,0,0,1,2,0,0
12B216,5,40106,3,1,0,2,17,223,2,52,3,3,7,1,2,2,2,2,2,2,0,0,0,0,0,0,0,0,0,0,0,0,0,0,0,0,0,0,0,0,0,0,0,0,0,0,0,0,0,0,0,0,0,0,0,0,0,0,0,0,0,0,0,0,0,0,0,5,2,2,2,2,1,1,1,2,1,1,1,1,1,1,1,18274,4,4,2,0,0,0,2,0,0,1
12B216,5,40106,2,1,0,1,17,223,1,88,2,1,8,1,1,1,2,2,2,2,1,5,2,2,1,2,2,2,3,400,2,1,1,0,0,0,0,0,0,0,0,0,0,0,0,0,0,0,0,0,0,0,0,0,0,0,0,0,0,0,0,10,2,0,1,2,2,0,2,2,2,2,2,2,2,0,2,0,1,2,1,1,1,21036,1,1,1,2,0,0,1,1,0,0
12B216,5,40106,1,1,0,1,17,223,1,30,2,6,1,1,1,1,1,2,2,1,1,4,2,2,1,2,2,2,2,0,2,1,5,1,4,2,2,2,2,1,2,2,2,2,2,0,2,1,5,0,0,0,0,0,0,0,0,0,0,0,0,30,2,0,1,2,2,0,2,2,2,2,2,1,2,0,1,1,1,2,1,1,2,21891,1,2,1,2,2,0,1,2,2,0
11B216,5,40110,3,1,0,1,17,223,1,20,4,2,1,1,1,2,1,2,2,1,0,0,0,0,0,0,0,0,0,0,0,0,0,3,1,2,2,2,2,2,1,2,2,2,1,0,1,2,2,0,0,0,0,0,0,0,0,0,0,0,0,10,1,3,3,2,1,0,2,2,1,2,2,2,2,0,1,1,1,2,1,2,2,23239,1,3,1,0,1,0,1,3,2,1
11B216,5,40110,1,1,0,2,17,223,2,35,3,3,7,1,2,2,2,2,2,1,0,0,0,0,0,0,0,0,0,0,0,0,0,0,0,0,0,0,0,0,0,0,0,0,0,0,0,0,0,0,0,0,0,0,0,0,0,0,0,0,0,15,2,0,2,1,2,0,2,2,2,2,1,1,1,1,2,0,1,1,1,1,1,15065,3,3,1,0,0,0,2,0,0,1
11B216,5,40110,2,1,0,1,17,223,1,39,4,3,1,1,2,2,2,2,2,1,0,0,0,0,0,0,0,0,0,0,0,0,0,0,0,0,0,0,0,0,0,0,0,0,0,0,0,0,0,0,0,0,0,0,0,0,0,0,0,0,0,60,1,6,2,2,2,0,2,2,2,2,1,1,1,2,1,1,1,2,1,1,1,9615,3,3,1,0,0,0,2,0,2,1
11B216,5,40110,4,1,0,2,17,223,2,42,3,3,7,1,1,2,1,1,1,2,0,0,0,0,0,0,0,0,0,0,0,0,0,2,2,2,2,1,2,2,2,2,2,2,2,0,2,1,1,1,2,2,1,1,1,1,3,10,2,1,1,15,2,0,2,3,1,0,2,1,2,2,1,2,2,0,1,1,1,2,1,1,1,15065,1,3,1,0,2,2,1,3,0,1
12B202,5,40145,3,1,2,2,17,223,2,20,2,5,7,1,2,2,2,2,1,1,0,0,0,0,0,0,0,0,0,0,0,0,0,0,0,0,0,0,0,0,0,0,0,0,0,0,0,0,0,0,0,0,0,0,0,0,0,0,0,0,0,30,2,0,2,1,2,0,2,2,2,2,2,1,1,2,2,0,1,1,1,1,2,26686,3,3,1,0,0,0,2,0,0,0
12B202,5,40145,2,1,0,1,17,223,1,62,7,5,8,1,1,1,1,1,2,2,1,4,2,2,2,1,2,2,2,0,2,1,1,8,4,2,2,2,2,2,2,2,1,2,3,240,2,1,1,3,4,1,1,2,2,2,3,33,2,1,1,45,2,0,2,3,1,0,2,2,2,2,2,1,1,1,1,1,1,1,1,1,1,31116,1,2,1,2,2,2,1,12,0,2
12B202,5,40145,4,1,0,2,17,223,2,48,2,6,1,1,1,1,2,2,2,2,1,2,2,2,1,2,2,2,3,120,2,1,1,0,0,0,0,0,0,0,0,0,0,0,0,0,0,0,0,0,0,0,0,0,0,0,0,0,0,0,0,30,2,0,2,3,1,0,2,2,2,2,2,2,1,2,2,0,1,2,1,1,1,31207,1,1,1,2,0,0,1,1,2,0
12B202,5,40145,1,1,0,2,17,223,2,65,2,6,1,1,1,2,1,1,2,2,0,0,0,0,0,0,0,0,0,0,0,0,0,10,4,2,2,1,2,2,2,2,2,2,2,0,2,1,1,3,4,1,1,1,1,1,2,0,2,1,1,60,2,0,2,3,1,0,2,2,2,2,2,1,2,0,1,5,1,1,1,1,1,59078,1,3,1,0,2,2,1,13,2,0
12B202,5,40149,2,1,2,1,17,223,1,56,7,5,1,1,1,1,1,1,2,1,3,1,1,2,2,2,1,2,1,0,1,2,1,2,1,2,1,2,1,2,2,2,2,2,1,0,1,2,1,1,4,1,1,1,2,2,2,0,2,1,5,40,2,0,3,4,1,0,1,1,2,2,1,1,1,1,1,5,1,1,3,1,1,15876,1,2,1,1,1,2,1,6,2,2
12B202,5,40149,3,1,0,2,17,223,2,63,6,2,1,1,2,2,2,2,2,2,0,0,0,0,0,0,0,0,0,0,0,0,0,0,0,0,0,0,0,0,0,0,0,0,0,0,0,0,0,0,0,0,0,0,0,0,0,0,0,0,0,0,0,0,0,0,0,3,2,2,2,2,2,2,2,0,2,0,1,2,1,1,2,21202,4,4,2,0,0,0,2,0,2,1
12B202,5,40149,4,1,0,1,17,223,1,51,2,6,1,1,1,1,2,2,2,1,1,5,2,2,1,2,2,2,3,500,2,1,1,0,0,0,0,0,0,0,0,0,0,0,0,0,0,0,0,0,0,0,0,0,0,0,0,0,0,0,0,30,2,0,2,2,1,0,2,2,2,2,2,1,1,2,3,0,1,2,1,1,1,28976,1,2,1,2,0,0,1,1,2,0
12B202,5,40149,1,1,0,4,17,223,2,38,7,4,1,1,1,1,2,2,2,2,1,4,2,2,2,1,2,2,1,0,1,2,1,0,0,0,0,0,0,0,0,0,0,0,0,0,0,0,0,0,0,0,0,0,0,0,0,0,0,0,0,30,2,0,3,3,1,0,2,2,2,2,2,2,2,0,2,0,1,1,1,1,1,30877,1,1,1,1,0,0,1,1,2,2
12B214,5,40166,4,1,0,1,17,223,1,30,7,3,1,1,2,2,2,2,2,1,0,0,0,0,0,0,0,0,0,0,0,0,0,0,0,0,0,0,0,0,0,0,0,0,0,0,0,0,0,0,0,0,0,0,0,0,0,0,0,0,0,10,2,0,2,3,2,0,2,2,2,2,2,2,2,0,2,0,1,2,3,3,3,7873,3,3,1,0,0,0,2,0,2,2
12B214,5,40166,2,1,0,1,17,223,2,43,7,5,1,1,1,1,1,2,2,1,1,3,2,2,2,1,2,2,3,150,2,1,1,1,4,2,2,2,2,2,2,1,2,2,1,0,1,2,2,0,0,0,0,0,0,0,0,0,0,0,0,5,2,0,3,3,2,0,2,2,2,2,1,1,1,2,1,1,1,3,1,1,1,12745,1,2,1,2,1,0,1,2,2,2
12B214,5,40166,3,1,0,1,17,223,1,60,7,4,1,1,1,1,1,1,2,1,6,3,2,1,1,2,1,2,3,200,1,1,1,2,1,2,2,2,2,1,1,2,2,2,2,0,2,1,1,5,3,1,2,2,2,2,1,0,1,2,1,45,1,6,4,4,1,0,1,2,2,2,1,1,1,2,1,5,1,1,1,1,1,39319,1,2,1,3,2,1,1,13,2,2
13A208,5,40236,2,1,0,2,17,223,2,41,7,5,1,1,2,2,2,2,2,2,0,0,0,0,0,0,0,0,0,0,0,0,0,0,0,0,0,0,0,0,0,0,0,0,0,0,0,0,0,0,0,0,0,0,0,0,0,0,0,0,0,0,0,0,0,0,0,3,2,2,2,2,2,2,2,0,1,1,1,1,1,1,2,33023,4,4,2,0,0,0,2,0,2,2
13A208,5,40236,3,1,0,2,17,223,2,71,6,3,7,1,1,1,2,2,2,2,4,4,2,1,2,1,2,2,2,0,2,1,1,0,0,0,0,0,0,0,0,0,0,0,0,0,0,0,0,0,0,0,0,0,0,0,0,0,0,0,0,45,2,0,2,3,1,0,2,1,2,2,1,1,1,1,1,1,1,1,1,1,1,19343,1,1,1,2,0,0,1,4,0,1
11B214,5,40266,4,1,0,2,17,223,2,28,7,2,7,1,1,2,1,2,2,2,0,0,0,0,0,0,0,0,0,0,0,0,0,4,4,2,2,2,2,2,2,2,1,2,3,160,2,1,1,0,0,0,0,0,0,0,0,0,0,0,0,15,2,0,2,4,2,0,2,2,2,2,1,1,1,2,1,1,1,2,1,1,1,17773,1,3,1,0,2,0,1,4,0,2
11B214,5,40266,3,1,0,1,17,223,2,46,2,6,7,1,1,2,1,2,2,1,0,0,0,0,0,0,0,0,0,0,0,0,0,3,4,2,2,2,2,2,2,2,1,2,2,0,2,1,1,0,0,0,0,0,0,0,0,0,0,0,0,20,2,0,1,2,2,0,1,2,2,2,2,2,2,0,1,1,1,2,1,1,2,25329,1,3,1,0,2,0,1,3,0,0
11B214,5,40266,1,1,0,3,17,223,1,22,2,6,1,1,2,2,2,2,2,2,0,0,0,0,0,0,0,0,0,0,0,0,0,0,0,0,0,0,0,0,0,0,0,0,0,0,0,0,0,0,0,0,0,0,0,0,0,0,0,0,0,0,0,0,0,0,0,1,2,2,2,2,2,1,1,2,2,0,1,1,1,1,2,50514,4,4,2,0,0,0,2,0,2,0
11B214,5,40266,2,1,0,1,17,223,2,57,2,6,7,1,1,1,2,2,2,2,1,5,2,2,1,2,2,2,2,0,2,1,1,0,0,0,0,0,0,0,0,0,0,0,0,0,0,0,0,0,0,0,0,0,0,0,0,0,0,0,0,30,2,0,1,1,2,0,2,2,2,2,2,2,2,0,2,0,1,2,1,2,2,14990,1,1,1,2,0,0,1,1,0,0
11A208,5,40269,2,1,0,2,17,223,1,74,2,6,8,1,2,1,1,2,2,2,2,5,2,1,1,2,2,2,2,0,2,1,1,3,5,2,2,2,2,1,2,2,2,2,2,0,2,1,1,0,0,0,0,0,0,0,0,0,0,0,0,20,1,6,1,2,1,0,2,2,2,2,1,1,1,1,1,1,1,2,1,1,1,17475,3,2,1,2,2,0,1,5,0,0
11A208,5,40269,3,1,1,1,17,223,2,30,3,3,1,1,2,2,2,2,2,2,0,0,0,0,0,0,0,0,0,0,0,0,0,0,0,0,0,0,0,0,0,0,0,0,0,0,0,0,0,0,0,0,0,0,0,0,0,0,0,0,0,0,0,0,0,0,0,3,2,2,2,2,2,2,1,2,2,0,1,1,1,1,1,23968,4,4,2,0,0,0,2,0,2,1
11A208,5,40269,1,1,2,2,17,223,2,50,3,3,7,1,1,1,1,2,2,1,1,4,2,2,1,2,2,2,3,125,2,1,1,1,4,2,2,2,2,2,2,1,2,2,3,50,2,1,1,0,0,0,0,0,0,0,0,0,0,0,0,60,2,0,2,4,2,0,2,2,2,2,1,2,2,0,2,0,1,2,1,1,1,15181,1,2,1,2,2,0,1,2,0,1
12B215,5,40327,4,1,0,2,17,223,2,19,7,2,6,1,1,1,1,2,1,1,2,4,2,2,2,1,1,2,2,0,2,1,2,1,2,2,2,2,2,2,1,2,2,2,1,0,1,2,2,0,0,0,0,0,0,0,0,0,0,0,0,30,2,0,2,3,1,0,2,1,1,2,2,1,1,2,1,1,1,1,1,1,1,19490,1,2,1,2,1,0,1,3,1,2
12B215,5,40327,3,1,0,2,17,223,2,75,0,,7,1,1,1,2,2,2,2,1,5,2,2,1,2,2,2,3,10,2,1,1,0,0,0,0,0,0,0,0,0,0,0,0,0,0,0,0,0,0,0,0,0,0,0,0,0,0,0,0,30,2,0,1,1,2,0,2,2,2,2,2,2,2,0,2,0,2,0,0,0,0,17260,1,1,1,2,0,0,1,1,0,0
12B215,5,40327,1,1,0,1,17,223,1,76,0,,9,2,0,0,0,0,0,0,0,0,0,0,0,0,0,0,0,0,0,0,0,0,0,0,0,0,0,0,0,0,0,0,0,0,0,0,0,0,0,0,0,0,0,0,0,0,0,0,0,0,0,0,0,0,0,0,0,0,0,0,0,0,0,0,0,0,0,0,0,0,0,17492,0,0,0,0,0,0,0,0,0,0
12B215,5,40327,2,1,0,2,17,223,2,71,2,6,8,1,1,2,1,2,2,2,0,0,0,0,0,0,0,0,0,0,0,0,0,3,3,2,2,1,2,2,2,1,2,2,2,0,2,1,1,0,0,0,0,0,0,0,0,0,0,0,0,30,2,0,2,4,2,0,2,2,2,2,2,1,2,0,2,0,1,1,1,1,1,34518,1,3,1,0,2,0,1,3,0,0
12B201,5,40331,4,1,0,4,17,223,1,30,3,3,1,1,1,1,2,1,2,1,1,5,2,2,1,2,2,2,2,0,2,1,1,0,0,0,0,0,0,0,0,0,0,0,0,0,0,0,0,2,3,1,1,2,2,1,3,20,2,1,1,20,2,0,2,2,2,0,2,2,2,2,1,1,1,1,1,3,1,1,1,1,1,26372,1,2,1,2,0,2,1,3,2,1
12B201,5,40331,1,1,0,1,17,223,2,67,7,4,1,1,1,1,2,2,2,2,2,1,2,1,2,2,2,2,1,0,1,2,2,0,0,0,0,0,0,0,0,0,0,0,0,0,0,0,0,0,0,0,0,0,0,0,0,0,0,0,0,20,2,0,1,3,1,0,2,2,2,2,1,1,1,2,1,5,1,1,1,1,2,8335,1,1,1,1,0,0,1,2,2,2
12B201,5,40331,2,1,0,1,17,223,1,55,3,3,1,1,1,2,1,1,2,2,0,0,0,0,0,0,0,0,0,0,0,0,0,2,5,2,2,2,2,1,2,2,2,2,2,0,2,1,1,1,3,1,2,1,1,1,3,12,2,1,1,30,1,5,2,2,1,0,2,1,2,2,2,1,1,2,2,0,1,2,1,1,1,7317,1,3,1,0,2,2,1,3,2,1
12B202,6,40014,1,1,0,1,33,223,1,67,7,3,8,1,2,2,2,2,2,2,0,0,0,0,0,0,0,0,0,0,0,0,0,0,0,0,0,0,0,0,0,0,0,0,0,0,0,0,0,0,0,0,0,0,0,0,0,0,0,0,0,0,0,0,0,0,0,5,2,2,2,2,2,1,2,0,1,1,1,1,1,1,2,15159,4,4,2,0,0,0,2,0,0,2
12B202,6,40014,2,1,0,1,33,223,1,67,4,3,8,1,2,2,2,2,2,2,0,0,0,0,0,0,0,0,0,0,0,0,0,0,0,0,0,0,0,0,0,0,0,0,0,0,0,0,0,0,0,0,0,0,0,0,0,0,0,0,0,0,0,0,0,0,0,5,2,2,2,2,2,2,2,0,2,0,1,1,1,1,2,15159,4,4,2,0,0,0,2,0,0,1
12B202,6,40014,3,1,0,1,33,223,2,31,2,6,4,1,2,2,2,2,2,2,0,0,0,0,0,0,0,0,0,0,0,0,0,0,0,0,0,0,0,0,0,0,0,0,0,0,0,0,0,0,0,0,0,0,0,0,0,0,0,0,0,0,0,0,0,0,0,1,2,2,2,2,2,2,2,0,2,0,1,2,2,2,2,6931,4,4,2,0,0,0,2,0,1,0
12B202,6,40014,4,1,0,2,33,223,2,65,0,,2,2,0,0,0,0,0,0,0,0,0,0,0,0,0,0,0,0,0,0,0,0,0,0,0,0,0,0,0,0,0,0,0,0,0,0,0,0,0,0,0,0,0,0,0,0,0,0,0,0,0,0,0,0,0,0,0,0,0,0,0,0,0,0,0,0,0,0,0,0,0,14958,0,0,0,0,0,0,0,0,1,0
12B216,6,40072,3,1,0,1,33,223,2,78,2,6,7,1,2,2,2,2,2,2,0,0,0,0,0,0,0,0,0,0,0,0,0,0,0,0,0,0,0,0,0,0,0,0,0,0,0,0,0,0,0,0,0,0,0,0,0,0,0,0,0,0,0,0,0,0,0,5,2,2,2,2,2,2,2,0,3,0,1,2,2,2,2,6718,4,4,2,0,0,0,2,0,0,0
12B216,6,40072,4,1,0,1,33,223,1,35,3,3,1,1,2,2,2,2,2,2,0,0,0,0,0,0,0,0,0,0,0,0,0,0,0,0,0,0,0,0,0,0,0,0,0,0,0,0,0,0,0,0,0,0,0,0,0,0,0,0,0,0,0,0,0,0,0,2,2,2,2,2,2,2,2,0,2,0,1,1,1,2,1,7321,4,4,2,0,0,0,2,0,2,1
12B216,6,40072,1,1,0,4,33,223,1,18,4,3,1,1,1,2,2,2,2,1,0,0,0,0,0,0,0,0,0,0,0,0,0,0,0,0,0,0,0,0,0,0,0,0,0,0,0,0,0,0,0,0,0,0,0,0,0,0,0,0,0,120,2,0,2,4,2,0,1,2,2,2,2,1,1,2,1,3,1,1,1,1,1,35390,1,3,1,0,0,0,2,0,2,1
13A207,6,40077,4,1,0,1,33,223,2,41,7,3,4,1,1,1,2,2,2,1,1,4,2,2,2,1,2,2,2,0,2,1,1,0,0,0,0,0,0,0,0,0,0,0,0,0,0,0,0,0,0,0,0,0,0,0,0,0,0,0,0,60,2,0,2,4,2,0,2,2,2,2,2,1,2,0,1,1,1,2,1,1,2,15550,1,2,1,2,0,0,1,1,1,2
13A207,6,40077,3,1,0,2,33,223,2,53,4,3,7,1,2,2,2,2,2,2,0,0,0,0,0,0,0,0,0,0,0,0,0,0,0,0,0,0,0,0,0,0,0,0,0,0,0,0,0,0,0,0,0,0,0,0,0,0,0,0,0,0,0,0,0,0,0,5,2,2,2,2,2,2,2,0,3,0,1,2,1,2,2,16037,4,4,2,0,0,0,2,0,0,1
13A207,6,40077,2,1,0,1,33,223,2,74,2,2,8,2,0,0,0,0,0,0,0,0,0,0,0,0,0,0,0,0,0,0,0,0,0,0,0,0,0,0,0,0,0,0,0,0,0,0,0,0,0,0,0,0,0,0,0,0,0,0,0,0,0,0,0,0,0,0,0,0,0,0,0,0,0,0,0,0,0,0,0,0,0,9109,0,0,0,0,0,0,0,0,0,0
13A207,6,40077,1,1,0,1,33,223,2,37,7,3,1,1,1,1,1,2,2,1,6,1,2,1,2,2,2,2,1,0,1,2,1,2,3,2,2,2,1,2,1,2,2,2,3,100,2,1,1,0,0,0,0,0,0,0,0,0,0,0,0,90,2,0,3,3,2,0,1,2,1,2,1,1,1,1,1,2,1,1,2,1,2,7775,1,2,1,1,2,0,1,8,2,2
12B213,6,40131,2,1,0,1,33,223,2,36,7,4,1,1,1,1,1,2,2,1,8,1,1,1,2,2,2,2,1,0,1,2,1,4,4,2,2,2,1,2,1,2,2,2,3,250,2,1,1,0,0,0,0,0,0,0,0,0,0,0,0,120,2,0,4,4,1,0,2,2,2,1,1,1,1,2,1,4,1,1,1,1,1,7798,1,2,1,1,2,0,1,12,2,2
12B213,6,40131,1,1,0,2,33,223,2,29,4,3,1,1,2,2,2,2,2,2,0,0,0,0,0,0,0,0,0,0,0,0,0,0,0,0,0,0,0,0,0,0,0,0,0,0,0,0,0,0,0,0,0,0,0,0,0,0,0,0,0,0,0,0,0,0,0,1,2,2,2,2,2,2,2,0,2,0,1,1,1,1,1,25396,4,4,2,0,0,0,2,0,2,1
12B213,6,40131,4,1,0,1,33,223,2,37,7,3,5,1,2,2,2,2,2,2,0,0,0,0,0,0,0,0,0,0,0,0,0,0,0,0,0,0,0,0,0,0,0,0,0,0,0,0,0,0,0,0,0,0,0,0,0,0,0,0,0,0,0,0,0,0,0,1,2,2,2,2,2,2,2,0,2,0,1,2,2,2,2,7798,4,4,2,0,0,0,2,0,2,2
12B213,6,40131,3,1,0,1,33,223,1,54,4,3,5,1,2,2,2,2,2,2,0,0,0,0,0,0,0,0,0,0,0,0,0,0,0,0,0,0,0,0,0,0,0,0,0,0,0,0,0,0,0,0,0,0,0,0,0,0,0,0,0,0,0,0,0,0,0,1,2,2,2,2,1,1,1,2,1,4,1,1,1,1,1,19516,4,4,2,0,0,0,2,0,2,1
11A207,6,40136,2,1,0,4,33,223,1,20,4,2,5,1,2,2,2,2,2,2,0,0,0,0,0,0,0,0,0,0,0,0,0,0,0,0,0,0,0,0,0,0,0,0,0,0,0,0,0,0,0,0,0,0,0,0,0,0,0,0,0,0,0,0,0,0,0,1,2,2,2,2,2,2,2,0,2,0,1,2,2,2,2,53584,4,4,2,0,0,0,2,0,2,1
11A207,6,40136,1,1,0,1,33,223,2,20,7,2,7,1,2,2,2,2,2,2,0,0,0,0,0,0,0,0,0,0,0,0,0,0,0,0,0,0,0,0,0,0,0,0,0,0,0,0,0,0,0,0,0,0,0,0,0,0,0,0,0,0,0,0,0,0,0,3,2,2,2,2,2,1,1,2,1,1,1,2,1,1,1,11487,4,4,2,0,0,0,2,0,0,2
11A207,6,40136,4,1,0,1,33,223,2,76,2,2,1,1,2,2,2,2,2,2,0,0,0,0,0,0,0,0,0,0,0,0,0,0,0,0,0,0,0,0,0,0,0,0,0,0,0,0,0,0,0,0,0,0,0,0,0,0,0,0,0,0,0,0,0,0,0,3,2,2,2,2,2,2,2,0,2,0,2,0,0,0,0,30519,4,4,2,0,0,0,2,0,2,0
11A207,6,40136,3,1,0,1,33,223,2,40,7,2,4,1,1,2,2,2,2,1,0,0,0,0,0,0,0,0,0,0,0,0,0,0,0,0,0,0,0,0,0,0,0,0,0,0,0,0,0,0,0,0,0,0,0,0,0,0,0,0,0,90,2,0,2,3,2,0,2,2,2,2,2,2,2,0,2,0,2,0,0,0,0,8684,1,3,1,0,0,0,2,0,1,2
11B214,6,40164,4,1,0,1,33,223,2,45,7,2,1,1,2,2,2,2,2,2,0,0,0,0,0,0,0,0,0,0,0,0,0,0,0,0,0,0,0,0,0,0,0,0,0,0,0,0,0,0,0,0,0,0,0,0,0,0,0,0,0,0,0,0,0,0,0,2,2,2,2,2,2,2,2,0,3,0,1,2,2,2,2,19137,4,4,2,0,0,0,2,0,2,2
11B214,6,40164,3,1,0,2,33,223,2,35,3,3,5,1,1,1,2,2,2,1,1,4,2,2,2,1,2,2,2,0,2,1,1,0,0,0,0,0,0,0,0,0,0,0,0,0,0,0,0,0,0,0,0,0,0,0,0,0,0,0,0,40,2,0,3,3,2,0,1,2,2,2,2,1,1,2,1,1,1,1,1,1,1,18555,1,2,1,2,0,0,1,1,2,1
11B214,6,40164,2,1,0,1,33,223,1,43,2,6,1,1,2,2,2,2,2,2,0,0,0,0,0,0,0,0,0,0,0,0,0,0,0,0,0,0,0,0,0,0,0,0,0,0,0,0,0,0,0,0,0,0,0,0,0,0,0,0,0,0,0,0,0,0,0,1,2,2,2,2,2,2,2,0,2,0,1,2,2,2,2,23686,4,4,2,0,0,0,2,0,2,0
11B214,6,40164,1,1,0,2,33,223,2,43,3,2,1,2,0,0,0,0,0,0,0,0,0,0,0,0,0,0,0,0,0,0,0,0,0,0,0,0,0,0,0,0,0,0,0,0,0,0,0,0,0,0,0,0,0,0,0,0,0,0,0,0,0,0,0,0,0,0,0,0,0,0,0,0,0,0,0,0,0,0,0,0,0,9278,0,0,0,0,0,0,0,0,2,1
13B214,6,40199,4,1,0,1,33,223,1,27,7,3,1,1,2,2,2,2,2,1,0,0,0,0,0,0,0,0,0,0,0,0,0,0,0,0,0,0,0,0,0,0,0,0,0,0,0,0,0,0,0,0,0,0,0,0,0,0,0,0,0,60,2,0,4,3,2,0,2,2,2,2,2,1,2,0,1,1,1,1,1,1,1,11834,3,3,1,0,0,0,2,0,2,2
13B214,6,40199,3,1,0,1,33,223,2,37,7,4,1,1,1,1,2,2,1,1,2,1,2,1,2,2,2,2,3,1300,2,1,2,0,0,0,0,0,0,0,0,0,0,0,0,0,0,0,0,0,0,0,0,0,0,0,0,0,0,0,0,60,1,4,3,4,2,0,1,2,2,1,2,1,1,2,1,2,1,1,1,1,1,9578,1,2,1,2,0,0,1,2,2,2
13B214,6,40199,2,1,0,1,33,223,2,62,7,4,1,1,1,1,2,2,2,1,3,1,1,1,2,2,2,2,3,1800,2,1,1,0,0,0,0,0,0,0,0,0,0,0,0,0,0,0,0,0,0,0,0,0,0,0,0,0,0,0,0,90,2,0,4,3,2,0,2,2,2,1,2,1,1,1,1,1,1,1,1,1,2,8769,1,2,1,2,0,0,1,3,2,2
11A208,6,40204,4,1,0,1,33,223,2,49,2,2,4,1,2,2,2,2,2,2,0,0,0,0,0,0,0,0,0,0,0,0,0,0,0,0,0,0,0,0,0,0,0,0,0,0,0,0,0,0,0,0,0,0,0,0,0,0,0,0,0,0,0,0,0,0,0,3,2,2,2,2,2,2,2,0,2,0,2,0,0,0,0,13261,4,4,2,0,0,0,2,0,1,0
11A208,6,40204,2,1,0,1,33,223,1,65,2,6,8,1,2,2,2,2,2,2,0,0,0,0,0,0,0,0,0,0,0,0,0,0,0,0,0,0,0,0,0,0,0,0,0,0,0,0,0,0,0,0,0,0,0,0,0,0,0,0,0,0,0,0,0,0,0,5,2,2,2,2,3,3,3,0,2,0,1,1,2,2,3,15265,4,4,2,0,0,0,2,0,0,0
11A208,6,40204,1,1,1,1,33,223,1,45,2,6,1,1,2,2,2,2,2,2,0,0,0,0,0,0,0,0,0,0,0,0,0,0,0,0,0,0,0,0,0,0,0,0,0,0,0,0,0,0,0,0,0,0,0,0,0,0,0,0,0,0,0,0,0,0,0,3,1,2,2,2,2,2,2,0,2,0,1,2,1,1,1,16089,4,4,2,0,0,0,2,0,2,0
11A208,6,40204,3,1,1,1,33,223,2,27,7,2,7,1,1,2,1,2,2,1,0,0,0,0,0,0,0,0,0,0,0,0,0,2,4,2,2,2,1,2,2,2,1,2,3,100,2,1,1,0,0,0,0,0,0,0,0,0,0,0,0,30,2,0,2,2,2,0,1,2,2,2,2,2,2,0,2,0,1,2,1,2,2,6979,1,3,1,0,2,0,1,2,0,2
13B201,6,40302,2,1,0,2,33,223,2,69,4,3,8,1,2,2,2,2,2,2,0,0,0,0,0,0,0,0,0,0,0,0,0,0,0,0,0,0,0,0,0,0,0,0,0,0,0,0,0,0,0,0,0,0,0,0,0,0,0,0,0,0,0,0,0,0,0,5,2,2,2,2,2,1,1,1,1,3,1,1,1,1,1,27566,4,4,2,0,0,0,2,0,0,1
13B201,6,40302,4,1,1,2,33,223,2,60,7,4,8,1,2,2,2,2,2,2,0,0,0,0,0,0,0,0,0,0,0,0,0,0,0,0,0,0,0,0,0,0,0,0,0,0,0,0,0,0,0,0,0,0,0,0,0,0,0,0,0,0,0,0,0,0,0,2,2,2,2,2,2,2,2,0,1,1,1,1,1,3,3,21545,4,4,2,0,0,0,2,0,0,2
13B201,6,40302,1,1,0,2,33,223,2,52,7,4,7,1,1,1,2,2,2,2,3,4,2,2,2,1,1,2,2,0,2,1,1,0,0,0,0,0,0,0,0,0,0,0,0,0,0,0,0,0,0,0,0,0,0,0,0,0,0,0,0,120,2,0,2,4,1,0,1,1,1,1,1,1,1,2,1,4,1,1,1,1,1,48538,1,1,1,2,0,0,1,3,0,2
13B201,6,40302,3,1,0,1,33,223,1,68,9,4,8,1,1,1,2,1,2,1,3,4,2,2,2,1,1,2,3,3500,2,1,1,0,0,0,0,0,0,0,0,0,0,0,0,0,0,0,0,7,3,1,1,1,1,1,3,200,2,1,1,60,2,0,4,3,2,0,2,2,2,1,2,2,2,0,2,0,1,1,1,1,1,27937,1,2,1,2,0,2,1,10,0,2
12B215,6,40325,3,1,0,1,33,223,1,40,4,3,1,1,2,2,2,2,2,2,0,0,0,0,0,0,0,0,0,0,0,0,0,0,0,0,0,0,0,0,0,0,0,0,0,0,0,0,0,0,0,0,0,0,0,0,0,0,0,0,0,0,0,0,0,0,0,3,2,2,2,2,2,2,2,0,2,0,1,1,1,1,1,18210,4,4,2,0,0,0,2,0,2,1
12B215,6,40325,4,1,0,3,33,223,2,20,7,2,4,1,2,1,2,2,2,2,2,2,2,1,2,2,2,2,2,0,2,1,2,0,0,0,0,0,0,0,0,0,0,0,0,0,0,0,0,0,0,0,0,0,0,0,0,0,0,0,0,40,2,0,2,3,2,0,2,2,2,2,2,2,2,0,2,0,1,1,1,1,2,28308,3,1,1,2,0,0,1,2,1,2
12B215,6,40325,1,1,0,1,33,223,2,59,3,1,1,1,2,2,2,2,2,2,0,0,0,0,0,0,0,0,0,0,0,0,0,0,0,0,0,0,0,0,0,0,0,0,0,0,0,0,0,0,0,0,0,0,0,0,0,0,0,0,0,0,0,0,0,0,0,1,2,2,2,2,2,2,2,0,2,0,1,3,3,3,3,6531,4,4,2,0,0,0,2,0,2,1
11B215,6,40362,3,1,0,2,33,223,2,43,3,3,1,1,2,2,2,2,2,2,0,0,0,0,0,0,0,0,0,0,0,0,0,0,0,0,0,0,0,0,0,0,0,0,0,0,0,0,0,0,0,0,0,0,0,0,0,0,0,0,0,0,0,0,0,0,0,3,2,2,2,2,2,2,2,0,2,0,1,1,1,3,3,15554,4,4,2,0,0,0,2,0,2,1
11B215,6,40362,1,1,0,2,33,223,2,27,4,3,1,1,2,2,2,2,2,1,0,0,0,0,0,0,0,0,0,0,0,0,0,0,0,0,0,0,0,0,0,0,0,0,0,0,0,0,0,0,0,0,0,0,0,0,0,0,0,0,0,60,2,0,3,3,2,0,2,2,2,2,2,2,2,0,2,0,1,1,2,2,1,16885,3,3,1,0,0,0,2,0,2,1
11B215,6,40362,4,1,0,1,33,223,2,57,3,2,1,2,0,0,0,0,0,0,0,0,0,0,0,0,0,0,0,0,0,0,0,0,0,0,0,0,0,0,0,0,0,0,0,0,0,0,0,0,0,0,0,0,0,0,0,0,0,0,0,0,0,0,0,0,0,0,0,0,0,0,0,0,0,0,0,0,0,0,0,0,0,7120,0,0,0,0,0,0,0,0,2,1
11B215,6,40362,2,1,0,1,33,223,1,65,2,6,1,1,2,2,2,2,2,2,0,0,0,0,0,0,0,0,0,0,0,0,0,0,0,0,0,0,0,0,0,0,0,0,0,0,0,0,0,0,0,0,0,0,0,0,0,0,0,0,0,0,0,0,0,0,0,2,2,2,2,2,2,2,2,0,2,0,2,0,0,0,0,9233,4,4,2,0,0,0,2,0,2,0
11B201,6,40397,2,1,0,2,33,223,2,51,4,3,7,1,1,2,1,2,2,2,0,0,0,0,0,0,0,0,0,0,0,0,0,2,4,2,2,1,2,2,2,2,1,2,2,0,2,1,1,0,0,0,0,0,0,0,0,0,0,0,0,40,2,0,2,3,2,0,1,2,2,2,2,1,2,0,2,0,1,2,2,2,2,23185,1,3,1,0,2,0,1,2,0,1
11B201,6,40397,4,1,0,1,33,223,1,87,2,4,8,2,0,0,0,0,0,0,0,0,0,0,0,0,0,0,0,0,0,0,0,0,0,0,0,0,0,0,0,0,0,0,0,0,0,0,0,0,0,0,0,0,0,0,0,0,0,0,0,0,0,0,0,0,0,0,0,0,0,0,0,0,0,0,0,0,0,0,0,0,0,20017,0,0,0,0,0,0,0,0,0,0
11B201,6,40397,1,1,0,2,33,223,2,63,3,3,7,1,2,2,2,2,2,2,0,0,0,0,0,0,0,0,0,0,0,0,0,0,0,0,0,0,0,0,0,0,0,0,0,0,0,0,0,0,0,0,0,0,0,0,0,0,0,0,0,0,0,0,0,0,0,2,2,2,2,2,2,2,2,0,1,3,1,1,1,1,1,10291,4,4,2,0,0,0,2,0,0,1
11A207,7,40008,1,1,0,1,19,223,1,59,7,4,8,1,1,1,2,2,2,2,2,4,2,2,2,1,2,2,2,0,2,1,1,0,0,0,0,0,0,0,0,0,0,0,0,0,0,0,0,0,0,0,0,0,0,0,0,0,0,0,0,30,2,0,3,3,1,0,2,2,2,2,2,2,2,0,2,0,1,2,2,2,2,13672,1,1,1,2,0,0,1,2,0,2
11A207,7,40008,2,1,0,3,19,223,1,24,7,2,6,1,2,2,2,2,2,1,0,0,0,0,0,0,0,0,0,0,0,0,0,0,0,0,0,0,0,0,0,0,0,0,0,0,0,0,0,0,0,0,0,0,0,0,0,0,0,0,0,15,2,0,4,3,1,0,2,2,2,2,2,1,1,2,1,2,1,1,1,1,2,30765,3,3,1,0,0,0,2,0,1,2
11A207,7,40008,4,1,0,1,19,223,1,45,4,2,1,1,2,2,2,2,2,1,0,0,0,0,0,0,0,0,0,0,0,0,0,0,0,0,0,0,0,0,0,0,0,0,0,0,0,0,0,0,0,0,0,0,0,0,0,0,0,0,0,5,2,0,1,1,2,0,2,2,2,2,2,2,2,0,2,0,1,2,2,2,2,24955,3,3,1,0,0,0,2,0,2,1
11A207,7,40008,3,1,0,2,19,223,2,40,2,6,1,1,1,1,2,2,2,1,3,4,1,2,1,2,1,2,2,0,2,1,1,0,0,0,0,0,0,0,0,0,0,0,0,0,0,0,0,0,0,0,0,0,0,0,0,0,0,0,0,30,2,0,2,3,1,0,1,2,2,2,1,1,1,1,1,1,1,1,1,1,1,19944,1,2,1,2,0,0,1,3,2,0
13B216,7,40012,1,1,0,2,19,223,2,38,7,4,1,1,1,1,2,2,2,1,2,4,2,2,1,1,2,2,3,500,2,1,1,0,0,0,0,0,0,0,0,0,0,0,0,0,0,0,0,0,0,0,0,0,0,0,0,0,0,0,0,20,2,0,1,3,1,0,1,2,2,1,2,2,2,0,1,1,1,2,2,2,2,29024,1,2,1,2,0,0,1,2,2,2
13B216,7,40012,4,1,0,2,19,223,1,20,4,3,2,1,1,1,2,1,2,1,7,3,2,1,1,1,2,2,1,0,1,1,1,0,0,0,0,0,0,0,0,0,0,0,0,0,0,0,0,1,3,1,1,1,2,2,3,10,2,1,1,120,2,0,3,3,1,0,2,2,2,1,2,2,1,1,1,5,1,1,2,1,2,44773,1,2,1,3,0,2,1,8,1,1
13B216,7,40012,3,1,0,1,19,223,1,53,6,3,1,1,2,2,2,2,2,2,0,0,0,0,0,0,0,0,0,0,0,0,0,0,0,0,0,0,0,0,0,0,0,0,0,0,0,0,0,0,0,0,0,0,0,0,0,0,0,0,0,0,0,0,0,0,0,1,2,2,2,2,2,2,2,0,2,0,1,2,1,2,2,90794,4,4,2,0,0,0,2,0,2,1
13B216,7,40012,2,1,0,1,19,223,1,37,7,4,1,1,1,1,1,2,2,1,2,1,2,1,2,2,2,2,2,0,1,1,4,1,1,2,2,2,2,2,1,2,2,2,3,40,2,1,1,0,0,0,0,0,0,0,0,0,0,0,0,30,1,5,2,2,1,0,2,1,2,2,2,1,2,0,1,1,1,1,2,2,1,18525,1,2,1,3,2,0,1,3,2,2
11B202,7,40015,4,1,0,1,19,223,1,81,2,1,1,1,1,1,2,2,2,2,1,5,2,2,1,2,2,2,3,200,2,1,1,0,0,0,0,0,0,0,0,0,0,0,0,0,0,0,0,0,0,0,0,0,0,0,0,0,0,0,0,120,2,0,1,4,2,0,2,2,2,2,2,2,2,0,2,0,1,2,2,2,2,6609,1,1,1,2,0,0,1,1,2,0
11B202,7,40015,1,1,0,2,19,223,1,42,2,6,1,1,1,1,2,2,2,2,8,1,1,2,2,2,2,2,2,0,2,1,2,0,0,0,0,0,0,0,0,0,0,0,0,0,0,0,0,0,0,0,0,0,0,0,0,0,0,0,0,30,2,0,2,3,1,0,2,2,2,2,2,2,2,0,2,0,1,2,1,2,2,14214,1,1,1,2,0,0,1,8,2,0
11B202,7,40015,3,1,1,2,19,223,2,29,7,4,1,1,2,1,2,2,2,1,2,3,1,2,2,2,2,2,3,100,1,2,1,0,0,0,0,0,0,0,0,0,0,0,0,0,0,0,0,0,0,0,0,0,0,0,0,0,0,0,0,30,2,0,3,3,1,0,2,2,2,2,2,1,1,1,1,1,1,2,2,1,2,12088,3,2,1,1,0,0,1,2,2,2
11B202,7,40015,2,1,0,1,19,223,1,80,2,4,10,1,1,1,2,2,2,2,1,4,2,2,1,2,2,2,2,0,2,1,1,0,0,0,0,0,0,0,0,0,0,0,0,0,0,0,0,0,0,0,0,0,0,0,0,0,0,0,0,20,2,0,1,2,2,0,2,2,2,2,2,2,2,0,2,0,1,2,2,2,2,19829,1,1,1,2,0,0,1,1,0,0
11B216,7,40045,4,1,0,1,19,223,2,20,4,3,1,1,1,1,2,2,2,2,4,3,2,2,2,1,2,2,3,800,2,1,2,0,0,0,0,0,0,0,0,0,0,0,0,0,0,0,0,0,0,0,0,0,0,0,0,0,0,0,0,30,2,0,3,4,2,0,1,2,2,1,2,1,2,0,1,1,1,1,1,1,1,9018,1,1,1,2,0,0,1,4,2,1
11B216,7,40045,2,1,0,2,19,223,2,29,4,3,1,1,2,2,2,2,2,2,0,0,0,0,0,0,0,0,0,0,0,0,0,0,0,0,0,0,0,0,0,0,0,0,0,0,0,0,0,0,0,0,0,0,0,0,0,0,0,0,0,0,0,0,0,0,0,1,1,2,2,1,2,2,2,0,1,1,1,1,1,2,2,22202,4,4,2,0,0,0,2,0,2,1
11B216,7,40045,3,1,0,2,19,223,2,46,8,2,1,1,1,1,2,2,2,2,5,1,2,1,2,2,2,2,1,0,1,1,2,0,0,0,0,0,0,0,0,0,0,0,0,0,0,0,0,0,0,0,0,0,0,0,0,0,0,0,0,60,2,0,3,3,1,0,2,2,2,2,1,2,2,0,2,0,1,2,2,2,1,21094,1,1,1,3,0,0,1,5,2,2
11B216,7,40045,1,1,0,2,19,223,2,29,4,2,1,1,1,2,1,2,1,1,0,0,0,0,0,0,0,0,0,0,0,0,0,3,3,1,2,1,1,2,2,2,2,2,1,0,1,2,1,0,0,0,0,0,0,0,0,0,0,0,0,30,2,0,4,3,1,0,2,2,2,2,1,2,1,2,1,1,1,2,1,1,1,14802,1,3,1,0,1,0,1,3,2,1
12B213,7,40100,1,1,0,1,19,223,1,52,4,3,1,1,1,1,2,2,2,2,1,5,2,2,1,2,2,2,1,0,1,2,1,0,0,0,0,0,0,0,0,0,0,0,0,0,0,0,0,0,0,0,0,0,0,0,0,0,0,0,0,30,2,0,1,4,1,0,2,2,2,2,1,1,1,2,1,1,1,1,2,1,1,24946,1,1,1,1,0,0,1,1,2,1
12B213,7,40100,2,1,0,1,19,223,1,73,2,6,9,1,2,2,2,2,2,2,0,0,0,0,0,0,0,0,0,0,0,0,0,0,0,0,0,0,0,0,0,0,0,0,0,0,0,0,0,0,0,0,0,0,0,0,0,0,0,0,0,0,0,0,0,0,0,5,2,2,2,2,2,2,2,0,2,0,1,1,1,2,2,11835,4,4,2,0,0,0,2,0,0,0
12B213,7,40100,4,1,0,1,19,223,2,68,2,6,1,1,1,1,1,2,2,1,4,5,2,2,1,2,2,2,3,600,2,1,1,3,5,2,2,2,2,1,2,2,2,2,2,0,2,1,1,0,0,0,0,0,0,0,0,0,0,0,0,15,1,2,1,2,1,0,2,2,2,2,2,2,2,0,2,0,1,2,1,2,2,23355,1,2,1,2,2,0,1,7,2,0
12B213,7,40100,3,1,0,2,19,223,1,52,3,3,1,1,2,2,2,2,2,2,0,0,0,0,0,0,0,0,0,0,0,0,0,0,0,0,0,0,0,0,0,0,0,0,0,0,0,0,0,0,0,0,0,0,0,0,0,0,0,0,0,0,0,0,0,0,0,3,2,2,2,2,2,2,2,0,2,0,1,2,1,1,2,12474,4,4,2,0,0,0,2,0,2,1
11B202,7,40116,2,1,0,1,19,223,1,77,0,,1,1,1,1,2,2,2,2,1,4,2,2,1,2,2,2,2,0,2,1,1,0,0,0,0,0,0,0,0,0,0,0,0,0,0,0,0,0,0,0,0,0,0,0,0,0,0,0,0,180,2,0,2,3,2,0,2,2,2,2,2,2,2,0,2,0,2,0,0,0,0,10513,1,1,1,2,0,0,1,1,2,0
11B202,7,40116,3,1,0,1,19,223,1,51,7,5,4,1,1,1,1,2,2,1,2,1,1,1,2,2,2,2,1,0,1,1,1,1,3,2,2,2,2,2,2,1,2,2,1,0,1,2,1,0,0,0,0,0,0,0,0,0,0,0,0,20,2,0,2,4,1,0,1,1,2,1,2,2,2,0,1,1,1,1,1,1,1,22159,1,2,1,3,1,0,1,3,1,2
11B202,7,40116,4,1,0,1,19,223,1,60,2,6,1,1,2,2,2,1,2,2,0,0,0,0,0,0,0,0,0,0,0,0,0,0,0,0,0,0,0,0,0,0,0,0,0,0,0,0,0,1,4,2,2,2,2,1,2,0,2,1,2,5,2,0,1,3,2,0,2,2,2,2,2,1,1,1,1,1,1,1,1,1,1,9106,3,3,1,0,0,2,1,1,2,0
11B202,7,40116,1,1,0,1,19,223,1,32,4,3,1,1,1,1,1,2,2,1,3,1,1,2,2,2,2,2,1,0,1,2,1,1,4,2,1,2,2,2,2,2,2,2,2,0,2,1,1,0,0,0,0,0,0,0,0,0,0,0,0,30,2,0,2,4,1,0,2,2,2,2,2,1,1,1,1,1,1,1,1,1,1,21879,1,2,1,1,2,0,1,4,2,1
11B213,7,40131,1,1,0,3,19,223,1,24,4,3,1,1,2,2,2,2,2,1,0,0,0,0,0,0,0,0,0,0,0,0,0,0,0,0,0,0,0,0,0,0,0,0,0,0,0,0,0,0,0,0,0,0,0,0,0,0,0,0,0,15,1,3,2,2,2,0,2,2,2,2,2,2,2,0,2,0,1,1,1,2,2,43433,3,3,1,0,0,0,2,0,2,1
11B213,7,40131,4,1,0,1,19,223,2,78,2,5,1,1,1,2,2,2,2,2,0,0,0,0,0,0,0,0,0,0,0,0,0,0,0,0,0,0,0,0,0,0,0,0,0,0,0,0,0,0,0,0,0,0,0,0,0,0,0,0,0,0,0,0,0,0,0,5,2,2,2,2,2,1,1,1,1,1,1,2,1,1,1,10994,2,4,2,0,0,0,2,0,2,0
11B213,7,40131,2,1,0,1,19,223,1,83,2,6,10,1,2,2,2,2,2,2,0,0,0,0,0,0,0,0,0,0,0,0,0,0,0,0,0,0,0,0,0,0,0,0,0,0,0,0,0,0,0,0,0,0,0,0,0,0,0,0,0,0,0,0,0,0,0,5,2,2,2,2,2,2,2,0,2,0,1,2,2,2,2,11142,4,4,2,0,0,0,2,0,0,0
11B213,7,40131,3,1,0,2,19,223,2,30,4,3,1,1,1,1,2,2,2,1,3,3,2,1,1,2,2,2,3,1000,2,1,1,0,0,0,0,0,0,0,0,0,0,0,0,0,0,0,0,0,0,0,0,0,0,0,0,0,0,0,0,30,2,0,4,2,2,0,2,2,2,1,1,1,1,1,1,1,1,1,1,1,1,20376,1,2,1,2,0,0,1,3,2,1
12B214,7,40166,3,1,0,2,19,223,2,64,5,4,8,1,1,1,2,2,2,2,1,5,2,2,1,2,2,2,2,0,2,1,1,0,0,0,0,0,0,0,0,0,0,0,0,0,0,0,0,0,0,0,0,0,0,0,0,0,0,0,0,30,2,0,2,4,2,0,2,2,2,2,2,1,1,2,1,1,1,1,1,1,1,11568,1,1,1,2,0,0,1,1,0,1
12B214,7,40166,2,1,0,3,19,223,1,33,7,4,1,1,1,1,1,2,2,1,22,3,2,1,2,1,1,2,2,0,1,1,1,1,3,2,2,2,1,2,2,2,2,2,3,50,2,1,1,0,0,0,0,0,0,0,0,0,0,0,0,60,2,0,4,4,2,0,1,2,2,2,1,1,1,1,1,4,1,1,1,1,1,23414,1,2,1,3,2,0,1,23,2,2
12B214,7,40166,1,1,0,2,19,223,2,37,7,4,7,1,2,2,2,2,2,2,0,0,0,0,0,0,0,0,0,0,0,0,0,0,0,0,0,0,0,0,0,0,0,0,0,0,0,0,0,0,0,0,0,0,0,0,0,0,0,0,0,0,0,0,0,0,0,3,2,2,2,2,2,2,2,0,1,1,1,2,2,2,2,12634,4,4,2,0,0,0,2,0,0,2
12B214,7,40166,4,1,0,1,19,223,2,61,6,2,1,1,2,1,2,2,2,2,1,5,2,2,1,2,2,2,2,0,2,1,1,0,0,0,0,0,0,0,0,0,0,0,0,0,0,0,0,0,0,0,0,0,0,0,0,0,0,0,0,10,2,0,1,4,2,0,2,2,2,2,2,2,2,0,1,1,1,2,2,2,2,11568,3,1,1,2,0,0,1,1,2,1
12A208,7,40206,4,1,0,2,19,223,1,26,7,4,1,1,1,1,1,2,1,1,2,3,1,1,2,2,2,2,1,0,1,2,1,2,4,2,2,2,2,2,1,1,2,2,3,60,2,1,1,0,0,0,0,0,0,0,0,0,0,0,0,60,2,0,2,2,1,0,1,2,1,2,1,1,1,1,1,2,1,1,1,1,1,35092,1,2,1,1,2,0,1,4,2,2
12A208,7,40206,3,1,1,1,19,223,1,57,4,3,1,1,1,1,2,2,2,2,3,4,1,2,1,2,1,2,3,900,2,1,1,0,0,0,0,0,0,0,0,0,0,0,0,0,0,0,0,0,0,0,0,0,0,0,0,0,0,0,0,20,2,0,3,3,1,0,1,2,2,2,2,2,2,0,1,1,1,2,2,2,2,21906,1,1,1,2,0,0,1,3,2,1
12A208,7,40206,1,1,0,1,19,223,2,65,0,,1,2,0,0,0,0,0,0,0,0,0,0,0,0,0,0,0,0,0,0,0,0,0,0,0,0,0,0,0,0,0,0,0,0,0,0,0,0,0,0,0,0,0,0,0,0,0,0,0,0,0,0,0,0,0,0,0,0,0,0,0,0,0,0,0,0,0,0,0,0,0,24955,0,0,0,0,0,0,0,0,2,0
12A208,7,40206,2,1,0,1,19,223,2,57,9,2,1,1,1,1,1,2,2,1,4,1,2,1,2,1,1,2,3,1200,2,1,1,1,4,2,2,2,2,2,2,2,1,2,3,110,2,1,1,0,0,0,0,0,0,0,0,0,0,0,0,60,2,0,4,3,1,0,2,1,1,1,2,2,2,0,1,1,1,1,1,1,1,13003,1,2,1,2,2,0,1,5,2,2
11A208,7,40239,4,1,0,1,19,223,1,64,3,2,1,1,2,1,1,2,2,2,3,5,2,2,1,2,2,2,3,100,2,1,1,3,5,2,2,2,2,1,2,2,2,2,2,0,2,1,1,0,0,0,0,0,0,0,0,0,0,0,0,30,2,0,1,2,1,0,2,2,2,2,2,2,2,0,2,0,1,2,1,1,2,18365,3,2,1,2,2,0,1,6,2,1
11A208,7,40239,3,1,0,1,19,223,1,35,3,3,1,1,2,2,2,2,2,2,0,0,0,0,0,0,0,0,0,0,0,0,0,0,0,0,0,0,0,0,0,0,0,0,0,0,0,0,0,0,0,0,0,0,0,0,0,0,0,0,0,0,0,0,0,0,0,1,2,2,2,2,2,2,2,0,1,1,1,1,2,1,2,68390,4,4,2,0,0,0,2,0,2,1
11A208,7,40239,2,1,0,3,19,223,1,29,4,1,1,1,1,2,1,1,2,2,0,0,0,0,0,0,0,0,0,0,0,0,0,1,4,2,2,2,2,2,2,2,1,2,2,0,2,1,2,2,4,2,1,2,2,1,2,0,2,1,2,15,2,0,2,2,2,0,2,2,2,2,1,2,1,2,1,1,1,1,1,1,1,88257,1,3,1,0,2,2,1,3,2,1
11A208,7,40239,1,1,0,3,19,223,2,21,4,3,6,1,1,1,1,2,2,1,2,2,2,1,2,2,2,2,3,300,2,1,1,2,4,2,2,2,2,2,2,2,1,2,2,0,2,1,2,0,0,0,0,0,0,0,0,0,0,0,0,30,2,0,3,3,1,0,2,2,2,2,2,1,1,2,1,1,1,2,1,1,1,47249,1,2,1,2,2,0,1,4,1,1
11B215,7,40324,3,1,0,1,19,223,1,33,4,3,1,1,2,2,2,2,2,2,0,0,0,0,0,0,0,0,0,0,0,0,0,0,0,0,0,0,0,0,0,0,0,0,0,0,0,0,0,0,0,0,0,0,0,0,0,0,0,0,0,0,0,0,0,0,0,1,2,2,2,2,2,2,2,0,2,0,1,2,2,2,2,29137,4,4,2,0,0,0,2,0,2,1
11B215,7,40324,2,1,0,1,19,223,1,38,7,4,1,1,1,1,2,2,2,1,1,3,2,2,2,1,2,2,3,200,2,1,1,0,0,0,0,0,0,0,0,0,0,0,0,0,0,0,0,0,0,0,0,0,0,0,0,0,0,0,0,30,2,0,4,4,1,0,1,2,2,2,2,2,2,0,2,0,1,1,1,1,1,15052,1,2,1,2,0,0,1,1,2,2
11B201,7,40367,3,1,0,2,19,223,2,47,6,4,7,1,1,1,2,2,2,2,3,4,1,1,1,2,2,2,3,300,2,1,1,0,0,0,0,0,0,0,0,0,0,0,0,0,0,0,0,0,0,0,0,0,0,0,0,0,0,0,0,20,2,0,1,3,1,0,2,1,2,2,2,2,2,0,2,0,1,1,1,1,1,27028,1,1,1,2,0,0,1,3,0,1
11B201,7,40367,4,1,0,1,19,223,1,51,2,4,1,1,1,1,1,2,2,2,2,1,1,2,2,2,2,2,3,800,2,1,2,2,1,1,2,2,2,2,2,2,2,2,2,0,2,1,2,0,0,0,0,0,0,0,0,0,0,0,0,20,2,0,1,2,1,0,1,2,2,2,2,2,2,0,2,0,1,1,1,1,1,43722,1,2,1,2,2,0,1,4,2,0
11B201,7,40367,1,1,0,2,19,223,2,48,4,3,1,1,1,1,2,2,2,1,6,1,2,2,1,1,2,2,1,0,1,1,1,0,0,0,0,0,0,0,0,0,0,0,0,0,0,0,0,0,0,0,0,0,0,0,0,0,0,0,0,20,2,0,2,3,2,0,1,1,2,1,1,1,1,2,1,5,1,2,2,2,1,18019,1,2,1,3,0,0,1,6,2,1
11B201,7,40367,2,1,0,1,19,223,2,66,2,4,7,1,2,2,2,2,2,2,0,0,0,0,0,0,0,0,0,0,0,0,0,0,0,0,0,0,0,0,0,0,0,0,0,0,0,0,0,0,0,0,0,0,0,0,0,0,0,0,0,0,0,0,0,0,0,3,2,2,2,2,2,2,2,0,1,1,1,1,2,2,2,30700,4,4,2,0,0,0,2,0,0,0
13A207,8,40009,3,1,1,1,9,223,2,45,0,,1,1,1,1,2,2,2,2,1,5,2,2,1,2,2,2,2,0,2,1,1,0,0,0,0,0,0,0,0,0,0,0,0,0,0,0,0,0,0,0,0,0,0,0,0,0,0,0,0,20,2,0,1,1,2,0,2,2,2,2,2,2,2,0,2,0,2,0,0,0,0,20427,1,1,1,2,0,0,1,1,2,0
13A207,8,40009,2,1,0,2,9,223,2,79,5,4,8,1,2,2,2,2,2,2,0,0,0,0,0,0,0,0,0,0,0,0,0,0,0,0,0,0,0,0,0,0,0,0,0,0,0,0,0,0,0,0,0,0,0,0,0,0,0,0,0,0,0,0,0,0,0,5,2,2,2,2,2,3,2,0,3,0,1,2,3,2,2,23202,4,4,2,0,0,0,2,0,0,1
12B213,8,40071,4,1,0,1,9,223,2,50,3,3,1,1,2,2,2,2,2,2,0,0,0,0,0,0,0,0,0,0,0,0,0,0,0,0,0,0,0,0,0,0,0,0,0,0,0,0,0,0,0,0,0,0,0,0,0,0,0,0,0,0,0,0,0,0,0,1,2,2,2,2,2,2,2,0,2,0,1,2,2,2,2,7170,4,4,2,0,0,0,2,0,2,1
12B213,8,40071,3,1,0,1,9,223,1,40,6,4,1,1,2,2,2,2,2,2,0,0,0,0,0,0,0,0,0,0,0,0,0,0,0,0,0,0,0,0,0,0,0,0,0,0,0,0,0,0,0,0,0,0,0,0,0,0,0,0,0,0,0,0,0,0,0,1,2,2,2,2,1,1,1,1,1,2,1,1,1,1,1,8874,4,4,2,0,0,0,2,0,2,1
12B213,8,40071,2,1,1,2,9,223,1,33,7,6,1,1,2,2,2,2,2,2,0,0,0,0,0,0,0,0,0,0,0,0,0,0,0,0,0,0,0,0,0,0,0,0,0,0,0,0,0,0,0,0,0,0,0,0,0,0,0,0,0,0,0,0,0,0,0,2,2,2,2,2,2,1,2,0,1,1,1,1,1,2,2,17178,4,4,2,0,0,0,2,0,2,2
12B213,8,40071,1,1,1,2,9,223,2,54,3,3,1,1,2,2,2,2,2,2,0,0,0,0,0,0,0,0,0,0,0,0,0,0,0,0,0,0,0,0,0,0,0,0,0,0,0,0,0,0,0,0,0,0,0,0,0,0,0,0,0,0,0,0,0,0,0,1,2,2,2,2,2,2,2,0,2,0,1,2,1,1,2,21509,4,4,2,0,0,0,2,0,2,1
12B216,8,40078,3,1,0,3,9,223,1,18,6,3,1,1,2,2,2,2,2,2,0,0,0,0,0,0,0,0,0,0,0,0,0,0,0,0,0,0,0,0,0,0,0,0,0,0,0,0,0,0,0,0,0,0,0,0,0,0,0,0,0,0,0,0,0,0,0,3,2,2,2,1,2,2,2,0,1,4,1,1,1,1,1,43557,4,4,2,0,0,0,2,0,2,1
12B216,8,40078,4,1,0,3,9,223,1,20,7,1,6,1,2,2,2,2,2,2,0,0,0,0,0,0,0,0,0,0,0,0,0,0,0,0,0,0,0,0,0,0,0,0,0,0,0,0,0,0,0,0,0,0,0,0,0,0,0,0,0,0,0,0,0,0,0,1,1,2,1,2,2,1,1,1,2,0,1,2,2,1,2,32667,4,4,2,0,0,0,2,0,1,2
12B216,8,40078,2,1,0,1,9,223,2,31,7,1,7,1,1,1,2,2,2,2,1,4,2,2,1,2,2,2,1,0,1,2,1,0,0,0,0,0,0,0,0,0,0,0,0,0,0,0,0,0,0,0,0,0,0,0,0,0,0,0,0,60,2,0,4,3,2,0,2,2,2,2,2,1,2,0,2,0,1,1,1,1,2,7662,1,1,1,1,0,0,1,1,0,2
12B202,8,40083,1,1,0,2,9,223,2,26,3,3,3,1,1,2,2,2,2,2,0,0,0,0,0,0,0,0,0,0,0,0,0,0,0,0,0,0,0,0,0,0,0,0,0,0,0,0,0,0,0,0,0,0,0,0,0,0,0,0,0,0,0,0,0,0,0,1,2,2,2,2,3,3,3,0,3,0,1,2,2,2,2,22806,2,4,2,0,0,0,2,0,2,1
12B202,8,40083,4,1,0,1,9,223,2,42,7,3,1,1,1,1,2,2,2,2,3,4,2,2,1,2,2,2,1,0,1,2,1,0,0,0,0,0,0,0,0,0,0,0,0,0,0,0,0,0,0,0,0,0,0,0,0,0,0,0,0,30,2,0,4,4,1,0,2,2,2,2,2,2,2,0,2,0,1,3,1,1,1,21008,1,1,1,1,0,0,1,3,2,2
12B202,8,40083,3,1,0,1,9,223,2,42,8,2,1,1,1,1,1,1,1,2,3,4,2,2,2,1,2,2,2,0,2,1,1,2,4,2,1,2,2,2,2,2,2,2,2,0,2,1,1,1,4,1,1,1,1,1,2,0,2,1,1,20,2,0,3,3,2,0,2,2,2,2,2,1,1,1,1,5,1,2,2,2,2,31512,1,2,1,2,2,2,1,6,2,2
12B202,8,40083,2,1,0,1,9,223,1,35,4,3,1,1,2,2,2,2,2,2,0,0,0,0,0,0,0,0,0,0,0,0,0,0,0,0,0,0,0,0,0,0,0,0,0,0,0,0,0,0,0,0,0,0,0,0,0,0,0,0,0,0,0,0,0,0,0,1,2,2,2,2,2,2,2,0,2,0,1,2,2,2,2,26818,4,4,2,0,0,0,2,0,2,1
12A207,8,40105,2,1,0,1,9,223,2,84,2,4,7,1,2,2,2,2,2,2,0,0,0,0,0,0,0,0,0,0,0,0,0,0,0,0,0,0,0,0,0,0,0,0,0,0,0,0,0,0,0,0,0,0,0,0,0,0,0,0,0,0,0,0,0,0,0,5,2,2,2,2,3,2,3,0,2,0,1,2,2,2,2,16675,4,4,2,0,0,0,2,0,0,0
12A207,8,40105,1,1,0,2,9,223,2,70,3,3,7,1,1,1,2,1,2,2,3,4,2,2,1,2,2,2,2,0,2,1,1,0,0,0,0,0,0,0,0,0,0,0,0,0,0,0,0,7,4,1,1,1,1,1,2,0,2,1,1,30,2,0,3,4,2,0,2,2,2,2,2,2,2,0,1,1,1,3,1,1,3,16675,1,2,1,2,0,2,1,10,0,1
12A207,8,40105,4,1,0,1,9,223,1,68,2,6,8,1,2,2,2,2,2,2,0,0,0,0,0,0,0,0,0,0,0,0,0,0,0,0,0,0,0,0,0,0,0,0,0,0,0,0,0,0,0,0,0,0,0,0,0,0,0,0,0,0,0,0,0,0,0,1,2,2,2,2,2,2,2,0,2,0,1,1,1,1,1,25348,4,4,2,0,0,0,2,0,0,0
12A207,8,40105,3,1,0,2,9,223,2,46,7,5,1,1,2,2,2,2,2,2,0,0,0,0,0,0,0,0,0,0,0,0,0,0,0,0,0,0,0,0,0,0,0,0,0,0,0,0,0,0,0,0,0,0,0,0,0,0,0,0,0,0,0,0,0,0,0,3,2,2,2,2,2,2,1,2,1,2,1,2,1,2,1,14680,4,4,2,0,0,0,2,0,2,2
13B214,8,40196,2,1,0,2,9,223,1,25,7,4,1,1,2,2,2,2,2,2,0,0,0,0,0,0,0,0,0,0,0,0,0,0,0,0,0,0,0,0,0,0,0,0,0,0,0,0,0,0,0,0,0,0,0,0,0,0,0,0,0,0,0,0,0,0,0,3,2,2,2,2,1,1,1,2,1,1,1,1,1,1,1,22806,4,4,2,0,0,0,2,0,2,2
13B214,8,40196,1,1,0,3,9,223,1,23,7,5,6,1,1,1,2,2,2,2,4,2,2,1,2,2,2,2,3,5000,2,1,1,0,0,0,0,0,0,0,0,0,0,0,0,0,0,0,0,0,0,0,0,0,0,0,0,0,0,0,0,42,2,0,4,4,1,0,1,2,1,1,2,1,1,1,1,1,1,1,1,1,1,56950,1,1,1,2,0,0,1,4,1,2
13B214,8,40196,3,1,0,3,9,223,1,20,7,3,6,1,1,1,2,2,1,1,6,4,2,2,2,1,2,2,2,0,2,1,1,0,0,0,0,0,0,0,0,0,0,0,0,0,0,0,0,0,0,0,0,0,0,0,0,0,0,0,0,60,2,0,2,3,2,0,2,2,1,1,2,1,1,1,1,2,1,1,2,1,2,42713,1,2,1,2,0,0,1,6,1,2
13B214,8,40196,4,1,0,2,9,223,1,57,7,5,8,1,2,2,2,2,2,2,0,0,0,0,0,0,0,0,0,0,0,0,0,0,0,0,0,0,0,0,0,0,0,0,0,0,0,0,0,0,0,0,0,0,0,0,0,0,0,0,0,0,0,0,0,0,0,1,2,2,2,2,1,1,2,0,1,1,1,1,1,1,1,18982,4,4,2,0,0,0,2,0,0,2
12A208,8,40237,1,1,0,3,9,223,2,32,4,3,7,1,1,2,2,2,1,1,0,0,0,0,0,0,0,0,0,0,0,0,0,0,0,0,0,0,0,0,0,0,0,0,0,0,0,0,0,0,0,0,0,0,0,0,0,0,0,0,0,20,2,0,3,4,1,0,2,2,2,2,1,1,2,0,1,1,1,1,1,1,1,21040,1,3,1,0,0,0,2,0,0,1
12A208,8,40237,4,1,0,2,9,223,2,75,2,6,8,1,2,2,2,2,2,2,0,0,0,0,0,0,0,0,0,0,0,0,0,0,0,0,0,0,0,0,0,0,0,0,0,0,0,0,0,0,0,0,0,0,0,0,0,0,0,0,0,0,0,0,0,0,0,5,2,2,2,2,2,2,2,0,2,0,1,2,2,2,2,15137,4,4,2,0,0,0,2,0,0,0
12B214,8,40261,1,1,0,1,9,223,1,49,7,5,1,1,2,2,2,2,2,2,0,0,0,0,0,0,0,0,0,0,0,0,0,0,0,0,0,0,0,0,0,0,0,0,0,0,0,0,0,0,0,0,0,0,0,0,0,0,0,0,0,0,0,0,0,0,0,1,2,2,2,2,2,1,2,0,2,0,1,2,1,1,1,18569,4,4,2,0,0,0,2,0,2,2
12B214,8,40261,3,1,0,1,9,223,1,52,7,4,1,1,1,1,1,1,2,2,15,3,2,1,2,2,2,2,3,4000,2,1,1,5,3,2,1,2,2,2,2,2,2,2,3,400,2,1,1,1,3,1,1,1,2,2,3,10,2,1,1,20,1,6,2,4,1,0,1,2,2,1,1,1,1,2,1,5,1,1,1,1,1,18569,1,2,1,2,2,2,1,21,2,2
12B214,8,40261,2,1,0,2,9,223,2,19,7,1,6,1,1,1,2,2,2,1,3,2,2,1,2,2,2,2,2,0,1,2,1,0,0,0,0,0,0,0,0,0,0,0,0,0,0,0,0,0,0,0,0,0,0,0,0,0,0,0,0,60,2,0,2,3,2,0,1,2,2,2,2,2,2,0,1,1,1,1,1,1,1,19631,1,2,1,1,0,0,1,3,1,2
12B214,8,40261,4,1,0,2,9,223,2,47,7,5,1,1,2,2,2,2,2,2,0,0,0,0,0,0,0,0,0,0,0,0,0,0,0,0,0,0,0,0,0,0,0,0,0,0,0,0,0,0,0,0,0,0,0,0,0,0,0,0,0,0,0,0,0,0,0,3,2,2,2,2,2,1,1,1,1,5,1,1,2,3,2,15305,4,4,2,0,0,0,2,0,2,2
11B215,8,40362,4,1,0,1,9,223,2,64,3,3,8,1,2,2,2,2,2,2,0,0,0,0,0,0,0,0,0,0,0,0,0,0,0,0,0,0,0,0,0,0,0,0,0,0,0,0,0,0,0,0,0,0,0,0,0,0,0,0,0,0,0,0,0,0,0,1,2,2,2,2,2,1,2,0,2,0,1,2,2,2,2,8313,4,4,2,0,0,0,2,0,0,1
11B215,8,40362,1,1,0,1,9,223,1,50,3,3,1,1,2,2,2,2,2,2,0,0,0,0,0,0,0,0,0,0,0,0,0,0,0,0,0,0,0,0,0,0,0,0,0,0,0,0,0,0,0,0,0,0,0,0,0,0,0,0,0,0,0,0,0,0,0,1,2,2,2,2,2,2,2,0,2,0,1,2,2,2,2,68169,4,4,2,0,0,0,2,0,2,1
11B215,8,40362,3,1,0,3,9,223,2,19,4,3,1,1,1,1,2,2,1,2,2,4,2,2,2,1,2,2,3,250,2,1,1,0,0,0,0,0,0,0,0,0,0,0,0,0,0,0,0,0,0,0,0,0,0,0,0,0,0,0,0,30,2,0,2,3,2,0,1,1,2,1,2,2,2,0,3,0,1,1,1,1,1,36036,1,2,1,2,0,0,1,2,2,1
13B201,8,40365,2,1,0,1,9,223,1,45,9,1,1,1,1,1,2,1,2,1,2,4,2,2,2,1,2,2,1,0,1,2,1,0,0,0,0,0,0,0,0,0,0,0,0,0,0,0,0,50,1,1,2,2,2,2,1,0,1,2,1,120,2,0,4,4,1,0,1,1,1,1,1,1,2,0,1,5,1,1,1,1,1,26127,1,2,1,1,0,1,1,52,2,2
13B201,8,40365,4,1,0,2,9,223,2,60,7,4,1,1,1,1,2,2,2,2,4,4,2,2,2,1,2,2,3,1500,2,1,1,0,0,0,0,0,0,0,0,0,0,0,0,0,0,0,0,0,0,0,0,0,0,0,0,0,0,0,0,30,2,0,4,4,2,0,2,2,2,1,2,1,1,2,1,3,1,1,1,1,1,38233,1,1,1,2,0,0,1,4,2,2
13B201,8,40365,1,1,0,1,9,223,2,76,8,2,1,1,1,1,2,2,2,2,3,4,2,2,1,2,2,2,3,3000,2,1,1,0,0,0,0,0,0,0,0,0,0,0,0,0,0,0,0,0,0,0,0,0,0,0,0,0,0,0,0,30,2,0,2,3,2,0,1,2,2,1,2,1,2,0,1,2,1,3,1,1,2,24460,1,1,1,2,0,0,1,3,2,2
13B201,8,40365,3,1,0,1,9,223,1,56,7,4,1,1,1,1,2,2,2,2,2,4,2,2,2,1,2,2,3,400,2,1,1,0,0,0,0,0,0,0,0,0,0,0,0,0,0,0,0,0,0,0,0,0,0,0,0,0,0,0,0,40,2,0,2,4,2,0,1,1,2,1,1,1,1,2,1,2,1,1,1,1,1,21472,1,1,1,2,0,0,1,2,2,2
12B215,8,40390,2,1,0,2,9,223,1,31,3,3,1,1,2,2,2,2,2,2,0,0,0,0,0,0,0,0,0,0,0,0,0,0,0,0,0,0,0,0,0,0,0,0,0,0,0,0,0,0,0,0,0,0,0,0,0,0,0,0,0,0,0,0,0,0,0,1,2,2,2,2,2,2,2,0,1,1,1,1,1,1,1,35162,4,4,2,0,0,0,2,0,2,1
12B215,8,40390,1,1,0,3,9,223,1,23,7,4,1,1,1,2,1,2,1,1,0,0,0,0,0,0,0,0,0,0,0,0,0,4,4,2,2,2,1,2,2,2,2,2,1,0,1,2,1,0,0,0,0,0,0,0,0,0,0,0,0,20,2,0,4,3,1,0,1,2,2,1,2,2,1,2,1,1,1,1,2,1,1,43903,1,3,1,0,1,0,1,4,2,2
12B215,8,40390,4,1,0,1,9,223,2,61,3,3,1,1,1,1,2,2,2,2,1,4,2,2,1,2,2,2,2,0,2,1,1,0,0,0,0,0,0,0,0,0,0,0,0,0,0,0,0,0,0,0,0,0,0,0,0,0,0,0,0,20,2,0,1,2,2,0,2,2,2,2,2,2,2,0,2,0,1,1,2,2,2,13029,1,1,1,2,0,0,1,1,2,1
11B201,8,40399,1,1,0,2,9,223,2,30,7,4,7,1,1,2,2,1,2,2,0,0,0,0,0,0,0,0,0,0,0,0,0,0,0,0,0,0,0,0,0,0,0,0,0,0,0,0,0,7,4,2,1,1,1,1,1,0,1,2,1,20,2,0,3,3,2,0,2,2,2,2,1,2,1,2,1,2,1,1,1,1,1,15995,1,3,1,0,0,1,1,7,0,2
11B201,8,40399,4,1,0,2,9,223,2,41,4,3,1,1,2,2,2,2,2,2,0,0,0,0,0,0,0,0,0,0,0,0,0,0,0,0,0,0,0,0,0,0,0,0,0,0,0,0,0,0,0,0,0,0,0,0,0,0,0,0,0,0,0,0,0,0,0,2,2,2,2,2,2,2,2,0,2,0,1,2,2,2,2,22101,4,4,2,0,0,0,2,0,2,1
11B201,8,40399,2,1,0,1,9,223,1,66,3,3,1,1,1,1,2,2,2,2,1,4,2,1,2,2,2,2,3,20,2,1,1,0,0,0,0,0,0,0,0,0,0,0,0,0,0,0,0,0,0,0,0,0,0,0,0,0,0,0,0,60,2,0,1,1,2,0,2,1,2,2,2,2,2,0,2,0,1,2,2,1,2,17493,1,1,1,2,0,0,1,1,2,1
11B201,8,40399,3,1,0,1,9,223,2,54,2,6,7,1,1,1,2,2,2,2,1,4,2,2,1,2,2,2,2,0,2,1,1,0,0,0,0,0,0,0,0,0,0,0,0,0,0,0,0,0,0,0,0,0,0,0,0,0,0,0,0,20,2,0,1,3,2,0,2,2,2,2,2,1,1,2,2,0,1,2,1,1,2,15196,1,1,1,2,0,0,1,1,0,0
11B213,9,40003,2,1,0,1,1,223,2,63,7,5,1,1,2,2,2,2,2,2,0,0,0,0,0,0,0,0,0,0,0,0,0,0,0,0,0,0,0,0,0,0,0,0,0,0,0,0,0,0,0,0,0,0,0,0,0,0,0,0,0,0,0,0,0,0,0,3,2,2,2,2,2,2,2,0,1,1,1,1,3,1,1,15230,4,4,2,0,0,0,2,0,2,2
11B213,9,40003,4,1,0,1,1,223,2,69,3,3,7,1,2,2,2,2,2,2,0,0,0,0,0,0,0,0,0,0,0,0,0,0,0,0,0,0,0,0,0,0,0,0,0,0,0,0,0,0,0,0,0,0,0,0,0,0,0,0,0,0,0,0,0,0,0,5,2,2,2,2,2,2,2,0,1,1,1,1,1,1,1,12991,4,4,2,0,0,0,2,0,0,1
11B216,9,40015,4,1,0,1,1,223,1,40,3,3,1,1,2,2,2,2,2,2,0,0,0,0,0,0,0,0,0,0,0,0,0,0,0,0,0,0,0,0,0,0,0,0,0,0,0,0,0,0,0,0,0,0,0,0,0,0,0,0,0,0,0,0,0,0,0,3,2,2,2,2,2,2,2,0,2,0,1,1,1,1,1,9707,4,4,2,0,0,0,2,0,2,1
11B216,9,40015,3,1,0,1,1,223,1,64,4,3,8,1,1,1,2,2,2,1,2,2,2,1,2,2,2,2,3,300,2,1,1,0,0,0,0,0,0,0,0,0,0,0,0,0,0,0,0,0,0,0,0,0,0,0,0,0,0,0,0,120,2,0,3,3,1,0,1,2,2,1,1,2,2,0,1,1,1,1,1,1,1,15638,1,2,1,2,0,0,1,2,0,1
11B216,9,40015,2,1,0,1,1,223,2,50,2,6,7,1,2,2,2,2,2,2,0,0,0,0,0,0,0,0,0,0,0,0,0,0,0,0,0,0,0,0,0,0,0,0,0,0,0,0,0,0,0,0,0,0,0,0,0,0,0,0,0,0,0,0,0,0,0,3,2,2,2,2,1,1,2,0,1,4,1,1,1,2,2,23526,4,4,2,0,0,0,2,0,0,0
12A207,9,40016,1,1,0,1,1,223,1,53,3,3,1,1,1,2,1,1,2,2,0,0,0,0,0,0,0,0,0,0,0,0,0,3,4,2,2,2,2,2,2,1,1,2,2,0,2,1,1,5,4,1,1,1,1,1,2,0,2,1,1,30,2,0,3,4,2,0,2,2,2,2,2,2,2,0,2,0,1,2,1,2,2,35002,1,3,1,0,2,2,1,8,2,1
12A207,9,40016,2,1,0,2,1,223,2,43,7,4,7,1,1,2,1,2,2,2,0,0,0,0,0,0,0,0,0,0,0,0,0,5,4,2,2,1,2,2,1,1,1,2,3,150,2,1,1,0,0,0,0,0,0,0,0,0,0,0,0,35,2,0,4,4,2,0,1,2,2,2,1,1,1,2,1,2,1,1,1,1,1,18649,1,3,1,0,2,0,1,5,0,2
12A207,9,40016,3,1,0,1,1,223,1,73,3,3,8,1,1,2,2,1,2,2,0,0,0,0,0,0,0,0,0,0,0,0,0,0,0,0,0,0,0,0,0,0,0,0,0,0,0,0,0,7,4,1,1,1,1,1,3,120,2,1,1,30,1,3,3,3,2,0,2,2,2,2,2,2,2,0,2,0,1,2,2,2,2,22140,1,3,1,0,0,2,1,7,0,1
13B202,9,40028,1,1,0,1,1,223,1,41,7,4,1,1,2,2,2,2,2,2,0,0,0,0,0,0,0,0,0,0,0,0,0,0,0,0,0,0,0,0,0,0,0,0,0,0,0,0,0,0,0,0,0,0,0,0,0,0,0,0,0,0,0,0,0,0,0,3,2,2,2,2,2,2,2,0,2,0,2,0,0,0,0,10977,4,4,2,0,0,0,2,0,2,2
13B202,9,40028,3,1,0,1,1,223,1,52,7,4,1,1,1,2,2,2,2,2,0,0,0,0,0,0,0,0,0,0,0,0,0,0,0,0,0,0,0,0,0,0,0,0,0,0,0,0,0,0,0,0,0,0,0,0,0,0,0,0,0,0,0,0,0,0,0,3,2,2,2,2,2,2,2,0,2,0,1,1,1,1,1,10760,2,4,2,0,0,0,2,0,2,2
13B202,9,40028,4,1,0,2,1,223,1,32,7,4,1,1,1,1,2,2,2,2,2,2,2,2,2,1,1,2,3,1000,2,1,1,0,0,0,0,0,0,0,0,0,0,0,0,0,0,0,0,0,0,0,0,0,0,0,0,0,0,0,0,60,1,6,2,3,1,0,2,2,2,2,2,2,2,0,1,3,1,1,1,1,1,31870,1,1,1,2,0,0,1,2,2,2
13B202,9,40028,2,1,0,2,1,223,1,34,7,4,1,1,1,2,2,2,2,2,0,0,0,0,0,0,0,0,0,0,0,0,0,0,0,0,0,0,0,0,0,0,0,0,0,0,0,0,0,0,0,0,0,0,0,0,0,0,0,0,0,0,0,0,0,0,0,3,2,2,2,2,2,2,2,0,2,0,1,1,1,1,1,31870,2,4,2,0,0,0,2,0,2,2
12B213,9,40059,1,1,0,1,1,223,1,40,7,4,1,1,2,2,2,2,2,2,0,0,0,0,0,0,0,0,0,0,0,0,0,0,0,0,0,0,0,0,0,0,0,0,0,0,0,0,0,0,0,0,0,0,0,0,0,0,0,0,0,0,0,0,0,0,0,3,2,2,2,2,1,1,1,2,1,5,1,1,1,1,1,17035,4,4,2,0,0,0,2,0,2,2
12B213,9,40059,2,1,0,2,1,223,2,59,3,3,7,1,2,2,2,2,2,2,0,0,0,0,0,0,0,0,0,0,0,0,0,0,0,0,0,0,0,0,0,0,0,0,0,0,0,0,0,0,0,0,0,0,0,0,0,0,0,0,0,0,0,0,0,0,0,1,2,2,2,2,2,2,2,0,2,0,1,2,2,2,2,30545,4,4,2,0,0,0,2,0,0,1
12B213,9,40059,3,1,0,2,1,223,2,63,4,3,7,1,2,2,2,2,2,2,0,0,0,0,0,0,0,0,0,0,0,0,0,0,0,0,0,0,0,0,0,0,0,0,0,0,0,0,0,0,0,0,0,0,0,0,0,0,0,0,0,0,0,0,0,0,0,2,2,2,2,2,2,2,2,0,2,0,1,3,3,3,3,24437,4,4,2,0,0,0,2,0,0,1
12B216,9,40061,4,1,0,1,1,223,1,33,3,3,1,1,2,2,2,1,2,2,0,0,0,0,0,0,0,0,0,0,0,0,0,0,0,0,0,0,0,0,0,0,0,0,0,0,0,0,0,5,4,1,1,1,1,1,3,70,2,1,2,20,2,0,3,2,2,0,2,2,2,2,1,1,2,0,1,4,1,1,1,1,1,9701,3,3,1,0,0,2,1,5,2,1
12B216,9,40061,3,1,0,1,1,223,2,49,7,2,1,1,2,2,2,2,2,2,0,0,0,0,0,0,0,0,0,0,0,0,0,0,0,0,0,0,0,0,0,0,0,0,0,0,0,0,0,0,0,0,0,0,0,0,0,0,0,0,0,0,0,0,0,0,0,3,2,2,2,2,1,1,2,0,1,4,1,1,1,1,1,8098,4,4,2,0,0,0,2,0,2,2
12B216,9,40061,2,1,0,1,1,223,1,43,4,3,1,1,1,1,2,1,2,2,2,3,2,2,2,1,1,2,2,0,2,1,1,0,0,0,0,0,0,0,0,0,0,0,0,0,0,0,0,5,3,1,1,1,1,1,3,70,2,1,1,25,2,0,4,3,2,0,1,1,2,2,1,1,2,0,1,4,1,1,1,1,1,10024,1,2,1,2,0,2,1,7,2,1
12A207,9,40065,2,1,0,2,1,223,1,31,4,1,1,1,2,2,2,1,2,2,0,0,0,0,0,0,0,0,0,0,0,0,0,0,0,0,0,0,0,0,0,0,0,0,0,0,0,0,0,1,4,1,1,1,1,1,2,0,2,1,2,20,2,0,2,2,2,0,2,2,2,2,1,2,2,0,2,0,1,1,1,1,1,19543,3,3,1,0,0,2,1,1,2,1
12A207,9,40065,1,1,0,3,1,223,2,31,7,4,1,1,1,1,2,1,2,2,4,3,2,2,2,1,1,2,2,0,2,1,1,0,0,0,0,0,0,0,0,0,0,0,0,0,0,0,0,1,3,1,2,1,1,1,2,0,2,1,4,60,2,0,2,3,2,0,2,2,2,2,1,1,1,1,1,3,1,1,1,1,1,34342,1,2,1,2,0,2,1,5,2,2
12A207,9,40065,4,1,0,2,1,223,2,61,7,5,7,1,2,2,2,2,2,2,0,0,0,0,0,0,0,0,0,0,0,0,0,0,0,0,0,0,0,0,0,0,0,0,0,0,0,0,0,0,0,0,0,0,0,0,0,0,0,0,0,0,0,0,0,0,0,3,2,2,2,2,2,2,2,0,2,0,1,1,1,1,1,21723,4,4,2,0,0,0,2,0,0,2
12A207,9,40065,3,1,0,2,1,223,1,49,7,5,1,1,2,2,2,2,2,2,0,0,0,0,0,0,0,0,0,0,0,0,0,0,0,0,0,0,0,0,0,0,0,0,0,0,0,0,0,0,0,0,0,0,0,0,0,0,0,0,0,0,0,0,0,0,0,3,2,2,2,2,1,2,2,0,1,2,1,1,1,1,1,29688,4,4,2,0,0,0,2,0,2,2
11A207,9,40067,4,1,0,1,1,223,1,41,8,1,1,1,2,2,2,2,2,1,0,0,0,0,0,0,0,0,0,0,0,0,0,0,0,0,0,0,0,0,0,0,0,0,0,0,0,0,0,0,0,0,0,0,0,0,0,0,0,0,0,30,2,0,2,2,2,0,2,2,2,2,2,2,2,0,2,0,1,1,1,1,1,8631,3,3,1,0,0,0,2,0,2,2
11A207,9,40067,2,1,0,2,1,223,2,37,7,4,7,1,1,2,2,2,2,1,0,0,0,0,0,0,0,0,0,0,0,0,0,0,0,0,0,0,0,0,0,0,0,0,0,0,0,0,0,0,0,0,0,0,0,0,0,0,0,0,0,15,1,7,2,3,1,0,2,2,2,2,1,2,2,0,2,0,1,1,1,1,1,13522,1,3,1,0,0,0,2,0,0,2
11A207,9,40067,3,1,0,2,1,223,2,37,4,3,7,1,1,2,1,2,2,1,0,0,0,0,0,0,0,0,0,0,0,0,0,1,4,2,2,2,2,2,2,2,1,2,2,0,2,1,1,0,0,0,0,0,0,0,0,0,0,0,0,30,2,0,2,2,1,0,2,2,2,2,2,2,2,0,2,0,1,1,1,1,1,13522,1,3,1,0,2,0,1,1,0,1
11A207,9,40067,1,1,1,2,1,223,2,32,4,3,7,1,2,2,2,2,2,1,0,0,0,0,0,0,0,0,0,0,0,0,0,0,0,0,0,0,0,0,0,0,0,0,0,0,0,0,0,0,0,0,0,0,0,0,0,0,0,0,0,30,2,0,2,2,1,0,2,2,2,2,1,2,2,0,2,0,1,1,1,1,1,14678,3,3,1,0,0,0,2,0,0,1
11B202,9,40074,3,1,0,3,1,223,2,74,2,6,7,1,2,2,2,2,2,2,0,0,0,0,0,0,0,0,0,0,0,0,0,0,0,0,0,0,0,0,0,0,0,0,0,0,0,0,0,0,0,0,0,0,0,0,0,0,0,0,0,0,0,0,0,0,0,6,2,2,2,2,2,2,2,0,2,0,1,1,1,2,2,29263,4,4,2,0,0,0,2,0,0,0
11B202,9,40074,1,1,0,4,1,223,1,20,4,3,6,1,1,1,2,2,2,1,2,2,2,1,2,2,2,2,3,500,2,1,1,0,0,0,0,0,0,0,0,0,0,0,0,0,0,0,0,0,0,0,0,0,0,0,0,0,0,0,0,60,2,0,2,3,1,0,1,2,1,2,1,1,2,0,1,1,1,1,1,1,1,51380,1,2,1,2,0,0,1,2,1,1
11B202,9,40074,4,1,0,2,1,223,2,45,4,3,7,1,2,2,2,2,2,1,0,0,0,0,0,0,0,0,0,0,0,0,0,0,0,0,0,0,0,0,0,0,0,0,0,0,0,0,0,0,0,0,0,0,0,0,0,0,0,0,0,20,2,0,2,2,2,0,2,2,2,2,1,2,2,0,2,0,1,1,1,1,1,25763,3,3,1,0,0,0,2,0,0,1
11B202,9,40074,2,1,0,2,1,223,2,47,3,3,7,1,2,2,2,2,2,2,0,0,0,0,0,0,0,0,0,0,0,0,0,0,0,0,0,0,0,0,0,0,0,0,0,0,0,0,0,0,0,0,0,0,0,0,0,0,0,0,0,0,0,0,0,0,0,3,2,2,2,2,1,2,2,0,2,0,1,1,1,1,1,17176,4,4,2,0,0,0,2,0,0,1
12B213,9,40108,1,1,0,1,1,223,2,27,7,4,1,1,2,2,2,2,2,2,0,0,0,0,0,0,0,0,0,0,0,0,0,0,0,0,0,0,0,0,0,0,0,0,0,0,0,0,0,0,0,0,0,0,0,0,0,0,0,0,0,0,0,0,0,0,0,3,2,2,2,2,3,3,3,0,3,0,1,2,2,2,2,8124,4,4,2,0,0,0,2,0,2,2
12B213,9,40108,2,1,0,1,1,223,2,54,7,4,1,1,1,1,2,1,2,1,4,4,2,2,2,1,1,2,3,600,1,1,1,0,0,0,0,0,0,0,0,0,0,0,0,0,0,0,0,2,3,1,2,2,2,1,3,20,1,1,1,35,2,0,4,4,1,0,2,1,2,1,1,1,1,1,1,6,1,1,2,1,2,23157,1,2,1,3,0,3,1,6,2,2
12B213,9,40108,4,1,0,2,1,223,2,47,8,3,1,1,1,2,2,1,2,1,0,0,0,0,0,0,0,0,0,0,0,0,0,0,0,0,0,0,0,0,0,0,0,0,0,0,0,0,0,5,3,1,2,1,1,1,3,75,2,1,2,120,1,6,4,4,1,0,2,1,2,2,1,1,3,0,1,3,1,1,1,1,2,15438,1,3,1,0,0,2,1,5,2,2
12B213,9,40108,3,1,0,2,1,223,2,43,7,4,7,1,2,2,2,2,2,2,0,0,0,0,0,0,0,0,0,0,0,0,0,0,0,0,0,0,0,0,0,0,0,0,0,0,0,0,0,0,0,0,0,0,0,0,0,0,0,0,0,0,0,0,0,0,0,3,2,2,2,2,2,2,2,0,2,0,1,2,2,2,2,14968,4,4,2,0,0,0,2,0,0,2
12A207,9,40116,2,1,0,1,1,223,2,76,2,6,7,1,2,2,2,2,2,2,0,0,0,0,0,0,0,0,0,0,0,0,0,0,0,0,0,0,0,0,0,0,0,0,0,0,0,0,0,0,0,0,0,0,0,0,0,0,0,0,0,0,0,0,0,0,0,5,2,2,2,2,2,1,2,0,2,0,1,1,1,1,1,9126,4,4,2,0,0,0,2,0,0,0
12A207,9,40116,3,1,0,1,1,223,1,35,4,3,1,1,2,2,1,1,2,2,0,0,0,0,0,0,0,0,0,0,0,0,0,1,3,2,1,2,2,2,2,2,2,2,2,0,2,1,1,1,3,1,1,1,2,2,3,20,2,1,1,30,2,0,2,2,2,0,2,2,2,2,1,1,2,0,2,0,1,1,1,1,1,19889,3,3,1,0,2,2,1,2,2,1
12A207,9,40116,1,1,0,1,1,223,2,77,2,6,1,1,2,2,2,2,2,2,0,0,0,0,0,0,0,0,0,0,0,0,0,0,0,0,0,0,0,0,0,0,0,0,0,0,0,0,0,0,0,0,0,0,0,0,0,0,0,0,0,0,0,0,0,0,0,3,2,2,2,2,2,2,2,0,2,0,1,1,1,1,2,18252,4,4,2,0,0,0,2,0,2,0
13B216,9,40117,1,1,0,1,1,223,1,40,7,4,1,1,1,2,1,1,2,1,0,0,0,0,0,0,0,0,0,0,0,0,0,8,1,2,1,2,2,2,1,1,2,2,1,0,1,2,1,5,3,1,1,1,1,1,3,100,2,1,1,90,2,0,4,4,2,0,2,2,2,2,1,1,1,2,1,5,1,1,1,1,1,16458,1,3,1,0,1,2,1,13,2,2
13B216,9,40117,3,1,0,1,1,223,1,44,7,4,1,1,1,1,2,1,2,1,1,1,2,1,2,2,2,2,1,0,1,2,1,0,0,0,0,0,0,0,0,0,0,0,0,0,0,0,0,6,1,1,2,2,2,2,1,0,1,2,1,120,2,0,3,4,1,0,1,1,1,1,1,1,3,0,1,5,1,1,1,1,1,16458,1,2,1,1,0,1,1,7,2,2
11B216,9,40119,3,1,0,1,1,223,1,53,7,4,1,1,1,1,2,2,2,2,1,4,2,2,2,1,2,2,1,0,1,2,1,0,0,0,0,0,0,0,0,0,0,0,0,0,0,0,0,0,0,0,0,0,0,0,0,0,0,0,0,30,2,0,3,2,2,0,2,2,2,2,2,2,2,0,2,0,1,2,2,2,2,32046,1,1,1,1,0,0,1,1,2,2
11B216,9,40119,1,1,0,1,1,223,1,45,4,3,1,1,2,2,2,2,2,2,0,0,0,0,0,0,0,0,0,0,0,0,0,0,0,0,0,0,0,0,0,0,0,0,0,0,0,0,0,0,0,0,0,0,0,0,0,0,0,0,0,0,0,0,0,0,0,3,2,2,2,2,2,2,2,0,2,0,1,2,2,2,2,10682,4,4,2,0,0,0,2,0,2,1
11B216,9,40119,2,1,0,2,1,223,2,64,6,3,7,1,1,1,1,1,2,1,2,3,2,2,2,1,2,2,3,600,1,1,1,3,3,2,2,1,2,2,2,2,2,2,1,0,1,2,1,3,3,1,2,2,1,2,3,40,2,1,1,120,1,5,4,3,2,0,2,1,2,1,1,1,2,0,2,0,1,2,2,2,2,15632,1,2,1,3,1,2,1,8,0,1
11B216,9,40119,4,1,0,1,1,223,1,31,4,3,1,1,1,1,2,1,2,1,1,4,2,2,2,1,2,2,2,0,2,1,2,0,0,0,0,0,0,0,0,0,0,0,0,0,0,0,0,2,3,1,1,1,2,1,1,0,1,2,1,15,1,6,3,3,2,0,2,2,2,2,1,1,2,0,1,4,1,1,1,1,1,10547,1,2,1,2,0,1,1,3,2,1
12B202,9,40126,1,1,0,1,1,223,2,46,2,6,1,1,2,2,2,2,2,2,0,0,0,0,0,0,0,0,0,0,0,0,0,0,0,0,0,0,0,0,0,0,0,0,0,0,0,0,0,0,0,0,0,0,0,0,0,0,0,0,0,0,0,0,0,0,0,3,2,2,2,2,1,1,2,0,1,1,1,1,1,1,1,7445,4,4,2,0,0,0,2,0,2,0
12B202,9,40126,4,1,0,1,1,223,2,69,3,3,7,1,1,1,2,2,2,2,1,5,2,2,1,2,2,2,2,0,2,1,1,0,0,0,0,0,0,0,0,0,0,0,0,0,0,0,0,0,0,0,0,0,0,0,0,0,0,0,0,35,2,0,2,2,2,0,2,2,2,2,2,2,2,0,1,1,1,1,1,1,1,8456,1,1,1,2,0,0,1,1,0,1
12B202,9,40126,3,1,0,1,1,223,2,70,2,6,7,1,2,2,2,2,2,2,0,0,0,0,0,0,0,0,0,0,0,0,0,0,0,0,0,0,0,0,0,0,0,0,0,0,0,0,0,0,0,0,0,0,0,0,0,0,0,0,0,0,0,0,0,0,0,5,2,2,2,2,2,2,2,0,1,1,1,1,2,1,1,8456,4,4,2,0,0,0,2,0,0,0
12B202,9,40126,2,1,0,1,1,223,2,86,2,2,7,1,2,2,2,2,2,2,0,0,0,0,0,0,0,0,0,0,0,0,0,0,0,0,0,0,0,0,0,0,0,0,0,0,0,0,0,0,0,0,0,0,0,0,0,0,0,0,0,0,0,0,0,0,0,5,2,2,2,2,2,2,2,0,1,1,1,2,2,1,3,8456,4,4,2,0,0,0,2,0,0,0
11B213,9,40154,1,1,0,1,1,223,2,60,4,3,7,1,2,2,2,2,2,2,0,0,0,0,0,0,0,0,0,0,0,0,0,0,0,0,0,0,0,0,0,0,0,0,0,0,0,0,0,0,0,0,0,0,0,0,0,0,0,0,0,0,0,0,0,0,0,1,2,2,2,2,2,2,2,0,2,0,1,2,2,2,2,7558,4,4,2,0,0,0,2,0,0,1
11B213,9,40154,2,1,0,3,1,223,2,61,2,6,1,1,2,2,2,2,2,2,0,0,0,0,0,0,0,0,0,0,0,0,0,0,0,0,0,0,0,0,0,0,0,0,0,0,0,0,0,0,0,0,0,0,0,0,0,0,0,0,0,0,0,0,0,0,0,3,2,2,2,2,2,2,2,0,2,0,1,3,3,3,3,52909,4,4,2,0,0,0,2,0,2,0
11B213,9,40154,3,1,0,1,1,223,2,52,6,3,1,1,2,2,2,2,2,2,0,0,0,0,0,0,0,0,0,0,0,0,0,0,0,0,0,0,0,0,0,0,0,0,0,0,0,0,0,0,0,0,0,0,0,0,0,0,0,0,0,0,0,0,0,0,0,3,2,2,2,2,2,2,2,0,1,1,1,2,2,2,2,17028,4,4,2,0,0,0,2,0,2,1
11B213,9,40154,4,1,0,1,1,223,1,37,4,3,1,1,1,1,2,2,2,1,1,4,2,2,2,1,2,2,1,0,1,2,1,0,0,0,0,0,0,0,0,0,0,0,0,0,0,0,0,0,0,0,0,0,0,0,0,0,0,0,0,20,2,0,2,3,2,0,2,2,2,2,2,1,2,0,1,2,1,2,2,2,2,31614,1,2,1,1,0,0,1,1,2,1
13A207,9,40160,4,1,0,2,1,223,2,40,7,4,1,1,2,2,2,2,2,2,0,0,0,0,0,0,0,0,0,0,0,0,0,0,0,0,0,0,0,0,0,0,0,0,0,0,0,0,0,0,0,0,0,0,0,0,0,0,0,0,0,0,0,0,0,0,0,3,2,2,2,2,1,1,1,1,1,3,1,2,2,2,2,18691,4,4,2,0,0,0,2,0,2,2
13A207,9,40160,3,1,0,2,1,223,1,19,4,3,6,1,1,1,2,2,2,1,2,2,1,1,2,2,2,2,1,0,1,2,1,0,0,0,0,0,0,0,0,0,0,0,0,0,0,0,0,0,0,0,0,0,0,0,0,0,0,0,0,60,2,0,4,4,2,0,2,2,1,2,2,1,2,0,1,6,1,2,1,2,2,28833,1,2,1,1,0,0,1,2,1,1
13A207,9,40160,2,1,0,1,1,223,2,49,3,3,1,1,2,2,2,2,2,2,0,0,0,0,0,0,0,0,0,0,0,0,0,0,0,0,0,0,0,0,0,0,0,0,0,0,0,0,0,0,0,0,0,0,0,0,0,0,0,0,0,0,0,0,0,0,0,3,2,2,2,2,3,3,3,0,3,0,1,3,3,3,3,9638,4,4,2,0,0,0,2,0,2,1
13A207,9,40160,1,1,0,1,1,223,1,36,6,3,1,1,1,2,2,1,2,1,0,0,0,0,0,0,0,0,0,0,0,0,0,0,0,0,0,0,0,0,0,0,0,0,0,0,0,0,0,2,3,1,2,2,1,1,1,0,1,2,1,20,2,0,2,3,2,0,2,1,2,2,1,1,2,0,3,0,1,2,2,2,2,23859,1,3,1,0,0,1,1,2,2,1
11B216,9,40164,4,1,0,3,1,223,1,25,4,2,1,1,1,2,1,2,2,1,0,0,0,0,0,0,0,0,0,0,0,0,0,4,4,2,2,2,2,2,1,1,2,2,2,0,2,1,1,0,0,0,0,0,0,0,0,0,0,0,0,45,2,0,4,4,2,0,2,2,2,2,1,2,2,0,1,2,1,1,1,1,1,28695,1,3,1,0,2,0,1,4,2,1
11B216,9,40164,3,1,0,1,1,223,1,91,2,6,8,1,2,2,2,2,2,2,0,0,0,0,0,0,0,0,0,0,0,0,0,0,0,0,0,0,0,0,0,0,0,0,0,0,0,0,0,0,0,0,0,0,0,0,0,0,0,0,0,0,0,0,0,0,0,5,2,2,2,2,2,2,2,0,2,0,1,2,2,2,2,34467,4,4,2,0,0,0,2,0,0,0
11B216,9,40164,2,1,0,1,1,223,2,57,4,3,1,1,2,2,2,2,2,2,0,0,0,0,0,0,0,0,0,0,0,0,0,0,0,0,0,0,0,0,0,0,0,0,0,0,0,0,0,0,0,0,0,0,0,0,0,0,0,0,0,0,0,0,0,0,0,3,2,2,2,2,2,2,2,0,2,0,1,2,2,2,1,5316,4,4,2,0,0,0,2,0,2,1
13B216,9,40166,1,1,0,2,1,223,2,58,7,4,1,1,1,1,1,1,1,1,5,4,2,2,2,2,1,2,3,1300,2,1,1,10,4,1,1,1,1,2,1,1,2,2,1,0,1,2,1,8,4,1,1,1,2,1,1,0,1,2,1,25,2,0,2,4,1,0,1,1,2,1,1,1,1,2,1,5,1,1,1,1,1,28922,1,2,1,2,1,1,1,23,2,2
13B216,9,40166,3,1,0,1,1,223,1,32,8,1,6,1,1,1,1,2,2,1,15,2,2,1,2,1,1,2,1,0,1,2,1,7,2,2,2,2,2,2,1,2,2,2,1,0,1,2,1,0,0,0,0,0,0,0,0,0,0,0,0,90,1,5,3,4,1,0,1,2,1,1,1,2,2,0,1,2,1,2,2,2,2,13010,1,2,1,1,1,0,1,22,1,2
12B216,9,40167,2,1,0,1,1,223,2,57,2,6,7,1,2,2,2,2,2,2,0,0,0,0,0,0,0,0,0,0,0,0,0,0,0,0,0,0,0,0,0,0,0,0,0,0,0,0,0,0,0,0,0,0,0,0,0,0,0,0,0,0,0,0,0,0,0,2,2,2,2,2,1,1,2,0,2,0,1,1,1,1,1,26305,4,4,2,0,0,0,2,0,0,0
12B216,9,40167,3,1,0,1,1,223,2,58,4,3,7,1,1,1,2,2,2,2,1,3,2,2,1,2,2,2,2,0,2,1,1,0,0,0,0,0,0,0,0,0,0,0,0,0,0,0,0,0,0,0,0,0,0,0,0,0,0,0,0,30,2,0,2,3,1,0,2,2,2,2,1,1,2,0,1,1,1,1,1,1,1,17536,1,1,1,2,0,0,1,1,0,1
12B216,9,40167,4,1,0,3,1,223,2,34,7,7,1,1,1,1,1,2,2,1,1,1,2,1,2,2,2,2,2,0,2,1,1,60,1,2,2,2,2,2,1,2,2,2,3,50,2,1,1,0,0,0,0,0,0,0,0,0,0,0,0,60,2,0,3,3,1,0,1,2,2,1,1,1,2,0,1,1,1,1,1,1,1,41584,1,2,1,2,2,0,1,61,2,2
12B216,9,40167,1,1,0,2,1,223,2,43,4,3,1,1,1,2,2,2,2,1,0,0,0,0,0,0,0,0,0,0,0,0,0,0,0,0,0,0,0,0,0,0,0,0,0,0,0,0,0,0,0,0,0,0,0,0,0,0,0,0,0,60,2,0,3,3,1,0,2,2,2,2,1,2,2,0,1,1,1,1,1,1,1,28731,1,3,1,0,0,0,2,0,2,1
11B202,9,40171,1,1,0,3,1,223,1,34,7,4,1,1,1,2,1,2,2,1,0,0,0,0,0,0,0,0,0,0,0,0,0,2,4,1,2,2,2,2,2,2,2,2,3,70,2,1,2,0,0,0,0,0,0,0,0,0,0,0,0,40,2,0,4,4,2,0,1,2,2,2,1,1,2,0,1,2,1,1,1,1,1,27055,1,3,1,0,2,0,1,2,2,2
11B202,9,40171,2,1,0,1,1,223,2,59,3,3,1,1,2,2,2,2,2,2,0,0,0,0,0,0,0,0,0,0,0,0,0,0,0,0,0,0,0,0,0,0,0,0,0,0,0,0,0,0,0,0,0,0,0,0,0,0,0,0,0,0,0,0,0,0,0,1,2,2,2,2,2,2,2,0,2,0,1,2,2,2,2,6683,4,4,2,0,0,0,2,0,2,1
11B202,9,40171,3,1,0,2,1,223,2,44,4,3,1,1,1,2,1,2,2,2,0,0,0,0,0,0,0,0,0,0,0,0,0,3,3,2,2,2,2,2,1,1,2,2,3,120,2,1,1,0,0,0,0,0,0,0,0,0,0,0,0,60,2,0,4,4,2,0,1,2,2,2,2,1,1,2,1,1,1,2,1,2,1,29198,1,3,1,0,2,0,1,3,2,1
11B202,9,40171,4,1,0,2,1,223,2,31,4,3,7,1,1,1,2,2,2,1,6,2,2,1,2,1,1,2,1,0,1,2,1,0,0,0,0,0,0,0,0,0,0,0,0,0,0,0,0,0,0,0,0,0,0,0,0,0,0,0,0,120,2,0,4,4,1,0,2,2,2,2,2,2,2,0,1,1,1,1,1,1,1,15848,1,2,1,1,0,0,1,6,0,1
11B213,9,40198,2,1,0,4,1,223,1,34,4,3,1,1,1,2,1,2,2,1,0,0,0,0,0,0,0,0,0,0,0,0,0,1,4,2,2,2,1,2,2,2,2,2,3,40,2,1,1,0,0,0,0,0,0,0,0,0,0,0,0,30,2,0,2,3,1,0,1,2,2,2,1,1,2,0,1,1,1,1,1,1,1,17463,1,3,1,0,2,0,1,1,2,1
11B213,9,40198,3,1,0,1,1,223,1,60,7,4,8,1,1,2,1,1,2,2,0,0,0,0,0,0,0,0,0,0,0,0,0,1,3,2,1,2,2,2,2,2,2,2,3,30,2,1,1,2,3,1,1,1,2,1,3,30,2,1,1,30,2,0,2,2,1,0,2,2,2,2,2,1,2,0,2,0,1,1,1,1,1,9690,1,3,1,0,2,2,1,3,0,2
11B213,9,40198,4,1,0,1,1,223,1,47,4,3,1,1,1,2,2,2,2,2,0,0,0,0,0,0,0,0,0,0,0,0,0,0,0,0,0,0,0,0,0,0,0,0,0,0,0,0,0,0,0,0,0,0,0,0,0,0,0,0,0,0,0,0,0,0,0,3,2,2,2,2,1,2,2,0,2,0,1,1,1,1,1,11791,2,4,2,0,0,0,2,0,2,1
11B213,9,40198,1,1,0,2,1,223,2,37,3,3,7,1,2,2,2,2,2,1,0,0,0,0,0,0,0,0,0,0,0,0,0,0,0,0,0,0,0,0,0,0,0,0,0,0,0,0,0,0,0,0,0,0,0,0,0,0,0,0,0,20,2,0,3,3,1,0,2,2,2,2,1,1,2,0,2,0,1,1,1,1,1,9423,3,3,1,0,0,0,2,0,0,1
13B213,9,40202,1,1,0,1,1,223,1,73,6,3,8,1,1,1,2,1,2,2,3,3,2,2,2,1,1,2,3,1200,2,1,1,0,0,0,0,0,0,0,0,0,0,0,0,0,0,0,0,7,3,1,1,1,1,1,3,140,2,1,1,90,2,0,4,4,2,0,1,2,2,1,2,1,1,2,1,4,1,2,1,1,1,11401,1,2,1,2,0,2,1,10,0,1
13B213,9,40202,4,1,0,1,1,223,2,75,2,6,8,1,2,2,2,2,2,2,0,0,0,0,0,0,0,0,0,0,0,0,0,0,0,0,0,0,0,0,0,0,0,0,0,0,0,0,0,0,0,0,0,0,0,0,0,0,0,0,0,0,0,0,0,0,0,5,2,2,2,2,2,1,1,2,1,4,1,1,1,1,1,11250,4,4,2,0,0,0,2,0,0,0
13B213,9,40202,3,1,0,1,1,223,2,68,2,6,8,1,1,2,1,2,2,2,0,0,0,0,0,0,0,0,0,0,0,0,0,5,3,2,2,1,2,2,1,1,1,2,3,200,2,1,1,0,0,0,0,0,0,0,0,0,0,0,0,40,1,3,4,4,2,0,1,2,2,2,2,1,1,1,1,4,1,2,1,2,1,11250,1,3,1,0,2,0,1,5,0,0
13B213,9,40202,2,1,0,1,1,223,2,87,2,6,8,1,2,2,2,2,2,2,0,0,0,0,0,0,0,0,0,0,0,0,0,0,0,0,0,0,0,0,0,0,0,0,0,0,0,0,0,0,0,0,0,0,0,0,0,0,0,0,0,0,0,0,0,0,0,3,2,2,2,2,2,1,1,2,1,4,1,2,1,1,1,11250,4,4,2,0,0,0,2,0,0,0
12B213,9,40204,3,1,0,1,1,223,2,52,6,3,1,1,1,2,1,1,2,2,0,0,0,0,0,0,0,0,0,0,0,0,0,4,4,2,2,2,2,2,2,2,1,2,2,0,2,1,2,2,4,2,2,1,1,1,2,0,2,1,2,20,2,0,2,2,2,0,2,2,2,2,1,1,2,0,1,2,1,1,1,1,1,13864,1,3,1,0,2,2,1,6,2,1
12B213,9,40204,2,1,0,1,1,223,1,47,8,3,1,1,1,1,2,1,2,2,1,3,2,2,2,1,2,2,2,0,2,1,1,0,0,0,0,0,0,0,0,0,0,0,0,0,0,0,0,4,3,1,1,1,1,1,3,60,2,1,2,25,2,0,3,3,2,0,2,1,2,2,1,1,2,0,1,3,1,1,1,1,1,16821,1,2,1,2,0,2,1,5,2,2
12B213,9,40204,1,1,0,1,1,223,2,53,7,4,1,1,2,2,2,2,2,2,0,0,0,0,0,0,0,0,0,0,0,0,0,0,0,0,0,0,0,0,0,0,0,0,0,0,0,0,0,0,0,0,0,0,0,0,0,0,0,0,0,0,0,0,0,0,0,3,2,2,2,2,1,2,2,0,1,2,1,1,1,1,1,6933,4,4,2,0,0,0,2,0,2,2
12B213,9,40204,4,1,0,1,1,223,1,52,6,3,1,1,2,2,2,1,2,2,0,0,0,0,0,0,0,0,0,0,0,0,0,0,0,0,0,0,0,0,0,0,0,0,0,0,0,0,0,4,4,1,1,1,1,1,2,0,2,1,2,10,2,0,2,3,2,0,1,1,1,1,1,1,2,0,1,3,1,1,1,1,1,16821,3,3,1,0,0,2,1,4,2,1
13B213,9,40206,4,1,0,1,1,223,2,78,2,6,7,1,2,2,2,2,2,2,0,0,0,0,0,0,0,0,0,0,0,0,0,0,0,0,0,0,0,0,0,0,0,0,0,0,0,0,0,0,0,0,0,0,0,0,0,0,0,0,0,0,0,0,0,0,0,5,2,2,2,2,2,2,2,0,2,0,1,2,1,2,2,12406,4,4,2,0,0,0,2,0,0,0
13B213,9,40206,3,1,0,1,1,223,2,78,7,2,7,1,2,2,2,2,2,2,0,0,0,0,0,0,0,0,0,0,0,0,0,0,0,0,0,0,0,0,0,0,0,0,0,0,0,0,0,0,0,0,0,0,0,0,0,0,0,0,0,0,0,0,0,0,0,2,2,2,2,2,2,1,2,0,2,0,1,2,1,2,2,24813,4,4,2,0,0,0,2,0,0,2
13B213,9,40206,1,1,0,1,1,223,1,49,4,3,1,1,1,2,2,1,2,1,0,0,0,0,0,0,0,0,0,0,0,0,0,0,0,0,0,0,0,0,0,0,0,0,0,0,0,0,0,2,4,1,1,2,2,1,3,40,2,1,1,30,2,0,2,2,1,0,2,2,2,2,2,2,2,0,2,0,1,1,1,1,1,13251,1,3,1,0,0,2,1,2,2,1
13B213,9,40206,2,1,0,2,1,223,2,61,3,3,7,1,2,2,2,2,2,2,0,0,0,0,0,0,0,0,0,0,0,0,0,0,0,0,0,0,0,0,0,0,0,0,0,0,0,0,0,0,0,0,0,0,0,0,0,0,0,0,0,0,0,0,0,0,0,5,2,2,2,2,2,2,2,0,2,0,1,2,2,2,2,19393,4,4,2,0,0,0,2,0,0,1
11A207,9,40209,4,1,1,3,1,223,1,29,8,2,1,1,1,1,1,2,2,1,1,4,2,1,2,2,2,2,2,0,2,1,1,1,3,2,2,2,2,2,1,2,2,2,2,0,2,1,1,0,0,0,0,0,0,0,0,0,0,0,0,30,2,0,2,3,1,0,1,2,2,1,2,2,2,0,1,1,1,1,1,1,1,17690,1,2,1,2,2,0,1,2,2,2
11A207,9,40209,3,1,0,2,1,223,2,54,4,3,7,1,2,2,2,2,2,1,0,0,0,0,0,0,0,0,0,0,0,0,0,0,0,0,0,0,0,0,0,0,0,0,0,0,0,0,0,0,0,0,0,0,0,0,0,0,0,0,0,20,2,0,2,3,1,0,2,2,2,2,1,2,2,0,2,0,1,1,1,1,1,4922,3,3,1,0,0,0,2,0,0,1
11A207,9,40209,2,1,0,1,1,223,2,48,2,1,1,1,2,2,2,2,2,2,0,0,0,0,0,0,0,0,0,0,0,0,0,0,0,0,0,0,0,0,0,0,0,0,0,0,0,0,0,0,0,0,0,0,0,0,0,0,0,0,0,0,0,0,0,0,0,3,2,2,2,2,2,2,2,0,2,0,1,1,1,1,1,9845,4,4,2,0,0,0,2,0,2,0
11A207,9,40209,1,1,0,3,1,223,1,24,4,2,1,1,2,2,1,2,2,1,0,0,0,0,0,0,0,0,0,0,0,0,0,2,3,1,2,2,2,2,2,2,2,2,2,0,2,1,1,0,0,0,0,0,0,0,0,0,0,0,0,30,2,0,2,3,1,0,2,2,2,2,1,1,2,0,1,1,1,1,1,1,1,29451,3,3,1,0,2,0,1,2,2,1
12B216,9,40212,1,1,0,2,1,223,2,66,2,3,7,1,2,2,2,2,2,2,0,0,0,0,0,0,0,0,0,0,0,0,0,0,0,0,0,0,0,0,0,0,0,0,0,0,0,0,0,0,0,0,0,0,0,0,0,0,0,0,0,0,0,0,0,0,0,3,2,2,2,2,1,1,1,1,1,3,1,1,1,1,1,35833,4,4,2,0,0,0,2,0,0,0
12B216,9,40212,3,1,0,2,1,223,2,37,4,2,1,1,2,2,2,2,2,2,0,0,0,0,0,0,0,0,0,0,0,0,0,0,0,0,0,0,0,0,0,0,0,0,0,0,0,0,0,0,0,0,0,0,0,0,0,0,0,0,0,0,0,0,0,0,0,3,2,2,2,2,2,2,2,0,2,0,1,1,1,1,1,22941,4,4,2,0,0,0,2,0,2,1
12B216,9,40212,2,1,0,2,1,223,2,65,7,3,1,1,2,2,2,2,2,2,0,0,0,0,0,0,0,0,0,0,0,0,0,0,0,0,0,0,0,0,0,0,0,0,0,0,0,0,0,0,0,0,0,0,0,0,0,0,0,0,0,0,0,0,0,0,0,3,2,2,2,2,2,2,2,0,2,0,1,1,1,1,1,35833,4,4,2,0,0,0,2,0,2,2
12A207,9,40215,4,1,0,1,1,223,1,34,7,2,1,1,2,2,2,1,2,2,0,0,0,0,0,0,0,0,0,0,0,0,0,0,0,0,0,0,0,0,0,0,0,0,0,0,0,0,0,4,4,1,1,1,1,1,2,0,2,1,2,20,2,0,4,3,2,0,2,2,2,2,1,1,2,0,1,3,1,1,1,1,1,8099,3,3,1,0,0,2,1,4,2,2
12A207,9,40215,3,1,1,1,1,223,2,19,7,1,1,1,1,1,1,2,2,2,2,3,2,2,2,1,2,2,2,0,2,1,1,3,4,2,1,2,1,2,2,2,2,2,2,0,2,1,2,0,0,0,0,0,0,0,0,0,0,0,0,25,2,0,4,3,2,0,2,2,2,2,1,1,2,0,1,2,1,1,1,1,1,17341,1,2,1,2,2,0,1,5,2,2
12A207,9,40215,2,1,0,1,1,223,2,83,2,6,7,1,2,2,2,2,2,2,0,0,0,0,0,0,0,0,0,0,0,0,0,0,0,0,0,0,0,0,0,0,0,0,0,0,0,0,0,0,0,0,0,0,0,0,0,0,0,0,0,0,0,0,0,0,0,5,2,2,2,2,2,2,2,0,1,1,1,1,2,1,2,7679,4,4,2,0,0,0,2,0,0,0
12A207,9,40215,1,1,1,1,1,223,2,58,3,3,7,1,2,1,2,2,2,2,1,5,2,2,1,2,2,2,2,0,2,1,1,0,0,0,0,0,0,0,0,0,0,0,0,0,0,0,0,0,0,0,0,0,0,0,0,0,0,0,0,30,2,0,2,3,2,0,2,2,2,2,1,1,2,0,1,2,1,1,1,1,1,12002,3,1,1,2,0,0,1,1,0,1
11B202,9,40220,1,1,0,1,1,223,1,56,4,3,1,1,2,2,2,2,2,2,0,0,0,0,0,0,0,0,0,0,0,0,0,0,0,0,0,0,0,0,0,0,0,0,0,0,0,0,0,0,0,0,0,0,0,0,0,0,0,0,0,0,0,0,0,0,0,3,2,2,2,2,2,2,2,0,2,0,1,1,1,1,2,24102,4,4,2,0,0,0,2,0,2,1
11B202,9,40220,2,1,0,3,1,223,2,60,0,,7,1,2,2,2,2,2,2,0,0,0,0,0,0,0,0,0,0,0,0,0,0,0,0,0,0,0,0,0,0,0,0,0,0,0,0,0,0,0,0,0,0,0,0,0,0,0,0,0,0,0,0,0,0,0,3,2,2,2,2,1,2,2,0,2,0,1,1,1,1,2,28612,4,4,2,0,0,0,2,0,0,0
11B202,9,40220,3,1,0,1,1,223,2,53,3,3,7,1,2,2,2,2,2,2,0,0,0,0,0,0,0,0,0,0,0,0,0,0,0,0,0,0,0,0,0,0,0,0,0,0,0,0,0,0,0,0,0,0,0,0,0,0,0,0,0,0,0,0,0,0,0,3,2,2,2,2,2,2,2,0,2,0,1,1,1,2,2,32231,4,4,2,0,0,0,2,0,0,1
11B202,9,40220,4,1,0,1,1,223,1,45,2,4,1,1,2,2,2,2,2,2,0,0,0,0,0,0,0,0,0,0,0,0,0,0,0,0,0,0,0,0,0,0,0,0,0,0,0,0,0,0,0,0,0,0,0,0,0,0,0,0,0,0,0,0,0,0,0,3,2,2,2,2,2,2,2,0,2,0,1,1,1,2,2,19552,4,4,2,0,0,0,2,0,2,0
12B202,9,40225,3,1,0,1,1,223,1,52,8,2,1,1,2,2,2,1,2,2,0,0,0,0,0,0,0,0,0,0,0,0,0,0,0,0,0,0,0,0,0,0,0,0,0,0,0,0,0,3,4,1,1,1,1,1,2,0,2,1,2,20,2,0,2,3,2,0,2,2,2,2,2,2,2,0,1,1,1,1,1,1,1,5382,3,3,1,0,0,2,1,3,2,2
12B202,9,40225,1,1,0,1,1,223,1,37,7,4,1,1,1,1,1,1,2,1,1,3,2,2,2,1,2,2,2,0,2,1,1,3,4,2,1,2,2,2,2,1,2,2,2,0,2,1,2,4,4,1,1,1,1,1,3,50,2,1,1,30,2,0,4,3,2,0,2,1,2,2,1,1,2,0,1,3,1,1,1,1,1,5491,1,2,1,2,2,2,1,8,2,2
12B202,9,40225,4,1,0,2,1,223,1,33,8,1,1,1,1,2,2,1,2,2,0,0,0,0,0,0,0,0,0,0,0,0,0,0,0,0,0,0,0,0,0,0,0,0,0,0,0,0,0,5,3,1,1,1,1,1,2,0,2,1,2,25,2,0,4,3,2,0,2,2,2,2,1,1,2,0,1,3,1,1,1,1,1,10629,1,3,1,0,0,2,1,5,2,2
12B202,9,40226,3,1,0,1,1,223,1,80,7,5,8,1,1,2,2,1,2,2,0,0,0,0,0,0,0,0,0,0,0,0,0,0,0,0,0,0,0,0,0,0,0,0,0,0,0,0,0,3,4,1,1,2,1,1,3,10,2,1,1,30,2,0,3,3,2,0,2,2,2,2,2,2,2,0,1,4,1,1,1,1,1,8163,1,3,1,0,0,2,1,3,0,2
12B202,9,40226,2,1,0,3,1,223,1,26,7,4,7,1,1,1,2,2,2,2,5,2,2,2,2,1,1,2,3,600,2,1,1,0,0,0,0,0,0,0,0,0,0,0,0,0,0,0,0,0,0,0,0,0,0,0,0,0,0,0,0,60,1,5,3,3,2,0,1,1,1,1,1,1,1,2,1,3,1,1,1,1,1,25484,1,1,1,2,0,0,1,5,0,2
12B202,9,40226,1,1,0,1,1,223,1,67,8,2,1,1,1,2,2,2,2,2,0,0,0,0,0,0,0,0,0,0,0,0,0,0,0,0,0,0,0,0,0,0,0,0,0,0,0,0,0,0,0,0,0,0,0,0,0,0,0,0,0,0,0,0,0,0,0,3,2,2,2,2,1,1,1,1,1,5,1,1,1,1,1,8163,2,4,2,0,0,0,2,0,2,2
11B214,9,40248,3,1,0,1,1,223,1,34,7,3,1,1,2,2,2,1,2,2,0,0,0,0,0,0,0,0,0,0,0,0,0,0,0,0,0,0,0,0,0,0,0,0,0,0,0,0,0,3,4,1,1,1,1,1,2,0,2,1,2,15,2,0,4,3,2,0,2,2,2,2,1,1,2,0,1,3,1,1,1,1,1,18375,3,3,1,0,0,2,1,3,2,2
11B214,9,40248,4,1,0,1,1,223,2,68,3,1,7,1,2,2,2,1,2,2,0,0,0,0,0,0,0,0,0,0,0,0,0,0,0,0,0,0,0,0,0,0,0,0,0,0,0,0,0,5,4,1,1,1,1,1,3,70,2,1,1,25,2,0,2,3,2,0,2,2,2,2,2,2,2,0,1,2,1,1,1,1,1,17422,3,3,1,0,0,2,1,5,0,1
11B214,9,40248,1,1,0,3,1,223,2,31,6,3,1,1,2,2,2,2,2,2,0,0,0,0,0,0,0,0,0,0,0,0,0,0,0,0,0,0,0,0,0,0,0,0,0,0,0,0,0,0,0,0,0,0,0,0,0,0,0,0,0,0,0,0,0,0,0,3,2,2,2,2,1,1,2,0,1,2,1,1,1,1,1,32288,4,4,2,0,0,0,2,0,2,1
11B214,9,40248,2,1,0,5,1,223,2,59,2,6,7,1,2,2,2,2,2,2,0,0,0,0,0,0,0,0,0,0,0,0,0,0,0,0,0,0,0,0,0,0,0,0,0,0,0,0,0,0,0,0,0,0,0,0,0,0,0,0,0,0,0,0,0,0,0,3,2,2,2,2,1,1,2,0,1,2,1,1,1,1,1,27232,4,4,2,0,0,0,2,0,0,0
12B214,9,40251,4,1,1,1,1,223,2,24,7,2,1,1,2,2,2,2,2,1,0,0,0,0,0,0,0,0,0,0,0,0,0,0,0,0,0,0,0,0,0,0,0,0,0,0,0,0,0,0,0,0,0,0,0,0,0,0,0,0,0,10,1,5,2,3,2,0,2,2,2,2,2,2,2,0,2,0,1,2,2,2,2,9366,3,3,1,0,0,0,2,0,2,2
12B214,9,40251,1,1,0,1,1,223,2,58,8,2,8,1,1,1,2,2,2,1,1,4,2,2,1,2,2,2,3,100,2,1,1,0,0,0,0,0,0,0,0,0,0,0,0,0,0,0,0,0,0,0,0,0,0,0,0,0,0,0,0,20,2,0,1,4,1,0,2,2,2,2,1,2,1,1,1,3,1,2,1,1,1,6483,1,2,1,2,0,0,1,1,0,2
12B214,9,40251,2,1,0,2,1,223,2,32,7,4,7,1,1,1,2,2,2,1,2,4,2,2,2,1,1,2,2,0,2,1,1,0,0,0,0,0,0,0,0,0,0,0,0,0,0,0,0,0,0,0,0,0,0,0,0,0,0,0,0,30,2,0,2,4,2,0,2,2,2,2,1,1,1,1,1,6,1,1,1,1,1,15373,1,2,1,2,0,0,1,2,0,2
12B214,9,40251,3,1,0,1,1,223,1,30,4,3,1,1,1,2,1,2,2,1,0,0,0,0,0,0,0,0,0,0,0,0,0,5,4,2,2,1,2,2,2,2,2,2,3,180,2,1,1,0,0,0,0,0,0,0,0,0,0,0,0,30,2,0,3,3,2,0,2,2,2,2,1,1,1,1,1,3,1,1,1,1,2,17496,1,3,1,0,2,0,1,5,2,1
12B214,9,40255,3,1,0,1,1,223,2,54,3,3,1,1,2,2,2,2,2,1,0,0,0,0,0,0,0,0,0,0,0,0,0,0,0,0,0,0,0,0,0,0,0,0,0,0,0,0,0,0,0,0,0,0,0,0,0,0,0,0,0,20,2,0,2,3,2,0,2,2,2,2,1,2,2,0,1,1,1,1,1,1,1,17320,3,3,1,0,0,0,2,0,2,1
12B214,9,40255,4,1,0,1,1,223,2,66,6,2,7,1,2,2,2,2,2,2,0,0,0,0,0,0,0,0,0,0,0,0,0,0,0,0,0,0,0,0,0,0,0,0,0,0,0,0,0,0,0,0,0,0,0,0,0,0,0,0,0,0,0,0,0,0,0,5,2,2,2,2,2,2,2,0,2,0,1,1,1,3,3,9837,4,4,2,0,0,0,2,0,0,1
12B214,9,40255,2,1,0,1,1,223,2,65,2,6,1,1,2,2,2,1,2,2,0,0,0,0,0,0,0,0,0,0,0,0,0,0,0,0,0,0,0,0,0,0,0,0,0,0,0,0,0,1,3,2,2,1,2,1,2,0,2,1,2,20,1,6,2,2,2,0,2,2,2,2,2,2,2,0,2,0,1,1,1,2,2,9837,3,3,1,0,0,2,1,1,2,0
12B214,9,40255,1,1,0,1,1,223,1,43,4,3,1,1,2,2,2,2,2,1,0,0,0,0,0,0,0,0,0,0,0,0,0,0,0,0,0,0,0,0,0,0,0,0,0,0,0,0,0,0,0,0,0,0,0,0,0,0,0,0,0,15,1,6,2,3,1,0,2,2,2,2,2,2,2,0,2,0,1,1,1,1,1,21438,3,3,1,0,0,0,2,0,2,1
12A208,9,40258,3,1,0,3,1,223,2,25,4,3,7,1,2,2,2,2,2,2,0,0,0,0,0,0,0,0,0,0,0,0,0,0,0,0,0,0,0,0,0,0,0,0,0,0,0,0,0,0,0,0,0,0,0,0,0,0,0,0,0,0,0,0,0,0,0,1,2,2,2,2,2,2,2,0,2,0,1,1,1,1,1,27089,4,4,2,0,0,0,2,0,0,1
12A208,9,40258,2,1,0,1,1,223,2,52,6,3,1,1,2,2,2,2,2,2,0,0,0,0,0,0,0,0,0,0,0,0,0,0,0,0,0,0,0,0,0,0,0,0,0,0,0,0,0,0,0,0,0,0,0,0,0,0,0,0,0,0,0,0,0,0,0,3,2,2,2,2,1,1,2,0,2,0,1,1,1,1,1,6434,4,4,2,0,0,0,2,0,2,1
12A208,9,40258,4,1,1,1,1,223,1,31,4,3,1,1,2,2,2,2,2,2,0,0,0,0,0,0,0,0,0,0,0,0,0,0,0,0,0,0,0,0,0,0,0,0,0,0,0,0,0,0,0,0,0,0,0,0,0,0,0,0,0,0,0,0,0,0,0,3,2,2,2,2,2,2,2,0,2,0,1,1,1,1,1,15415,4,4,2,0,0,0,2,0,2,1
12A208,9,40261,2,1,1,3,1,223,1,36,7,4,1,1,1,1,2,1,2,2,3,4,2,2,2,1,2,2,1,0,1,2,1,0,0,0,0,0,0,0,0,0,0,0,0,0,0,0,0,1,4,1,1,1,1,1,3,5,2,1,2,20,1,6,2,3,2,0,2,2,2,2,1,1,1,1,1,3,1,1,1,1,1,45524,1,2,1,1,0,2,1,4,2,2
12A208,9,40261,3,1,0,1,1,223,2,33,8,2,1,1,1,1,1,1,2,2,1,4,2,2,2,1,2,2,3,300,2,1,1,2,4,2,2,1,2,2,2,2,1,2,2,0,2,1,1,3,3,1,1,1,1,1,2,0,2,1,1,60,1,5,3,3,2,0,1,2,2,2,1,1,1,2,1,4,1,1,1,1,1,12905,1,2,1,2,2,2,1,6,2,2
12A208,9,40261,4,1,1,1,1,223,1,65,7,2,8,1,1,1,2,1,2,2,5,4,2,2,2,1,1,2,2,0,2,1,1,0,0,0,0,0,0,0,0,0,0,0,0,0,0,0,0,3,4,1,1,1,1,1,3,10,2,1,1,30,1,3,3,3,2,0,1,2,2,2,1,1,1,1,1,3,1,1,1,1,1,14113,1,2,1,2,0,2,1,8,0,2
11B214,9,40296,3,1,0,3,1,223,2,36,2,6,1,1,2,2,2,2,2,2,0,0,0,0,0,0,0,0,0,0,0,0,0,0,0,0,0,0,0,0,0,0,0,0,0,0,0,0,0,0,0,0,0,0,0,0,0,0,0,0,0,0,0,0,0,0,0,3,2,2,2,2,2,2,2,0,2,0,1,3,3,3,3,18993,4,4,2,0,0,0,2,0,2,0
11B214,9,40296,4,1,0,2,1,223,1,54,3,3,1,1,2,2,2,2,2,2,0,0,0,0,0,0,0,0,0,0,0,0,0,0,0,0,0,0,0,0,0,0,0,0,0,0,0,0,0,0,0,0,0,0,0,0,0,0,0,0,0,0,0,0,0,0,0,3,2,2,2,2,2,2,2,0,1,1,1,2,2,2,2,23766,4,4,2,0,0,0,2,0,2,1
11B214,9,40296,2,1,0,1,1,223,2,32,4,3,1,1,2,2,2,2,2,2,0,0,0,0,0,0,0,0,0,0,0,0,0,0,0,0,0,0,0,0,0,0,0,0,0,0,0,0,0,0,0,0,0,0,0,0,0,0,0,0,0,0,0,0,0,0,0,3,2,2,2,2,2,2,2,0,2,0,1,1,1,1,1,6873,4,4,2,0,0,0,2,0,2,1
12B214,9,40302,1,1,0,2,1,223,2,32,7,4,1,1,1,2,1,2,2,1,0,0,0,0,0,0,0,0,0,0,0,0,0,4,4,2,2,1,1,2,1,1,2,2,3,200,2,1,1,0,0,0,0,0,0,0,0,0,0,0,0,40,2,0,4,4,2,0,1,2,2,2,1,1,1,2,1,4,1,1,1,1,1,15917,1,3,1,0,2,0,1,4,2,2
12B214,9,40302,4,1,0,1,1,223,2,42,4,3,1,1,1,2,1,2,2,2,0,0,0,0,0,0,0,0,0,0,0,0,0,5,4,2,2,1,2,2,1,1,2,2,3,250,2,1,1,0,0,0,0,0,0,0,0,0,0,0,0,60,1,5,4,4,2,0,1,2,2,2,1,1,1,2,1,5,1,1,1,1,1,7331,1,3,1,0,2,0,1,5,2,1
12B214,9,40302,3,1,0,1,1,223,1,36,7,4,1,1,1,1,1,1,2,1,2,3,2,2,2,1,2,2,2,0,2,1,1,4,4,1,2,2,2,2,1,1,2,2,3,200,2,1,1,5,3,1,1,1,1,1,3,120,2,1,1,90,2,0,4,4,2,0,1,2,2,2,1,1,1,2,1,4,1,1,1,1,1,9358,1,2,1,2,2,2,1,11,2,2
12B214,9,40302,2,1,0,2,1,223,2,30,4,3,7,1,1,2,1,2,2,1,0,0,0,0,0,0,0,0,0,0,0,0,0,3,4,2,2,2,2,2,1,1,2,2,3,80,2,1,1,0,0,0,0,0,0,0,0,0,0,0,0,45,2,0,4,4,2,0,1,2,2,2,1,1,1,2,1,2,1,1,1,1,1,15917,1,3,1,0,2,0,1,3,0,1
11A208,9,40306,4,1,0,1,1,223,2,58,2,6,7,1,2,2,2,2,2,2,0,0,0,0,0,0,0,0,0,0,0,0,0,0,0,0,0,0,0,0,0,0,0,0,0,0,0,0,0,0,0,0,0,0,0,0,0,0,0,0,0,0,0,0,0,0,0,1,2,2,2,2,3,3,3,0,3,0,1,3,3,3,3,5468,4,4,2,0,0,0,2,0,0,0
11A208,9,40306,2,1,0,2,1,223,2,49,2,6,7,1,2,2,2,2,2,2,0,0,0,0,0,0,0,0,0,0,0,0,0,0,0,0,0,0,0,0,0,0,0,0,0,0,0,0,0,0,0,0,0,0,0,0,0,0,0,0,0,0,0,0,0,0,0,2,2,2,2,2,2,2,2,0,2,0,1,2,2,2,2,12319,4,4,2,0,0,0,2,0,0,0
13A208,9,40309,3,1,0,1,1,223,1,62,2,6,8,1,2,2,2,2,2,2,0,0,0,0,0,0,0,0,0,0,0,0,0,0,0,0,0,0,0,0,0,0,0,0,0,0,0,0,0,0,0,0,0,0,0,0,0,0,0,0,0,0,0,0,0,0,0,2,2,2,2,2,2,2,2,0,2,0,1,1,1,1,1,19921,4,4,2,0,0,0,2,0,0,0
13A208,9,40309,4,1,0,1,1,223,1,56,7,4,1,1,1,2,1,2,2,1,0,0,0,0,0,0,0,0,0,0,0,0,0,1,3,2,2,2,2,2,2,1,2,2,3,35,2,1,1,0,0,0,0,0,0,0,0,0,0,0,0,30,2,0,3,3,1,0,2,2,2,2,1,1,2,0,1,1,1,1,1,1,1,19921,1,3,1,0,2,0,1,1,2,2
13A208,9,40309,2,1,0,2,1,223,1,24,7,4,1,1,2,2,2,2,2,1,0,0,0,0,0,0,0,0,0,0,0,0,0,0,0,0,0,0,0,0,0,0,0,0,0,0,0,0,0,0,0,0,0,0,0,0,0,0,0,0,0,10,1,7,2,3,1,0,2,2,2,2,2,2,2,0,2,0,1,1,1,2,2,59768,3,3,1,0,0,0,2,0,2,2
13A208,9,40309,1,1,0,1,1,223,2,32,3,3,7,1,2,2,1,2,2,1,0,0,0,0,0,0,0,0,0,0,0,0,0,2,4,2,2,2,1,2,2,2,1,2,3,60,2,1,1,0,0,0,0,0,0,0,0,0,0,0,0,30,2,0,3,3,1,0,2,2,2,2,1,2,2,0,2,0,1,1,1,2,2,21029,3,3,1,0,2,0,1,2,0,1
12A208,9,40310,1,1,0,3,1,223,2,19,4,3,6,1,1,1,2,1,2,2,14,2,2,1,2,1,1,2,3,500,2,1,2,0,0,0,0,0,0,0,0,0,0,0,0,0,0,0,0,1,2,1,1,1,1,1,3,8,2,1,1,120,1,5,3,3,1,0,1,1,1,1,1,1,1,1,1,4,1,1,1,1,1,24657,1,2,1,2,0,2,1,15,1,1
12A208,9,40310,4,1,0,1,1,223,1,68,2,6,1,1,1,2,2,1,2,2,0,0,0,0,0,0,0,0,0,0,0,0,0,0,0,0,0,0,0,0,0,0,0,0,0,0,0,0,0,3,4,1,1,1,1,1,3,6,2,1,1,20,1,5,3,3,2,0,2,2,2,2,2,2,2,0,2,0,1,1,1,1,1,14753,1,3,1,0,0,2,1,3,2,0
12A208,9,40310,2,1,0,1,1,223,2,81,6,3,8,1,2,2,2,2,2,2,0,0,0,0,0,0,0,0,0,0,0,0,0,0,0,0,0,0,0,0,0,0,0,0,0,0,0,0,0,0,0,0,0,0,0,0,0,0,0,0,0,0,0,0,0,0,0,5,2,2,2,2,2,2,2,0,2,0,1,1,1,1,1,14557,4,4,2,0,0,0,2,0,0,1
12A208,9,40310,3,1,0,4,1,223,2,32,7,5,1,1,1,1,2,1,2,2,7,2,2,1,2,2,1,2,3,700,2,1,2,0,0,0,0,0,0,0,0,0,0,0,0,0,0,0,0,1,1,1,1,1,1,1,1,0,1,2,2,30,2,0,3,3,2,0,1,2,2,2,1,1,1,1,1,5,1,1,1,1,1,33724,1,2,1,2,0,1,1,8,2,2
13B214,9,40350,1,1,0,2,1,223,2,59,4,3,1,1,2,2,2,2,2,2,0,0,0,0,0,0,0,0,0,0,0,0,0,0,0,0,0,0,0,0,0,0,0,0,0,0,0,0,0,0,0,0,0,0,0,0,0,0,0,0,0,0,0,0,0,0,0,1,2,2,2,2,1,1,2,0,1,2,1,1,1,1,2,13679,4,4,2,0,0,0,2,0,2,1
13B214,9,40350,2,1,0,1,1,223,1,40,8,2,1,1,1,1,2,1,2,2,1,3,2,2,2,2,1,2,2,0,2,1,1,0,0,0,0,0,0,0,0,0,0,0,0,0,0,0,0,5,3,1,1,1,1,1,2,0,2,1,2,30,2,0,4,3,2,0,2,2,2,2,1,1,2,0,1,3,1,1,1,1,1,19072,1,2,1,2,0,2,1,6,2,2
13B214,9,40350,4,1,0,1,1,223,2,34,8,1,1,1,1,1,1,2,2,2,2,3,2,2,2,1,2,2,2,0,2,1,1,4,4,2,2,2,2,2,2,1,1,2,2,0,2,1,1,0,0,0,0,0,0,0,0,0,0,0,0,35,2,0,4,3,2,0,2,2,2,2,1,1,2,0,1,4,1,1,1,1,1,8109,1,2,1,2,2,0,1,6,2,2
11A208,9,40354,3,1,0,1,1,223,2,58,3,3,1,1,2,2,2,2,2,2,0,0,0,0,0,0,0,0,0,0,0,0,0,0,0,0,0,0,0,0,0,0,0,0,0,0,0,0,0,0,0,0,0,0,0,0,0,0,0,0,0,0,0,0,0,0,0,2,2,2,2,2,1,1,2,0,1,2,1,1,1,1,1,21641,4,4,2,0,0,0,2,0,2,1
11A208,9,40354,4,1,0,3,1,223,2,37,4,3,1,1,2,2,2,2,2,1,0,0,0,0,0,0,0,0,0,0,0,0,0,0,0,0,0,0,0,0,0,0,0,0,0,0,0,0,0,0,0,0,0,0,0,0,0,0,0,0,0,20,2,0,3,3,2,0,2,2,2,2,1,1,1,2,3,0,1,2,2,2,2,23636,3,3,1,0,0,0,2,0,2,1
11A208,9,40354,1,1,0,1,1,223,1,60,3,1,1,1,2,2,2,2,2,1,0,0,0,0,0,0,0,0,0,0,0,0,0,0,0,0,0,0,0,0,0,0,0,0,0,0,0,0,0,0,0,0,0,0,0,0,0,0,0,0,0,15,2,0,2,4,2,0,2,2,2,2,2,2,2,0,1,2,1,1,1,1,1,24306,3,3,1,0,0,0,2,0,2,1
11A208,9,40354,2,1,0,3,1,223,2,25,7,4,1,1,1,2,2,1,2,1,0,0,0,0,0,0,0,0,0,0,0,0,0,0,0,0,0,0,0,0,0,0,0,0,0,0,0,0,0,2,3,1,2,2,2,1,1,0,1,2,1,30,2,0,2,3,2,0,2,1,2,2,2,2,2,0,2,0,1,2,2,2,2,25658,1,3,1,0,0,1,1,2,2,2
12B214,9,40395,2,1,0,1,1,223,1,83,7,4,8,1,2,2,2,2,2,2,0,0,0,0,0,0,0,0,0,0,0,0,0,0,0,0,0,0,0,0,0,0,0,0,0,0,0,0,0,0,0,0,0,0,0,0,0,0,0,0,0,0,0,0,0,0,0,5,2,2,2,2,2,2,2,0,1,1,1,2,2,2,2,10107,4,4,2,0,0,0,2,0,0,2
12B214,9,40395,3,1,0,1,1,223,2,65,3,3,1,1,2,2,1,2,2,2,0,0,0,0,0,0,0,0,0,0,0,0,0,4,4,2,2,2,2,2,2,2,1,2,2,0,2,1,2,0,0,0,0,0,0,0,0,0,0,0,0,15,2,0,2,2,2,0,2,2,2,2,2,2,2,0,1,1,1,1,1,1,1,9973,3,3,1,0,2,0,1,4,2,1
12B214,9,40395,4,1,0,1,1,223,2,59,7,4,7,1,2,2,1,2,2,2,0,0,0,0,0,0,0,0,0,0,0,0,0,2,3,2,2,2,2,2,2,2,1,2,2,0,2,1,1,0,0,0,0,0,0,0,0,0,0,0,0,20,2,0,2,2,2,0,2,2,2,2,1,2,2,0,1,2,1,1,1,1,1,23382,3,3,1,0,2,0,1,2,0,2
12A208,9,40404,1,1,1,1,1,223,2,56,4,3,1,1,2,2,2,2,2,1,0,0,0,0,0,0,0,0,0,0,0,0,0,0,0,0,0,0,0,0,0,0,0,0,0,0,0,0,0,0,0,0,0,0,0,0,0,0,0,0,0,25,2,0,3,2,2,0,2,2,2,2,1,1,2,0,1,5,1,2,2,2,2,21552,3,3,1,0,0,0,2,0,2,1
12A208,9,40404,3,1,0,3,1,223,2,27,7,4,5,1,2,2,2,2,2,1,0,0,0,0,0,0,0,0,0,0,0,0,0,0,0,0,0,0,0,0,0,0,0,0,0,0,0,0,0,0,0,0,0,0,0,0,0,0,0,0,0,15,1,5,3,3,2,0,2,2,2,2,1,1,1,1,1,6,1,1,1,1,1,25553,3,3,1,0,0,0,2,0,2,2
12A208,9,40404,2,1,0,1,1,223,2,69,3,3,1,1,2,2,2,2,2,2,0,0,0,0,0,0,0,0,0,0,0,0,0,0,0,0,0,0,0,0,0,0,0,0,0,0,0,0,0,0,0,0,0,0,0,0,0,0,0,0,0,0,0,0,0,0,0,3,2,2,2,2,2,2,2,0,3,0,1,3,3,3,3,18384,4,4,2,0,0,0,2,0,2,1
11A208,9,40410,4,1,0,1,1,223,1,48,7,5,1,1,1,2,1,2,2,2,0,0,0,0,0,0,0,0,0,0,0,0,0,2,4,2,2,2,2,2,1,1,2,2,3,100,2,1,1,0,0,0,0,0,0,0,0,0,0,0,0,60,2,0,3,4,2,0,1,2,2,2,2,2,2,0,2,0,1,2,1,1,1,37900,1,3,1,0,2,0,1,2,2,2
11A208,9,40410,2,1,0,1,1,223,1,62,3,3,1,1,1,1,2,1,2,2,3,4,1,2,2,1,2,2,2,0,2,1,1,0,0,0,0,0,0,0,0,0,0,0,0,0,0,0,0,7,3,1,1,1,1,1,3,140,2,1,1,30,2,0,2,3,2,0,2,2,2,2,2,2,2,0,2,0,1,2,2,2,2,7787,1,2,1,2,0,2,1,10,2,1
11A208,9,40410,3,1,0,2,1,223,2,37,7,2,7,1,1,2,1,2,2,2,0,0,0,0,0,0,0,0,0,0,0,0,0,4,4,2,2,2,2,2,2,2,1,2,2,0,2,1,1,0,0,0,0,0,0,0,0,0,0,0,0,25,2,0,2,3,2,0,2,2,2,2,1,1,2,0,1,2,1,1,1,1,1,15145,1,3,1,0,2,0,1,4,0,2
11A208,9,40410,1,1,0,4,1,223,2,22,3,3,7,1,1,2,1,2,2,1,0,0,0,0,0,0,0,0,0,0,0,0,0,4,4,2,2,1,2,2,2,2,1,2,3,120,2,1,1,0,0,0,0,0,0,0,0,0,0,0,0,45,2,0,2,3,2,0,1,2,2,2,1,1,2,0,1,1,1,1,1,3,3,40069,1,3,1,0,2,0,1,4,0,1
11B215,9,40443,2,1,0,1,1,223,2,50,4,2,1,1,2,2,2,2,2,2,0,0,0,0,0,0,0,0,0,0,0,0,0,0,0,0,0,0,0,0,0,0,0,0,0,0,0,0,0,0,0,0,0,0,0,0,0,0,0,0,0,0,0,0,0,0,0,2,2,2,2,2,2,2,2,0,1,1,1,2,2,2,2,27685,4,4,2,0,0,0,2,0,2,1
11B215,9,40443,3,1,0,2,1,223,2,24,2,6,7,1,2,2,2,2,2,2,0,0,0,0,0,0,0,0,0,0,0,0,0,0,0,0,0,0,0,0,0,0,0,0,0,0,0,0,0,0,0,0,0,0,0,0,0,0,0,0,0,0,0,0,0,0,0,3,2,2,2,2,1,1,1,2,1,3,1,1,1,1,1,14204,4,4,2,0,0,0,2,0,0,0
11B215,9,40443,4,1,0,1,1,223,2,58,2,3,1,1,2,2,2,1,2,2,0,0,0,0,0,0,0,0,0,0,0,0,0,0,0,0,0,0,0,0,0,0,0,0,0,0,0,0,0,3,4,1,1,1,1,1,3,30,2,1,2,15,2,0,2,3,2,0,2,2,2,2,1,1,2,0,1,2,1,1,1,1,1,9831,3,3,1,0,0,2,1,3,2,0
11B215,9,40443,1,1,0,1,1,223,2,69,6,2,7,1,2,2,2,2,2,2,0,0,0,0,0,0,0,0,0,0,0,0,0,0,0,0,0,0,0,0,0,0,0,0,0,0,0,0,0,0,0,0,0,0,0,0,0,0,0,0,0,0,0,0,0,0,0,2,2,2,2,2,2,2,2,0,1,1,1,1,3,1,2,12578,4,4,2,0,0,0,2,0,0,1
11B215,9,40450,4,1,0,4,1,223,2,27,3,3,7,1,1,2,1,2,2,2,0,0,0,0,0,0,0,0,0,0,0,0,0,2,4,2,2,2,2,2,2,2,1,2,2,0,2,1,1,0,0,0,0,0,0,0,0,0,0,0,0,20,2,0,3,3,2,0,2,2,2,2,2,2,2,0,2,0,1,2,1,2,1,38282,1,3,1,0,2,0,1,2,0,1
11B215,9,40450,3,1,0,1,1,223,1,42,4,1,1,1,1,2,2,1,2,2,0,0,0,0,0,0,0,0,0,0,0,0,0,0,0,0,0,0,0,0,0,0,0,0,0,0,0,0,0,3,4,1,1,1,1,1,3,65,2,1,1,25,2,0,3,3,2,0,2,2,2,2,2,2,2,0,2,0,1,2,2,2,1,56270,1,3,1,0,0,2,1,3,2,1
11B215,9,40450,2,1,0,4,1,223,1,54,4,3,1,1,2,2,2,2,2,2,0,0,0,0,0,0,0,0,0,0,0,0,0,0,0,0,0,0,0,0,0,0,0,0,0,0,0,0,0,0,0,0,0,0,0,0,0,0,0,0,0,0,0,0,0,0,0,1,2,2,2,2,2,2,2,0,2,0,1,2,1,2,2,44127,4,4,2,0,0,0,2,0,2,1
11B215,9,40450,1,1,0,2,1,223,2,41,3,3,7,1,2,2,2,2,2,2,0,0,0,0,0,0,0,0,0,0,0,0,0,0,0,0,0,0,0,0,0,0,0,0,0,0,0,0,0,0,0,0,0,0,0,0,0,0,0,0,0,0,0,0,0,0,0,3,2,2,2,1,2,2,2,0,2,0,1,2,2,2,1,17632,4,4,2,0,0,0,2,0,0,1
11B201,9,40454,3,1,0,4,1,223,2,50,3,2,1,1,1,1,1,2,2,2,2,3,2,2,2,1,2,2,2,0,2,1,1,3,4,2,2,1,1,2,2,2,2,2,3,90,2,1,1,0,0,0,0,0,0,0,0,0,0,0,0,60,2,0,3,4,2,0,1,2,2,2,2,1,1,2,1,2,1,1,1,1,1,34038,1,2,1,2,2,0,1,5,2,1
11B201,9,40454,4,1,0,1,1,223,1,41,7,4,1,1,1,2,2,1,2,2,0,0,0,0,0,0,0,0,0,0,0,0,0,0,0,0,0,0,0,0,0,0,0,0,0,0,0,0,0,5,4,1,1,1,1,1,3,120,2,1,1,60,1,3,4,4,2,0,2,2,2,2,1,1,1,2,1,4,1,1,1,1,1,8425,1,3,1,0,0,2,1,5,2,2
11B201,9,40454,2,1,0,3,1,223,1,51,4,3,1,1,2,2,2,2,2,2,0,0,0,0,0,0,0,0,0,0,0,0,0,0,0,0,0,0,0,0,0,0,0,0,0,0,0,0,0,0,0,0,0,0,0,0,0,0,0,0,0,0,0,0,0,0,0,3,2,2,2,2,2,2,2,0,2,0,1,2,1,2,2,24778,4,4,2,0,0,0,2,0,2,1
11B201,9,40454,1,1,0,1,1,223,2,29,4,3,7,1,1,2,1,2,2,1,0,0,0,0,0,0,0,0,0,0,0,0,0,3,4,2,2,2,2,2,2,2,1,2,2,0,2,1,1,0,0,0,0,0,0,0,0,0,0,0,0,25,2,0,2,3,2,0,2,2,2,2,2,1,2,0,1,1,1,1,1,1,1,7165,1,3,1,0,2,0,1,3,0,1
11B201,9,40504,1,1,0,2,1,223,2,59,0,,8,1,1,2,1,2,2,2,0,0,0,0,0,0,0,0,0,0,0,0,0,3,4,2,2,1,2,2,2,2,1,2,2,0,2,1,1,0,0,0,0,0,0,0,0,0,0,0,0,40,2,0,2,3,2,0,2,2,2,2,2,2,2,0,2,0,1,2,1,2,2,15117,1,3,1,0,2,0,1,3,0,0
11B201,9,40504,4,1,0,1,1,223,1,30,3,3,1,1,1,2,1,2,2,1,0,0,0,0,0,0,0,0,0,0,0,0,0,2,4,1,2,2,2,2,2,2,2,2,3,80,1,2,1,0,0,0,0,0,0,0,0,0,0,0,0,40,1,5,4,4,2,0,2,2,2,2,2,2,2,0,2,0,1,2,1,2,1,10199,1,3,1,0,1,0,1,2,2,1
11B201,9,40504,2,1,0,1,1,223,2,37,3,3,1,1,1,2,1,2,2,2,0,0,0,0,0,0,0,0,0,0,0,0,0,3,4,2,2,2,2,2,2,2,1,2,3,50,2,1,1,0,0,0,0,0,0,0,0,0,0,0,0,20,2,0,4,4,2,0,1,2,2,2,1,1,1,2,1,1,1,1,1,1,1,16511,1,3,1,0,2,0,1,3,2,1
11B201,9,40504,3,1,0,1,1,223,1,65,3,2,1,1,1,2,1,1,2,2,0,0,0,0,0,0,0,0,0,0,0,0,0,2,4,2,2,1,2,2,2,1,2,2,2,0,2,1,1,6,3,1,1,1,1,1,3,120,2,1,1,60,1,3,2,3,2,0,2,2,2,2,2,2,2,0,2,0,1,2,2,2,1,19602,1,3,1,0,2,2,1,8,2,1
13B201,9,40510,2,1,0,1,1,223,2,65,8,3,1,1,2,2,2,2,2,2,0,0,0,0,0,0,0,0,0,0,0,0,0,0,0,0,0,0,0,0,0,0,0,0,0,0,0,0,0,0,0,0,0,0,0,0,0,0,0,0,0,0,0,0,0,0,0,3,2,2,2,2,2,2,2,0,2,0,1,1,1,1,1,10420,4,4,2,0,0,0,2,0,2,2
13B201,9,40510,1,1,1,2,1,223,2,61,7,4,7,1,2,2,2,2,2,2,0,0,0,0,0,0,0,0,0,0,0,0,0,0,0,0,0,0,0,0,0,0,0,0,0,0,0,0,0,0,0,0,0,0,0,0,0,0,0,0,0,0,0,0,0,0,0,3,2,2,2,2,2,2,2,0,2,0,1,1,1,1,1,32576,4,4,2,0,0,0,2,0,0,2
13B215,9,40543,3,1,0,1,1,223,1,58,4,3,1,1,2,2,2,2,2,2,0,0,0,0,0,0,0,0,0,0,0,0,0,0,0,0,0,0,0,0,0,0,0,0,0,0,0,0,0,0,0,0,0,0,0,0,0,0,0,0,0,0,0,0,0,0,0,3,2,2,2,2,2,2,2,0,1,1,1,2,2,2,2,9563,4,4,2,0,0,0,2,0,2,1
13B215,9,40543,2,1,0,2,1,223,1,50,3,3,2,1,2,2,2,2,2,2,0,0,0,0,0,0,0,0,0,0,0,0,0,0,0,0,0,0,0,0,0,0,0,0,0,0,0,0,0,0,0,0,0,0,0,0,0,0,0,0,0,0,0,0,0,0,0,3,2,2,2,2,2,2,2,0,1,1,1,2,2,2,2,46545,4,4,2,0,0,0,2,0,1,1
13B215,9,40543,4,1,0,2,1,223,2,59,6,3,7,1,2,2,2,2,2,2,0,0,0,0,0,0,0,0,0,0,0,0,0,0,0,0,0,0,0,0,0,0,0,0,0,0,0,0,0,0,0,0,0,0,0,0,0,0,0,0,0,0,0,0,0,0,0,3,2,2,2,2,2,2,2,0,2,0,1,2,2,2,2,17029,4,4,2,0,0,0,2,0,0,1
13B215,9,40543,1,1,0,1,1,223,2,55,7,4,1,1,2,2,2,2,2,2,0,0,0,0,0,0,0,0,0,0,0,0,0,0,0,0,0,0,0,0,0,0,0,0,0,0,0,0,0,0,0,0,0,0,0,0,0,0,0,0,0,0,0,0,0,0,0,3,2,2,2,2,2,2,2,0,2,0,1,2,1,2,2,8514,4,4,2,0,0,0,2,0,2,2
12B215,9,40545,4,1,0,3,1,223,2,19,4,3,6,1,1,1,1,1,2,1,3,2,2,1,2,2,2,2,3,800,2,1,1,5,4,2,2,2,1,2,2,1,1,2,2,0,2,1,1,2,3,1,1,1,1,1,2,0,2,1,1,40,2,0,4,3,2,0,1,1,2,1,1,1,2,0,1,3,1,1,1,1,1,30348,1,2,1,2,2,2,1,10,1,1
12B215,9,40545,3,1,0,2,1,223,2,29,4,3,7,1,2,2,2,2,2,2,0,0,0,0,0,0,0,0,0,0,0,0,0,0,0,0,0,0,0,0,0,0,0,0,0,0,0,0,0,0,0,0,0,0,0,0,0,0,0,0,0,0,0,0,0,0,0,3,2,2,2,2,1,2,2,0,1,2,1,1,1,1,1,16603,4,4,2,0,0,0,2,0,0,1
12B215,9,40545,2,1,0,1,1,223,2,76,2,6,7,1,2,2,2,2,2,2,0,0,0,0,0,0,0,0,0,0,0,0,0,0,0,0,0,0,0,0,0,0,0,0,0,0,0,0,0,0,0,0,0,0,0,0,0,0,0,0,0,0,0,0,0,0,0,5,2,2,2,2,2,2,2,0,1,1,1,1,1,1,1,8958,4,4,2,0,0,0,2,0,0,0
12B215,9,40545,1,1,0,1,1,223,2,60,7,4,8,1,1,1,1,2,2,2,1,3,2,2,2,1,2,2,2,0,2,1,1,5,4,2,2,1,2,2,2,2,2,2,2,0,2,1,1,0,0,0,0,0,0,0,0,0,0,0,0,30,2,0,2,3,2,0,2,2,2,2,2,2,2,0,1,3,1,1,1,1,1,7001,1,2,1,2,2,0,1,6,0,2
12B215,9,40549,4,1,0,1,1,223,1,38,4,3,1,1,1,2,1,1,2,2,0,0,0,0,0,0,0,0,0,0,0,0,0,2,4,1,2,2,2,2,2,2,2,2,2,0,2,1,4,5,4,1,1,1,1,1,3,100,2,1,1,90,2,0,4,4,2,0,2,2,2,2,1,1,1,2,1,2,1,2,1,1,1,9671,1,3,1,0,2,2,1,7,2,1
12B215,9,40549,3,1,0,1,1,223,1,52,7,4,1,1,1,2,1,2,2,2,0,0,0,0,0,0,0,0,0,0,0,0,0,4,4,2,2,2,2,2,2,2,1,2,2,0,2,1,1,0,0,0,0,0,0,0,0,0,0,0,0,25,2,0,2,3,2,0,2,2,2,2,2,2,2,0,2,0,1,2,2,2,2,37920,1,3,1,0,2,0,1,4,2,2
12B215,9,40549,2,1,0,1,1,223,2,69,2,6,1,1,1,1,1,2,2,2,3,3,2,2,2,1,1,2,2,0,2,1,1,3,4,2,2,2,2,2,2,1,1,2,3,100,2,1,1,0,0,0,0,0,0,0,0,0,0,0,0,60,2,0,4,4,2,0,1,2,2,2,2,1,1,2,1,3,1,2,1,2,2,8875,1,2,1,2,2,0,1,6,2,0
12B215,9,40549,1,1,0,1,1,223,1,71,4,3,8,1,1,1,2,1,2,2,2,3,2,2,2,1,2,2,3,600,2,1,1,0,0,0,0,0,0,0,0,0,0,0,0,0,0,0,0,7,4,1,1,1,1,1,3,140,2,1,1,60,2,0,3,4,2,0,1,2,2,2,2,2,2,0,1,3,1,2,2,2,2,35978,1,2,1,2,0,2,1,9,0,1
11B215,9,40551,2,1,0,1,1,223,2,75,2,6,1,2,0,0,0,0,0,0,0,0,0,0,0,0,0,0,0,0,0,0,0,0,0,0,0,0,0,0,0,0,0,0,0,0,0,0,0,0,0,0,0,0,0,0,0,0,0,0,0,0,0,0,0,0,0,0,0,0,0,0,0,0,0,0,0,0,0,0,0,0,0,8202,0,0,0,0,0,0,0,0,2,0
11B215,9,40551,4,1,0,1,1,223,2,45,3,3,1,1,2,2,2,2,2,2,0,0,0,0,0,0,0,0,0,0,0,0,0,0,0,0,0,0,0,0,0,0,0,0,0,0,0,0,0,0,0,0,0,0,0,0,0,0,0,0,0,0,0,0,0,0,0,3,2,2,2,2,2,2,2,0,2,0,1,1,1,1,1,14442,4,4,2,0,0,0,2,0,2,1
11B215,9,40551,1,1,0,1,1,223,2,72,0,,7,1,2,2,2,2,2,2,0,0,0,0,0,0,0,0,0,0,0,0,0,0,0,0,0,0,0,0,0,0,0,0,0,0,0,0,0,0,0,0,0,0,0,0,0,0,0,0,0,0,0,0,0,0,0,5,2,2,2,2,2,2,2,0,2,0,1,1,1,1,1,16404,4,4,2,0,0,0,2,0,0,0
12B201,9,40559,2,1,0,1,1,223,1,61,7,4,1,1,1,2,2,1,2,2,0,0,0,0,0,0,0,0,0,0,0,0,0,0,0,0,0,0,0,0,0,0,0,0,0,0,0,0,0,2,4,1,1,1,1,1,3,10,2,1,2,30,1,6,3,3,2,0,2,2,2,2,2,2,2,0,2,0,1,1,1,1,1,19039,1,3,1,0,0,2,1,2,2,2
12B201,9,40559,3,1,0,1,1,223,2,67,9,2,1,1,1,1,2,1,2,2,7,1,2,2,2,1,1,2,3,600,2,1,1,0,0,0,0,0,0,0,0,0,0,0,0,0,0,0,0,1,1,1,1,1,1,1,3,7,2,1,1,120,2,0,3,3,1,0,1,1,1,1,1,1,1,1,1,4,1,1,1,1,1,10844,1,2,1,2,0,2,1,8,2,2
12B201,9,40559,1,1,0,2,1,223,2,49,4,3,7,1,2,2,2,2,2,2,0,0,0,0,0,0,0,0,0,0,0,0,0,0,0,0,0,0,0,0,0,0,0,0,0,0,0,0,0,0,0,0,0,0,0,0,0,0,0,0,0,0,0,0,0,0,0,3,2,2,2,2,2,2,2,0,2,0,1,1,1,1,1,28641,4,4,2,0,0,0,2,0,0,1
12B201,9,40559,4,1,0,3,1,223,1,36,7,4,1,1,2,2,2,2,2,2,0,0,0,0,0,0,0,0,0,0,0,0,0,0,0,0,0,0,0,0,0,0,0,0,0,0,0,0,0,0,0,0,0,0,0,0,0,0,0,0,0,0,0,0,0,0,0,3,2,2,2,2,2,2,2,0,2,0,1,1,1,1,1,35450,4,4,2,0,0,0,2,0,2,2
12B201,9,40561,2,1,0,1,1,223,2,65,3,3,8,1,1,2,2,2,2,1,0,0,0,0,0,0,0,0,0,0,0,0,0,0,0,0,0,0,0,0,0,0,0,0,0,0,0,0,0,0,0,0,0,0,0,0,0,0,0,0,0,30,2,0,2,2,1,0,2,2,2,2,2,2,2,0,2,0,1,2,2,2,2,9377,1,3,1,0,0,0,2,0,0,1
12B201,9,40561,3,1,0,3,1,223,2,53,7,4,1,1,2,2,2,2,2,2,0,0,0,0,0,0,0,0,0,0,0,0,0,0,0,0,0,0,0,0,0,0,0,0,0,0,0,0,0,0,0,0,0,0,0,0,0,0,0,0,0,0,0,0,0,0,0,3,2,2,2,2,1,2,2,0,2,0,1,1,1,2,2,41277,4,4,2,0,0,0,2,0,2,2
12B201,9,40561,4,1,0,1,1,223,2,59,7,4,7,1,2,2,2,2,2,2,0,0,0,0,0,0,0,0,0,0,0,0,0,0,0,0,0,0,0,0,0,0,0,0,0,0,0,0,0,0,0,0,0,0,0,0,0,0,0,0,0,0,0,0,0,0,0,3,2,2,2,2,2,2,2,0,1,1,1,1,1,2,2,29314,4,4,2,0,0,0,2,0,0,2
12B201,9,40561,1,1,0,2,1,223,2,56,4,3,7,1,1,2,1,2,2,1,0,0,0,0,0,0,0,0,0,0,0,0,0,2,4,2,2,2,1,2,1,2,2,2,3,70,2,1,1,0,0,0,0,0,0,0,0,0,0,0,0,30,2,0,2,3,1,0,2,2,2,2,1,1,2,0,1,1,1,1,1,1,1,14657,1,3,1,0,2,0,1,2,0,1
11B202,9,40562,4,1,0,1,1,223,2,36,4,1,1,1,2,2,2,2,2,2,0,0,0,0,0,0,0,0,0,0,0,0,0,0,0,0,0,0,0,0,0,0,0,0,0,0,0,0,0,0,0,0,0,0,0,0,0,0,0,0,0,0,0,0,0,0,0,3,2,2,2,2,2,1,1,2,1,2,1,1,1,1,1,10305,4,4,2,0,0,0,2,0,2,1
11B202,9,40562,3,1,0,2,1,223,1,44,4,3,1,1,1,2,2,1,2,2,0,0,0,0,0,0,0,0,0,0,0,0,0,0,0,0,0,0,0,0,0,0,0,0,0,0,0,0,0,6,3,1,1,1,1,1,3,130,2,1,1,30,1,3,4,4,2,0,2,2,2,2,2,2,2,0,1,1,1,2,1,2,1,32886,1,3,1,0,0,2,1,6,2,1
11B202,9,40562,1,1,0,1,1,223,1,36,8,2,1,1,1,2,2,1,2,2,0,0,0,0,0,0,0,0,0,0,0,0,0,0,0,0,0,0,0,0,0,0,0,0,0,0,0,0,0,7,3,1,1,1,1,1,3,150,2,1,1,40,2,0,4,4,2,0,2,2,2,2,1,1,1,2,1,3,1,1,1,1,1,19732,1,3,1,0,0,2,1,7,2,2
11B202,9,40562,2,1,0,4,1,223,1,37,7,5,1,1,1,1,1,1,2,2,5,3,2,1,2,1,1,2,3,2000,2,1,1,4,3,2,1,2,2,2,1,1,2,2,3,150,2,1,1,7,3,1,1,1,1,1,3,140,2,1,1,120,2,0,4,4,1,0,1,2,2,2,1,1,1,2,1,3,1,1,1,1,1,26310,1,2,1,2,2,2,1,16,2,2
12B215,9,40597,4,1,0,3,1,223,1,59,4,3,1,1,2,2,2,2,2,2,0,0,0,0,0,0,0,0,0,0,0,0,0,0,0,0,0,0,0,0,0,0,0,0,0,0,0,0,0,0,0,0,0,0,0,0,0,0,0,0,0,0,0,0,0,0,0,3,2,2,2,2,1,1,1,2,1,5,1,1,1,1,1,25424,4,4,2,0,0,0,2,0,2,1
12B215,9,40597,3,1,0,1,1,223,1,61,3,3,1,1,2,2,2,2,2,2,0,0,0,0,0,0,0,0,0,0,0,0,0,0,0,0,0,0,0,0,0,0,0,0,0,0,0,0,0,0,0,0,0,0,0,0,0,0,0,0,0,0,0,0,0,0,0,1,2,2,2,2,2,2,2,0,2,0,1,1,1,1,1,16949,4,4,2,0,0,0,2,0,2,1
12B215,9,40597,2,1,0,1,1,223,2,75,2,6,7,1,2,2,2,2,2,2,0,0,0,0,0,0,0,0,0,0,0,0,0,0,0,0,0,0,0,0,0,0,0,0,0,0,0,0,0,0,0,0,0,0,0,0,0,0,0,0,0,0,0,0,0,0,0,5,2,2,2,2,2,2,2,0,2,0,1,2,2,2,2,9654,4,4,2,0,0,0,2,0,0,0
11B201,9,40607,3,1,0,2,1,223,2,22,4,2,7,1,2,2,2,2,2,2,0,0,0,0,0,0,0,0,0,0,0,0,0,0,0,0,0,0,0,0,0,0,0,0,0,0,0,0,0,0,0,0,0,0,0,0,0,0,0,0,0,0,0,0,0,0,0,1,2,2,2,2,2,2,2,0,2,0,1,1,1,1,1,27169,4,4,2,0,0,0,2,0,0,1
11B201,9,40607,2,1,0,1,1,223,2,57,2,6,7,1,2,2,2,2,2,2,0,0,0,0,0,0,0,0,0,0,0,0,0,0,0,0,0,0,0,0,0,0,0,0,0,0,0,0,0,0,0,0,0,0,0,0,0,0,0,0,0,0,0,0,0,0,0,1,2,2,2,2,2,2,2,0,2,0,1,1,1,1,1,4701,4,4,2,0,0,0,2,0,0,0
11B201,9,40607,1,1,0,1,1,223,1,56,3,3,1,1,2,2,2,2,2,2,0,0,0,0,0,0,0,0,0,0,0,0,0,0,0,0,0,0,0,0,0,0,0,0,0,0,0,0,0,0,0,0,0,0,0,0,0,0,0,0,0,0,0,0,0,0,0,3,2,2,2,2,2,2,2,0,2,0,1,1,1,1,1,5280,4,4,2,0,0,0,2,0,2,1
12B201,9,40608,3,1,0,1,1,223,1,38,3,3,1,1,1,2,1,2,2,2,0,0,0,0,0,0,0,0,0,0,0,0,0,3,4,1,2,2,2,2,1,1,2,2,2,0,2,1,1,0,0,0,0,0,0,0,0,0,0,0,0,30,2,0,3,3,2,0,2,2,2,2,2,2,2,0,2,0,1,2,1,2,1,44590,1,3,1,0,2,0,1,3,2,1
12B201,9,40608,4,1,1,2,1,223,2,30,4,3,7,1,2,2,2,2,2,2,0,0,0,0,0,0,0,0,0,0,0,0,0,0,0,0,0,0,0,0,0,0,0,0,0,0,0,0,0,0,0,0,0,0,0,0,0,0,0,0,0,0,0,0,0,0,0,3,2,2,2,2,2,2,2,0,2,0,1,1,1,2,2,18959,4,4,2,0,0,0,2,0,0,1
12B201,9,40608,1,1,1,1,1,223,1,75,3,3,8,1,1,2,2,1,2,2,0,0,0,0,0,0,0,0,0,0,0,0,0,0,0,0,0,0,0,0,0,0,0,0,0,0,0,0,0,5,4,1,1,1,1,1,2,0,2,1,1,25,2,0,3,3,2,0,2,2,2,2,2,2,2,0,2,0,1,2,2,2,2,20735,1,3,1,0,0,2,1,5,0,1
12B201,9,40608,2,1,0,4,1,223,1,28,4,3,1,1,1,2,2,2,2,1,0,0,0,0,0,0,0,0,0,0,0,0,0,0,0,0,0,0,0,0,0,0,0,0,0,0,0,0,0,0,0,0,0,0,0,0,0,0,0,0,0,40,2,0,4,4,2,0,2,2,2,2,2,2,2,0,2,0,1,1,1,1,1,53946,1,3,1,0,0,0,2,0,2,1
11A207,10,40010,4,1,0,1,26,223,2,21,4,3,1,1,2,2,2,2,2,2,0,0,0,0,0,0,0,0,0,0,0,0,0,0,0,0,0,0,0,0,0,0,0,0,0,0,0,0,0,0,0,0,0,0,0,0,0,0,0,0,0,0,0,0,0,0,0,3,2,2,2,2,2,2,2,0,1,1,1,2,1,1,2,8339,4,4,2,0,0,0,2,0,2,1
11A207,10,40010,3,1,0,3,26,223,2,51,4,3,7,1,2,2,2,1,2,2,0,0,0,0,0,0,0,0,0,0,0,0,0,0,0,0,0,0,0,0,0,0,0,0,0,0,0,0,0,2,4,2,2,2,1,1,2,0,2,1,1,30,2,0,3,3,1,0,2,2,2,2,2,2,2,0,2,0,1,2,2,1,2,19505,3,3,1,0,0,2,1,2,0,1
11A207,10,40010,2,1,0,2,26,223,2,64,3,3,7,1,2,2,2,2,2,2,0,0,0,0,0,0,0,0,0,0,0,0,0,0,0,0,0,0,0,0,0,0,0,0,0,0,0,0,0,0,0,0,0,0,0,0,0,0,0,0,0,0,0,0,0,0,0,2,2,2,2,2,2,2,2,0,2,0,1,1,1,1,2,23087,4,4,2,0,0,0,2,0,0,1
12B213,10,40038,1,1,0,5,26,223,1,29,7,5,5,1,1,2,2,1,2,1,0,0,0,0,0,0,0,0,0,0,0,0,0,0,0,0,0,0,0,0,0,0,0,0,0,0,0,0,0,2,4,1,1,2,2,1,3,10,2,1,1,40,2,0,2,3,2,0,2,2,2,2,1,1,2,0,1,1,1,1,1,1,1,48139,1,3,1,0,0,2,1,2,2,2
12B213,10,40038,4,1,0,1,26,223,1,48,3,3,1,1,1,2,1,1,2,1,0,0,0,0,0,0,0,0,0,0,0,0,0,1,4,2,2,2,1,2,2,2,2,2,3,40,2,1,1,5,3,2,1,1,2,1,3,25,2,1,1,30,1,5,4,4,2,0,2,1,2,2,2,1,1,2,1,2,1,1,1,1,1,19502,1,3,1,0,2,2,1,6,2,1
12B216,10,40075,4,1,0,2,26,223,1,27,4,3,1,1,1,1,2,1,1,2,3,4,2,2,2,1,2,2,3,800,2,1,1,0,0,0,0,0,0,0,0,0,0,0,0,0,0,0,0,2,4,2,2,2,2,1,3,10,2,1,2,30,2,0,3,4,1,0,2,2,2,2,2,2,1,1,2,0,1,2,1,1,1,20077,1,2,1,2,0,2,1,5,2,1
12B216,10,40075,2,1,0,2,26,223,1,26,7,4,1,1,1,2,1,1,1,1,0,0,0,0,0,0,0,0,0,0,0,0,0,3,1,2,1,2,2,2,2,2,2,2,2,0,2,1,2,2,1,1,2,2,1,1,1,0,1,2,2,60,2,0,2,3,2,0,2,2,2,2,2,1,1,1,1,1,1,2,2,2,1,40154,1,3,1,0,2,1,1,5,2,2
12B216,10,40075,3,1,0,1,26,223,2,62,2,1,1,1,2,2,2,2,2,2,0,0,0,0,0,0,0,0,0,0,0,0,0,0,0,0,0,0,0,0,0,0,0,0,0,0,0,0,0,0,0,0,0,0,0,0,0,0,0,0,0,0,0,0,0,0,0,5,2,2,2,2,2,2,2,0,1,1,1,2,2,1,2,7439,4,4,2,0,0,0,2,0,2,0
13A207,10,40077,4,1,0,1,26,223,1,48,4,3,1,1,1,2,2,1,2,2,0,0,0,0,0,0,0,0,0,0,0,0,0,0,0,0,0,0,0,0,0,0,0,0,0,0,0,0,0,5,4,1,1,1,2,1,3,30,2,1,2,20,2,0,2,3,2,0,2,1,2,2,2,1,2,0,1,1,1,1,1,1,2,24195,1,3,1,0,0,2,1,5,2,1
13A207,10,40077,2,1,0,5,26,223,2,19,4,3,6,1,2,2,2,2,2,2,0,0,0,0,0,0,0,0,0,0,0,0,0,0,0,0,0,0,0,0,0,0,0,0,0,0,0,0,0,0,0,0,0,0,0,0,0,0,0,0,0,0,0,0,0,0,0,1,2,2,2,2,2,2,2,0,2,0,1,1,1,1,2,51159,4,4,2,0,0,0,2,0,1,1
13A207,10,40077,3,1,0,1,26,223,1,66,7,5,8,1,1,1,2,2,2,2,2,4,2,2,2,1,2,2,2,0,2,1,1,0,0,0,0,0,0,0,0,0,0,0,0,0,0,0,0,0,0,0,0,0,0,0,0,0,0,0,0,30,2,0,1,3,1,0,1,1,1,1,2,1,2,0,1,1,1,1,1,1,2,22956,1,1,1,2,0,0,1,2,0,2
13A207,10,40077,1,1,0,2,26,223,2,41,4,3,7,1,1,2,1,1,2,1,0,0,0,0,0,0,0,0,0,0,0,0,0,3,4,1,2,2,2,2,2,2,2,2,3,100,2,1,1,4,3,1,1,2,2,1,3,40,2,1,1,40,2,0,2,4,2,0,1,2,2,1,1,1,1,2,1,3,1,1,1,1,1,19336,1,3,1,0,2,2,1,7,0,1
12B202,10,40146,4,1,0,2,26,223,2,48,7,5,7,1,1,1,2,2,2,2,2,4,2,2,1,2,2,2,2,0,2,1,1,0,0,0,0,0,0,0,0,0,0,0,0,0,0,0,0,0,0,0,0,0,0,0,0,0,0,0,0,30,2,0,2,4,2,0,2,2,2,2,1,1,1,1,1,1,1,1,1,1,1,24129,1,1,1,2,0,0,1,2,0,2
12B202,10,40146,2,1,0,2,26,223,2,38,4,3,1,1,1,1,2,1,2,2,3,4,2,2,1,1,2,2,3,600,2,1,1,0,0,0,0,0,0,0,0,0,0,0,0,0,0,0,0,1,3,1,1,1,1,1,3,5,2,1,2,60,1,3,2,4,1,0,2,2,1,1,1,1,1,2,1,3,1,1,1,1,1,31194,1,2,1,2,0,2,1,4,2,1
12B202,10,40146,3,1,1,1,26,223,2,52,4,3,7,1,1,1,2,2,2,1,1,2,2,2,1,2,2,2,2,0,2,1,1,0,0,0,0,0,0,0,0,0,0,0,0,0,0,0,0,0,0,0,0,0,0,0,0,0,0,0,0,30,2,0,3,2,1,0,2,2,2,2,2,2,1,2,1,1,1,1,1,1,1,16086,1,2,1,2,0,0,1,1,0,1
11B214,10,40196,3,1,0,1,26,223,1,52,3,3,1,1,1,2,1,1,2,2,0,0,0,0,0,0,0,0,0,0,0,0,0,3,5,2,2,2,2,1,2,2,2,2,2,0,2,1,1,4,3,1,1,2,2,1,3,40,2,1,4,30,2,0,3,3,2,0,1,2,1,2,1,1,1,2,1,2,1,2,1,1,1,9636,1,3,1,0,2,2,1,7,2,1
11B214,10,40196,2,1,0,1,26,223,2,52,7,5,1,1,2,2,2,2,2,1,0,0,0,0,0,0,0,0,0,0,0,0,0,0,0,0,0,0,0,0,0,0,0,0,0,0,0,0,0,0,0,0,0,0,0,0,0,0,0,0,0,60,2,0,2,3,1,0,2,2,2,2,2,1,1,1,1,2,1,1,1,1,1,15886,3,3,1,0,0,0,2,0,2,2
11B214,10,40196,1,1,0,2,26,223,2,57,4,3,7,1,1,2,2,2,2,2,0,0,0,0,0,0,0,0,0,0,0,0,0,0,0,0,0,0,0,0,0,0,0,0,0,0,0,0,0,0,0,0,0,0,0,0,0,0,0,0,0,0,0,0,0,0,0,2,2,2,2,2,1,1,1,2,1,2,1,1,1,1,1,14102,2,4,2,0,0,0,2,0,0,1
11B214,10,40196,4,1,0,1,26,223,1,33,3,3,1,1,2,2,2,2,2,2,0,0,0,0,0,0,0,0,0,0,0,0,0,0,0,0,0,0,0,0,0,0,0,0,0,0,0,0,0,0,0,0,0,0,0,0,0,0,0,0,0,0,0,0,0,0,0,2,1,2,2,2,2,2,2,0,1,1,1,2,1,1,2,19030,4,4,2,0,0,0,2,0,2,1
13B214,10,40228,2,1,0,1,26,223,1,77,3,3,1,1,2,2,2,2,2,2,0,0,0,0,0,0,0,0,0,0,0,0,0,0,0,0,0,0,0,0,0,0,0,0,0,0,0,0,0,0,0,0,0,0,0,0,0,0,0,0,0,0,0,0,0,0,0,5,2,2,2,2,2,2,2,0,2,0,1,1,2,1,2,13380,4,4,2,0,0,0,2,0,2,1
13B214,10,40228,3,1,0,1,26,223,2,21,7,3,6,1,1,1,2,2,2,1,3,2,2,1,2,2,2,2,1,0,1,2,1,0,0,0,0,0,0,0,0,0,0,0,0,0,0,0,0,0,0,0,0,0,0,0,0,0,0,0,0,60,1,5,4,3,1,0,2,2,1,2,2,1,1,2,1,3,1,1,1,1,1,29820,1,2,1,1,0,0,1,3,1,2
13B214,10,40228,4,1,0,1,26,223,1,42,7,5,1,1,2,2,2,2,2,2,0,0,0,0,0,0,0,0,0,0,0,0,0,0,0,0,0,0,0,0,0,0,0,0,0,0,0,0,0,0,0,0,0,0,0,0,0,0,0,0,0,0,0,0,0,0,0,2,2,2,2,2,2,1,2,0,1,1,1,1,1,1,1,28775,4,4,2,0,0,0,2,0,2,2
12A208,10,40269,3,1,1,1,26,223,1,36,4,3,1,1,2,2,2,2,2,2,0,0,0,0,0,0,0,0,0,0,0,0,0,0,0,0,0,0,0,0,0,0,0,0,0,0,0,0,0,0,0,0,0,0,0,0,0,0,0,0,0,0,0,0,0,0,0,2,2,2,2,2,2,2,2,0,2,0,1,1,1,1,1,11312,4,4,2,0,0,0,2,0,2,1
12A208,10,40269,4,1,0,1,26,223,1,51,3,3,1,1,1,2,2,1,2,2,0,0,0,0,0,0,0,0,0,0,0,0,0,0,0,0,0,0,0,0,0,0,0,0,0,0,0,0,0,7,4,1,1,2,2,1,3,35,2,1,2,30,2,0,4,3,2,0,2,2,2,2,2,1,1,2,1,1,1,1,1,1,2,11089,1,3,1,0,0,2,1,7,2,1
12A208,10,40269,2,1,1,1,26,223,1,57,8,2,1,1,1,1,1,1,2,2,1,4,2,2,2,2,1,2,2,0,2,1,1,2,4,2,1,2,2,2,2,2,2,2,2,0,2,1,1,3,3,1,1,1,2,1,3,15,2,1,1,35,2,0,2,3,2,0,2,1,2,2,2,1,2,0,1,1,1,1,1,1,1,18226,1,2,1,2,2,2,1,6,2,2
12A208,10,40269,1,1,0,3,26,223,1,33,7,5,1,1,1,1,2,2,2,1,6,1,2,1,2,2,2,2,1,0,1,2,1,0,0,0,0,0,0,0,0,0,0,0,0,0,0,0,0,0,0,0,0,0,0,0,0,0,0,0,0,30,2,0,2,2,2,0,2,2,2,2,2,2,2,0,2,0,1,1,1,1,1,54745,1,2,1,1,0,0,1,6,2,2
11B215,10,40298,4,1,0,2,26,223,2,44,3,3,7,1,2,2,2,2,2,2,0,0,0,0,0,0,0,0,0,0,0,0,0,0,0,0,0,0,0,0,0,0,0,0,0,0,0,0,0,0,0,0,0,0,0,0,0,0,0,0,0,0,0,0,0,0,0,2,2,2,2,2,2,2,2,0,2,0,1,2,1,1,2,16441,4,4,2,0,0,0,2,0,0,1
11B215,10,40298,1,1,0,3,26,223,1,19,3,3,1,1,2,2,2,2,2,2,0,0,0,0,0,0,0,0,0,0,0,0,0,0,0,0,0,0,0,0,0,0,0,0,0,0,0,0,0,0,0,0,0,0,0,0,0,0,0,0,0,0,0,0,0,0,0,2,2,2,2,2,2,2,2,0,1,1,1,1,1,2,1,38041,4,4,2,0,0,0,2,0,2,1
11B215,10,40298,2,1,0,4,26,223,2,20,7,2,6,1,1,1,2,1,2,1,3,2,2,1,2,2,2,2,2,0,2,1,2,0,0,0,0,0,0,0,0,0,0,0,0,0,0,0,0,1,4,2,2,2,1,1,3,5,2,1,1,60,2,0,4,2,1,0,2,2,1,2,2,2,2,0,2,0,1,1,1,1,1,76120,1,2,1,2,0,2,1,4,1,2
11B215,10,40298,3,1,0,1,26,223,1,66,2,6,1,1,2,2,2,2,2,2,0,0,0,0,0,0,0,0,0,0,0,0,0,0,0,0,0,0,0,0,0,0,0,0,0,0,0,0,0,0,0,0,0,0,0,0,0,0,0,0,0,0,0,0,0,0,0,3,2,2,2,2,2,1,1,2,1,1,1,1,1,1,2,39036,4,4,2,0,0,0,2,0,2,0
12B201,10,40333,4,1,0,1,26,223,1,52,4,2,1,1,1,2,2,1,2,2,0,0,0,0,0,0,0,0,0,0,0,0,0,0,0,0,0,0,0,0,0,0,0,0,0,0,0,0,0,5,4,1,2,2,2,1,2,0,2,1,2,40,2,0,3,3,2,0,2,2,2,2,2,1,2,0,1,1,1,2,1,1,2,20554,1,3,1,0,0,2,1,5,2,1
12B201,10,40333,3,1,1,1,26,223,2,67,7,5,1,1,1,1,2,1,2,2,2,3,2,2,2,1,2,2,2,0,2,1,1,0,0,0,0,0,0,0,0,0,0,0,0,0,0,0,0,7,3,1,2,1,2,1,3,35,2,1,1,30,2,0,2,3,1,0,2,2,1,2,2,2,2,0,2,0,1,1,1,1,1,28866,1,2,1,2,0,2,1,9,2,2
12B201,10,40333,1,1,0,2,26,223,1,69,2,6,1,1,1,2,1,1,2,2,0,0,0,0,0,0,0,0,0,0,0,0,0,2,4,2,2,2,2,2,1,2,2,2,3,70,2,1,1,5,3,2,1,2,2,1,3,30,2,1,2,35,2,0,2,4,2,0,1,1,2,2,2,2,2,0,2,0,1,1,1,2,2,58507,1,3,1,0,2,2,1,7,2,0
11B201,10,40337,4,1,0,10,26,223,2,25,3,3,1,1,2,2,2,2,2,2,0,0,0,0,0,0,0,0,0,0,0,0,0,0,0,0,0,0,0,0,0,0,0,0,0,0,0,0,0,0,0,0,0,0,0,0,0,0,0,0,0,0,0,0,0,0,0,3,2,2,2,2,2,2,2,0,2,0,1,1,1,1,1,26884,4,4,2,0,0,0,2,0,2,1
11B201,10,40337,2,1,0,3,26,223,1,19,4,3,6,1,1,1,2,2,2,1,4,2,2,1,2,2,2,2,3,6000,2,1,2,0,0,0,0,0,0,0,0,0,0,0,0,0,0,0,0,0,0,0,0,0,0,0,0,0,0,0,0,60,2,0,3,3,1,0,1,1,1,1,2,1,1,2,1,1,1,1,1,1,1,38204,1,2,1,2,0,0,1,4,1,1
11B201,10,40337,3,1,0,2,26,223,2,46,3,3,7,1,2,2,2,2,2,2,0,0,0,0,0,0,0,0,0,0,0,0,0,0,0,0,0,0,0,0,0,0,0,0,0,0,0,0,0,0,0,0,0,0,0,0,0,0,0,0,0,0,0,0,0,0,0,1,2,2,2,2,2,1,2,0,1,1,1,2,1,1,2,17028,4,4,2,0,0,0,2,0,0,1
11B201,10,40337,1,1,0,3,26,223,1,22,4,3,1,1,2,2,2,2,2,2,0,0,0,0,0,0,0,0,0,0,0,0,0,0,0,0,0,0,0,0,0,0,0,0,0,0,0,0,0,0,0,0,0,0,0,0,0,0,0,0,0,0,0,0,0,0,0,2,2,2,2,2,2,1,2,0,1,1,1,1,1,1,1,38204,4,4,2,0,0,0,2,0,2,1
12B215,10,40391,1,1,0,3,26,223,1,40,3,3,1,1,1,2,2,1,2,2,0,0,0,0,0,0,0,0,0,0,0,0,0,0,0,0,0,0,0,0,0,0,0,0,0,0,0,0,0,5,4,1,2,2,2,1,3,25,2,1,1,40,2,0,2,4,2,0,2,2,2,2,2,2,2,0,2,0,1,1,1,1,2,31524,1,3,1,0,0,2,1,5,2,1
12B215,10,40391,4,1,0,3,26,223,1,28,7,5,1,1,1,1,2,2,2,1,4,2,2,1,2,2,2,2,1,0,1,2,2,0,0,0,0,0,0,0,0,0,0,0,0,0,0,0,0,0,0,0,0,0,0,0,0,0,0,0,0,40,2,0,3,3,1,0,1,2,1,2,2,1,1,2,1,2,1,1,1,1,1,40680,1,2,1,1,0,0,1,4,2,2
12B215,10,40391,3,1,0,2,26,223,2,32,4,3,1,1,1,2,1,1,2,1,0,0,0,0,0,0,0,0,0,0,0,0,0,3,3,2,2,1,1,2,2,2,2,2,1,0,1,2,1,4,4,2,2,2,1,1,3,20,2,1,1,30,2,0,2,3,1,0,1,1,2,2,2,1,1,1,1,1,1,2,1,1,1,17872,1,3,1,0,1,2,1,7,2,1
12B215,10,40391,2,1,0,2,26,223,2,33,7,5,7,1,1,2,2,1,1,1,0,0,0,0,0,0,0,0,0,0,0,0,0,0,0,0,0,0,0,0,0,0,0,0,0,0,0,0,0,3,2,2,2,1,1,2,3,30,2,1,1,60,2,0,2,3,1,0,1,2,1,1,1,2,1,2,1,1,1,1,1,1,1,17872,1,3,1,0,0,2,1,3,0,2
12B213,11,40005,4,1,0,2,5,223,2,74,6,2,7,1,2,2,2,2,2,2,0,0,0,0,0,0,0,0,0,0,0,0,0,0,0,0,0,0,0,0,0,0,0,0,0,0,0,0,0,0,0,0,0,0,0,0,0,0,0,0,0,0,0,0,0,0,0,5,2,2,2,2,2,2,2,0,2,0,1,2,1,2,2,26619,4,4,2,0,0,0,2,0,0,1
12B213,11,40005,1,1,0,1,5,223,2,71,7,3,8,1,1,1,2,2,2,2,2,4,2,2,1,1,2,2,2,0,2,1,1,0,0,0,0,0,0,0,0,0,0,0,0,0,0,0,0,0,0,0,0,0,0,0,0,0,0,0,0,30,2,0,2,2,2,0,2,2,2,2,2,2,2,0,2,0,1,2,1,1,1,8873,1,1,1,2,0,0,1,2,0,2
12B213,11,40005,2,1,0,1,5,223,2,50,7,4,1,1,1,1,2,2,2,1,6,4,2,1,2,2,2,2,2,0,2,1,1,0,0,0,0,0,0,0,0,0,0,0,0,0,0,0,0,0,0,0,0,0,0,0,0,0,0,0,0,120,2,0,3,3,2,0,2,2,2,2,2,1,2,0,1,2,1,1,1,1,1,23435,1,2,1,2,0,0,1,6,2,2
12B213,11,40005,3,1,0,1,5,223,1,40,8,2,1,1,1,1,1,1,2,1,2,4,2,2,2,2,1,2,3,300,2,1,1,1,4,2,2,2,2,2,1,2,2,2,2,0,2,1,2,1,3,2,2,1,2,2,2,0,2,1,5,30,2,0,3,3,1,0,1,1,2,1,1,1,1,1,1,5,1,2,1,1,1,9669,1,2,1,2,2,2,1,4,2,2
12A207,11,40058,4,1,2,1,5,223,1,28,4,3,1,1,2,2,2,2,2,2,0,0,0,0,0,0,0,0,0,0,0,0,0,0,0,0,0,0,0,0,0,0,0,0,0,0,0,0,0,0,0,0,0,0,0,0,0,0,0,0,0,0,0,0,0,0,0,3,2,2,2,2,1,2,2,0,1,1,1,1,1,1,1,17995,4,4,2,0,0,0,2,0,2,1
12A207,11,40058,3,1,0,6,5,223,2,66,2,6,7,1,2,2,2,2,2,2,0,0,0,0,0,0,0,0,0,0,0,0,0,0,0,0,0,0,0,0,0,0,0,0,0,0,0,0,0,0,0,0,0,0,0,0,0,0,0,0,0,0,0,0,0,0,0,5,2,2,2,2,2,1,1,2,2,0,1,2,2,2,2,25595,4,4,2,0,0,0,2,0,0,0
12A207,11,40058,2,1,0,3,5,223,1,23,7,3,1,1,2,2,1,2,2,1,0,0,0,0,0,0,0,0,0,0,0,0,0,1,4,2,1,2,2,2,2,2,2,2,3,50,2,1,1,0,0,0,0,0,0,0,0,0,0,0,0,30,2,0,2,3,1,0,2,1,2,2,2,2,2,0,1,1,1,2,1,3,2,67408,3,3,1,0,2,0,1,1,2,2
12A207,11,40058,1,1,0,1,5,223,1,48,3,3,1,1,2,2,2,2,2,2,0,0,0,0,0,0,0,0,0,0,0,0,0,0,0,0,0,0,0,0,0,0,0,0,0,0,0,0,0,0,0,0,0,0,0,0,0,0,0,0,0,0,0,0,0,0,0,3,2,2,2,2,2,2,2,0,2,0,1,1,1,1,2,18225,4,4,2,0,0,0,2,0,2,1
12B202,11,40066,1,1,0,1,5,223,1,44,4,3,1,1,1,1,1,1,2,1,3,1,2,1,2,2,2,2,2,0,2,1,1,3,4,2,2,2,1,2,2,2,2,2,2,0,2,1,1,4,3,1,1,1,1,1,3,55,2,1,2,45,2,0,3,3,2,0,2,2,2,2,1,1,1,1,1,2,1,2,1,2,2,26649,1,2,1,2,2,2,1,10,2,1
12B202,11,40066,2,1,0,4,5,223,2,22,2,2,1,1,2,2,2,2,2,2,0,0,0,0,0,0,0,0,0,0,0,0,0,0,0,0,0,0,0,0,0,0,0,0,0,0,0,0,0,0,0,0,0,0,0,0,0,0,0,0,0,0,0,0,0,0,0,1,2,2,2,2,2,1,2,0,1,1,1,1,1,2,2,36822,4,4,2,0,0,0,2,0,2,0
12B202,11,40066,4,1,0,2,5,223,2,49,6,3,1,1,1,1,1,2,2,1,3,4,2,1,2,1,2,2,3,200,2,1,1,2,4,2,2,2,1,2,2,2,2,2,2,0,2,1,1,0,0,0,0,0,0,0,0,0,0,0,0,45,2,0,4,4,2,0,2,2,2,2,2,2,2,0,2,0,1,1,1,1,1,21531,1,2,1,2,2,0,1,5,2,1
12B202,11,40066,3,1,1,2,5,223,2,23,3,3,7,1,2,2,2,2,2,2,0,0,0,0,0,0,0,0,0,0,0,0,0,0,0,0,0,0,0,0,0,0,0,0,0,0,0,0,0,0,0,0,0,0,0,0,0,0,0,0,0,0,0,0,0,0,0,1,2,2,2,2,2,2,2,0,1,1,1,1,1,1,1,18411,4,4,2,0,0,0,2,0,0,1
13B213,11,40140,2,1,0,1,5,223,1,37,7,4,1,1,1,1,2,1,2,2,3,1,2,1,2,2,2,2,3,600,2,1,1,0,0,0,0,0,0,0,0,0,0,0,0,0,0,0,0,2,3,1,1,1,1,2,1,0,1,2,2,40,2,0,3,3,2,0,2,2,2,2,2,2,2,0,1,1,1,1,1,1,1,20088,1,2,1,2,0,1,1,5,2,2
13B213,11,40140,3,1,0,1,5,223,1,54,7,4,1,1,2,1,2,2,2,2,3,1,1,2,2,2,2,2,2,0,2,1,2,0,0,0,0,0,0,0,0,0,0,0,0,0,0,0,0,0,0,0,0,0,0,0,0,0,0,0,0,30,2,0,4,4,1,0,2,2,2,2,2,2,2,0,1,1,1,2,2,2,2,39382,3,1,1,2,0,0,1,3,2,2
13B213,11,40140,1,1,0,1,5,223,2,56,7,4,7,1,1,1,2,2,2,2,3,4,2,2,1,2,2,2,2,0,2,1,1,0,0,0,0,0,0,0,0,0,0,0,0,0,0,0,0,0,0,0,0,0,0,0,0,0,0,0,0,45,2,0,4,4,2,0,2,2,2,2,1,1,1,2,1,3,1,1,1,1,2,14408,1,1,1,2,0,0,1,3,0,2
12B216,11,40149,1,1,0,3,5,223,1,64,2,6,1,1,2,2,2,2,2,2,0,0,0,0,0,0,0,0,0,0,0,0,0,0,0,0,0,0,0,0,0,0,0,0,0,0,0,0,0,0,0,0,0,0,0,0,0,0,0,0,0,0,0,0,0,0,0,5,2,2,2,2,2,1,2,0,1,1,1,2,2,2,2,28927,4,4,2,0,0,0,2,0,2,0
12B216,11,40149,4,1,0,2,5,223,2,58,3,3,7,1,2,2,2,2,2,2,0,0,0,0,0,0,0,0,0,0,0,0,0,0,0,0,0,0,0,0,0,0,0,0,0,0,0,0,0,0,0,0,0,0,0,0,0,0,0,0,0,0,0,0,0,0,0,5,1,2,1,1,1,2,2,0,1,2,1,1,1,1,1,32194,4,4,2,0,0,0,2,0,0,1
12B216,11,40149,2,1,0,3,5,223,1,21,7,3,1,1,1,1,2,2,2,2,3,3,2,1,2,2,2,2,3,900,2,1,1,0,0,0,0,0,0,0,0,0,0,0,0,0,0,0,0,0,0,0,0,0,0,0,0,0,0,0,0,60,2,0,4,3,2,0,2,1,2,2,2,2,2,0,1,1,1,2,2,2,2,32546,1,1,1,2,0,0,1,3,2,2
12B216,11,40149,3,1,0,2,5,223,2,48,4,3,7,1,1,2,2,1,2,2,0,0,0,0,0,0,0,0,0,0,0,0,0,0,0,0,0,0,0,0,0,0,0,0,0,0,0,0,0,3,3,1,1,1,1,2,2,0,2,1,1,20,2,0,2,3,2,0,2,2,2,2,1,1,1,2,1,1,1,1,2,1,1,29012,1,3,1,0,0,2,1,3,0,1
11A207,11,40152,1,1,0,1,5,223,1,69,2,6,1,1,2,2,2,2,2,2,0,0,0,0,0,0,0,0,0,0,0,0,0,0,0,0,0,0,0,0,0,0,0,0,0,0,0,0,0,0,0,0,0,0,0,0,0,0,0,0,0,0,0,0,0,0,0,3,2,2,2,2,2,2,2,0,2,0,1,1,1,2,2,1634,4,4,2,0,0,0,2,0,2,0
11B216,11,40152,1,1,0,1,5,223,1,49,3,3,1,1,2,2,2,2,2,2,0,0,0,0,0,0,0,0,0,0,0,0,0,0,0,0,0,0,0,0,0,0,0,0,0,0,0,0,0,0,0,0,0,0,0,0,0,0,0,0,0,0,0,0,0,0,0,5,2,2,2,2,2,2,2,0,1,1,1,1,1,2,2,42982,4,4,2,0,0,0,2,0,2,1
11B216,11,40152,2,1,0,1,5,223,2,42,2,6,1,1,2,2,1,2,2,2,0,0,0,0,0,0,0,0,0,0,0,0,0,1,4,2,2,2,2,2,2,2,1,2,2,0,2,1,1,0,0,0,0,0,0,0,0,0,0,0,0,20,1,5,1,3,2,0,2,2,2,2,2,2,2,0,2,0,1,2,1,2,2,13740,3,3,1,0,2,0,1,1,2,0
11B216,11,40152,3,1,0,1,5,223,2,55,3,3,1,1,1,1,2,2,2,2,10,3,2,2,1,1,1,2,2,0,2,1,1,0,0,0,0,0,0,0,0,0,0,0,0,0,0,0,0,0,0,0,0,0,0,0,0,0,0,0,0,15,2,0,3,4,2,0,2,2,2,2,2,1,1,1,1,1,1,1,1,2,2,12580,1,1,1,2,0,0,1,10,2,1
11B216,11,40152,4,1,0,6,5,223,2,72,2,3,7,1,2,2,2,2,2,2,0,0,0,0,0,0,0,0,0,0,0,0,0,0,0,0,0,0,0,0,0,0,0,0,0,0,0,0,0,0,0,0,0,0,0,0,0,0,0,0,0,0,0,0,0,0,0,1,2,2,2,2,2,2,2,0,2,0,1,3,3,2,2,56337,4,4,2,0,0,0,2,0,0,0
11A207,11,40152,2,1,0,1,5,223,1,69,2,6,1,1,1,2,2,1,2,2,0,0,0,0,0,0,0,0,0,0,0,0,0,0,0,0,0,0,0,0,0,0,0,0,0,0,0,0,0,3,4,1,1,2,2,1,2,0,2,1,2,30,2,0,1,3,2,0,2,2,2,2,2,2,2,0,2,0,1,2,2,2,2,1634,1,3,1,0,0,2,1,3,2,0
11B213,11,40187,4,1,0,1,5,223,1,65,2,3,10,2,0,0,0,0,0,0,0,0,0,0,0,0,0,0,0,0,0,0,0,0,0,0,0,0,0,0,0,0,0,0,0,0,0,0,0,0,0,0,0,0,0,0,0,0,0,0,0,0,0,0,0,0,0,0,0,0,0,0,0,0,0,0,0,0,0,0,0,0,0,6447,0,0,0,0,0,0,0,0,0,0
11B213,11,40187,1,1,0,8,5,223,2,25,7,4,1,1,1,1,2,2,2,2,12,1,2,1,2,1,2,2,3,3000,2,1,1,0,0,0,0,0,0,0,0,0,0,0,0,0,0,0,0,0,0,0,0,0,0,0,0,0,0,0,0,120,2,0,4,4,1,0,1,2,1,1,1,2,1,2,1,5,1,1,2,1,1,47163,1,1,1,2,0,0,1,12,2,2
11B213,11,40187,2,1,0,1,5,223,1,32,3,3,1,1,1,2,2,2,1,2,0,0,0,0,0,0,0,0,0,0,0,0,0,0,0,0,0,0,0,0,0,0,0,0,0,0,0,0,0,0,0,0,0,0,0,0,0,0,0,0,0,30,2,0,2,3,2,0,2,2,2,2,2,2,2,0,2,0,1,1,1,2,2,6710,1,3,1,0,0,0,2,0,2,1
11B213,11,40187,3,1,0,2,5,223,2,47,3,3,7,1,1,2,2,2,2,2,0,0,0,0,0,0,0,0,0,0,0,0,0,0,0,0,0,0,0,0,0,0,0,0,0,0,0,0,0,0,0,0,0,0,0,0,0,0,0,0,0,0,0,0,0,0,0,1,1,2,2,2,1,1,1,2,2,0,1,1,1,1,1,22405,2,4,2,0,0,0,2,0,0,1
11B216,11,40204,2,1,0,1,5,223,1,57,2,6,1,1,2,2,1,2,2,2,0,0,0,0,0,0,0,0,0,0,0,0,0,3,5,2,2,2,2,1,2,2,2,2,3,60,2,1,1,0,0,0,0,0,0,0,0,0,0,0,0,15,2,0,2,3,2,0,2,2,2,2,2,1,2,0,2,0,1,2,1,1,1,29406,3,3,1,0,2,0,1,3,2,0
11B216,11,40204,3,1,0,1,5,223,1,22,3,3,1,1,2,2,2,2,2,2,0,0,0,0,0,0,0,0,0,0,0,0,0,0,0,0,0,0,0,0,0,0,0,0,0,0,0,0,0,0,0,0,0,0,0,0,0,0,0,0,0,0,0,0,0,0,0,3,2,2,2,2,1,1,1,3,2,0,1,2,1,2,1,22056,4,4,2,0,0,0,2,0,2,1
11B216,11,40204,1,1,0,1,5,223,2,50,3,3,1,1,2,2,2,1,2,1,0,0,0,0,0,0,0,0,0,0,0,0,0,0,0,0,0,0,0,0,0,0,0,0,0,0,0,0,0,7,3,1,2,1,2,1,2,0,2,1,2,10,1,3,4,1,2,0,2,2,2,2,2,2,1,2,2,0,1,2,1,1,1,7374,3,3,1,0,0,2,1,7,2,1
11B216,11,40204,4,1,0,2,5,223,2,30,2,6,7,1,1,2,2,1,2,2,0,0,0,0,0,0,0,0,0,0,0,0,0,0,0,0,0,0,0,0,0,0,0,0,0,0,0,0,0,7,4,1,1,1,1,1,3,84,2,1,1,60,2,0,2,2,1,0,2,1,2,2,1,2,1,2,1,1,1,1,1,1,1,15521,1,3,1,0,0,2,1,7,0,0
11B202,11,40213,4,1,0,1,5,223,1,40,4,2,1,1,1,1,2,1,2,2,20,4,2,2,2,1,2,2,2,0,2,1,1,0,0,0,0,0,0,0,0,0,0,0,0,0,0,0,0,5,3,1,1,1,1,1,3,50,2,1,2,40,2,0,3,3,2,0,2,1,2,2,2,2,2,0,1,2,1,1,1,2,2,14443,1,2,1,2,0,2,1,25,2,1
11B202,11,40213,3,1,0,1,5,223,1,33,3,3,1,1,2,2,2,2,2,2,0,0,0,0,0,0,0,0,0,0,0,0,0,0,0,0,0,0,0,0,0,0,0,0,0,0,0,0,0,0,0,0,0,0,0,0,0,0,0,0,0,0,0,0,0,0,0,3,2,2,2,2,2,2,2,0,2,0,1,2,2,2,2,13979,4,4,2,0,0,0,2,0,2,1
11B202,11,40213,2,1,0,1,5,223,1,42,3,3,1,1,1,2,2,1,2,2,0,0,0,0,0,0,0,0,0,0,0,0,0,0,0,0,0,0,0,0,0,0,0,0,0,0,0,0,0,4,3,1,1,1,2,1,3,50,2,1,1,30,2,0,2,3,2,0,2,2,2,2,2,2,2,0,2,0,1,3,2,2,2,14443,1,3,1,0,0,2,1,4,2,1
11B202,11,40213,1,1,0,2,5,223,2,43,2,6,1,1,1,1,2,1,2,2,1,5,2,2,1,2,2,2,2,0,2,1,1,0,0,0,0,0,0,0,0,0,0,0,0,0,0,0,0,4,3,1,2,1,1,1,2,0,2,1,1,45,2,0,2,2,2,0,2,2,2,2,2,2,2,0,3,0,1,2,2,2,2,11314,1,2,1,2,0,2,1,5,2,0
11B214,11,40235,2,1,0,2,5,223,2,36,6,3,7,1,1,1,1,2,2,2,3,4,2,2,2,2,1,2,2,0,2,1,1,3,4,2,1,2,2,2,2,2,2,2,3,120,2,1,1,0,0,0,0,0,0,0,0,0,0,0,0,90,2,0,4,4,2,0,2,2,1,1,2,2,2,0,1,1,1,1,1,1,1,14456,1,2,1,2,2,0,1,6,0,1
11B214,11,40235,3,1,0,1,5,223,2,43,3,3,1,1,2,2,2,2,2,2,0,0,0,0,0,0,0,0,0,0,0,0,0,0,0,0,0,0,0,0,0,0,0,0,0,0,0,0,0,0,0,0,0,0,0,0,0,0,0,0,0,0,0,0,0,0,0,1,2,2,2,2,1,1,1,2,1,1,1,1,1,1,1,14456,4,4,2,0,0,0,2,0,2,1
11B214,11,40235,4,1,0,2,5,223,2,71,2,6,7,1,1,2,1,2,2,2,0,0,0,0,0,0,0,0,0,0,0,0,0,9,5,2,2,2,2,1,2,2,2,2,2,0,2,1,1,0,0,0,0,0,0,0,0,0,0,0,0,30,2,0,3,3,2,0,2,2,2,2,2,2,2,0,2,0,1,2,2,2,2,33869,1,3,1,0,2,0,1,9,0,0
11B214,11,40235,1,1,0,2,5,223,2,68,2,4,7,1,2,2,2,2,2,2,0,0,0,0,0,0,0,0,0,0,0,0,0,0,0,0,0,0,0,0,0,0,0,0,0,0,0,0,0,0,0,0,0,0,0,0,0,0,0,0,0,0,0,0,0,0,0,2,2,2,2,2,2,2,2,0,2,0,1,2,2,2,2,25401,4,4,2,0,0,0,2,0,0,0
11A208,11,40244,1,1,0,1,5,223,2,35,3,3,1,1,2,2,2,2,2,2,0,0,0,0,0,0,0,0,0,0,0,0,0,0,0,0,0,0,0,0,0,0,0,0,0,0,0,0,0,0,0,0,0,0,0,0,0,0,0,0,0,0,0,0,0,0,0,3,2,2,2,2,2,2,2,0,2,0,1,2,2,2,2,7825,4,4,2,0,0,0,2,0,2,1
11A208,11,40244,2,1,0,1,5,223,1,39,3,3,1,1,1,2,2,1,2,2,0,0,0,0,0,0,0,0,0,0,0,0,0,0,0,0,0,0,0,0,0,0,0,0,0,0,0,0,0,5,4,1,1,1,1,1,2,0,2,1,2,25,1,7,2,3,2,0,2,2,2,2,2,2,2,0,2,0,1,1,1,2,2,19979,1,3,1,0,0,2,1,5,2,1
11A208,11,40244,3,1,0,1,5,223,1,39,3,3,1,1,2,2,2,2,2,2,0,0,0,0,0,0,0,0,0,0,0,0,0,0,0,0,0,0,0,0,0,0,0,0,0,0,0,0,0,0,0,0,0,0,0,0,0,0,0,0,0,0,0,0,0,0,0,2,2,2,2,2,3,2,2,0,2,0,1,2,2,2,2,9989,4,4,2,0,0,0,2,0,2,1
11A208,11,40244,4,1,1,1,5,223,2,22,4,3,1,1,1,2,2,2,2,1,0,0,0,0,0,0,0,0,0,0,0,0,0,0,0,0,0,0,0,0,0,0,0,0,0,0,0,0,0,0,0,0,0,0,0,0,0,0,0,0,0,25,2,0,4,4,2,0,1,2,2,2,2,2,2,0,2,0,1,1,1,1,1,20705,1,3,1,0,0,0,2,0,2,1
13A208,11,40289,4,1,0,2,5,223,2,32,7,4,1,1,1,1,2,2,2,1,2,4,2,2,2,1,2,2,2,0,2,1,1,0,0,0,0,0,0,0,0,0,0,0,0,0,0,0,0,0,0,0,0,0,0,0,0,0,0,0,0,60,2,0,3,3,2,0,2,2,2,2,2,1,2,0,2,0,1,2,2,2,2,18609,1,2,1,2,0,0,1,2,2,2
13A208,11,40289,3,1,0,1,5,223,2,64,7,4,1,1,1,1,2,2,2,1,6,3,2,1,2,2,1,2,2,0,2,1,1,0,0,0,0,0,0,0,0,0,0,0,0,0,0,0,0,0,0,0,0,0,0,0,0,0,0,0,0,60,1,3,4,4,1,0,1,2,2,1,1,1,1,1,1,2,1,1,1,1,1,15695,1,2,1,2,0,0,1,6,2,2
13A208,11,40289,1,1,0,1,5,223,2,61,8,2,1,1,1,1,1,2,2,1,1,4,2,2,2,2,1,2,3,350,2,1,1,2,4,2,2,2,2,2,1,2,2,2,2,0,2,1,2,0,0,0,0,0,0,0,0,0,0,0,0,30,2,0,3,3,2,0,2,2,2,2,2,1,1,2,1,1,1,1,1,1,1,7848,1,2,1,2,2,0,1,3,2,2
13A208,11,40289,2,1,0,2,5,223,2,56,4,3,7,1,1,1,2,2,2,1,2,4,2,2,2,2,1,2,3,300,2,1,1,0,0,0,0,0,0,0,0,0,0,0,0,0,0,0,0,0,0,0,0,0,0,0,0,0,0,0,0,60,2,0,2,3,1,0,1,2,2,1,1,1,2,0,1,1,1,2,1,2,2,39239,1,2,1,2,0,0,1,2,0,1
12A208,11,40335,4,1,0,2,5,223,2,40,8,2,7,1,1,1,1,2,2,1,2,4,2,2,1,2,2,2,3,400,2,1,1,3,4,2,2,2,2,2,2,1,2,2,3,100,2,1,1,0,0,0,0,0,0,0,0,0,0,0,0,20,2,0,1,3,2,0,2,2,2,1,1,1,1,2,1,5,1,1,1,1,1,15541,1,2,1,2,2,0,1,5,0,2
12A208,11,40335,3,1,0,1,5,223,1,38,4,3,1,1,1,1,2,2,2,1,1,4,2,2,2,2,1,2,2,0,2,1,2,0,0,0,0,0,0,0,0,0,0,0,0,0,0,0,0,0,0,0,0,0,0,0,0,0,0,0,0,30,1,6,2,3,2,0,2,2,2,2,1,1,2,0,1,2,1,1,1,1,1,19838,1,2,1,2,0,0,1,1,2,1
12A208,11,40335,2,1,0,1,5,223,1,43,6,3,1,1,1,2,2,1,2,1,0,0,0,0,0,0,0,0,0,0,0,0,0,0,0,0,0,0,0,0,0,0,0,0,0,0,0,0,0,3,3,2,1,1,2,1,2,0,2,1,2,20,1,6,3,3,2,0,2,2,2,2,2,2,2,0,2,0,1,1,1,1,1,29757,1,3,1,0,0,2,1,3,2,1
12A208,11,40335,1,1,0,2,5,223,2,50,3,3,1,1,2,2,2,2,2,2,0,0,0,0,0,0,0,0,0,0,0,0,0,0,0,0,0,0,0,0,0,0,0,0,0,0,0,0,0,0,0,0,0,0,0,0,0,0,0,0,0,0,0,0,0,0,0,1,2,2,2,2,2,2,2,0,2,0,1,2,1,1,2,40070,4,4,2,0,0,0,2,0,2,1
12B202,11,40341,1,1,0,4,5,223,2,45,6,3,1,1,1,2,2,2,2,1,0,0,0,0,0,0,0,0,0,0,0,0,0,0,0,0,0,0,0,0,0,0,0,0,0,0,0,0,0,0,0,0,0,0,0,0,0,0,0,0,0,15,1,6,3,3,2,0,2,2,2,2,2,2,2,0,2,0,1,1,1,3,2,25615,1,3,1,0,0,0,2,0,2,1
12B202,11,40341,2,1,0,3,5,223,1,39,7,5,1,1,1,1,2,2,1,1,3,4,2,2,2,2,1,2,3,1000,2,1,1,0,0,0,0,0,0,0,0,0,0,0,0,0,0,0,0,0,0,0,0,0,0,0,0,0,0,0,0,5,2,0,1,2,2,0,1,2,2,1,1,1,1,2,1,4,1,1,1,1,1,23778,1,2,1,2,0,0,1,3,2,2
12B202,11,40341,4,1,1,1,5,223,1,32,7,3,1,1,1,1,2,2,2,1,6,4,1,1,1,2,1,2,1,0,1,2,2,0,0,0,0,0,0,0,0,0,0,0,0,0,0,0,0,0,0,0,0,0,0,0,0,0,0,0,0,120,1,5,3,3,1,0,1,1,2,2,1,2,2,0,1,1,1,2,1,1,1,7671,1,2,1,1,0,0,1,6,2,2
12B202,11,40341,3,1,0,1,5,223,2,57,3,3,7,1,1,1,2,2,2,2,1,4,2,2,1,2,2,2,2,0,2,1,1,0,0,0,0,0,0,0,0,0,0,0,0,0,0,0,0,0,0,0,0,0,0,0,0,0,0,0,0,20,2,0,3,3,2,0,1,2,2,1,1,1,1,1,1,1,1,1,1,1,1,17054,1,1,1,2,0,0,1,1,0,1
13B214,11,40374,4,1,0,3,5,223,1,19,7,1,6,1,1,1,2,2,2,1,2,2,2,1,2,2,2,2,1,0,1,2,1,0,0,0,0,0,0,0,0,0,0,0,0,0,0,0,0,0,0,0,0,0,0,0,0,0,0,0,0,30,2,0,3,3,2,0,2,2,1,2,1,1,2,0,1,1,1,1,1,1,1,43190,1,2,1,1,0,0,1,2,1,2
13B214,11,40374,1,1,0,2,5,223,2,62,3,3,7,1,2,2,2,2,2,2,0,0,0,0,0,0,0,0,0,0,0,0,0,0,0,0,0,0,0,0,0,0,0,0,0,0,0,0,0,0,0,0,0,0,0,0,0,0,0,0,0,0,0,0,0,0,0,5,2,2,2,2,2,2,2,0,2,0,1,2,2,2,2,42724,4,4,2,0,0,0,2,0,0,1
12B201,11,40432,1,1,0,1,5,223,1,63,7,5,1,1,1,2,2,2,2,1,0,0,0,0,0,0,0,0,0,0,0,0,0,0,0,0,0,0,0,0,0,0,0,0,0,0,0,0,0,0,0,0,0,0,0,0,0,0,0,0,0,30,2,0,3,3,2,0,1,2,2,1,1,1,2,0,1,1,1,1,1,1,1,21171,1,3,1,0,0,0,2,0,2,2
12B201,11,40432,2,1,0,1,5,223,1,59,8,6,1,1,1,1,1,2,2,1,6,1,2,1,2,2,2,2,1,0,1,2,1,3,1,2,2,2,1,2,1,2,2,2,1,0,1,2,1,0,0,0,0,0,0,0,0,0,0,0,0,180,1,5,4,3,1,0,2,2,2,2,1,1,2,0,1,4,1,2,1,1,1,21171,1,2,1,1,1,0,1,9,2,2
12B201,11,40432,3,1,0,1,5,223,2,33,7,3,7,1,1,2,2,2,2,1,0,0,0,0,0,0,0,0,0,0,0,0,0,0,0,0,0,0,0,0,0,0,0,0,0,0,0,0,0,0,0,0,0,0,0,0,0,0,0,0,0,30,2,0,4,3,2,0,1,2,2,2,2,2,2,0,3,0,1,1,1,1,1,14899,1,3,1,0,0,0,2,0,0,2
12B215,11,40466,1,1,0,2,5,223,1,47,4,3,1,1,2,2,2,2,2,2,0,0,0,0,0,0,0,0,0,0,0,0,0,0,0,0,0,0,0,0,0,0,0,0,0,0,0,0,0,0,0,0,0,0,0,0,0,0,0,0,0,0,0,0,0,0,0,2,2,2,2,2,1,1,1,1,1,1,1,2,2,3,3,19969,4,4,2,0,0,0,2,0,2,1
12B215,11,40466,3,1,0,1,5,223,1,47,3,3,1,1,2,2,2,2,2,2,0,0,0,0,0,0,0,0,0,0,0,0,0,0,0,0,0,0,0,0,0,0,0,0,0,0,0,0,0,0,0,0,0,0,0,0,0,0,0,0,0,0,0,0,0,0,0,1,2,2,2,2,2,2,2,0,2,0,1,2,1,2,2,49923,4,4,2,0,0,0,2,0,2,1
12B215,11,40466,4,1,0,1,5,223,1,58,7,3,1,1,1,1,2,1,2,2,5,1,2,1,2,2,2,2,3,1000,2,1,1,0,0,0,0,0,0,0,0,0,0,0,0,0,0,0,0,5,3,1,1,1,1,1,3,60,2,1,1,60,2,0,3,3,2,0,2,1,2,2,2,2,2,0,2,0,1,2,3,3,3,32822,1,2,1,2,0,2,1,10,2,2
12B215,11,40466,2,1,0,2,5,223,2,78,6,3,7,1,2,2,2,2,2,2,0,0,0,0,0,0,0,0,0,0,0,0,0,0,0,0,0,0,0,0,0,0,0,0,0,0,0,0,0,0,0,0,0,0,0,0,0,0,0,0,0,0,0,0,0,0,0,5,2,2,2,2,2,1,1,2,1,1,1,3,1,2,2,28044,4,4,2,0,0,0,2,0,0,1
11B215,11,40468,4,1,0,1,5,223,1,46,7,4,1,1,1,1,2,2,2,1,6,1,1,2,2,2,1,2,2,0,2,1,1,0,0,0,0,0,0,0,0,0,0,0,0,0,0,0,0,0,0,0,0,0,0,0,0,0,0,0,0,60,2,0,4,4,1,0,2,2,2,2,1,1,1,2,1,5,1,1,1,1,1,15637,1,2,1,2,0,0,1,6,2,2
11B215,11,40468,1,1,0,2,5,223,2,33,3,3,1,1,2,2,2,2,2,1,0,0,0,0,0,0,0,0,0,0,0,0,0,0,0,0,0,0,0,0,0,0,0,0,0,0,0,0,0,0,0,0,0,0,0,0,0,0,0,0,0,25,2,0,2,1,2,0,2,2,2,2,1,1,2,0,1,1,1,1,1,1,1,13566,3,3,1,0,0,0,2,0,2,1
11B215,11,40468,2,1,0,6,5,223,1,19,4,3,1,1,2,2,2,2,2,2,0,0,0,0,0,0,0,0,0,0,0,0,0,0,0,0,0,0,0,0,0,0,0,0,0,0,0,0,0,0,0,0,0,0,0,0,0,0,0,0,0,0,0,0,0,0,0,1,2,2,2,2,2,2,2,0,2,0,1,1,1,1,1,57833,4,4,2,0,0,0,2,0,2,1
11B201,11,40475,2,1,0,1,5,223,1,68,2,3,8,1,1,2,2,1,2,2,0,0,0,0,0,0,0,0,0,0,0,0,0,0,0,0,0,0,0,0,0,0,0,0,0,0,0,0,0,3,3,1,1,1,1,1,3,20,2,1,1,20,2,0,2,3,2,0,2,2,2,2,2,1,1,1,1,1,1,1,1,1,1,18510,1,3,1,0,0,2,1,3,0,0
11B201,11,40475,1,1,0,2,5,223,2,48,3,3,1,1,2,2,2,2,2,2,0,0,0,0,0,0,0,0,0,0,0,0,0,0,0,0,0,0,0,0,0,0,0,0,0,0,0,0,0,0,0,0,0,0,0,0,0,0,0,0,0,0,0,0,0,0,0,5,2,2,2,2,2,1,2,0,2,0,1,1,1,1,2,32160,4,4,2,0,0,0,2,0,2,1
11B213,12,40002,1,1,0,1,13,223,1,61,3,3,1,1,2,2,2,2,2,2,0,0,0,0,0,0,0,0,0,0,0,0,0,0,0,0,0,0,0,0,0,0,0,0,0,0,0,0,0,0,0,0,0,0,0,0,0,0,0,0,0,0,0,0,0,0,0,1,2,2,2,2,2,2,2,0,2,0,1,2,1,1,2,13875,4,4,2,0,0,0,2,0,2,1
11B213,12,40002,2,1,0,2,13,223,2,44,7,5,1,1,1,1,2,2,2,2,3,1,2,1,2,2,2,2,3,1000,2,1,1,0,0,0,0,0,0,0,0,0,0,0,0,0,0,0,0,0,0,0,0,0,0,0,0,0,0,0,0,60,2,0,3,3,1,0,1,2,2,2,2,2,1,2,1,1,1,1,1,1,1,8996,1,1,1,2,0,0,1,3,2,2
11B213,12,40002,3,1,0,1,13,223,2,41,3,3,1,1,2,2,2,2,2,2,0,0,0,0,0,0,0,0,0,0,0,0,0,0,0,0,0,0,0,0,0,0,0,0,0,0,0,0,0,0,0,0,0,0,0,0,0,0,0,0,0,0,0,0,0,0,0,2,2,2,2,2,2,2,2,0,2,0,1,1,1,1,1,13493,4,4,2,0,0,0,2,0,2,1
11B213,12,40002,4,1,0,1,13,223,2,56,3,3,1,1,2,2,1,2,2,2,0,0,0,0,0,0,0,0,0,0,0,0,0,4,4,2,2,2,2,2,2,2,1,2,2,0,2,1,2,0,0,0,0,0,0,0,0,0,0,0,0,15,1,6,3,4,2,0,2,2,2,2,2,2,2,0,2,0,1,1,1,1,1,12354,3,3,1,0,2,0,1,4,2,1
11A207,12,40042,4,1,0,1,13,223,2,40,4,1,1,1,2,2,2,2,2,2,0,0,0,0,0,0,0,0,0,0,0,0,0,0,0,0,0,0,0,0,0,0,0,0,0,0,0,0,0,0,0,0,0,0,0,0,0,0,0,0,0,0,0,0,0,0,0,3,2,2,2,2,2,1,1,2,1,1,1,1,1,1,1,13419,4,4,2,0,0,0,2,0,2,1
11A207,12,40042,1,1,0,1,13,223,1,69,2,6,8,1,2,2,2,2,2,2,0,0,0,0,0,0,0,0,0,0,0,0,0,0,0,0,0,0,0,0,0,0,0,0,0,0,0,0,0,0,0,0,0,0,0,0,0,0,0,0,0,0,0,0,0,0,0,5,2,2,2,2,2,2,2,0,2,0,1,2,1,2,2,15932,4,4,2,0,0,0,2,0,0,0
11A207,12,40042,2,1,0,1,13,223,1,54,8,2,1,1,1,1,2,2,2,2,2,4,2,2,2,1,1,2,3,600,2,1,1,0,0,0,0,0,0,0,0,0,0,0,0,0,0,0,0,0,0,0,0,0,0,0,0,0,0,0,0,40,2,0,3,4,2,0,1,2,2,2,2,2,1,2,1,1,1,1,1,1,1,8396,1,1,1,2,0,0,1,2,2,2
11A207,12,40042,3,1,0,3,13,223,2,22,4,3,7,1,2,2,1,2,2,2,0,0,0,0,0,0,0,0,0,0,0,0,0,2,4,2,2,2,2,2,2,2,1,2,2,0,2,1,1,0,0,0,0,0,0,0,0,0,0,0,0,20,2,0,4,4,2,0,2,2,2,2,2,1,1,2,1,1,1,1,1,1,2,44380,3,3,1,0,2,0,1,2,0,1
11B216,12,40109,4,1,0,1,13,223,2,39,3,3,1,1,2,2,2,2,2,2,0,0,0,0,0,0,0,0,0,0,0,0,0,0,0,0,0,0,0,0,0,0,0,0,0,0,0,0,0,0,0,0,0,0,0,0,0,0,0,0,0,0,0,0,0,0,0,1,2,2,2,2,2,2,2,0,2,0,1,2,1,1,2,7565,4,4,2,0,0,0,2,0,2,1
11B216,12,40109,1,1,0,1,13,223,1,32,3,3,1,1,2,2,2,2,2,2,0,0,0,0,0,0,0,0,0,0,0,0,0,0,0,0,0,0,0,0,0,0,0,0,0,0,0,0,0,0,0,0,0,0,0,0,0,0,0,0,0,0,0,0,0,0,0,1,2,2,2,2,2,2,2,0,2,0,1,2,1,1,2,18693,4,4,2,0,0,0,2,0,2,1
11B216,12,40109,3,1,0,2,13,223,2,47,3,3,7,1,2,2,1,2,2,2,0,0,0,0,0,0,0,0,0,0,0,0,0,3,4,2,2,2,2,2,2,2,1,2,3,150,2,1,1,0,0,0,0,0,0,0,0,0,0,0,0,30,2,0,3,3,2,0,1,2,2,2,2,2,1,2,2,0,1,1,1,1,1,23406,3,3,1,0,2,0,1,3,0,1
11B216,12,40109,2,1,0,2,13,223,1,25,4,2,1,1,1,1,2,2,2,2,2,4,2,2,1,1,2,2,2,0,2,1,1,0,0,0,0,0,0,0,0,0,0,0,0,0,0,0,0,0,0,0,0,0,0,0,0,0,0,0,0,35,2,0,4,3,2,0,2,2,2,2,2,1,1,2,2,0,1,1,1,1,2,28039,1,1,1,2,0,0,1,2,2,1
11B202,12,40110,4,1,0,1,13,223,1,43,3,3,1,1,2,2,2,1,2,2,0,0,0,0,0,0,0,0,0,0,0,0,0,0,0,0,0,0,0,0,0,0,0,0,0,0,0,0,0,3,3,2,1,2,2,1,2,0,2,1,2,15,2,0,2,3,2,0,2,2,2,2,2,2,2,0,2,0,1,2,1,1,2,15530,3,3,1,0,0,2,1,3,2,1
11B202,12,40110,3,1,0,1,13,223,2,27,7,5,4,1,1,1,2,2,2,2,1,4,2,2,2,1,2,2,3,200,2,1,1,0,0,0,0,0,0,0,0,0,0,0,0,0,0,0,0,0,0,0,0,0,0,0,0,0,0,0,0,30,2,0,4,3,1,0,2,2,2,2,2,2,1,2,2,0,1,1,1,1,2,13206,1,1,1,2,0,0,1,1,1,2
11B202,12,40110,2,1,0,2,13,223,2,25,3,3,1,1,2,2,2,2,2,2,0,0,0,0,0,0,0,0,0,0,0,0,0,0,0,0,0,0,0,0,0,0,0,0,0,0,0,0,0,0,0,0,0,0,0,0,0,0,0,0,0,0,0,0,0,0,0,2,2,2,2,2,2,1,1,2,2,0,1,1,1,1,2,13206,4,4,2,0,0,0,2,0,2,1
11B202,12,40110,1,1,0,10,13,223,1,30,3,3,1,1,2,2,2,2,2,2,0,0,0,0,0,0,0,0,0,0,0,0,0,0,0,0,0,0,0,0,0,0,0,0,0,0,0,0,0,0,0,0,0,0,0,0,0,0,0,0,0,0,0,0,0,0,0,1,2,2,2,2,2,2,2,0,2,0,1,2,1,2,2,22546,4,4,2,0,0,0,2,0,2,1
12A207,12,40136,2,1,2,1,13,223,2,33,4,3,1,1,2,2,2,2,2,2,0,0,0,0,0,0,0,0,0,0,0,0,0,0,0,0,0,0,0,0,0,0,0,0,0,0,0,0,0,0,0,0,0,0,0,0,0,0,0,0,0,0,0,0,0,0,0,3,2,2,2,2,2,1,1,2,2,0,1,1,1,1,1,4814,4,4,2,0,0,0,2,0,2,1
12A207,12,40136,1,1,0,1,13,223,1,58,7,2,1,1,1,1,2,2,2,2,1,4,2,2,2,1,2,2,3,380,2,1,1,0,0,0,0,0,0,0,0,0,0,0,0,0,0,0,0,0,0,0,0,0,0,0,0,0,0,0,0,60,2,0,3,4,2,0,2,2,2,2,2,1,1,2,1,2,1,1,1,1,2,4561,1,1,1,2,0,0,1,1,2,2
12A207,12,40136,3,1,0,2,13,223,2,41,4,3,1,1,1,1,1,2,2,2,2,4,2,2,2,1,2,2,3,500,2,1,1,3,4,2,2,2,1,2,2,2,1,2,2,0,2,1,1,0,0,0,0,0,0,0,0,0,0,0,0,40,2,0,4,3,2,0,1,2,2,2,2,2,2,0,2,0,1,1,1,1,1,8871,1,2,1,2,2,0,1,5,2,1
12A207,12,40136,4,1,0,3,13,223,2,39,7,4,1,1,1,1,2,2,2,2,5,1,2,1,2,1,2,2,2,0,2,1,1,0,0,0,0,0,0,0,0,0,0,0,0,0,0,0,0,0,0,0,0,0,0,0,0,0,0,0,0,60,2,0,4,3,1,0,1,2,2,2,1,1,1,2,1,2,1,1,1,1,2,13306,1,1,1,2,0,0,1,5,2,2
12B214,12,40196,1,1,0,2,13,223,2,55,4,3,7,1,2,2,2,2,2,2,0,0,0,0,0,0,0,0,0,0,0,0,0,0,0,0,0,0,0,0,0,0,0,0,0,0,0,0,0,0,0,0,0,0,0,0,0,0,0,0,0,0,0,0,0,0,0,3,1,2,2,2,2,2,2,0,2,0,1,1,1,2,2,11740,4,4,2,0,0,0,2,0,0,1
12B214,12,40196,2,1,0,1,13,223,1,64,2,6,8,1,2,2,2,2,2,2,0,0,0,0,0,0,0,0,0,0,0,0,0,0,0,0,0,0,0,0,0,0,0,0,0,0,0,0,0,0,0,0,0,0,0,0,0,0,0,0,0,0,0,0,0,0,0,1,2,2,2,2,2,1,1,2,2,0,1,1,1,1,2,39557,4,4,2,0,0,0,2,0,0,0
12B214,12,40196,3,1,0,2,13,223,2,35,4,3,1,1,2,2,2,2,2,2,0,0,0,0,0,0,0,0,0,0,0,0,0,0,0,0,0,0,0,0,0,0,0,0,0,0,0,0,0,0,0,0,0,0,0,0,0,0,0,0,0,0,0,0,0,0,0,3,2,2,2,2,1,2,2,0,2,0,1,2,1,1,1,12822,4,4,2,0,0,0,2,0,2,1
12B214,12,40196,4,1,0,2,13,223,2,42,3,3,7,1,1,1,2,2,2,2,2,3,2,2,2,1,2,2,3,300,2,1,1,0,0,0,0,0,0,0,0,0,0,0,0,0,0,0,0,0,0,0,0,0,0,0,0,0,0,0,0,30,2,0,4,4,2,0,2,2,2,2,2,2,2,0,2,0,1,2,1,1,2,12822,1,1,1,2,0,0,1,2,0,1
11B214,12,40197,1,1,0,2,13,223,2,51,3,3,1,1,2,2,2,2,2,2,0,0,0,0,0,0,0,0,0,0,0,0,0,0,0,0,0,0,0,0,0,0,0,0,0,0,0,0,0,0,0,0,0,0,0,0,0,0,0,0,0,0,0,0,0,0,0,3,2,2,2,2,2,2,2,0,2,0,1,1,1,2,2,26989,4,4,2,0,0,0,2,0,2,1
11B214,12,40197,2,1,0,2,13,223,2,23,4,2,7,1,1,2,2,1,2,2,0,0,0,0,0,0,0,0,0,0,0,0,0,0,0,0,0,0,0,0,0,0,0,0,0,0,0,0,0,1,3,2,2,1,2,1,2,0,2,1,1,60,2,0,2,3,1,0,2,2,2,2,2,1,1,2,2,0,1,2,1,1,1,17308,1,3,1,0,0,2,1,1,0,1
11B214,12,40197,3,1,0,1,13,223,1,66,3,3,7,1,2,2,2,2,2,2,0,0,0,0,0,0,0,0,0,0,0,0,0,0,0,0,0,0,0,0,0,0,0,0,0,0,0,0,0,0,0,0,0,0,0,0,0,0,0,0,0,0,0,0,0,0,0,5,2,2,2,2,2,2,2,0,2,0,1,2,1,2,2,7767,4,4,2,0,0,0,2,0,0,1
11B214,12,40197,4,1,0,1,13,223,2,46,2,6,1,1,2,2,2,2,2,2,0,0,0,0,0,0,0,0,0,0,0,0,0,0,0,0,0,0,0,0,0,0,0,0,0,0,0,0,0,0,0,0,0,0,0,0,0,0,0,0,0,0,0,0,0,0,0,1,2,2,2,2,2,2,2,0,2,0,1,2,2,2,2,20242,4,4,2,0,0,0,2,0,2,0
11A208,12,40235,4,1,0,1,13,223,1,71,2,6,8,1,2,2,2,2,2,2,0,0,0,0,0,0,0,0,0,0,0,0,0,0,0,0,0,0,0,0,0,0,0,0,0,0,0,0,0,0,0,0,0,0,0,0,0,0,0,0,0,0,0,0,0,0,0,5,2,2,2,2,2,2,2,0,2,0,1,2,2,2,2,12665,4,4,2,0,0,0,2,0,0,0
11A208,12,40235,2,1,0,2,13,223,2,43,4,3,7,1,1,2,1,2,2,2,0,0,0,0,0,0,0,0,0,0,0,0,0,4,4,2,2,2,1,2,2,2,1,2,3,350,2,1,1,0,0,0,0,0,0,0,0,0,0,0,0,30,2,0,4,3,2,0,1,2,2,2,2,2,1,2,2,0,1,1,1,1,2,16003,1,3,1,0,2,0,1,4,0,1
11A208,12,40235,3,1,0,1,13,223,2,53,2,2,1,1,2,2,2,2,2,2,0,0,0,0,0,0,0,0,0,0,0,0,0,0,0,0,0,0,0,0,0,0,0,0,0,0,0,0,0,0,0,0,0,0,0,0,0,0,0,0,0,0,0,0,0,0,0,3,2,2,2,2,2,2,2,0,2,0,1,2,1,2,2,5502,4,4,2,0,0,0,2,0,2,0
11A208,12,40235,1,1,0,1,13,223,1,47,3,3,1,1,2,2,2,1,2,2,0,0,0,0,0,0,0,0,0,0,0,0,0,0,0,0,0,0,0,0,0,0,0,0,0,0,0,0,0,2,4,1,1,2,2,1,2,0,2,1,2,10,1,6,4,4,2,0,2,2,2,2,2,2,1,1,2,0,1,2,1,1,1,13349,3,3,1,0,0,2,1,2,2,1
11B215,12,40290,1,1,0,1,13,223,1,57,4,3,1,1,2,2,2,2,2,2,0,0,0,0,0,0,0,0,0,0,0,0,0,0,0,0,0,0,0,0,0,0,0,0,0,0,0,0,0,0,0,0,0,0,0,0,0,0,0,0,0,0,0,0,0,0,0,3,2,2,2,2,2,2,2,0,2,0,1,1,1,1,2,13911,4,4,2,0,0,0,2,0,2,1
11B215,12,40290,3,1,0,2,13,223,1,43,7,4,1,1,2,2,2,2,2,2,0,0,0,0,0,0,0,0,0,0,0,0,0,0,0,0,0,0,0,0,0,0,0,0,0,0,0,0,0,0,0,0,0,0,0,0,0,0,0,0,0,0,0,0,0,0,0,3,2,2,2,2,2,1,1,2,2,0,1,1,1,1,2,17268,4,4,2,0,0,0,2,0,2,2
11B215,12,40360,1,1,0,2,13,223,2,62,4,3,7,1,2,2,1,2,2,2,0,0,0,0,0,0,0,0,0,0,0,0,0,1,4,2,2,2,2,2,2,2,1,2,2,0,2,1,1,0,0,0,0,0,0,0,0,0,0,0,0,25,2,0,2,3,2,0,2,2,2,2,2,2,2,0,2,0,1,2,1,1,2,20767,3,3,1,0,2,0,1,1,0,1
11B215,12,40360,4,1,0,1,13,223,2,43,3,3,1,1,2,2,1,2,2,2,0,0,0,0,0,0,0,0,0,0,0,0,0,3,4,2,2,2,2,2,2,2,1,2,2,0,2,1,1,0,0,0,0,0,0,0,0,0,0,0,0,25,1,3,3,4,2,0,2,2,2,2,2,1,1,2,2,0,1,1,1,1,1,11341,3,3,1,0,2,0,1,3,2,1
11B215,12,40360,3,1,0,1,13,223,2,35,3,3,7,1,2,2,1,2,2,2,0,0,0,0,0,0,0,0,0,0,0,0,0,3,4,2,2,2,2,2,2,2,1,2,3,50,2,1,1,0,0,0,0,0,0,0,0,0,0,0,0,30,2,0,2,3,2,0,2,1,2,2,2,2,2,0,2,0,1,2,1,2,2,22683,3,3,1,0,2,0,1,3,0,1
11B215,12,40360,2,1,0,2,13,223,1,19,4,3,1,1,2,2,2,2,2,2,0,0,0,0,0,0,0,0,0,0,0,0,0,0,0,0,0,0,0,0,0,0,0,0,0,0,0,0,0,0,0,0,0,0,0,0,0,0,0,0,0,0,0,0,0,0,0,2,2,2,2,2,2,2,2,0,2,0,1,1,1,2,2,34991,4,4,2,0,0,0,2,0,2,1
11B201,12,40368,4,1,0,1,13,223,2,40,4,3,1,1,2,2,2,2,2,2,0,0,0,0,0,0,0,0,0,0,0,0,0,0,0,0,0,0,0,0,0,0,0,0,0,0,0,0,0,0,0,0,0,0,0,0,0,0,0,0,0,0,0,0,0,0,0,3,2,2,2,2,2,2,1,2,2,0,1,1,1,1,2,22759,4,4,2,0,0,0,2,0,2,1
11B201,12,40368,3,1,0,1,13,223,2,77,0,,8,2,0,0,0,0,0,0,0,0,0,0,0,0,0,0,0,0,0,0,0,0,0,0,0,0,0,0,0,0,0,0,0,0,0,0,0,0,0,0,0,0,0,0,0,0,0,0,0,0,0,0,0,0,0,0,0,0,0,0,0,0,0,0,0,0,0,0,0,0,0,26661,0,0,0,0,0,0,0,0,0,0
11B201,12,40368,2,1,0,1,13,223,2,48,3,3,7,1,1,1,2,2,2,2,1,4,2,2,1,2,2,2,2,0,2,1,1,0,0,0,0,0,0,0,0,0,0,0,0,0,0,0,0,0,0,0,0,0,0,0,0,0,0,0,0,35,2,0,2,3,2,0,2,2,2,2,2,2,2,0,2,0,1,1,1,2,2,70418,1,1,1,2,0,0,1,1,0,1
11B201,12,40368,1,1,0,4,13,223,2,31,4,3,7,1,1,1,1,2,2,2,1,4,2,2,1,2,2,2,2,0,2,1,1,6,4,2,2,1,2,1,2,2,2,2,2,0,2,1,1,0,0,0,0,0,0,0,0,0,0,0,0,30,2,0,4,4,2,0,2,2,2,2,1,1,1,3,2,0,1,1,1,1,2,98824,1,2,1,2,2,0,1,7,0,1
11B201,12,40400,2,1,0,1,13,223,1,63,2,6,1,1,2,2,2,2,2,2,0,0,0,0,0,0,0,0,0,0,0,0,0,0,0,0,0,0,0,0,0,0,0,0,0,0,0,0,0,0,0,0,0,0,0,0,0,0,0,0,0,0,0,0,0,0,0,2,2,2,2,2,2,2,2,0,2,0,1,2,1,1,1,19302,4,4,2,0,0,0,2,0,2,0
11B201,12,40400,4,1,1,1,13,223,2,49,4,3,1,1,2,2,1,1,2,2,0,0,0,0,0,0,0,0,0,0,0,0,0,3,4,2,2,2,2,2,2,2,1,2,3,50,2,1,1,1,3,2,2,1,1,1,2,0,2,1,1,25,2,0,2,3,2,0,2,2,2,2,1,2,1,2,2,0,1,2,1,1,1,6453,3,3,1,0,2,2,1,4,2,1
11B201,12,40400,3,1,0,2,13,223,2,40,4,3,1,1,2,2,2,2,2,2,0,0,0,0,0,0,0,0,0,0,0,0,0,0,0,0,0,0,0,0,0,0,0,0,0,0,0,0,0,0,0,0,0,0,0,0,0,0,0,0,0,0,0,0,0,0,0,3,2,2,2,2,2,2,1,2,2,0,1,2,1,1,2,12514,4,4,2,0,0,0,2,0,2,1
11B201,12,40400,1,1,0,1,13,223,2,58,3,3,8,1,1,1,2,2,2,2,2,4,2,2,2,1,2,2,3,550,2,1,1,0,0,0,0,0,0,0,0,0,0,0,0,0,0,0,0,0,0,0,0,0,0,0,0,0,0,0,0,40,2,0,4,3,1,0,1,2,2,2,2,2,2,0,2,0,1,1,1,1,1,11457,1,1,1,2,0,0,1,2,0,1
13B216,13,40013,2,1,0,3,43,223,1,23,7,4,1,1,1,1,1,2,2,1,6,2,1,1,2,2,2,2,1,0,1,1,4,3,2,2,2,2,2,2,1,2,2,2,2,0,1,1,4,0,0,0,0,0,0,0,0,0,0,0,0,60,2,0,3,4,1,0,2,2,2,2,1,1,1,2,1,3,1,1,1,1,1,34891,1,2,1,3,3,0,1,9,2,2
13B216,13,40013,1,1,0,2,43,223,2,25,7,2,7,1,1,1,1,2,2,1,10,2,2,1,1,2,2,2,1,0,1,1,1,7,3,2,2,1,2,2,2,1,2,2,2,0,2,1,1,0,0,0,0,0,0,0,0,0,0,0,0,40,1,7,3,3,2,0,2,2,2,2,2,2,2,0,1,1,1,1,1,2,2,16369,1,2,1,3,2,0,1,17,0,2
13B216,13,40013,3,1,0,2,43,223,1,30,7,4,1,1,2,2,2,2,2,2,0,0,0,0,0,0,0,0,0,0,0,0,0,0,0,0,0,0,0,0,0,0,0,0,0,0,0,0,0,0,0,0,0,0,0,0,0,0,0,0,0,0,0,0,0,0,0,3,2,2,2,2,2,1,2,0,1,2,1,2,1,1,3,37259,4,4,2,0,0,0,2,0,2,2
12B202,13,40015,4,1,0,2,43,223,2,70,2,6,7,1,2,2,2,2,2,2,0,0,0,0,0,0,0,0,0,0,0,0,0,0,0,0,0,0,0,0,0,0,0,0,0,0,0,0,0,0,0,0,0,0,0,0,0,0,0,0,0,0,0,0,0,0,0,2,2,2,2,2,2,3,2,0,1,1,1,3,3,3,2,22076,4,4,2,0,0,0,2,0,0,0
12B202,13,40015,3,1,0,1,43,223,1,67,4,1,8,1,1,1,2,1,2,2,4,3,2,2,1,1,2,2,2,0,1,1,1,0,0,0,0,0,0,0,0,0,0,0,0,0,0,0,0,2,3,1,2,1,2,2,1,0,1,2,1,30,2,0,3,3,1,0,2,2,2,2,2,2,2,0,1,4,1,1,1,1,1,14915,1,2,1,3,0,1,1,6,0,1
12B202,13,40015,2,1,0,1,43,223,1,60,3,3,1,1,1,1,2,2,2,2,1,1,1,2,2,2,2,2,2,0,2,1,1,0,0,0,0,0,0,0,0,0,0,0,0,0,0,0,0,0,0,0,0,0,0,0,0,0,0,0,0,30,2,0,2,4,1,0,2,2,2,2,2,1,1,2,2,0,1,1,1,1,1,19379,1,1,1,2,0,0,1,1,2,1
12B202,13,40015,1,1,0,3,43,223,1,19,4,3,6,1,2,1,2,2,2,1,5,2,2,1,2,2,2,2,3,1200,1,1,2,0,0,0,0,0,0,0,0,0,0,0,0,0,0,0,0,0,0,0,0,0,0,0,0,0,0,0,0,30,1,2,2,2,2,0,2,2,1,2,1,1,1,2,1,2,1,1,1,1,1,29070,3,2,1,3,0,0,1,5,1,1
13B213,13,40037,1,1,0,1,43,223,1,38,8,2,1,1,1,1,2,2,2,1,4,3,1,1,2,1,2,2,1,0,1,1,1,0,0,0,0,0,0,0,0,0,0,0,0,0,0,0,0,0,0,0,0,0,0,0,0,0,0,0,0,60,2,0,3,3,2,0,2,2,2,2,2,1,2,0,1,3,1,3,1,1,1,11084,1,2,1,3,0,0,1,4,2,2
13B213,13,40037,4,1,0,1,43,223,2,53,7,4,7,1,2,2,2,2,2,2,0,0,0,0,0,0,0,0,0,0,0,0,0,0,0,0,0,0,0,0,0,0,0,0,0,0,0,0,0,0,0,0,0,0,0,0,0,0,0,0,0,0,0,0,0,0,0,2,2,2,2,2,2,1,3,0,1,1,1,2,1,1,2,26865,4,4,2,0,0,0,2,0,0,2
13B213,13,40037,2,1,0,1,43,223,2,50,7,4,1,1,1,1,1,2,2,2,2,3,2,2,1,1,2,2,2,0,2,1,1,2,3,2,2,2,1,2,2,2,2,2,3,120,2,1,1,0,0,0,0,0,0,0,0,0,0,0,0,30,2,0,3,3,2,0,1,2,2,2,2,1,3,0,1,3,1,1,1,1,3,17910,1,2,1,2,2,0,1,4,2,2
11B216,13,40041,4,1,0,2,43,223,2,42,3,3,1,1,1,1,2,2,2,1,1,5,2,2,1,2,2,2,2,0,2,1,1,0,0,0,0,0,0,0,0,0,0,0,0,0,0,0,0,0,0,0,0,0,0,0,0,0,0,0,0,30,2,0,2,3,2,0,2,2,2,2,2,2,2,0,2,0,1,2,2,1,2,24602,1,2,1,2,0,0,1,1,2,1
11B216,13,40041,3,1,0,1,43,223,2,66,2,6,7,1,2,1,2,2,2,2,3,4,1,2,1,2,2,2,2,0,2,1,1,0,0,0,0,0,0,0,0,0,0,0,0,0,0,0,0,0,0,0,0,0,0,0,0,0,0,0,0,60,2,0,1,2,2,0,2,2,2,2,2,1,2,0,2,0,1,2,1,2,2,7205,3,1,1,2,0,0,1,3,0,0
11B216,13,40041,2,1,0,2,43,223,2,41,6,3,1,1,1,1,2,2,2,2,2,4,2,2,2,1,2,2,2,0,1,1,1,0,0,0,0,0,0,0,0,0,0,0,0,0,0,0,0,0,0,0,0,0,0,0,0,0,0,0,0,120,2,0,2,3,1,0,2,2,2,2,1,1,1,2,1,1,1,2,1,1,1,12301,1,1,1,3,0,0,1,2,2,1
11B216,13,40041,1,1,0,1,43,223,1,30,4,3,1,1,1,1,2,1,2,2,1,1,1,2,2,2,2,2,2,0,2,1,1,0,0,0,0,0,0,0,0,0,0,0,0,0,0,0,0,3,3,1,1,1,2,1,3,30,2,1,1,40,2,0,3,3,2,0,2,2,2,2,3,1,3,0,1,1,1,1,1,1,1,15198,1,2,1,2,0,2,1,4,2,1
11B213,13,40070,2,1,0,2,43,223,1,72,2,3,8,1,2,2,2,1,2,2,0,0,0,0,0,0,0,0,0,0,0,0,0,0,0,0,0,0,0,0,0,0,0,0,0,0,0,0,0,1,4,2,1,2,2,1,2,0,2,1,1,20,2,0,2,2,2,0,2,2,2,2,2,2,2,0,1,1,1,2,3,3,2,16404,3,3,1,0,0,2,1,1,0,0
11B213,13,40070,3,1,0,1,43,223,1,83,2,2,8,1,1,1,2,2,2,2,2,3,2,2,2,2,1,2,3,150,2,1,1,0,0,0,0,0,0,0,0,0,0,0,0,0,0,0,0,0,0,0,0,0,0,0,0,0,0,0,0,20,2,0,2,2,2,0,2,1,2,2,2,1,2,0,1,1,1,2,2,1,2,5468,1,1,1,2,0,0,1,2,0,0
11B213,13,40070,4,1,0,1,43,223,2,79,0,,7,2,0,0,0,0,0,0,0,0,0,0,0,0,0,0,0,0,0,0,0,0,0,0,0,0,0,0,0,0,0,0,0,0,0,0,0,0,0,0,0,0,0,0,0,0,0,0,0,0,0,0,0,0,0,0,0,0,0,0,0,0,0,0,0,0,0,0,0,0,0,10791,0,0,0,0,0,0,0,0,0,0
11B213,13,40070,1,1,0,2,43,223,2,52,0,,7,2,0,0,0,0,0,0,0,0,0,0,0,0,0,0,0,0,0,0,0,0,0,0,0,0,0,0,0,0,0,0,0,0,0,0,0,0,0,0,0,0,0,0,0,0,0,0,0,0,0,0,0,0,0,0,0,0,0,0,0,0,0,0,0,0,0,0,0,0,0,19000,0,0,0,0,0,0,0,0,0,0
12A207,13,40075,2,1,0,3,43,223,1,30,7,4,7,1,1,2,2,1,2,1,0,0,0,0,0,0,0,0,0,0,0,0,0,0,0,0,0,0,0,0,0,0,0,0,0,0,0,0,0,2,3,1,2,1,2,1,3,12,2,1,1,90,2,0,3,3,2,0,2,2,2,2,2,1,2,0,1,1,1,2,1,1,1,23722,1,3,1,0,0,2,1,2,0,2
12A207,13,40075,3,1,0,1,43,223,1,24,3,3,1,1,1,2,1,2,2,1,0,0,0,0,0,0,0,0,0,0,0,0,0,1,3,2,2,2,2,2,1,2,2,2,1,0,1,2,1,0,0,0,0,0,0,0,0,0,0,0,0,10,2,0,2,3,1,0,2,2,2,2,1,1,1,2,1,3,1,2,1,2,1,19746,1,3,1,0,1,0,1,1,2,1
13B202,13,40149,2,1,0,3,43,223,1,19,4,3,1,1,1,1,2,2,2,1,5,2,2,1,2,2,2,2,1,0,1,2,2,0,0,0,0,0,0,0,0,0,0,0,0,0,0,0,0,0,0,0,0,0,0,0,0,0,0,0,0,30,2,0,2,3,2,0,2,2,1,1,1,2,2,0,2,0,1,1,1,1,1,55508,1,2,1,1,0,0,1,5,2,1
13B202,13,40149,3,1,0,1,43,223,2,63,7,5,8,1,1,1,2,2,2,1,4,5,2,2,1,2,2,2,3,1200,2,1,1,0,0,0,0,0,0,0,0,0,0,0,0,0,0,0,0,0,0,0,0,0,0,0,0,0,0,0,0,90,2,0,4,4,1,0,2,1,2,2,2,1,1,1,1,1,1,1,1,1,1,8236,1,2,1,2,0,0,1,4,0,2
13B202,13,40149,1,1,0,1,43,223,2,62,2,6,1,1,1,1,2,1,2,2,3,3,1,2,2,1,1,2,3,150,2,1,1,0,0,0,0,0,0,0,0,0,0,0,0,0,0,0,0,1,3,1,1,1,1,1,3,10,2,1,2,60,2,0,2,4,2,0,2,2,2,2,1,1,2,0,2,0,1,1,1,1,1,16472,1,2,1,2,0,2,1,4,2,0
13B202,13,40149,4,1,0,2,43,223,2,58,7,4,8,1,1,1,1,2,2,2,1,4,2,2,2,2,1,2,2,0,2,1,1,4,4,2,2,1,1,2,2,2,2,2,2,0,2,1,1,0,0,0,0,0,0,0,0,0,0,0,0,30,2,0,3,4,1,0,1,1,2,2,2,1,2,0,1,1,1,2,1,1,2,16472,1,2,1,2,2,0,1,5,0,2
13A208,13,40171,1,1,0,1,43,223,1,35,7,4,1,1,1,1,1,2,2,2,3,3,2,1,2,2,1,2,2,0,2,1,1,2,3,2,2,2,2,2,2,1,2,2,3,140,2,1,1,0,0,0,0,0,0,0,0,0,0,0,0,30,1,1,1,3,1,0,1,1,2,1,1,1,1,2,1,1,1,1,1,1,1,17067,1,2,1,2,2,0,1,5,2,2
13A208,13,40171,4,1,0,1,43,223,1,72,8,3,8,1,1,1,1,2,2,1,2,3,2,2,2,2,1,2,2,0,2,1,1,5,4,2,2,2,2,2,2,1,2,2,2,0,2,1,1,0,0,0,0,0,0,0,0,0,0,0,0,30,2,0,2,3,1,0,2,2,2,2,2,1,3,0,1,5,1,2,3,3,3,23810,1,2,1,2,2,0,1,7,0,2
13A208,13,40171,3,1,0,1,43,223,2,66,7,4,1,1,1,1,1,1,2,1,2,3,2,2,2,1,1,2,3,300,1,1,1,1,4,2,1,2,2,2,2,2,2,2,2,0,2,1,1,5,3,1,2,2,1,2,1,0,2,1,1,60,1,5,2,3,1,0,1,2,2,2,1,1,1,2,1,4,1,1,1,1,1,23494,1,2,1,3,2,2,1,8,2,2
13A208,13,40171,2,1,0,1,43,223,1,74,4,3,1,1,2,2,2,2,2,2,0,0,0,0,0,0,0,0,0,0,0,0,0,0,0,0,0,0,0,0,0,0,0,0,0,0,0,0,0,0,0,0,0,0,0,0,0,0,0,0,0,0,0,0,0,0,0,2,2,2,2,2,2,2,2,0,1,1,1,2,1,1,2,15873,4,4,2,0,0,0,2,0,2,1
13B214,13,40197,4,1,0,2,43,223,2,36,7,4,2,1,1,1,1,2,2,1,2,3,1,1,2,2,2,2,1,0,1,2,1,2,3,2,2,2,2,2,2,2,1,2,2,0,2,1,1,0,0,0,0,0,0,0,0,0,0,0,0,60,1,6,4,3,1,0,2,2,2,2,1,1,1,3,1,5,1,2,1,1,1,16726,1,2,1,1,2,0,1,4,1,2
13B214,13,40197,1,1,0,1,43,223,1,76,6,3,8,1,1,1,1,1,2,2,2,4,2,2,2,2,1,2,3,200,2,1,1,4,4,2,2,2,2,2,2,1,1,2,2,0,2,1,1,1,3,2,1,1,2,1,3,10,2,1,1,60,1,5,2,3,2,0,2,2,2,2,2,2,2,0,2,0,1,2,2,2,2,9928,1,2,1,2,2,2,1,7,0,1
13B214,13,40197,3,1,0,1,43,223,2,35,8,2,1,1,1,1,2,1,2,1,2,3,1,2,1,2,2,2,1,0,1,1,1,0,0,0,0,0,0,0,0,0,0,0,0,0,0,0,0,1,3,1,1,2,2,1,1,0,1,2,2,20,2,0,3,3,1,0,2,2,2,2,1,1,1,2,1,1,1,1,1,1,1,8363,1,2,1,3,0,1,1,3,2,2
11A208,13,40234,4,1,1,2,43,223,2,35,3,3,1,1,2,2,2,2,2,2,0,0,0,0,0,0,0,0,0,0,0,0,0,0,0,0,0,0,0,0,0,0,0,0,0,0,0,0,0,0,0,0,0,0,0,0,0,0,0,0,0,0,0,0,0,0,0,3,2,2,2,2,2,2,2,0,3,0,1,2,1,1,2,18875,4,4,2,0,0,0,2,0,2,1
11A208,13,40234,2,1,0,1,43,223,2,51,2,6,7,1,1,2,1,1,1,2,0,0,0,0,0,0,0,0,0,0,0,0,0,3,3,2,2,2,1,2,1,2,2,2,2,0,2,1,1,1,3,2,1,1,2,2,2,0,2,1,1,20,2,0,2,4,1,0,2,1,2,2,2,1,2,0,2,0,1,2,1,1,1,19467,1,3,1,0,2,2,1,4,0,0
12B215,13,40390,4,1,0,1,43,223,1,34,3,3,1,1,2,2,2,2,2,2,0,0,0,0,0,0,0,0,0,0,0,0,0,0,0,0,0,0,0,0,0,0,0,0,0,0,0,0,0,0,0,0,0,0,0,0,0,0,0,0,0,0,0,0,0,0,0,2,2,2,2,2,2,1,2,0,1,1,1,1,2,1,1,40491,4,4,2,0,0,0,2,0,2,1
12B215,13,40390,3,1,0,1,43,223,1,59,3,3,1,1,1,2,2,1,2,2,0,0,0,0,0,0,0,0,0,0,0,0,0,0,0,0,0,0,0,0,0,0,0,0,0,0,0,0,0,4,3,1,1,2,2,1,1,0,1,2,1,30,2,0,2,3,2,0,2,2,2,2,2,3,2,0,1,1,1,2,1,1,2,33702,1,3,1,0,0,1,1,4,2,1
12B215,13,40390,1,1,0,1,43,223,1,78,3,3,8,1,2,2,2,2,2,2,0,0,0,0,0,0,0,0,0,0,0,0,0,0,0,0,0,0,0,0,0,0,0,0,0,0,0,0,0,0,0,0,0,0,0,0,0,0,0,0,0,0,0,0,0,0,0,2,2,2,2,2,2,3,2,0,3,0,1,1,1,1,2,19454,4,4,2,0,0,0,2,0,0,1
12B201,13,40396,1,1,0,1,43,223,2,37,2,5,1,1,1,1,1,1,2,2,4,3,1,2,2,1,2,2,1,0,1,2,1,2,4,2,1,2,2,2,2,2,1,2,2,0,2,1,1,7,3,1,1,1,1,1,3,70,2,1,1,60,2,0,1,2,2,0,2,2,2,2,2,2,2,0,2,0,1,1,1,1,1,17109,1,2,1,1,2,2,1,13,2,0
12B201,13,40396,4,1,0,2,43,223,2,69,7,3,1,1,1,1,2,2,2,2,2,3,2,2,2,1,2,2,2,0,2,1,1,0,0,0,0,0,0,0,0,0,0,0,0,0,0,0,0,0,0,0,0,0,0,0,0,0,0,0,0,40,2,0,3,3,2,0,2,2,2,2,2,2,2,0,1,1,1,2,2,2,2,13362,1,1,1,2,0,0,1,2,2,2
12B201,13,40396,3,1,0,2,43,223,2,55,2,6,7,1,2,2,2,2,2,2,0,0,0,0,0,0,0,0,0,0,0,0,0,0,0,0,0,0,0,0,0,0,0,0,0,0,0,0,0,0,0,0,0,0,0,0,0,0,0,0,0,0,0,0,0,0,0,2,2,2,2,2,2,2,2,0,1,1,1,2,2,3,3,10443,4,4,2,0,0,0,2,0,0,0
12B213,14,40003,1,1,0,1,2,223,1,64,7,5,8,1,1,1,2,2,2,2,1,4,2,1,2,2,2,2,2,0,2,1,1,0,0,0,0,0,0,0,0,0,0,0,0,0,0,0,0,0,0,0,0,0,0,0,0,0,0,0,0,30,2,0,1,3,2,0,2,2,2,2,2,1,1,2,1,2,1,2,1,1,2,14624,1,1,1,2,0,0,1,1,0,2
12B213,14,40003,3,1,0,1,2,223,1,52,4,3,1,1,2,2,2,2,2,2,0,0,0,0,0,0,0,0,0,0,0,0,0,0,0,0,0,0,0,0,0,0,0,0,0,0,0,0,0,0,0,0,0,0,0,0,0,0,0,0,0,0,0,0,0,0,0,3,2,2,2,2,1,1,2,0,1,2,1,2,1,2,1,17794,4,4,2,0,0,0,2,0,2,1
12B213,14,40003,2,1,0,2,2,223,2,41,4,3,1,1,2,2,2,2,2,2,0,0,0,0,0,0,0,0,0,0,0,0,0,0,0,0,0,0,0,0,0,0,0,0,0,0,0,0,0,0,0,0,0,0,0,0,0,0,0,0,0,0,0,0,0,0,0,3,2,2,2,2,2,2,2,0,1,1,1,2,1,2,2,21331,4,4,2,0,0,0,2,0,2,1
11B213,14,40009,2,1,0,2,2,223,2,50,4,3,1,1,2,2,1,2,2,2,0,0,0,0,0,0,0,0,0,0,0,0,0,2,4,2,2,2,1,2,2,2,1,2,2,0,2,1,2,0,0,0,0,0,0,0,0,0,0,0,0,10,1,6,2,2,2,0,2,2,2,2,2,1,2,0,1,1,1,1,1,1,3,34690,3,3,1,0,2,0,1,2,2,1
11B213,14,40009,3,1,0,2,2,223,2,70,0,,7,2,0,0,0,0,0,0,0,0,0,0,0,0,0,0,0,0,0,0,0,0,0,0,0,0,0,0,0,0,0,0,0,0,0,0,0,0,0,0,0,0,0,0,0,0,0,0,0,0,0,0,0,0,0,0,0,0,0,0,0,0,0,0,0,0,0,0,0,0,0,15761,0,0,0,0,0,0,0,0,0,0
11B213,14,40009,4,1,0,1,2,223,1,31,2,5,1,1,2,2,2,2,2,2,0,0,0,0,0,0,0,0,0,0,0,0,0,0,0,0,0,0,0,0,0,0,0,0,0,0,0,0,0,0,0,0,0,0,0,0,0,0,0,0,0,0,0,0,0,0,0,3,2,2,2,2,2,2,2,0,2,0,1,2,2,2,2,8311,4,4,2,0,0,0,2,0,2,0
11B213,14,40009,1,1,0,2,2,223,2,37,2,6,7,1,2,2,2,2,2,2,0,0,0,0,0,0,0,0,0,0,0,0,0,0,0,0,0,0,0,0,0,0,0,0,0,0,0,0,0,0,0,0,0,0,0,0,0,0,0,0,0,0,0,0,0,0,0,3,2,2,2,2,2,2,2,0,2,0,1,2,1,1,2,13454,4,4,2,0,0,0,2,0,0,0
12A207,14,40010,2,1,0,1,2,223,1,69,7,5,1,1,1,1,2,2,2,1,6,3,2,1,2,2,1,2,1,0,1,2,1,0,0,0,0,0,0,0,0,0,0,0,0,0,0,0,0,0,0,0,0,0,0,0,0,0,0,0,0,90,2,0,3,2,1,0,1,1,2,1,2,1,2,0,1,3,1,2,1,2,1,17158,1,2,1,1,0,0,1,6,2,2
12A207,14,40010,4,1,0,1,2,223,1,41,6,3,1,1,2,2,2,1,2,2,0,0,0,0,0,0,0,0,0,0,0,0,0,0,0,0,0,0,0,0,0,0,0,0,0,0,0,0,0,1,3,1,1,2,2,1,2,0,2,1,2,15,2,0,3,3,2,0,2,2,2,2,2,1,2,0,1,2,1,1,1,1,1,9225,3,3,1,0,0,2,1,1,2,1
12A207,14,40010,1,1,0,1,2,223,1,49,7,4,1,1,2,2,2,2,2,2,0,0,0,0,0,0,0,0,0,0,0,0,0,0,0,0,0,0,0,0,0,0,0,0,0,0,0,0,0,0,0,0,0,0,0,0,0,0,0,0,0,0,0,0,0,0,0,3,2,2,2,2,2,1,2,0,2,0,1,2,1,1,2,36167,4,4,2,0,0,0,2,0,2,2
12B216,14,40018,1,1,0,1,2,223,2,58,3,3,1,1,1,1,2,2,2,2,1,5,2,2,1,2,2,2,2,0,2,1,1,0,0,0,0,0,0,0,0,0,0,0,0,0,0,0,0,0,0,0,0,0,0,0,0,0,0,0,0,60,2,0,2,1,2,0,2,2,2,2,2,2,2,0,2,0,1,2,3,2,2,22684,1,1,1,2,0,0,1,1,2,1
12B216,14,40018,2,1,0,3,2,223,2,25,6,2,4,1,1,1,2,2,2,1,2,4,1,2,2,1,2,2,2,0,2,1,1,0,0,0,0,0,0,0,0,0,0,0,0,0,0,0,0,0,0,0,0,0,0,0,0,0,0,0,0,30,2,0,3,3,2,0,2,2,2,2,1,1,1,2,1,1,1,1,1,1,1,35861,1,2,1,2,0,0,1,2,1,1
12B216,14,40018,4,1,0,1,2,223,1,32,6,3,1,1,1,1,2,2,2,2,3,3,2,1,2,2,2,2,2,0,2,1,1,0,0,0,0,0,0,0,0,0,0,0,0,0,0,0,0,0,0,0,0,0,0,0,0,0,0,0,0,30,2,0,3,2,2,0,2,2,2,2,2,1,1,1,2,0,1,2,1,1,1,20407,1,1,1,2,0,0,1,3,2,1
12A207,14,40056,3,1,0,3,2,223,2,50,2,3,7,1,1,1,2,2,2,2,1,4,2,2,1,2,2,2,2,0,2,1,1,0,0,0,0,0,0,0,0,0,0,0,0,0,0,0,0,0,0,0,0,0,0,0,0,0,0,0,0,10,2,0,2,2,2,0,2,2,2,2,2,2,2,0,2,0,1,2,2,3,3,22795,1,1,1,2,0,0,1,1,0,0
12A207,14,40056,2,1,0,3,2,223,2,58,3,3,7,1,2,2,2,2,2,2,0,0,0,0,0,0,0,0,0,0,0,0,0,0,0,0,0,0,0,0,0,0,0,0,0,0,0,0,0,0,0,0,0,0,0,0,0,0,0,0,0,0,0,0,0,0,0,5,2,2,2,2,2,1,2,0,2,0,1,1,2,1,1,20236,4,4,2,0,0,0,2,0,0,1
12A207,14,40056,1,1,0,2,2,223,2,24,4,3,1,1,2,2,2,2,2,2,0,0,0,0,0,0,0,0,0,0,0,0,0,0,0,0,0,0,0,0,0,0,0,0,0,0,0,0,0,0,0,0,0,0,0,0,0,0,0,0,0,0,0,0,0,0,0,3,2,2,2,2,2,1,1,2,1,2,1,1,1,1,1,19491,4,4,2,0,0,0,2,0,2,1
12A207,14,40056,4,1,0,3,2,223,2,57,4,1,7,1,1,2,2,1,2,2,0,0,0,0,0,0,0,0,0,0,0,0,0,0,0,0,0,0,0,0,0,0,0,0,0,0,0,0,0,7,3,1,1,1,1,1,3,56,2,1,1,10,2,0,2,3,2,0,2,1,2,2,2,2,2,0,1,1,1,1,2,2,1,26981,1,3,1,0,0,2,1,7,0,1
12A207,14,40057,4,1,0,1,2,223,1,29,7,5,1,1,2,2,2,2,2,1,0,0,0,0,0,0,0,0,0,0,0,0,0,0,0,0,0,0,0,0,0,0,0,0,0,0,0,0,0,0,0,0,0,0,0,0,0,0,0,0,0,15,2,0,3,3,2,0,2,2,2,2,2,2,2,0,1,2,1,1,1,1,2,18663,3,3,1,0,0,0,2,0,2,2
12A207,14,40057,2,1,0,2,2,223,1,51,7,4,1,1,2,2,2,2,2,2,0,0,0,0,0,0,0,0,0,0,0,0,0,0,0,0,0,0,0,0,0,0,0,0,0,0,0,0,0,0,0,0,0,0,0,0,0,0,0,0,0,0,0,0,0,0,0,3,2,2,2,2,1,1,2,0,1,1,1,2,1,2,2,18901,4,4,2,0,0,0,2,0,2,2
12A207,14,40057,1,1,0,2,2,223,2,44,7,4,1,1,2,1,1,2,2,1,2,4,2,2,2,1,1,2,2,0,2,1,1,1,4,2,2,2,2,2,2,2,1,2,1,0,1,2,1,0,0,0,0,0,0,0,0,0,0,0,0,20,2,0,3,3,1,0,1,2,2,1,2,1,1,2,2,0,1,1,1,1,2,15106,3,2,1,2,1,0,1,3,2,2
11B216,14,40063,4,1,0,1,2,223,2,68,2,2,7,1,2,2,2,2,2,2,0,0,0,0,0,0,0,0,0,0,0,0,0,0,0,0,0,0,0,0,0,0,0,0,0,0,0,0,0,0,0,0,0,0,0,0,0,0,0,0,0,0,0,0,0,0,0,1,2,2,2,2,2,2,2,0,2,0,1,2,3,2,2,9803,4,4,2,0,0,0,2,0,0,0
11B216,14,40063,2,1,0,2,2,223,2,52,2,6,7,1,1,2,1,2,2,1,0,0,0,0,0,0,0,0,0,0,0,0,0,4,4,2,2,1,2,2,2,2,2,2,2,0,2,1,1,0,0,0,0,0,0,0,0,0,0,0,0,60,2,0,2,2,1,0,2,2,2,2,1,1,1,2,1,2,1,1,1,1,1,25890,1,3,1,0,2,0,1,4,0,0
11B216,14,40063,1,1,0,1,2,223,2,37,6,3,1,1,2,2,2,1,2,2,0,0,0,0,0,0,0,0,0,0,0,0,0,0,0,0,0,0,0,0,0,0,0,0,0,0,0,0,0,1,1,2,2,1,2,2,2,0,2,1,1,5,2,0,2,1,2,0,2,2,2,2,2,1,1,1,1,2,1,1,1,1,1,8368,3,3,1,0,0,2,1,1,2,1
11B216,14,40063,3,1,0,2,2,223,2,64,2,6,2,1,1,1,1,2,2,1,2,5,2,2,1,2,2,2,2,0,2,1,1,5,5,2,2,1,2,1,2,2,2,2,3,100,2,1,1,0,0,0,0,0,0,0,0,0,0,0,0,60,2,0,2,2,2,0,2,2,2,2,2,2,2,0,2,0,1,1,1,1,1,15322,1,2,1,2,2,0,1,7,1,0
12B213,14,40094,2,1,0,2,2,223,2,32,4,2,1,1,1,1,2,2,2,2,1,4,2,2,2,1,2,2,2,0,2,1,1,0,0,0,0,0,0,0,0,0,0,0,0,0,0,0,0,0,0,0,0,0,0,0,0,0,0,0,0,30,2,0,4,3,1,0,2,2,2,2,1,2,2,0,2,0,1,1,1,1,1,24362,1,1,1,2,0,0,1,1,2,1
12B213,14,40094,4,1,0,1,2,223,2,49,3,3,1,1,1,2,2,2,2,2,0,0,0,0,0,0,0,0,0,0,0,0,0,0,0,0,0,0,0,0,0,0,0,0,0,0,0,0,0,0,0,0,0,0,0,0,0,0,0,0,0,0,0,0,0,0,0,3,2,2,2,2,2,1,2,0,1,1,1,1,1,1,1,7715,2,4,2,0,0,0,2,0,2,1
12B213,14,40094,1,1,0,1,2,223,2,84,2,3,8,1,2,2,2,2,2,2,0,0,0,0,0,0,0,0,0,0,0,0,0,0,0,0,0,0,0,0,0,0,0,0,0,0,0,0,0,0,0,0,0,0,0,0,0,0,0,0,0,0,0,0,0,0,0,5,2,2,2,2,2,2,2,0,2,0,1,2,2,2,3,8763,4,4,2,0,0,0,2,0,0,0
12B216,14,40103,1,1,0,1,2,223,1,85,2,2,8,1,2,2,2,2,2,2,0,0,0,0,0,0,0,0,0,0,0,0,0,0,0,0,0,0,0,0,0,0,0,0,0,0,0,0,0,0,0,0,0,0,0,0,0,0,0,0,0,0,0,0,0,0,0,1,2,2,2,2,2,2,2,0,2,0,1,2,2,3,2,9003,4,4,2,0,0,0,2,0,0,0
12B216,14,40103,3,1,0,1,2,223,1,53,2,6,1,1,2,2,2,2,2,2,0,0,0,0,0,0,0,0,0,0,0,0,0,0,0,0,0,0,0,0,0,0,0,0,0,0,0,0,0,0,0,0,0,0,0,0,0,0,0,0,0,0,0,0,0,0,0,1,2,2,2,2,2,2,2,0,2,0,1,1,1,2,2,37953,4,4,2,0,0,0,2,0,2,0
12B216,14,40103,4,1,0,1,2,223,1,42,7,5,1,1,1,1,1,1,2,1,2,4,2,2,1,2,2,2,2,0,2,1,1,5,4,1,1,2,2,2,1,1,2,2,1,0,1,2,1,1,3,1,1,2,2,2,1,0,1,2,1,30,2,0,2,3,2,0,2,2,2,2,2,2,2,0,2,0,1,1,1,1,2,19360,1,2,1,2,1,1,1,8,2,2
12B216,14,40103,2,1,0,3,2,223,1,31,7,5,1,1,2,2,2,1,2,2,0,0,0,0,0,0,0,0,0,0,0,0,0,0,0,0,0,0,0,0,0,0,0,0,0,0,0,0,0,1,4,1,1,1,2,1,2,0,2,1,1,15,2,0,3,3,2,0,2,2,2,2,2,2,2,0,1,1,1,1,1,1,1,37474,3,3,1,0,0,2,1,1,2,2
12B216,14,40104,1,1,0,1,2,223,1,52,4,2,1,1,2,2,2,1,2,2,0,0,0,0,0,0,0,0,0,0,0,0,0,0,0,0,0,0,0,0,0,0,0,0,0,0,0,0,0,2,4,1,1,2,2,2,2,0,2,1,2,15,1,3,2,3,2,0,2,2,2,2,2,1,2,0,2,0,1,1,1,1,1,9027,3,3,1,0,0,2,1,2,2,1
12B216,14,40104,2,1,0,1,2,223,2,31,3,3,1,1,1,1,2,2,2,2,1,3,2,1,2,2,2,2,2,0,2,1,1,0,0,0,0,0,0,0,0,0,0,0,0,0,0,0,0,0,0,0,0,0,0,0,0,0,0,0,0,40,1,5,3,1,1,0,2,2,2,2,2,2,1,2,1,1,1,2,1,2,2,7831,1,1,1,2,0,0,1,1,2,1
12B216,14,40104,3,1,0,2,2,223,2,51,4,3,7,1,2,2,1,2,2,2,0,0,0,0,0,0,0,0,0,0,0,0,0,2,5,2,2,2,2,1,2,2,2,2,2,0,2,1,1,0,0,0,0,0,0,0,0,0,0,0,0,20,2,0,2,4,2,0,2,2,2,2,1,1,1,2,1,1,1,1,1,1,1,37202,3,3,1,0,2,0,1,2,0,1
13B216,14,40106,2,1,0,3,2,223,2,26,2,6,1,1,1,1,2,2,2,2,1,3,2,1,2,2,2,2,3,300,2,1,2,0,0,0,0,0,0,0,0,0,0,0,0,0,0,0,0,0,0,0,0,0,0,0,0,0,0,0,0,30,2,0,3,3,2,0,2,2,2,2,2,2,2,0,1,1,1,1,1,1,1,32937,1,1,1,2,0,0,1,1,2,0
13B216,14,40106,3,1,0,1,2,223,1,41,4,3,1,1,2,2,2,2,2,2,0,0,0,0,0,0,0,0,0,0,0,0,0,0,0,0,0,0,0,0,0,0,0,0,0,0,0,0,0,0,0,0,0,0,0,0,0,0,0,0,0,0,0,0,0,0,0,3,2,2,2,2,2,2,2,0,1,1,1,2,2,2,2,25821,4,4,2,0,0,0,2,0,2,1
13B216,14,40106,4,1,0,2,2,223,1,27,7,4,1,1,2,1,2,2,2,2,1,3,2,2,2,1,2,2,3,300,2,1,1,0,0,0,0,0,0,0,0,0,0,0,0,0,0,0,0,0,0,0,0,0,0,0,0,0,0,0,0,30,2,0,3,3,2,0,2,2,2,2,2,1,2,0,1,1,1,1,1,1,1,24991,3,1,1,2,0,0,1,1,2,2
13B216,14,40106,1,1,0,1,2,223,2,29,7,4,1,1,1,1,2,2,2,2,8,4,2,1,2,2,2,2,3,2000,2,1,1,0,0,0,0,0,0,0,0,0,0,0,0,0,0,0,0,0,0,0,0,0,0,0,0,0,0,0,0,30,1,5,3,3,1,0,1,2,2,2,2,2,2,0,2,0,1,1,1,1,1,21958,1,1,1,2,0,0,1,8,2,2
13B202,14,40118,2,1,0,1,2,223,1,73,7,4,1,1,1,1,2,2,2,2,6,4,2,1,2,1,1,2,3,2000,2,1,1,0,0,0,0,0,0,0,0,0,0,0,0,0,0,0,0,0,0,0,0,0,0,0,0,0,0,0,0,60,2,0,2,3,1,0,2,2,2,1,2,1,2,0,1,1,1,2,2,2,2,21880,1,1,1,2,0,0,1,6,2,2
13B202,14,40118,4,1,0,1,2,223,1,66,7,4,8,1,2,2,2,2,2,2,0,0,0,0,0,0,0,0,0,0,0,0,0,0,0,0,0,0,0,0,0,0,0,0,0,0,0,0,0,0,0,0,0,0,0,0,0,0,0,0,0,0,0,0,0,0,0,1,2,2,2,2,2,2,2,0,2,0,1,2,2,2,2,10940,4,4,2,0,0,0,2,0,0,2
13B202,14,40118,3,1,1,1,2,223,1,31,7,4,4,1,1,1,2,2,2,1,1,4,2,2,1,2,2,2,2,0,2,1,1,0,0,0,0,0,0,0,0,0,0,0,0,0,0,0,0,0,0,0,0,0,0,0,0,0,0,0,0,90,2,0,3,3,1,0,2,2,2,2,2,2,1,2,1,1,1,2,2,2,2,11385,1,2,1,2,0,0,1,1,1,2
12B213,14,40139,1,1,0,1,2,223,1,75,3,3,8,1,1,2,2,1,2,2,0,0,0,0,0,0,0,0,0,0,0,0,0,0,0,0,0,0,0,0,0,0,0,0,0,0,0,0,0,10,3,1,1,1,1,1,3,130,2,1,1,180,2,0,3,2,2,0,2,2,2,2,1,1,1,1,1,1,1,2,1,2,2,37242,1,3,1,0,0,2,1,10,0,1
12B213,14,40139,4,1,0,2,2,223,2,72,6,2,8,1,2,2,1,2,2,2,0,0,0,0,0,0,0,0,0,0,0,0,0,3,5,2,2,2,2,1,2,2,2,2,2,0,2,1,1,0,0,0,0,0,0,0,0,0,0,0,0,20,2,0,1,1,2,0,2,2,2,2,2,2,2,0,2,0,1,2,2,2,2,18374,3,3,1,0,2,0,1,3,0,1
12B213,14,40139,3,1,0,3,2,223,1,34,7,5,1,1,1,2,2,1,2,1,0,0,0,0,0,0,0,0,0,0,0,0,0,0,0,0,0,0,0,0,0,0,0,0,0,0,0,0,0,5,3,1,1,2,2,1,1,0,1,2,2,30,2,0,4,3,2,0,2,2,2,2,2,1,2,0,1,2,1,1,1,1,1,19378,1,3,1,0,0,1,1,5,2,2
12B213,14,40139,2,1,0,2,2,223,2,41,7,5,7,1,2,2,2,2,2,2,0,0,0,0,0,0,0,0,0,0,0,0,0,0,0,0,0,0,0,0,0,0,0,0,0,0,0,0,0,0,0,0,0,0,0,0,0,0,0,0,0,0,0,0,0,0,0,2,2,2,2,2,2,2,2,0,1,1,1,1,1,1,2,10457,4,4,2,0,0,0,2,0,0,2
12B213,14,40141,4,1,0,2,2,223,2,21,3,3,1,1,2,2,1,2,2,2,0,0,0,0,0,0,0,0,0,0,0,0,0,1,4,2,2,2,2,2,2,2,1,2,2,0,2,1,2,0,0,0,0,0,0,0,0,0,0,0,0,30,2,0,2,2,1,0,2,2,2,2,2,2,2,0,1,1,1,1,1,1,1,26126,3,3,1,0,2,0,1,1,2,1
12B213,14,40141,3,1,0,4,2,223,2,23,3,3,1,1,2,2,1,2,2,2,0,0,0,0,0,0,0,0,0,0,0,0,0,2,4,2,2,2,2,2,2,2,1,2,3,60,2,1,2,0,0,0,0,0,0,0,0,0,0,0,0,20,2,0,2,3,2,0,2,1,2,2,1,2,2,0,1,1,1,1,1,1,1,52253,3,3,1,0,2,0,1,2,2,1
11B213,14,40145,2,1,0,1,2,223,2,54,2,6,1,1,2,2,2,2,2,2,0,0,0,0,0,0,0,0,0,0,0,0,0,0,0,0,0,0,0,0,0,0,0,0,0,0,0,0,0,0,0,0,0,0,0,0,0,0,0,0,0,0,0,0,0,0,0,3,2,2,2,2,2,2,2,0,1,1,1,1,1,1,2,20972,4,4,2,0,0,0,2,0,2,0
11B213,14,40145,1,1,0,1,2,223,2,64,2,2,1,1,2,2,2,2,2,2,0,0,0,0,0,0,0,0,0,0,0,0,0,0,0,0,0,0,0,0,0,0,0,0,0,0,0,0,0,0,0,0,0,0,0,0,0,0,0,0,0,0,0,0,0,0,0,3,2,2,2,2,2,2,2,0,1,2,1,2,1,2,2,12412,4,4,2,0,0,0,2,0,2,0
11B213,14,40145,3,1,0,2,2,223,2,32,4,3,1,1,2,2,1,2,2,2,0,0,0,0,0,0,0,0,0,0,0,0,0,1,4,2,2,2,2,2,2,2,1,2,2,0,2,1,2,0,0,0,0,0,0,0,0,0,0,0,0,20,2,0,2,3,2,0,2,2,2,2,1,2,2,0,1,1,1,2,1,3,1,22074,3,3,1,0,2,0,1,1,2,1
11B213,14,40145,4,1,0,1,2,223,1,40,8,2,1,1,2,1,2,2,2,1,1,1,1,2,2,2,2,2,1,0,1,2,2,0,0,0,0,0,0,0,0,0,0,0,0,0,0,0,0,0,0,0,0,0,0,0,0,0,0,0,0,30,2,0,2,3,2,0,2,2,2,1,1,1,2,0,1,1,1,1,1,1,1,25957,3,2,1,1,0,0,1,1,2,2
12B216,14,40152,2,1,0,2,2,223,2,28,4,1,2,1,1,1,2,2,2,2,2,3,2,2,1,2,2,2,3,200,2,1,1,0,0,0,0,0,0,0,0,0,0,0,0,0,0,0,0,0,0,0,0,0,0,0,0,0,0,0,0,15,1,7,2,3,2,0,1,2,2,2,1,1,1,1,1,1,1,1,1,1,1,32547,1,1,1,2,0,0,1,2,1,1
12B216,14,40152,1,1,0,1,2,223,1,29,4,3,1,1,1,1,2,2,2,2,2,4,2,2,2,2,1,2,3,1000,1,1,1,0,0,0,0,0,0,0,0,0,0,0,0,0,0,0,0,0,0,0,0,0,0,0,0,0,0,0,0,30,1,5,3,4,1,0,1,2,2,2,1,1,1,2,1,1,1,1,1,1,1,18521,1,1,1,3,0,0,1,2,2,1
12B216,14,40152,3,1,0,2,2,223,2,80,2,6,7,1,1,2,1,2,2,2,0,0,0,0,0,0,0,0,0,0,0,0,0,5,5,2,2,2,2,1,2,2,2,2,3,120,2,1,1,0,0,0,0,0,0,0,0,0,0,0,0,15,2,0,1,3,2,0,2,2,2,2,2,1,1,2,1,1,1,2,2,2,2,35123,1,3,1,0,2,0,1,5,0,0
12B216,14,40152,4,1,0,1,2,223,1,70,4,3,8,1,2,2,2,2,2,2,0,0,0,0,0,0,0,0,0,0,0,0,0,0,0,0,0,0,0,0,0,0,0,0,0,0,0,0,0,0,0,0,0,0,0,0,0,0,0,0,0,0,0,0,0,0,0,5,2,2,2,2,2,2,2,0,3,0,1,3,3,3,3,17798,4,4,2,0,0,0,2,0,0,1
11A207,14,40153,1,1,3,2,2,223,2,18,0,,7,2,0,0,0,0,0,0,0,0,0,0,0,0,0,0,0,0,0,0,0,0,0,0,0,0,0,0,0,0,0,0,0,0,0,0,0,0,0,0,0,0,0,0,0,0,0,0,0,0,0,0,0,0,0,0,0,0,0,0,0,0,0,0,0,0,0,0,0,0,0,22041,0,0,0,0,0,0,0,0,0,0
11A207,14,40153,3,1,0,2,2,223,2,23,3,3,7,1,1,1,2,2,1,2,6,4,2,2,1,1,2,2,2,0,2,1,1,0,0,0,0,0,0,0,0,0,0,0,0,0,0,0,0,0,0,0,0,0,0,0,0,0,0,0,0,60,2,0,2,3,1,0,2,2,1,1,2,1,2,0,1,1,1,1,1,1,1,22041,1,2,1,2,0,0,1,6,0,1
11A207,14,40153,2,1,1,1,2,223,2,34,2,6,1,1,2,2,2,2,2,2,0,0,0,0,0,0,0,0,0,0,0,0,0,0,0,0,0,0,0,0,0,0,0,0,0,0,0,0,0,0,0,0,0,0,0,0,0,0,0,0,0,0,0,0,0,0,0,3,2,2,2,2,2,2,2,0,2,0,1,1,1,2,2,9044,4,4,2,0,0,0,2,0,2,0
11A207,14,40153,4,1,0,1,2,223,1,70,2,3,1,1,2,2,2,2,2,2,0,0,0,0,0,0,0,0,0,0,0,0,0,0,0,0,0,0,0,0,0,0,0,0,0,0,0,0,0,0,0,0,0,0,0,0,0,0,0,0,0,0,0,0,0,0,0,5,2,2,2,2,2,2,2,0,2,0,1,2,2,2,2,19781,4,4,2,0,0,0,2,0,2,0
13A207,14,40155,3,1,0,2,2,223,1,67,7,1,1,1,1,1,2,2,2,2,1,4,2,2,2,1,2,2,2,0,2,1,1,0,0,0,0,0,0,0,0,0,0,0,0,0,0,0,0,0,0,0,0,0,0,0,0,0,0,0,0,45,2,0,1,3,2,0,2,2,2,2,2,1,2,0,1,1,1,2,1,2,2,12183,1,1,1,2,0,0,1,1,2,2
13A207,14,40155,2,1,0,3,2,223,2,22,7,1,6,1,1,2,2,2,2,1,0,0,0,0,0,0,0,0,0,0,0,0,0,0,0,0,0,0,0,0,0,0,0,0,0,0,0,0,0,0,0,0,0,0,0,0,0,0,0,0,0,30,2,0,3,3,1,0,2,2,2,2,2,1,1,2,1,1,1,1,1,1,1,40724,1,3,1,0,0,0,2,0,1,2
13A207,14,40155,1,1,0,1,2,223,1,42,7,3,1,1,1,1,1,2,2,1,30,4,2,1,2,1,1,2,3,3000,1,1,1,70,4,2,1,2,2,2,1,2,1,2,3,3500,1,1,1,0,0,0,0,0,0,0,0,0,0,0,0,120,2,0,3,4,1,0,1,2,2,1,2,1,2,0,1,4,1,1,1,1,1,26198,1,2,1,3,3,0,1,100,2,2
13A207,14,40155,4,1,0,1,2,223,2,39,7,3,1,1,1,1,2,2,2,1,1,3,2,2,2,1,2,2,2,0,2,1,1,0,0,0,0,0,0,0,0,0,0,0,0,0,0,0,0,0,0,0,0,0,0,0,0,0,0,0,0,25,2,0,2,3,1,0,2,2,2,2,2,1,2,0,1,1,1,1,1,1,2,10262,1,2,1,2,0,0,1,1,2,2
11A208,14,40156,1,1,0,2,2,223,2,49,2,6,1,1,2,2,2,2,2,2,0,0,0,0,0,0,0,0,0,0,0,0,0,0,0,0,0,0,0,0,0,0,0,0,0,0,0,0,0,0,0,0,0,0,0,0,0,0,0,0,0,0,0,0,0,0,0,4,2,2,2,2,2,2,2,0,2,0,1,2,1,2,2,30046,4,4,2,0,0,0,2,0,2,0
11A208,14,40156,4,1,0,1,2,223,2,50,4,3,1,1,1,1,1,2,2,2,1,3,2,1,2,2,2,2,2,0,2,1,1,3,5,2,2,2,2,1,2,2,2,2,3,120,2,1,1,0,0,0,0,0,0,0,0,0,0,0,0,30,2,0,2,3,2,0,2,2,2,2,2,1,1,1,1,1,1,1,1,1,1,20031,1,2,1,2,2,0,1,4,2,1
11A208,14,40156,2,1,1,2,2,223,2,59,6,3,1,1,2,2,2,2,2,2,0,0,0,0,0,0,0,0,0,0,0,0,0,0,0,0,0,0,0,0,0,0,0,0,0,0,0,0,0,0,0,0,0,0,0,0,0,0,0,0,0,0,0,0,0,0,0,5,2,2,2,2,2,2,2,0,2,0,1,2,2,2,2,44455,4,4,2,0,0,0,2,0,2,1
11A208,14,40156,3,1,0,1,2,223,2,46,2,6,7,1,2,2,1,2,2,2,0,0,0,0,0,0,0,0,0,0,0,0,0,1,4,2,2,2,2,2,2,2,1,2,2,0,2,1,1,0,0,0,0,0,0,0,0,0,0,0,0,10,1,3,2,1,2,0,2,2,2,2,2,1,2,0,2,0,1,2,1,2,1,40061,3,3,1,0,2,0,1,1,0,0
12B202,14,40163,3,1,0,2,2,223,2,40,4,3,1,1,2,1,2,2,2,2,1,4,2,2,2,1,2,2,2,0,2,1,1,0,0,0,0,0,0,0,0,0,0,0,0,0,0,0,0,0,0,0,0,0,0,0,0,0,0,0,0,30,2,0,2,3,2,0,2,2,2,2,2,2,2,0,2,0,1,2,2,2,2,20474,3,1,1,2,0,0,1,1,2,1
12B202,14,40163,1,1,0,2,2,223,2,29,4,3,7,1,2,2,2,2,2,2,0,0,0,0,0,0,0,0,0,0,0,0,0,0,0,0,0,0,0,0,0,0,0,0,0,0,0,0,0,0,0,0,0,0,0,0,0,0,0,0,0,0,0,0,0,0,0,3,2,2,2,2,1,2,3,0,1,1,1,1,1,1,1,14817,4,4,2,0,0,0,2,0,0,1
12B202,14,40163,2,1,0,3,2,223,1,24,4,3,1,1,1,1,1,2,2,1,3,4,2,2,2,1,2,2,2,0,2,1,2,1,4,1,2,2,2,2,2,2,2,2,3,35,2,1,2,0,0,0,0,0,0,0,0,0,0,0,0,30,2,0,4,3,2,0,1,1,2,2,2,1,1,2,1,1,1,2,1,2,2,31584,1,2,1,2,2,0,1,4,2,1
12B202,14,40163,4,1,0,1,2,223,2,46,4,3,1,1,2,2,2,2,2,2,0,0,0,0,0,0,0,0,0,0,0,0,0,0,0,0,0,0,0,0,0,0,0,0,0,0,0,0,0,0,0,0,0,0,0,0,0,0,0,0,0,0,0,0,0,0,0,3,2,2,2,2,1,1,1,1,1,4,1,1,1,1,1,7039,4,4,2,0,0,0,2,0,2,1
13B202,14,40164,3,1,0,1,2,223,1,33,4,3,1,1,2,2,2,1,2,2,0,0,0,0,0,0,0,0,0,0,0,0,0,0,0,0,0,0,0,0,0,0,0,0,0,0,0,0,0,2,4,2,1,2,2,2,2,0,2,1,2,15,1,6,2,1,2,0,2,2,2,2,2,1,1,2,2,0,1,1,1,1,1,26659,3,3,1,0,0,2,1,2,2,1
13B202,14,40164,1,1,0,2,2,223,2,54,4,3,1,1,1,2,2,2,2,1,0,0,0,0,0,0,0,0,0,0,0,0,0,0,0,0,0,0,0,0,0,0,0,0,0,0,0,0,0,0,0,0,0,0,0,0,0,0,0,0,0,15,1,7,2,1,2,0,2,2,2,2,2,1,2,0,1,1,1,3,1,1,1,22254,1,3,1,0,0,0,2,0,2,1
11B202,14,40165,2,1,1,1,2,223,2,61,2,6,7,1,1,1,2,2,2,2,2,4,2,1,1,2,2,2,2,0,2,1,1,0,0,0,0,0,0,0,0,0,0,0,0,0,0,0,0,0,0,0,0,0,0,0,0,0,0,0,0,30,2,0,2,3,2,0,2,2,2,2,2,2,2,0,2,0,1,1,1,1,2,23536,1,1,1,2,0,0,1,2,0,0
11B202,14,40165,4,1,0,2,2,223,2,23,3,3,7,1,1,1,2,2,2,2,2,4,2,1,2,2,1,2,2,0,2,1,1,0,0,0,0,0,0,0,0,0,0,0,0,0,0,0,0,0,0,0,0,0,0,0,0,0,0,0,0,30,2,0,3,3,2,0,2,2,2,2,2,1,2,0,1,1,1,1,1,1,1,34006,1,1,1,2,0,0,1,2,0,1
11B202,14,40165,1,1,1,3,2,223,2,19,2,6,7,1,2,2,2,2,2,1,0,0,0,0,0,0,0,0,0,0,0,0,0,0,0,0,0,0,0,0,0,0,0,0,0,0,0,0,0,0,0,0,0,0,0,0,0,0,0,0,0,15,2,0,3,3,1,0,2,2,2,2,2,1,2,0,1,1,1,1,1,1,1,68014,3,3,1,0,0,0,2,0,0,0
11B202,14,40165,3,1,0,2,2,223,2,43,7,5,1,1,1,1,2,2,2,1,5,3,2,2,2,2,1,2,1,0,1,2,1,0,0,0,0,0,0,0,0,0,0,0,0,0,0,0,0,0,0,0,0,0,0,0,0,0,0,0,0,60,2,0,3,4,1,0,1,2,2,1,2,1,1,1,1,1,1,1,2,2,1,12854,1,2,1,1,0,0,1,5,2,2
11B213,14,40190,2,1,0,2,2,223,2,43,4,3,7,1,2,2,2,2,2,2,0,0,0,0,0,0,0,0,0,0,0,0,0,0,0,0,0,0,0,0,0,0,0,0,0,0,0,0,0,0,0,0,0,0,0,0,0,0,0,0,0,0,0,0,0,0,0,3,2,2,2,2,2,2,2,0,2,0,1,1,1,2,2,38852,4,4,2,0,0,0,2,0,0,1
11B213,14,40190,1,1,0,1,2,223,1,56,3,3,1,1,2,2,2,2,2,2,0,0,0,0,0,0,0,0,0,0,0,0,0,0,0,0,0,0,0,0,0,0,0,0,0,0,0,0,0,0,0,0,0,0,0,0,0,0,0,0,0,0,0,0,0,0,0,2,2,2,2,2,2,2,2,0,2,0,1,3,1,3,3,13318,4,4,2,0,0,0,2,0,2,1
11B213,14,40190,3,1,0,1,2,223,1,49,4,3,3,1,2,2,2,2,2,2,0,0,0,0,0,0,0,0,0,0,0,0,0,0,0,0,0,0,0,0,0,0,0,0,0,0,0,0,0,0,0,0,0,0,0,0,0,0,0,0,0,0,0,0,0,0,0,3,2,2,2,2,2,1,2,0,2,0,1,1,1,1,1,16205,4,4,2,0,0,0,2,0,2,1
11B213,14,40190,4,1,0,1,2,223,1,25,7,4,1,1,1,2,1,1,2,1,0,0,0,0,0,0,0,0,0,0,0,0,0,6,4,2,2,2,1,2,2,2,2,2,3,300,2,1,1,3,3,2,1,2,2,2,2,0,2,1,2,15,1,6,2,3,2,0,1,2,2,2,2,1,2,0,1,1,1,1,1,1,1,16001,1,3,1,0,2,2,1,9,2,2
13B213,14,40192,4,1,0,1,2,223,2,58,7,5,1,1,1,1,2,2,2,1,2,3,2,1,2,2,2,2,3,350,2,1,1,0,0,0,0,0,0,0,0,0,0,0,0,0,0,0,0,0,0,0,0,0,0,0,0,0,0,0,0,30,2,0,2,3,1,0,2,2,2,2,1,1,1,2,1,2,1,3,1,2,1,7988,1,2,1,2,0,0,1,2,2,2
13B213,14,40192,2,1,1,1,2,223,1,23,7,5,1,1,1,1,2,2,2,1,2,2,2,1,2,1,2,2,3,150,2,1,1,0,0,0,0,0,0,0,0,0,0,0,0,0,0,0,0,0,0,0,0,0,0,0,0,0,0,0,0,45,2,0,3,3,1,0,1,2,1,1,1,1,2,0,1,3,1,1,1,1,2,26918,1,2,1,2,0,0,1,2,2,2
13B213,14,40192,1,1,0,1,2,223,1,44,7,5,1,1,2,2,2,2,2,1,0,0,0,0,0,0,0,0,0,0,0,0,0,0,0,0,0,0,0,0,0,0,0,0,0,0,0,0,0,0,0,0,0,0,0,0,0,0,0,0,0,40,2,0,3,3,1,0,2,2,2,2,1,1,1,2,1,1,1,3,1,1,1,22275,3,3,1,0,0,0,2,0,2,2
13B213,14,40192,3,1,0,2,2,223,2,49,7,5,7,1,1,1,2,2,2,2,2,4,2,2,2,1,2,2,2,0,2,1,1,0,0,0,0,0,0,0,0,0,0,0,0,0,0,0,0,0,0,0,0,0,0,0,0,0,0,0,0,25,2,0,2,2,1,0,1,2,2,1,1,1,1,1,1,2,1,1,1,2,1,17997,1,1,1,2,0,0,1,2,0,2
12B216,14,40196,4,1,0,1,2,223,2,80,2,4,7,1,1,1,2,2,2,2,2,4,2,2,1,2,2,2,2,0,2,1,1,0,0,0,0,0,0,0,0,0,0,0,0,0,0,0,0,0,0,0,0,0,0,0,0,0,0,0,0,60,2,0,1,2,2,0,2,2,2,2,2,2,2,0,2,0,1,3,2,2,2,8690,1,1,1,2,0,0,1,2,0,0
12B216,14,40196,2,1,0,3,2,223,2,47,4,3,7,1,1,1,2,2,2,2,1,5,2,2,1,2,2,2,2,0,2,1,1,0,0,0,0,0,0,0,0,0,0,0,0,0,0,0,0,0,0,0,0,0,0,0,0,0,0,0,0,10,2,0,2,3,2,0,2,2,2,2,1,1,1,1,1,1,1,1,1,1,1,30601,1,1,1,2,0,0,1,1,0,1
12B216,14,40196,1,1,0,1,2,223,1,34,7,1,1,1,2,1,2,2,2,2,1,4,2,2,2,1,2,2,2,0,2,1,1,0,0,0,0,0,0,0,0,0,0,0,0,0,0,0,0,0,0,0,0,0,0,0,0,0,0,0,0,30,2,0,2,3,1,0,2,2,2,2,2,2,2,0,3,0,1,1,3,1,2,36657,3,1,1,2,0,0,1,1,2,2
11B216,14,40197,4,1,0,2,2,223,2,60,2,6,1,1,2,2,2,2,2,2,0,0,0,0,0,0,0,0,0,0,0,0,0,0,0,0,0,0,0,0,0,0,0,0,0,0,0,0,0,0,0,0,0,0,0,0,0,0,0,0,0,0,0,0,0,0,0,1,2,2,2,2,2,2,2,0,1,1,1,1,2,1,2,11532,4,4,2,0,0,0,2,0,2,0
11B216,14,40197,3,1,0,1,2,223,2,37,3,3,7,1,2,2,2,2,2,2,0,0,0,0,0,0,0,0,0,0,0,0,0,0,0,0,0,0,0,0,0,0,0,0,0,0,0,0,0,0,0,0,0,0,0,0,0,0,0,0,0,0,0,0,0,0,0,3,2,2,2,2,2,2,2,0,2,0,1,1,1,1,1,6298,4,4,2,0,0,0,2,0,0,1
11B216,14,40197,2,1,0,1,2,223,1,74,7,5,10,1,1,1,2,2,2,2,2,4,2,2,2,1,1,2,2,0,2,1,1,0,0,0,0,0,0,0,0,0,0,0,0,0,0,0,0,0,0,0,0,0,0,0,0,0,0,0,0,30,2,0,3,3,2,0,2,2,2,2,2,2,2,0,1,2,1,1,2,1,1,14953,1,1,1,2,0,0,1,2,0,2
11B216,14,40197,1,1,0,2,2,223,1,24,7,4,1,1,1,1,2,2,2,1,6,4,2,1,2,2,2,2,3,4000,2,1,1,0,0,0,0,0,0,0,0,0,0,0,0,0,0,0,0,0,0,0,0,0,0,0,0,0,0,0,0,30,1,7,3,3,1,0,2,2,2,2,1,1,1,2,1,2,1,2,1,1,2,19429,1,2,1,2,0,0,1,6,2,2
12A207,14,40200,3,1,0,4,2,223,2,24,4,3,1,1,2,2,2,2,2,2,0,0,0,0,0,0,0,0,0,0,0,0,0,0,0,0,0,0,0,0,0,0,0,0,0,0,0,0,0,0,0,0,0,0,0,0,0,0,0,0,0,0,0,0,0,0,0,1,2,2,2,2,1,1,2,0,2,0,1,1,1,1,1,28344,4,4,2,0,0,0,2,0,2,1
12A207,14,40200,4,1,0,1,2,223,1,49,3,3,1,1,2,2,2,1,2,2,0,0,0,0,0,0,0,0,0,0,0,0,0,0,0,0,0,0,0,0,0,0,0,0,0,0,0,0,0,1,4,2,1,2,2,2,2,0,2,1,2,10,2,0,2,3,2,0,2,2,2,2,2,2,1,2,1,1,1,1,1,2,2,35746,3,3,1,0,0,2,1,1,2,1
12A207,14,40200,2,1,1,1,2,223,1,26,7,3,1,1,1,1,1,2,2,1,2,4,2,2,2,2,1,2,2,0,2,1,2,4,4,2,2,2,1,2,2,1,2,2,3,200,2,1,1,0,0,0,0,0,0,0,0,0,0,0,0,20,1,6,2,4,1,0,1,2,2,2,2,1,1,2,1,1,1,1,1,1,1,17648,1,2,1,2,2,0,1,6,2,2
13A207,14,40201,3,1,0,2,2,223,2,76,2,5,7,1,1,1,2,2,2,2,2,4,2,1,2,1,2,2,2,0,2,1,1,0,0,0,0,0,0,0,0,0,0,0,0,0,0,0,0,0,0,0,0,0,0,0,0,0,0,0,0,30,2,0,2,3,2,0,2,2,2,2,2,1,2,0,1,1,1,1,2,1,2,21771,1,1,1,2,0,0,1,2,0,0
13A207,14,40201,1,1,0,1,2,223,1,71,6,4,8,1,1,1,2,2,2,2,3,3,2,1,2,1,2,2,1,0,1,2,1,0,0,0,0,0,0,0,0,0,0,0,0,0,0,0,0,0,0,0,0,0,0,0,0,0,0,0,0,30,2,0,3,4,1,0,2,2,2,2,2,1,2,0,1,2,1,1,1,1,1,22063,1,1,1,1,0,0,1,3,0,1
13A207,14,40201,4,1,0,3,2,223,2,29,4,3,1,1,1,1,2,2,2,1,2,4,2,2,2,1,1,2,3,300,2,1,1,0,0,0,0,0,0,0,0,0,0,0,0,0,0,0,0,0,0,0,0,0,0,0,0,0,0,0,0,30,2,0,3,3,1,0,2,2,2,2,2,1,2,0,1,2,1,2,2,2,2,40349,1,2,1,2,0,0,1,2,2,1
13A207,14,40201,2,1,0,1,2,223,2,63,4,3,7,1,1,1,2,2,2,2,1,4,2,2,1,2,2,2,2,0,2,1,1,0,0,0,0,0,0,0,0,0,0,0,0,0,0,0,0,0,0,0,0,0,0,0,0,0,0,0,0,25,2,0,2,3,2,0,2,2,2,2,2,2,2,0,1,2,1,1,2,2,2,17015,1,1,1,2,0,0,1,1,0,1
11A207,14,40202,2,1,0,1,2,223,2,28,4,3,1,1,1,2,1,2,2,2,0,0,0,0,0,0,0,0,0,0,0,0,0,5,4,2,2,2,2,2,2,2,1,2,3,100,2,1,1,0,0,0,0,0,0,0,0,0,0,0,0,15,1,3,2,3,2,0,2,1,2,2,2,1,2,0,2,0,1,2,1,2,2,14629,1,3,1,0,2,0,1,5,2,1
11A207,14,40202,4,1,0,3,2,223,2,23,7,4,1,1,1,1,2,2,2,1,3,4,2,2,1,2,2,2,3,750,2,1,1,0,0,0,0,0,0,0,0,0,0,0,0,0,0,0,0,0,0,0,0,0,0,0,0,0,0,0,0,25,1,5,3,3,1,0,1,2,2,2,2,1,1,2,2,0,1,1,1,1,1,26740,1,2,1,2,0,0,1,3,2,2
11A207,14,40202,3,1,0,2,2,223,2,27,4,3,7,1,2,2,2,2,2,2,0,0,0,0,0,0,0,0,0,0,0,0,0,0,0,0,0,0,0,0,0,0,0,0,0,0,0,0,0,0,0,0,0,0,0,0,0,0,0,0,0,0,0,0,0,0,0,1,2,2,2,2,2,1,2,0,2,0,1,2,1,1,1,14629,4,4,2,0,0,0,2,0,0,1
12B202,14,40205,2,1,2,1,2,223,2,25,7,5,1,1,1,1,2,2,1,1,2,4,1,2,2,1,2,2,1,0,1,1,1,0,0,0,0,0,0,0,0,0,0,0,0,0,0,0,0,0,0,0,0,0,0,0,0,0,0,0,0,60,2,0,4,4,1,0,1,1,2,1,1,1,1,2,1,4,1,1,1,1,1,9561,1,2,1,3,0,0,1,2,2,2
12B202,14,40205,1,1,0,1,2,223,1,62,7,5,1,1,1,1,1,2,2,2,10,3,1,1,1,1,1,2,1,0,1,2,1,4,3,2,1,1,2,1,1,2,2,2,2,0,2,1,1,0,0,0,0,0,0,0,0,0,0,0,0,120,2,0,4,4,1,0,1,1,2,1,1,1,2,0,1,5,1,1,1,1,1,18115,1,2,1,1,2,0,1,14,2,2
12B202,14,40207,4,1,0,1,2,223,1,59,4,3,1,1,2,2,2,2,2,2,0,0,0,0,0,0,0,0,0,0,0,0,0,0,0,0,0,0,0,0,0,0,0,0,0,0,0,0,0,0,0,0,0,0,0,0,0,0,0,0,0,0,0,0,0,0,0,2,2,2,2,2,2,2,2,0,1,1,1,2,1,2,2,21704,4,4,2,0,0,0,2,0,2,1
12B202,14,40207,2,1,0,1,2,223,1,26,7,4,1,1,1,2,2,2,1,1,0,0,0,0,0,0,0,0,0,0,0,0,0,0,0,0,0,0,0,0,0,0,0,0,0,0,0,0,0,0,0,0,0,0,0,0,0,0,0,0,0,20,1,5,4,4,1,0,2,2,2,2,1,1,1,2,1,1,1,1,1,1,1,17384,1,3,1,0,0,0,2,0,2,2
12B202,14,40207,1,1,0,2,2,223,2,56,5,4,8,1,2,2,2,2,2,2,0,0,0,0,0,0,0,0,0,0,0,0,0,0,0,0,0,0,0,0,0,0,0,0,0,0,0,0,0,0,0,0,0,0,0,0,0,0,0,0,0,0,0,0,0,0,0,5,2,2,2,2,1,1,1,1,1,1,1,1,1,1,1,12883,4,4,2,0,0,0,2,0,0,1
12B202,14,40207,3,1,0,2,2,223,2,36,7,4,1,1,2,2,2,2,2,2,0,0,0,0,0,0,0,0,0,0,0,0,0,0,0,0,0,0,0,0,0,0,0,0,0,0,0,0,0,0,0,0,0,0,0,0,0,0,0,0,0,0,0,0,0,0,0,2,2,2,2,2,2,1,2,0,1,1,1,2,1,1,2,21106,4,4,2,0,0,0,2,0,2,2
11B202,14,40209,2,1,0,1,2,223,2,71,2,6,7,1,2,2,2,2,2,2,0,0,0,0,0,0,0,0,0,0,0,0,0,0,0,0,0,0,0,0,0,0,0,0,0,0,0,0,0,0,0,0,0,0,0,0,0,0,0,0,0,0,0,0,0,0,0,5,2,2,2,2,2,3,2,0,2,0,1,2,2,3,2,15677,4,4,2,0,0,0,2,0,0,0
11B202,14,40209,4,1,0,2,2,223,1,20,4,3,1,1,2,1,2,2,2,1,4,1,2,1,2,1,2,2,3,1000,2,1,1,0,0,0,0,0,0,0,0,0,0,0,0,0,0,0,0,0,0,0,0,0,0,0,0,0,0,0,0,45,2,0,4,3,2,0,1,2,2,1,1,1,1,2,1,1,1,1,1,2,1,10322,3,2,1,2,0,0,1,4,2,1
11B214,14,40234,2,1,0,2,2,223,2,32,3,3,1,1,2,1,2,2,2,2,1,4,2,2,2,1,2,2,2,0,2,1,1,0,0,0,0,0,0,0,0,0,0,0,0,0,0,0,0,0,0,0,0,0,0,0,0,0,0,0,0,30,2,0,3,4,2,0,2,2,2,2,2,2,2,0,2,0,1,1,1,1,1,19110,3,1,1,2,0,0,1,1,2,1
11B214,14,40234,1,1,0,1,2,223,2,62,4,3,1,1,1,2,2,1,2,2,0,0,0,0,0,0,0,0,0,0,0,0,0,0,0,0,0,0,0,0,0,0,0,0,0,0,0,0,0,1,4,1,2,1,1,2,2,0,2,1,1,20,2,0,2,3,2,0,2,2,2,2,2,2,2,0,1,1,1,1,2,2,2,21491,1,3,1,0,0,2,1,1,2,1
11B214,14,40234,4,1,0,1,2,223,1,42,4,3,1,1,2,2,2,2,2,2,0,0,0,0,0,0,0,0,0,0,0,0,0,0,0,0,0,0,0,0,0,0,0,0,0,0,0,0,0,0,0,0,0,0,0,0,0,0,0,0,0,0,0,0,0,0,0,3,2,2,2,2,2,2,2,0,2,0,1,1,2,2,2,37454,4,4,2,0,0,0,2,0,2,1
11B214,14,40234,3,1,0,1,2,223,2,34,3,3,1,1,2,1,2,2,2,2,1,4,2,2,2,1,2,2,2,0,2,1,1,0,0,0,0,0,0,0,0,0,0,0,0,0,0,0,0,0,0,0,0,0,0,0,0,0,0,0,0,30,2,0,3,4,2,0,2,2,2,2,2,2,2,0,2,0,1,1,1,1,1,6370,3,1,1,2,0,0,1,1,2,1
11B214,14,40236,2,1,0,1,2,223,2,64,7,5,1,1,1,2,2,2,2,2,0,0,0,0,0,0,0,0,0,0,0,0,0,0,0,0,0,0,0,0,0,0,0,0,0,0,0,0,0,0,0,0,0,0,0,0,0,0,0,0,0,0,0,0,0,0,0,3,2,2,2,2,1,2,2,0,1,2,1,2,1,1,1,20207,2,4,2,0,0,0,2,0,2,2
11B214,14,40236,3,1,0,1,2,223,1,50,2,3,1,1,1,1,2,2,2,2,1,3,2,2,1,2,2,2,2,0,2,1,1,0,0,0,0,0,0,0,0,0,0,0,0,0,0,0,0,0,0,0,0,0,0,0,0,0,0,0,0,20,2,0,2,2,2,0,2,2,2,2,2,2,2,0,3,0,1,2,1,2,2,18411,1,1,1,2,0,0,1,1,2,0
11B214,14,40236,4,1,0,2,2,223,2,24,4,3,6,1,2,1,2,2,2,2,1,3,2,2,2,1,2,2,2,0,2,1,1,0,0,0,0,0,0,0,0,0,0,0,0,0,0,0,0,0,0,0,0,0,0,0,0,0,0,0,0,30,2,0,3,3,1,0,2,2,2,2,2,1,2,0,1,1,1,1,1,2,2,19465,3,1,1,2,0,0,1,1,1,1
11B214,14,40236,1,1,0,1,2,223,2,35,3,3,1,1,2,2,2,2,2,2,0,0,0,0,0,0,0,0,0,0,0,0,0,0,0,0,0,0,0,0,0,0,0,0,0,0,0,0,0,0,0,0,0,0,0,0,0,0,0,0,0,0,0,0,0,0,0,3,2,2,2,2,1,1,2,0,1,2,1,1,1,1,1,7357,4,4,2,0,0,0,2,0,2,1
12B214,14,40237,4,1,0,3,2,223,2,31,3,3,1,1,1,1,2,2,2,2,2,4,2,2,2,1,2,2,3,300,2,1,2,0,0,0,0,0,0,0,0,0,0,0,0,0,0,0,0,0,0,0,0,0,0,0,0,0,0,0,0,40,2,0,2,3,1,0,2,1,2,2,2,2,2,0,2,0,1,1,1,1,1,23439,1,1,1,2,0,0,1,2,2,1
12B214,14,40237,2,1,0,4,2,223,2,35,4,3,7,1,2,2,2,2,2,2,0,0,0,0,0,0,0,0,0,0,0,0,0,0,0,0,0,0,0,0,0,0,0,0,0,0,0,0,0,0,0,0,0,0,0,0,0,0,0,0,0,0,0,0,0,0,0,2,2,2,2,2,2,2,2,0,1,2,1,1,1,1,1,28789,4,4,2,0,0,0,2,0,0,1
12B214,14,40237,3,1,0,3,2,223,2,36,3,3,1,1,2,2,2,2,2,2,0,0,0,0,0,0,0,0,0,0,0,0,0,0,0,0,0,0,0,0,0,0,0,0,0,0,0,0,0,0,0,0,0,0,0,0,0,0,0,0,0,0,0,0,0,0,0,3,1,2,2,2,2,2,2,0,2,0,1,2,1,1,1,14394,4,4,2,0,0,0,2,0,2,1
12A208,14,40246,1,1,0,1,2,223,2,86,2,2,7,1,2,2,2,2,2,2,0,0,0,0,0,0,0,0,0,0,0,0,0,0,0,0,0,0,0,0,0,0,0,0,0,0,0,0,0,0,0,0,0,0,0,0,0,0,0,0,0,0,0,0,0,0,0,5,2,2,2,2,2,1,2,0,2,0,1,2,2,2,2,5737,4,4,2,0,0,0,2,0,0,0
12A208,14,40246,2,1,0,1,2,223,1,42,4,3,1,1,2,2,2,2,2,2,0,0,0,0,0,0,0,0,0,0,0,0,0,0,0,0,0,0,0,0,0,0,0,0,0,0,0,0,0,0,0,0,0,0,0,0,0,0,0,0,0,0,0,0,0,0,0,2,2,2,2,2,2,2,2,0,2,0,1,1,1,1,1,18756,4,4,2,0,0,0,2,0,2,1
12A208,14,40246,4,1,0,2,2,223,1,42,4,3,1,1,1,2,1,2,2,2,0,0,0,0,0,0,0,0,0,0,0,0,0,6,4,2,2,2,2,2,2,1,2,2,2,0,2,1,2,0,0,0,0,0,0,0,0,0,0,0,0,10,1,6,2,3,2,0,2,2,2,2,2,1,2,0,1,1,1,1,1,1,1,18756,1,3,1,0,2,0,1,6,2,1
12A208,14,40246,3,1,0,2,2,223,2,53,2,5,1,1,2,2,2,2,2,2,0,0,0,0,0,0,0,0,0,0,0,0,0,0,0,0,0,0,0,0,0,0,0,0,0,0,0,0,0,0,0,0,0,0,0,0,0,0,0,0,0,0,0,0,0,0,0,1,2,2,2,2,2,2,2,0,2,0,1,2,1,2,2,20205,4,4,2,0,0,0,2,0,2,0
12B214,14,40277,4,1,0,2,2,223,2,58,6,3,7,1,2,2,2,2,2,2,0,0,0,0,0,0,0,0,0,0,0,0,0,0,0,0,0,0,0,0,0,0,0,0,0,0,0,0,0,0,0,0,0,0,0,0,0,0,0,0,0,0,0,0,0,0,0,3,2,2,2,2,1,2,2,0,1,4,1,1,1,1,2,14272,4,4,2,0,0,0,2,0,0,1
12B214,14,40277,3,1,0,3,2,223,2,29,4,3,7,1,1,1,2,2,2,2,1,4,2,2,1,2,2,2,2,0,2,1,1,0,0,0,0,0,0,0,0,0,0,0,0,0,0,0,0,0,0,0,0,0,0,0,0,0,0,0,0,30,2,0,2,3,1,0,2,2,2,2,1,1,1,2,1,2,1,2,1,1,1,16922,1,1,1,2,0,0,1,1,0,1
12B214,14,40277,1,1,0,1,2,223,1,79,2,4,8,1,1,1,2,2,2,2,1,4,2,1,2,2,2,2,2,0,2,1,1,0,0,0,0,0,0,0,0,0,0,0,0,0,0,0,0,0,0,0,0,0,0,0,0,0,0,0,0,30,2,0,2,2,2,0,2,2,2,2,2,2,2,0,2,0,1,2,3,2,2,27759,1,1,1,2,0,0,1,1,0,0
12A208,14,40287,1,1,2,2,2,223,2,20,3,3,7,1,1,1,2,2,2,1,1,4,2,2,2,1,2,2,2,0,2,1,1,0,0,0,0,0,0,0,0,0,0,0,0,0,0,0,0,0,0,0,0,0,0,0,0,0,0,0,0,30,2,0,3,3,2,0,2,2,2,2,2,1,2,0,1,1,1,1,1,1,1,24537,1,2,1,2,0,0,1,1,0,1
12A208,14,40287,2,1,0,1,2,223,1,44,6,3,1,1,1,1,2,2,2,2,2,4,2,2,2,1,1,2,3,800,2,1,1,0,0,0,0,0,0,0,0,0,0,0,0,0,0,0,0,0,0,0,0,0,0,0,0,0,0,0,0,35,2,0,2,4,2,0,2,2,2,2,2,1,2,0,1,1,1,1,1,1,1,23677,1,1,1,2,0,0,1,2,2,1
12A208,14,40287,3,1,0,1,2,223,2,71,2,6,7,1,2,2,2,2,2,2,0,0,0,0,0,0,0,0,0,0,0,0,0,0,0,0,0,0,0,0,0,0,0,0,0,0,0,0,0,0,0,0,0,0,0,0,0,0,0,0,0,0,0,0,0,0,0,6,2,2,2,2,2,2,2,0,2,0,1,1,2,1,1,32593,4,4,2,0,0,0,2,0,0,0
12B214,14,40328,3,1,0,2,2,223,2,58,7,3,1,1,2,2,1,2,2,2,0,0,0,0,0,0,0,0,0,0,0,0,0,1,4,2,2,2,2,2,2,1,2,2,2,0,2,1,1,0,0,0,0,0,0,0,0,0,0,0,0,5,2,0,2,3,2,0,2,2,2,2,1,1,1,2,1,1,1,1,1,1,1,14003,3,3,1,0,2,0,1,1,2,2
12B214,14,40328,1,1,0,1,2,223,2,59,8,2,1,1,1,1,2,1,2,2,1,3,2,1,2,2,2,2,3,800,2,1,1,0,0,0,0,0,0,0,0,0,0,0,0,0,0,0,0,2,4,1,2,2,2,1,2,0,2,1,2,30,1,5,2,4,1,0,1,2,2,2,2,2,2,0,2,0,1,1,1,1,1,14003,1,2,1,2,0,2,1,3,2,2
12B214,14,40328,4,1,0,2,2,223,2,31,4,3,7,1,2,2,2,2,2,2,0,0,0,0,0,0,0,0,0,0,0,0,0,0,0,0,0,0,0,0,0,0,0,0,0,0,0,0,0,0,0,0,0,0,0,0,0,0,0,0,0,0,0,0,0,0,0,2,2,2,2,2,2,1,1,2,2,0,1,1,1,1,1,16603,4,4,2,0,0,0,2,0,0,1
12B214,14,40328,2,1,0,2,2,223,2,44,3,3,7,1,1,2,1,2,2,2,0,0,0,0,0,0,0,0,0,0,0,0,0,4,5,2,2,2,2,1,2,2,2,2,2,0,2,1,1,0,0,0,0,0,0,0,0,0,0,0,0,40,1,7,1,2,2,0,2,2,2,2,2,1,1,2,2,0,1,2,1,2,2,30588,1,3,1,0,2,0,1,4,0,1
13B214,14,40331,4,1,0,1,2,223,2,43,7,4,1,1,1,1,2,2,2,2,3,4,2,2,2,1,1,2,2,0,2,1,1,0,0,0,0,0,0,0,0,0,0,0,0,0,0,0,0,0,0,0,0,0,0,0,0,0,0,0,0,60,2,0,3,3,2,0,2,2,2,2,2,1,2,0,1,1,1,1,1,1,1,18904,1,1,1,2,0,0,1,3,2,2
13B214,14,40331,3,1,0,2,2,223,2,72,2,6,7,1,2,1,2,2,2,2,1,5,2,2,1,2,2,2,3,400,2,1,1,0,0,0,0,0,0,0,0,0,0,0,0,0,0,0,0,0,0,0,0,0,0,0,0,0,0,0,0,15,2,0,1,1,2,0,2,2,2,2,2,2,2,0,2,0,1,2,1,2,2,22146,3,1,1,2,0,0,1,1,0,0
13B214,14,40331,2,1,0,3,2,223,1,27,7,5,1,1,2,2,1,2,2,1,0,0,0,0,0,0,0,0,0,0,0,0,0,2,3,2,2,2,2,2,2,2,1,2,2,0,2,1,1,0,0,0,0,0,0,0,0,0,0,0,0,20,2,0,2,2,2,0,2,2,2,2,2,2,2,0,2,0,1,2,1,2,1,35033,3,3,1,0,2,0,1,2,2,2
13B214,14,40331,1,1,0,1,2,223,2,47,2,6,7,1,2,2,2,2,2,2,0,0,0,0,0,0,0,0,0,0,0,0,0,0,0,0,0,0,0,0,0,0,0,0,0,0,0,0,0,0,0,0,0,0,0,0,0,0,0,0,0,0,0,0,0,0,0,1,2,2,2,2,2,2,2,0,2,0,1,3,1,1,2,19497,4,4,2,0,0,0,2,0,0,0
12A208,14,40336,1,1,1,2,2,223,2,26,4,3,4,1,2,2,2,2,2,2,0,0,0,0,0,0,0,0,0,0,0,0,0,0,0,0,0,0,0,0,0,0,0,0,0,0,0,0,0,0,0,0,0,0,0,0,0,0,0,0,0,0,0,0,0,0,0,3,2,2,2,2,1,1,1,2,1,1,1,1,1,1,1,15517,4,4,2,0,0,0,2,0,1,1
12A208,14,40336,3,1,0,3,2,223,2,24,7,3,1,1,1,1,1,2,2,1,1,3,2,2,2,2,1,2,3,400,2,1,1,5,4,2,2,2,1,2,2,2,1,2,3,200,2,1,2,0,0,0,0,0,0,0,0,0,0,0,0,40,2,0,2,4,1,0,1,1,2,2,1,1,1,1,1,1,1,1,1,1,1,28365,1,2,1,2,2,0,1,6,2,2
12A208,14,40336,4,1,0,2,2,223,2,38,3,3,2,1,2,2,2,2,2,2,0,0,0,0,0,0,0,0,0,0,0,0,0,0,0,0,0,0,0,0,0,0,0,0,0,0,0,0,0,0,0,0,0,0,0,0,0,0,0,0,0,0,0,0,0,0,0,1,2,2,2,2,2,1,1,2,1,1,1,1,1,1,1,14294,4,4,2,0,0,0,2,0,1,1
12A208,14,40336,2,1,0,2,2,223,2,47,4,3,1,1,2,2,2,2,2,2,0,0,0,0,0,0,0,0,0,0,0,0,0,0,0,0,0,0,0,0,0,0,0,0,0,0,0,0,0,0,0,0,0,0,0,0,0,0,0,0,0,0,0,0,0,0,0,1,2,2,2,2,2,1,2,0,2,0,1,1,1,2,2,22114,4,4,2,0,0,0,2,0,2,1
11A208,14,40340,1,1,0,1,2,223,2,40,3,3,1,1,1,1,1,2,2,2,2,4,2,2,1,2,2,2,2,0,2,1,1,2,4,2,2,2,2,2,2,2,1,2,3,60,2,1,2,0,0,0,0,0,0,0,0,0,0,0,0,40,2,0,4,4,2,0,2,2,2,2,2,2,2,0,2,0,1,1,1,1,1,18813,1,2,1,2,2,0,1,4,2,1
11A208,14,40340,2,1,0,1,2,223,2,43,4,3,1,1,2,1,2,2,2,2,1,3,2,2,1,2,2,2,2,0,2,1,1,0,0,0,0,0,0,0,0,0,0,0,0,0,0,0,0,0,0,0,0,0,0,0,0,0,0,0,0,20,2,0,2,2,2,0,2,2,2,2,1,2,2,0,1,1,1,2,2,2,2,18813,3,1,1,2,0,0,1,1,2,1
11A208,14,40340,4,1,0,2,2,223,2,38,4,3,1,1,2,1,2,2,2,2,3,3,2,2,1,1,2,2,2,0,2,1,1,0,0,0,0,0,0,0,0,0,0,0,0,0,0,0,0,0,0,0,0,0,0,0,0,0,0,0,0,15,2,0,1,2,1,0,2,2,2,2,2,2,2,0,2,0,1,2,1,2,2,28220,3,1,1,2,0,0,1,3,2,1
11A208,14,40340,3,1,0,1,2,223,1,37,3,3,1,1,2,2,2,2,2,2,0,0,0,0,0,0,0,0,0,0,0,0,0,0,0,0,0,0,0,0,0,0,0,0,0,0,0,0,0,0,0,0,0,0,0,0,0,0,0,0,0,0,0,0,0,0,0,3,2,2,2,2,1,2,2,0,1,1,1,1,1,1,1,36023,4,4,2,0,0,0,2,0,2,1
12B214,14,40376,3,1,0,1,2,223,2,37,3,3,1,1,2,2,2,2,2,2,0,0,0,0,0,0,0,0,0,0,0,0,0,0,0,0,0,0,0,0,0,0,0,0,0,0,0,0,0,0,0,0,0,0,0,0,0,0,0,0,0,0,0,0,0,0,0,3,2,2,2,2,2,2,2,0,2,0,1,1,2,1,2,14870,4,4,2,0,0,0,2,0,2,1
12B214,14,40376,2,1,0,1,2,223,1,26,7,4,1,1,1,1,2,2,2,2,10,3,2,1,2,1,2,2,3,2000,2,1,1,0,0,0,0,0,0,0,0,0,0,0,0,0,0,0,0,0,0,0,0,0,0,0,0,0,0,0,0,25,2,0,2,3,1,0,1,2,2,2,2,1,1,2,1,2,1,2,1,2,2,18371,1,1,1,2,0,0,1,10,2,2
12B214,14,40376,1,1,0,1,2,223,1,33,7,5,1,1,1,1,2,2,2,2,1,3,2,2,2,2,1,2,3,300,2,1,1,0,0,0,0,0,0,0,0,0,0,0,0,0,0,0,0,0,0,0,0,0,0,0,0,0,0,0,0,30,2,0,3,3,1,0,1,2,2,1,2,1,2,0,1,3,1,1,1,1,1,18371,1,1,1,2,0,0,1,1,2,2
13B214,14,40377,1,1,0,3,2,223,2,28,4,3,1,1,1,1,2,2,2,2,15,1,2,1,2,2,2,1,2,0,2,1,2,0,0,0,0,0,0,0,0,0,0,0,0,0,0,0,0,0,0,0,0,0,0,0,0,0,0,0,0,120,2,0,3,3,2,0,2,2,2,2,2,2,2,0,2,0,1,2,2,2,2,39313,1,1,1,2,0,0,1,15,2,1
13B214,14,40377,2,1,0,2,2,223,2,37,7,5,7,1,1,1,2,2,2,2,3,3,2,2,2,1,1,2,1,0,1,2,1,0,0,0,0,0,0,0,0,0,0,0,0,0,0,0,0,0,0,0,0,0,0,0,0,0,0,0,0,60,2,0,3,3,2,0,2,2,2,2,2,1,2,0,1,2,1,1,1,1,1,18107,1,1,1,1,0,0,1,3,0,2
13B214,14,40377,3,1,0,1,2,223,2,59,7,5,1,1,1,1,2,2,2,1,10,1,2,1,2,2,1,2,3,4000,2,1,1,0,0,0,0,0,0,0,0,0,0,0,0,0,0,0,0,0,0,0,0,0,0,0,0,0,0,0,0,180,2,0,3,4,1,0,2,2,2,1,2,1,1,2,1,2,1,1,1,1,1,8289,1,2,1,2,0,0,1,10,2,2
12A208,14,40382,1,1,0,5,2,223,2,21,7,2,6,1,1,1,2,2,2,1,2,3,2,2,2,1,1,2,3,450,2,1,1,0,0,0,0,0,0,0,0,0,0,0,0,0,0,0,0,0,0,0,0,0,0,0,0,0,0,0,0,35,1,4,2,3,1,0,1,2,1,2,1,1,1,2,1,1,1,1,1,1,1,45096,1,2,1,2,0,0,1,2,1,2
12A208,14,40382,4,1,0,1,2,223,2,72,6,3,7,1,2,2,2,2,2,2,0,0,0,0,0,0,0,0,0,0,0,0,0,0,0,0,0,0,0,0,0,0,0,0,0,0,0,0,0,0,0,0,0,0,0,0,0,0,0,0,0,0,0,0,0,0,0,5,2,2,2,2,2,2,2,0,2,0,1,2,2,2,2,15974,4,4,2,0,0,0,2,0,0,1
12A208,14,40382,3,1,0,1,2,223,2,46,8,3,1,1,1,1,2,2,2,1,4,1,2,1,2,2,2,2,3,2000,2,1,2,0,0,0,0,0,0,0,0,0,0,0,0,0,0,0,0,0,0,0,0,0,0,0,0,0,0,0,0,35,1,6,3,3,1,0,1,2,2,1,1,1,1,2,1,1,1,1,1,1,1,28127,1,2,1,2,0,0,1,4,2,2
11A208,14,40386,4,1,1,1,2,223,2,32,2,6,1,1,2,2,2,2,2,2,0,0,0,0,0,0,0,0,0,0,0,0,0,0,0,0,0,0,0,0,0,0,0,0,0,0,0,0,0,0,0,0,0,0,0,0,0,0,0,0,0,0,0,0,0,0,0,2,2,2,2,2,2,2,2,0,1,1,1,1,1,1,1,6656,4,4,2,0,0,0,2,0,2,0
11A208,14,40386,3,1,0,2,2,223,2,57,2,6,7,1,2,2,2,2,2,2,0,0,0,0,0,0,0,0,0,0,0,0,0,0,0,0,0,0,0,0,0,0,0,0,0,0,0,0,0,0,0,0,0,0,0,0,0,0,0,0,0,0,0,0,0,0,0,3,2,2,2,2,2,2,2,0,2,0,1,2,1,2,1,22456,4,4,2,0,0,0,2,0,0,0
11A208,14,40386,2,1,0,1,2,223,2,70,2,6,7,1,2,2,2,2,2,2,0,0,0,0,0,0,0,0,0,0,0,0,0,0,0,0,0,0,0,0,0,0,0,0,0,0,0,0,0,0,0,0,0,0,0,0,0,0,0,0,0,0,0,0,0,0,0,5,2,2,2,2,2,2,2,0,2,0,1,2,1,2,2,7183,4,4,2,0,0,0,2,0,0,0
13B202,14,40388,4,1,0,1,2,223,1,50,3,3,1,1,1,1,2,2,2,1,3,4,2,2,2,2,1,2,1,0,1,2,1,0,0,0,0,0,0,0,0,0,0,0,0,0,0,0,0,0,0,0,0,0,0,0,0,0,0,0,0,25,1,5,2,3,1,0,2,2,2,2,2,2,2,0,2,0,1,1,1,1,1,24650,1,2,1,1,0,0,1,3,2,1
13B202,14,40388,1,1,0,1,2,223,2,44,4,3,1,1,2,2,2,2,2,2,0,0,0,0,0,0,0,0,0,0,0,0,0,0,0,0,0,0,0,0,0,0,0,0,0,0,0,0,0,0,0,0,0,0,0,0,0,0,0,0,0,0,0,0,0,0,0,3,2,2,2,2,2,2,2,0,2,0,1,2,1,2,2,29550,4,4,2,0,0,0,2,0,2,1
13B202,14,40388,2,1,0,1,2,223,2,49,4,3,1,1,1,1,2,2,2,2,1,3,2,2,2,2,1,2,3,350,2,1,1,0,0,0,0,0,0,0,0,0,0,0,0,0,0,0,0,0,0,0,0,0,0,0,0,0,0,0,0,30,2,0,2,3,1,0,2,2,2,2,2,1,2,0,3,0,1,2,1,2,2,10159,1,1,1,2,0,0,1,1,2,1
13B202,14,40388,3,1,0,2,2,223,2,39,4,3,1,1,2,2,2,2,2,2,0,0,0,0,0,0,0,0,0,0,0,0,0,0,0,0,0,0,0,0,0,0,0,0,0,0,0,0,0,0,0,0,0,0,0,0,0,0,0,0,0,0,0,0,0,0,0,4,2,2,2,2,2,1,1,1,1,1,1,1,1,1,1,19700,4,4,2,0,0,0,2,0,2,1
13B215,14,40420,1,1,0,1,2,223,1,27,7,4,1,1,1,1,2,2,2,2,2,4,2,1,2,2,1,2,3,150,1,2,1,0,0,0,0,0,0,0,0,0,0,0,0,0,0,0,0,0,0,0,0,0,0,0,0,0,0,0,0,90,2,0,3,4,1,0,2,2,2,2,2,1,2,0,1,4,1,1,1,1,2,24480,1,1,1,1,0,0,1,2,2,2
13B215,14,40420,4,1,0,1,2,223,2,64,7,4,7,1,1,1,2,2,2,2,3,4,2,1,2,2,1,2,3,300,2,1,1,0,0,0,0,0,0,0,0,0,0,0,0,0,0,0,0,0,0,0,0,0,0,0,0,0,0,0,0,30,2,0,2,3,2,0,2,2,2,2,2,1,2,0,1,4,1,3,1,1,3,27212,1,1,1,2,0,0,1,3,0,2
13B215,14,40420,2,1,0,1,2,223,2,63,7,6,1,1,1,1,2,2,2,1,1,3,2,2,2,1,2,2,2,0,2,1,1,0,0,0,0,0,0,0,0,0,0,0,0,0,0,0,0,0,0,0,0,0,0,0,0,0,0,0,0,30,2,0,2,3,1,0,2,2,2,2,2,2,2,0,1,1,1,2,2,2,2,18141,1,2,1,2,0,0,1,1,2,2
11B215,14,40422,3,1,0,1,2,223,2,63,2,4,7,1,1,1,1,2,2,2,1,5,2,2,1,2,2,2,2,0,2,1,1,2,3,2,2,2,2,1,2,2,2,2,2,0,2,1,1,0,0,0,0,0,0,0,0,0,0,0,0,30,2,0,1,1,2,0,2,2,2,2,2,2,2,0,2,0,1,2,2,2,2,10556,1,2,1,2,2,0,1,3,0,0
11B215,14,40422,1,1,0,1,2,223,2,38,3,3,1,1,2,2,2,2,2,1,0,0,0,0,0,0,0,0,0,0,0,0,0,0,0,0,0,0,0,0,0,0,0,0,0,0,0,0,0,0,0,0,0,0,0,0,0,0,0,0,0,10,2,0,2,2,2,0,2,2,2,2,2,2,2,0,2,0,1,1,1,1,1,11529,3,3,1,0,0,0,2,0,2,1
11B215,14,40422,2,1,0,2,2,223,2,47,2,6,2,1,2,2,2,2,2,2,0,0,0,0,0,0,0,0,0,0,0,0,0,0,0,0,0,0,0,0,0,0,0,0,0,0,0,0,0,0,0,0,0,0,0,0,0,0,0,0,0,0,0,0,0,0,0,3,2,2,2,2,2,2,2,0,2,0,1,1,1,2,2,47562,4,4,2,0,0,0,2,0,1,0
13B201,14,40425,2,1,1,2,2,223,2,48,7,5,1,1,1,1,2,1,2,1,8,4,2,1,1,1,2,2,3,1500,2,1,1,0,0,0,0,0,0,0,0,0,0,0,0,0,0,0,0,2,3,2,2,1,1,1,2,0,2,1,5,120,2,0,2,3,1,0,2,2,2,1,1,1,1,1,1,1,1,1,1,1,2,18279,1,2,1,2,0,2,1,10,2,2
13B201,14,40425,3,1,0,2,2,223,2,45,7,4,1,1,1,1,2,1,2,1,3,4,2,2,2,1,2,2,3,1000,2,1,1,0,0,0,0,0,0,0,0,0,0,0,0,0,0,0,0,4,3,1,2,1,2,1,1,0,1,2,1,30,2,0,3,3,1,0,1,1,2,2,1,1,2,0,1,1,1,2,1,3,1,18279,1,2,1,2,0,1,1,7,2,2
13B201,14,40425,1,1,0,1,2,223,1,37,7,5,1,1,2,2,1,1,2,1,0,0,0,0,0,0,0,0,0,0,0,0,0,2,1,2,2,2,2,2,1,1,2,2,3,100,2,1,2,2,4,1,1,1,1,1,3,40,2,1,2,30,2,0,2,3,2,0,2,1,2,2,1,1,2,0,1,1,1,1,1,1,1,22624,3,3,1,0,2,2,1,4,2,2
11B201,14,40428,1,1,0,1,2,223,1,59,6,2,1,1,2,2,2,2,2,2,0,0,0,0,0,0,0,0,0,0,0,0,0,0,0,0,0,0,0,0,0,0,0,0,0,0,0,0,0,0,0,0,0,0,0,0,0,0,0,0,0,0,0,0,0,0,0,3,2,2,2,2,2,2,2,0,1,1,1,2,1,2,2,6966,4,4,2,0,0,0,2,0,2,1
11B201,14,40428,2,1,0,5,2,223,2,21,4,3,6,1,1,1,2,2,2,1,3,2,2,1,2,1,1,2,1,0,1,1,1,0,0,0,0,0,0,0,0,0,0,0,0,0,0,0,0,0,0,0,0,0,0,0,0,0,0,0,0,20,2,0,4,2,1,0,1,2,1,1,2,1,2,0,1,1,1,1,1,1,1,44806,1,2,1,3,0,0,1,3,1,1
11B201,14,40428,4,1,0,3,2,223,2,26,7,4,1,1,1,1,2,2,2,1,3,4,2,2,2,2,1,2,3,500,2,1,1,0,0,0,0,0,0,0,0,0,0,0,0,0,0,0,0,0,0,0,0,0,0,0,0,0,0,0,0,45,1,5,2,4,1,0,1,2,2,1,2,2,2,0,2,0,1,2,1,2,2,22061,1,2,1,2,0,0,1,3,2,2
11B201,14,40428,3,1,0,1,2,223,2,68,3,3,7,1,1,1,2,1,2,2,1,4,2,2,2,1,2,2,3,280,2,1,1,0,0,0,0,0,0,0,0,0,0,0,0,0,0,0,0,1,3,2,1,2,2,1,2,0,2,1,1,20,1,2,1,2,2,0,2,2,2,2,2,1,1,1,1,1,1,2,1,1,2,15871,1,2,1,2,0,2,1,2,0,1
12B215,14,40464,4,1,0,1,2,223,2,78,2,6,8,1,1,2,1,2,2,2,0,0,0,0,0,0,0,0,0,0,0,0,0,12,5,2,2,2,2,1,2,1,2,1,2,0,2,1,1,0,0,0,0,0,0,0,0,0,0,0,0,30,2,0,2,2,2,0,2,2,2,2,2,2,2,0,2,0,1,1,1,1,1,13979,1,3,1,0,2,0,1,12,0,0
12B215,14,40464,3,1,0,1,2,223,2,63,6,3,8,1,2,2,2,2,2,2,0,0,0,0,0,0,0,0,0,0,0,0,0,0,0,0,0,0,0,0,0,0,0,0,0,0,0,0,0,0,0,0,0,0,0,0,0,0,0,0,0,0,0,0,0,0,0,1,2,2,2,2,1,1,2,0,1,1,1,1,1,1,1,10926,4,4,2,0,0,0,2,0,0,1
12B215,14,40464,1,1,0,1,2,223,2,72,2,3,8,1,1,2,1,2,2,2,0,0,0,0,0,0,0,0,0,0,0,0,0,12,4,2,2,2,2,1,2,2,2,1,2,0,2,1,1,0,0,0,0,0,0,0,0,0,0,0,0,15,2,0,1,2,2,0,2,2,2,2,2,2,2,0,2,0,1,3,3,1,1,20968,1,3,1,0,2,0,1,12,0,0
11B215,14,40465,2,1,0,1,2,223,2,72,0,,7,2,0,0,0,0,0,0,0,0,0,0,0,0,0,0,0,0,0,0,0,0,0,0,0,0,0,0,0,0,0,0,0,0,0,0,0,0,0,0,0,0,0,0,0,0,0,0,0,0,0,0,0,0,0,0,0,0,0,0,0,0,0,0,0,0,0,0,0,0,0,18583,0,0,0,0,0,0,0,0,0,0
11B215,14,40465,3,1,0,1,2,223,2,65,4,3,7,1,2,2,2,2,2,2,0,0,0,0,0,0,0,0,0,0,0,0,0,0,0,0,0,0,0,0,0,0,0,0,0,0,0,0,0,0,0,0,0,0,0,0,0,0,0,0,0,0,0,0,0,0,0,2,2,2,2,2,2,1,1,2,2,0,1,1,1,1,1,9291,4,4,2,0,0,0,2,0,0,1
11B215,14,40465,4,1,0,2,2,223,2,47,2,6,7,1,2,2,2,2,2,2,0,0,0,0,0,0,0,0,0,0,0,0,0,0,0,0,0,0,0,0,0,0,0,0,0,0,0,0,0,0,0,0,0,0,0,0,0,0,0,0,0,0,0,0,0,0,0,1,2,2,2,2,2,2,2,0,2,0,1,2,1,2,2,16360,4,4,2,0,0,0,2,0,0,0
11B215,14,40465,1,1,0,3,2,223,1,25,4,1,1,1,2,2,2,2,2,1,0,0,0,0,0,0,0,0,0,0,0,0,0,0,0,0,0,0,0,0,0,0,0,0,0,0,0,0,0,0,0,0,0,0,0,0,0,0,0,0,0,30,2,0,1,1,2,0,2,2,2,2,2,2,2,0,2,0,1,2,1,2,2,39196,3,3,1,0,0,0,2,0,2,1
12B215,14,40469,4,1,0,3,2,223,2,24,7,3,1,1,1,1,2,2,2,1,3,2,2,1,2,1,2,2,1,0,1,2,2,0,0,0,0,0,0,0,0,0,0,0,0,0,0,0,0,0,0,0,0,0,0,0,0,0,0,0,0,60,1,5,2,3,1,0,1,2,1,1,2,1,1,1,1,3,1,1,2,1,2,20023,1,2,1,1,0,0,1,3,2,2
12B215,14,40469,2,1,0,2,2,223,1,47,3,3,1,1,2,2,2,2,2,2,0,0,0,0,0,0,0,0,0,0,0,0,0,0,0,0,0,0,0,0,0,0,0,0,0,0,0,0,0,0,0,0,0,0,0,0,0,0,0,0,0,0,0,0,0,0,0,3,2,2,2,2,1,2,2,0,1,1,1,2,1,1,1,28409,4,4,2,0,0,0,2,0,2,1
12B215,14,40469,1,1,0,1,2,223,2,37,7,5,1,1,2,2,2,2,2,1,0,0,0,0,0,0,0,0,0,0,0,0,0,0,0,0,0,0,0,0,0,0,0,0,0,0,0,0,0,0,0,0,0,0,0,0,0,0,0,0,0,15,2,0,2,2,1,0,2,1,2,2,2,1,3,0,1,2,1,1,1,1,1,15136,3,3,1,0,0,0,2,0,2,2
12B215,14,40469,3,1,0,1,2,223,1,37,7,5,1,1,2,1,2,2,2,1,2,3,2,2,2,2,1,2,3,250,2,1,1,0,0,0,0,0,0,0,0,0,0,0,0,0,0,0,0,0,0,0,0,0,0,0,0,0,0,0,0,30,2,0,3,3,1,0,1,2,2,1,1,1,1,2,1,3,1,1,1,1,1,19322,3,2,1,2,0,0,1,2,2,2
12B201,14,40471,2,1,0,2,2,223,2,38,7,4,7,1,2,2,2,2,2,2,0,0,0,0,0,0,0,0,0,0,0,0,0,0,0,0,0,0,0,0,0,0,0,0,0,0,0,0,0,0,0,0,0,0,0,0,0,0,0,0,0,0,0,0,0,0,0,3,2,2,2,2,2,2,2,0,2,0,1,2,2,2,2,21106,4,4,2,0,0,0,2,0,0,2
12B201,14,40471,3,1,0,2,2,223,2,53,4,3,1,1,2,2,1,2,2,2,0,0,0,0,0,0,0,0,0,0,0,0,0,2,4,2,2,2,2,2,2,2,1,2,2,0,2,1,1,0,0,0,0,0,0,0,0,0,0,0,0,10,2,0,2,3,2,0,2,2,2,2,2,1,1,2,1,1,1,1,1,2,2,29024,3,3,1,0,2,0,1,2,2,1
12B201,14,40471,4,1,0,1,2,223,1,79,2,6,8,1,1,1,2,2,2,2,12,4,2,2,2,2,1,2,3,660,2,1,1,0,0,0,0,0,0,0,0,0,0,0,0,0,0,0,0,0,0,0,0,0,0,0,0,0,0,0,0,30,2,0,2,4,2,0,2,2,2,2,2,1,2,0,1,1,1,1,1,1,1,16705,1,1,1,2,0,0,1,12,0,0
12B201,14,40471,1,1,0,2,2,223,2,30,4,3,1,1,2,2,2,2,2,2,0,0,0,0,0,0,0,0,0,0,0,0,0,0,0,0,0,0,0,0,0,0,0,0,0,0,0,0,0,0,0,0,0,0,0,0,0,0,0,0,0,0,0,0,0,0,0,3,2,2,2,2,2,2,2,0,1,1,1,1,1,1,1,15274,4,4,2,0,0,0,2,0,2,1
12B201,14,40472,4,1,0,1,2,223,1,73,2,6,8,1,1,2,2,2,2,2,0,0,0,0,0,0,0,0,0,0,0,0,0,0,0,0,0,0,0,0,0,0,0,0,0,0,0,0,0,0,0,0,0,0,0,0,0,0,0,0,0,0,0,0,0,0,0,5,2,2,2,2,2,2,2,0,2,0,1,2,2,2,2,19888,2,4,2,0,0,0,2,0,0,0
12B201,14,40472,3,1,0,1,2,223,1,57,3,3,1,1,2,2,2,2,2,2,0,0,0,0,0,0,0,0,0,0,0,0,0,0,0,0,0,0,0,0,0,0,0,0,0,0,0,0,0,0,0,0,0,0,0,0,0,0,0,0,0,0,0,0,0,0,0,3,2,2,2,2,2,1,1,1,1,1,1,1,1,1,3,22969,4,4,2,0,0,0,2,0,2,1
12B201,14,40472,2,1,0,2,2,223,2,32,8,2,1,1,1,1,2,2,2,1,2,3,2,2,2,2,1,2,3,1000,2,1,1,0,0,0,0,0,0,0,0,0,0,0,0,0,0,0,0,0,0,0,0,0,0,0,0,0,0,0,0,20,1,4,2,3,1,0,1,2,2,2,1,1,1,2,1,1,1,1,1,1,1,12124,1,2,1,2,0,0,1,2,2,2
12B201,14,40475,1,1,0,2,2,223,2,44,3,3,1,1,2,2,2,2,2,2,0,0,0,0,0,0,0,0,0,0,0,0,0,0,0,0,0,0,0,0,0,0,0,0,0,0,0,0,0,0,0,0,0,0,0,0,0,0,0,0,0,0,0,0,0,0,0,3,2,2,2,2,2,1,2,0,1,1,1,1,1,1,1,15971,4,4,2,0,0,0,2,0,2,1
12B201,14,40475,3,1,0,2,2,223,2,71,2,2,10,1,2,2,2,2,2,2,0,0,0,0,0,0,0,0,0,0,0,0,0,0,0,0,0,0,0,0,0,0,0,0,0,0,0,0,0,0,0,0,0,0,0,0,0,0,0,0,0,0,0,0,0,0,0,5,2,2,2,2,2,2,2,0,2,0,1,2,2,2,2,18710,4,4,2,0,0,0,2,0,0,0
12B201,14,40475,2,1,0,3,2,223,2,22,3,3,1,1,2,2,2,2,2,2,0,0,0,0,0,0,0,0,0,0,0,0,0,0,0,0,0,0,0,0,0,0,0,0,0,0,0,0,0,0,0,0,0,0,0,0,0,0,0,0,0,0,0,0,0,0,0,3,2,2,2,2,2,1,1,2,2,0,1,2,1,1,1,42254,4,4,2,0,0,0,2,0,2,1
13B201,14,40478,4,1,0,1,2,223,2,61,7,6,1,1,1,2,1,2,2,2,0,0,0,0,0,0,0,0,0,0,0,0,0,4,4,2,2,2,2,2,2,1,2,2,2,0,2,1,1,0,0,0,0,0,0,0,0,0,0,0,0,15,2,0,2,3,2,0,2,2,2,2,1,1,2,0,1,1,1,1,1,1,1,19832,1,3,1,0,2,0,1,4,2,2
12B215,14,40508,1,1,0,1,2,223,2,55,3,3,7,1,1,1,2,2,2,2,2,4,2,2,2,1,1,2,2,0,2,1,1,0,0,0,0,0,0,0,0,0,0,0,0,0,0,0,0,0,0,0,0,0,0,0,0,0,0,0,0,30,2,0,2,3,2,0,2,2,2,2,2,1,1,1,1,2,1,1,1,1,1,21192,1,1,1,2,0,0,1,2,0,1
12B215,14,40508,3,1,0,1,2,223,1,51,7,6,1,1,1,1,2,2,2,2,6,4,2,1,2,1,1,2,3,1500,2,1,1,0,0,0,0,0,0,0,0,0,0,0,0,0,0,0,0,0,0,0,0,0,0,0,0,0,0,0,0,90,2,0,4,4,1,0,2,2,2,2,2,1,2,0,1,1,1,1,1,1,1,9654,1,1,1,2,0,0,1,6,2,2
12B215,14,40508,2,1,0,1,2,223,1,33,6,3,1,1,1,1,2,2,2,2,2,3,2,1,2,2,2,2,1,0,1,2,1,0,0,0,0,0,0,0,0,0,0,0,0,0,0,0,0,0,0,0,0,0,0,0,0,0,0,0,0,30,2,0,4,4,2,0,2,2,2,2,1,1,1,2,1,4,1,1,1,1,1,19065,1,1,1,1,0,0,1,2,2,1
12B215,14,40512,1,1,0,1,2,223,1,46,4,3,1,1,1,2,2,1,2,2,0,0,0,0,0,0,0,0,0,0,0,0,0,0,0,0,0,0,0,0,0,0,0,0,0,0,0,0,0,1,4,1,1,1,1,1,2,0,2,1,2,20,2,0,2,3,2,0,2,2,2,2,2,2,2,0,2,0,1,2,1,2,2,41935,1,3,1,0,0,2,1,1,2,1
12B215,14,40512,4,1,0,2,2,223,2,33,3,3,7,1,2,2,2,2,2,2,0,0,0,0,0,0,0,0,0,0,0,0,0,0,0,0,0,0,0,0,0,0,0,0,0,0,0,0,0,0,0,0,0,0,0,0,0,0,0,0,0,0,0,0,0,0,0,3,2,2,2,2,2,2,2,0,2,0,1,2,2,2,2,18191,4,4,2,0,0,0,2,0,0,1
12B215,14,40512,2,1,0,1,2,223,1,32,4,1,1,1,1,1,2,2,2,2,5,3,1,1,2,2,2,2,3,1000,1,1,1,0,0,0,0,0,0,0,0,0,0,0,0,0,0,0,0,0,0,0,0,0,0,0,0,0,0,0,0,120,2,0,3,3,2,0,2,2,2,2,2,1,2,0,1,1,1,2,2,2,2,20703,1,1,1,3,0,0,1,5,2,1
12B201,14,40519,2,1,2,1,2,223,2,61,3,3,1,1,2,1,2,2,2,2,1,4,2,2,2,1,2,2,2,0,2,1,1,0,0,0,0,0,0,0,0,0,0,0,0,0,0,0,0,0,0,0,0,0,0,0,0,0,0,0,0,30,2,0,2,3,2,0,2,2,2,2,2,2,2,0,2,0,1,2,1,1,2,6712,3,1,1,2,0,0,1,1,2,1
12B201,14,40519,4,1,0,2,2,223,2,41,4,3,1,1,2,1,2,2,2,2,2,4,2,2,2,1,2,2,2,0,2,1,1,0,0,0,0,0,0,0,0,0,0,0,0,0,0,0,0,0,0,0,0,0,0,0,0,0,0,0,0,20,2,0,3,3,2,0,2,2,2,2,1,2,2,0,1,1,1,2,1,1,1,29324,3,1,1,2,0,0,1,2,2,1
12B201,14,40519,1,1,0,1,2,223,2,42,3,3,7,1,2,2,2,2,2,2,0,0,0,0,0,0,0,0,0,0,0,0,0,0,0,0,0,0,0,0,0,0,0,0,0,0,0,0,0,0,0,0,0,0,0,0,0,0,0,0,0,0,0,0,0,0,0,1,2,2,2,2,2,1,2,0,1,1,1,2,1,1,2,21993,4,4,2,0,0,0,2,0,0,1
12B201,14,40519,3,1,0,2,2,223,2,66,2,2,7,1,2,1,2,2,2,2,1,5,2,2,2,1,2,2,2,0,2,1,1,0,0,0,0,0,0,0,0,0,0,0,0,0,0,0,0,0,0,0,0,0,0,0,0,0,0,0,0,20,2,0,2,3,2,0,2,2,2,2,2,2,2,0,2,0,1,2,1,2,2,34352,3,1,1,2,0,0,1,1,0,0
11B201,14,40524,4,1,0,2,2,223,2,48,4,1,1,1,2,2,2,2,2,2,0,0,0,0,0,0,0,0,0,0,0,0,0,0,0,0,0,0,0,0,0,0,0,0,0,0,0,0,0,0,0,0,0,0,0,0,0,0,0,0,0,0,0,0,0,0,0,3,2,2,2,2,2,1,1,1,1,2,1,1,1,1,1,34746,4,4,2,0,0,0,2,0,2,1
11B201,14,40524,3,1,0,2,2,223,2,55,3,3,7,1,2,2,2,2,2,2,0,0,0,0,0,0,0,0,0,0,0,0,0,0,0,0,0,0,0,0,0,0,0,0,0,0,0,0,0,0,0,0,0,0,0,0,0,0,0,0,0,0,0,0,0,0,0,1,2,2,2,2,2,1,2,0,2,0,1,2,1,1,2,24677,4,4,2,0,0,0,2,0,0,1
11B201,14,40524,1,1,0,2,2,223,2,39,3,3,7,1,1,1,2,2,2,2,2,4,2,1,1,2,2,2,2,0,2,1,1,0,0,0,0,0,0,0,0,0,0,0,0,0,0,0,0,0,0,0,0,0,0,0,0,0,0,0,0,30,2,0,2,3,2,0,2,2,2,2,2,1,2,0,1,1,1,1,1,1,1,13476,1,1,1,2,0,0,1,2,0,1
13B215,14,40557,4,1,0,1,2,223,2,77,3,3,7,1,2,2,2,2,2,2,0,0,0,0,0,0,0,0,0,0,0,0,0,0,0,0,0,0,0,0,0,0,0,0,0,0,0,0,0,0,0,0,0,0,0,0,0,0,0,0,0,0,0,0,0,0,0,5,2,2,2,2,3,2,2,0,2,0,1,3,1,2,2,10586,4,4,2,0,0,0,2,0,0,1
13B215,14,40557,3,1,0,1,2,223,1,68,7,2,8,1,1,2,2,1,2,2,0,0,0,0,0,0,0,0,0,0,0,0,0,0,0,0,0,0,0,0,0,0,0,0,0,0,0,0,0,1,3,1,1,2,1,1,3,20,2,1,1,20,2,0,2,3,2,0,2,1,2,2,2,2,2,0,2,0,1,2,3,2,2,10729,1,3,1,0,0,2,1,1,0,2
13B215,14,40557,2,1,0,1,2,223,2,57,4,3,1,1,1,1,2,2,2,1,12,4,2,2,1,2,2,2,3,1000,1,1,1,0,0,0,0,0,0,0,0,0,0,0,0,0,0,0,0,0,0,0,0,0,0,0,0,0,0,0,0,120,2,0,4,4,1,0,2,2,2,1,1,1,1,2,1,4,1,2,2,1,1,16548,1,2,1,3,0,0,1,12,2,1
13B215,14,40557,1,1,0,1,2,223,2,78,6,2,7,1,1,1,1,2,2,2,8,4,2,2,2,1,1,2,2,0,2,1,1,3,4,2,2,2,1,2,2,2,1,2,2,0,2,1,1,0,0,0,0,0,0,0,0,0,0,0,0,60,1,3,1,2,2,0,2,2,2,2,2,2,2,0,2,0,1,2,1,2,2,10586,1,2,1,2,2,0,1,11,0,1
12B216,15,40007,1,1,0,1,1,223,1,58,6,3,1,1,1,1,2,2,2,2,1,3,2,2,2,1,2,2,2,0,2,1,1,0,0,0,0,0,0,0,0,0,0,0,0,0,0,0,0,0,0,0,0,0,0,0,0,0,0,0,0,30,2,0,2,3,2,0,2,2,2,1,2,1,1,1,1,1,1,1,1,1,1,29273,1,1,1,2,0,0,1,1,2,1
12B216,15,40007,4,1,0,1,1,223,1,26,7,3,1,1,1,1,2,2,2,1,3,4,2,2,2,1,1,2,2,0,1,1,1,0,0,0,0,0,0,0,0,0,0,0,0,0,0,0,0,0,0,0,0,0,0,0,0,0,0,0,0,30,2,0,2,3,2,0,1,2,2,2,2,1,1,2,1,1,1,1,1,1,1,17585,1,2,1,3,0,0,1,3,2,2
12B216,15,40007,2,1,0,1,1,223,1,36,4,3,1,1,1,1,2,2,2,2,1,4,2,2,2,1,2,2,2,0,2,1,1,0,0,0,0,0,0,0,0,0,0,0,0,0,0,0,0,0,0,0,0,0,0,0,0,0,0,0,0,20,2,0,2,2,2,0,2,2,2,2,2,1,1,2,2,0,1,1,1,1,1,27254,1,1,1,2,0,0,1,1,2,1
12A207,15,40011,2,1,0,1,1,223,2,38,3,3,1,1,1,1,2,2,2,2,3,1,2,2,1,2,2,2,2,0,2,1,2,0,0,0,0,0,0,0,0,0,0,0,0,0,0,0,0,0,0,0,0,0,0,0,0,0,0,0,0,60,2,0,4,4,2,0,2,2,2,2,1,2,1,2,1,2,1,1,1,1,1,6970,1,1,1,2,0,0,1,3,2,1
12A207,15,40011,1,1,0,1,1,223,1,70,4,3,1,1,1,1,2,2,2,2,1,4,2,2,2,2,1,2,2,0,2,1,1,0,0,0,0,0,0,0,0,0,0,0,0,0,0,0,0,0,0,0,0,0,0,0,0,0,0,0,0,20,2,0,4,3,1,0,2,2,2,2,2,1,1,1,1,6,1,1,1,2,2,24826,1,1,1,2,0,0,1,1,2,1
12A207,15,40011,4,1,0,3,1,223,2,22,4,3,1,1,1,2,2,2,2,1,0,0,0,0,0,0,0,0,0,0,0,0,0,0,0,0,0,0,0,0,0,0,0,0,0,0,0,0,0,0,0,0,0,0,0,0,0,0,0,0,0,15,1,3,3,3,2,0,2,2,2,2,2,2,2,0,2,0,1,1,2,2,2,46104,1,3,1,0,0,0,2,0,2,1
12A207,15,40011,3,1,0,1,1,223,2,63,3,2,8,1,2,2,2,2,2,2,0,0,0,0,0,0,0,0,0,0,0,0,0,0,0,0,0,0,0,0,0,0,0,0,0,0,0,0,0,0,0,0,0,0,0,0,0,0,0,0,0,0,0,0,0,0,0,3,2,2,2,2,3,3,3,0,1,1,1,1,2,1,2,6382,4,4,2,0,0,0,2,0,0,1
13A207,15,40012,3,1,0,4,1,223,2,44,4,3,7,1,1,1,2,2,2,2,2,4,2,2,2,1,2,2,3,250,2,1,1,0,0,0,0,0,0,0,0,0,0,0,0,0,0,0,0,0,0,0,0,0,0,0,0,0,0,0,0,60,2,0,4,3,2,0,1,2,2,1,2,1,2,0,1,2,1,2,1,1,2,54250,1,1,1,2,0,0,1,2,0,1
13B202,15,40017,1,1,0,1,1,223,2,65,4,1,7,1,2,2,2,2,2,2,0,0,0,0,0,0,0,0,0,0,0,0,0,0,0,0,0,0,0,0,0,0,0,0,0,0,0,0,0,0,0,0,0,0,0,0,0,0,0,0,0,0,0,0,0,0,0,3,2,2,2,2,2,1,2,0,2,0,1,1,1,1,1,21421,4,4,2,0,0,0,2,0,0,1
13B202,15,40017,2,1,0,1,1,223,1,36,8,1,1,1,1,1,1,1,2,1,3,2,2,1,2,2,2,2,3,1000,2,1,1,5,3,2,2,2,1,2,1,1,2,2,1,0,1,2,1,5,3,1,1,1,1,2,1,0,1,2,1,180,2,0,2,3,1,0,1,2,1,1,1,1,1,1,1,2,1,1,1,1,1,23341,1,2,1,2,1,1,1,13,2,2
13B202,15,40017,4,1,0,1,1,223,2,44,8,2,1,1,1,1,1,2,2,1,5,4,2,2,1,2,2,2,3,1200,2,1,1,1,3,2,2,2,2,2,1,2,2,2,3,55,2,1,5,0,0,0,0,0,0,0,0,0,0,0,0,120,1,6,3,3,1,0,1,2,2,1,1,1,1,2,1,2,1,1,1,1,1,9143,1,2,1,2,2,0,1,6,2,2
12B213,15,40035,2,1,0,2,1,223,2,27,3,3,7,1,1,1,2,2,1,1,3,4,2,2,2,1,2,2,1,0,1,2,1,0,0,0,0,0,0,0,0,0,0,0,0,0,0,0,0,0,0,0,0,0,0,0,0,0,0,0,0,20,2,0,2,1,2,0,1,2,2,2,2,2,1,2,1,1,1,1,1,1,2,17308,1,2,1,1,0,0,1,3,0,1
12B213,15,40035,3,1,0,3,1,223,2,26,4,1,1,1,1,1,2,2,2,1,2,4,2,2,2,1,2,2,3,1000,2,1,1,0,0,0,0,0,0,0,0,0,0,0,0,0,0,0,0,0,0,0,0,0,0,0,0,0,0,0,0,30,2,0,2,2,2,0,1,2,1,1,2,2,1,2,1,1,1,1,1,1,1,25961,1,2,1,2,0,0,1,2,2,1
12B213,15,40035,1,1,0,2,1,223,2,29,4,3,7,1,2,2,2,2,2,2,0,0,0,0,0,0,0,0,0,0,0,0,0,0,0,0,0,0,0,0,0,0,0,0,0,0,0,0,0,0,0,0,0,0,0,0,0,0,0,0,0,0,0,0,0,0,0,3,2,2,2,2,2,1,1,2,2,0,1,1,1,1,1,17308,4,4,2,0,0,0,2,0,0,1
12B213,15,40035,4,1,0,2,1,223,2,41,4,3,1,1,1,1,2,2,2,2,1,4,1,2,2,2,2,2,1,0,2,1,2,0,0,0,0,0,0,0,0,0,0,0,0,0,0,0,0,0,0,0,0,0,0,0,0,0,0,0,0,30,2,0,2,2,2,0,2,2,2,2,2,1,1,2,2,0,1,1,1,1,1,23915,1,1,1,2,0,0,1,1,2,1
11B216,15,40037,2,1,0,1,1,223,2,48,6,2,7,1,1,1,2,2,2,2,2,3,2,2,1,2,1,2,2,0,2,1,1,0,0,0,0,0,0,0,0,0,0,0,0,0,0,0,0,0,0,0,0,0,0,0,0,0,0,0,0,30,2,0,2,3,2,0,2,2,2,2,1,1,2,0,2,0,1,1,1,1,1,33283,1,1,1,2,0,0,1,2,0,1
11B216,15,40037,4,1,0,3,1,223,2,21,4,3,7,1,1,1,2,2,2,2,1,3,2,2,2,1,2,2,2,0,2,1,1,0,0,0,0,0,0,0,0,0,0,0,0,0,0,0,0,0,0,0,0,0,0,0,0,0,0,0,0,30,2,0,2,3,2,0,1,2,2,2,2,1,2,0,1,1,1,1,1,1,2,42690,1,1,1,2,0,0,1,1,0,1
11B216,15,40037,1,1,0,2,1,223,2,27,3,3,7,1,1,1,2,2,1,1,1,4,2,2,2,1,2,2,2,0,2,1,3,0,0,0,0,0,0,0,0,0,0,0,0,0,0,0,0,0,0,0,0,0,0,0,0,0,0,0,0,20,2,0,1,4,2,0,2,2,2,2,2,1,2,0,1,1,1,1,1,1,1,17516,1,2,1,2,0,0,1,1,0,1
11B216,15,40037,3,1,0,2,1,223,2,46,3,3,7,1,2,2,2,2,2,2,0,0,0,0,0,0,0,0,0,0,0,0,0,0,0,0,0,0,0,0,0,0,0,0,0,0,0,0,0,0,0,0,0,0,0,0,0,0,0,0,0,0,0,0,0,0,0,3,2,2,2,2,2,1,1,2,1,1,1,1,1,1,1,24963,4,4,2,0,0,0,2,0,0,1
11B216,15,40040,4,1,0,1,1,223,1,65,2,3,8,1,1,1,1,2,2,2,2,4,2,2,2,2,1,2,2,0,2,1,1,2,4,2,2,2,1,2,2,2,1,2,1,0,1,2,1,0,0,0,0,0,0,0,0,0,0,0,0,60,1,7,4,4,2,0,2,2,2,2,1,1,1,2,1,1,1,1,1,1,1,15840,1,2,1,2,1,0,1,4,0,0
12B214,15,40062,2,1,0,2,1,223,2,27,4,3,1,1,2,2,2,2,2,2,0,0,0,0,0,0,0,0,0,0,0,0,0,0,0,0,0,0,0,0,0,0,0,0,0,0,0,0,0,0,0,0,0,0,0,0,0,0,0,0,0,0,0,0,0,0,0,1,2,2,2,2,1,1,2,0,1,1,1,1,1,1,2,13651,4,4,2,0,0,0,2,0,2,1
12B214,15,40062,3,1,0,1,1,223,2,46,3,3,1,1,1,2,2,2,2,1,0,0,0,0,0,0,0,0,0,0,0,0,0,0,0,0,0,0,0,0,0,0,0,0,0,0,0,0,0,0,0,0,0,0,0,0,0,0,0,0,0,20,2,0,2,3,2,0,2,2,2,2,1,1,3,0,3,0,1,2,2,2,2,19455,1,3,1,0,0,0,2,0,2,1
12B214,15,40062,4,1,0,3,1,223,1,42,4,3,1,1,1,1,2,1,2,1,2,4,2,2,2,1,1,2,2,0,2,1,1,0,0,0,0,0,0,0,0,0,0,0,0,0,0,0,0,3,3,1,1,2,1,1,2,0,2,1,1,40,2,0,4,4,1,0,2,2,2,2,1,1,3,0,3,0,1,2,2,2,2,24079,1,2,1,2,0,2,1,5,2,1
12B214,15,40062,1,1,0,2,1,223,2,85,3,3,7,1,2,2,2,2,2,2,0,0,0,0,0,0,0,0,0,0,0,0,0,0,0,0,0,0,0,0,0,0,0,0,0,0,0,0,0,0,0,0,0,0,0,0,0,0,0,0,0,0,0,0,0,0,0,5,2,2,2,2,2,2,2,0,3,0,1,1,2,3,3,14731,4,4,2,0,0,0,2,0,0,1
11B201,15,40069,3,1,0,2,1,223,2,29,7,2,6,1,1,2,2,1,2,2,0,0,0,0,0,0,0,0,0,0,0,0,0,0,0,0,0,0,0,0,0,0,0,0,0,0,0,0,0,2,3,2,1,2,2,1,3,15,2,1,4,30,2,0,2,3,2,0,2,2,2,2,2,1,1,1,1,1,1,1,1,1,2,16464,1,3,1,0,0,2,1,2,1,2
11B201,15,40069,1,1,0,2,1,223,2,26,4,3,7,1,1,1,2,2,2,2,1,4,2,2,2,2,1,2,2,0,2,1,1,0,0,0,0,0,0,0,0,0,0,0,0,0,0,0,0,0,0,0,0,0,0,0,0,0,0,0,0,20,2,0,4,3,1,0,2,2,2,2,2,1,1,1,1,6,1,1,1,2,2,16464,1,1,1,2,0,0,1,1,0,1
11B201,15,40069,2,1,0,3,1,223,1,36,3,3,1,1,2,2,2,2,2,2,0,0,0,0,0,0,0,0,0,0,0,0,0,0,0,0,0,0,0,0,0,0,0,0,0,0,0,0,0,0,0,0,0,0,0,0,0,0,0,0,0,0,0,0,0,0,0,3,2,2,2,2,2,1,2,0,3,0,1,2,2,2,3,48401,4,4,2,0,0,0,2,0,2,1
11B201,15,40069,4,1,0,1,1,223,1,47,3,3,1,1,1,2,2,2,2,1,0,0,0,0,0,0,0,0,0,0,0,0,0,0,0,0,0,0,0,0,0,0,0,0,0,0,0,0,0,0,0,0,0,0,0,0,0,0,0,0,0,40,1,4,4,4,2,0,2,2,2,2,1,1,1,1,1,1,1,1,1,1,1,37956,1,3,1,0,0,0,2,0,2,1
12A207,15,40071,2,1,0,1,1,223,2,59,2,6,1,1,2,2,2,2,2,2,0,0,0,0,0,0,0,0,0,0,0,0,0,0,0,0,0,0,0,0,0,0,0,0,0,0,0,0,0,0,0,0,0,0,0,0,0,0,0,0,0,0,0,0,0,0,0,3,2,2,2,2,2,1,2,0,3,0,1,2,2,2,3,6168,4,4,2,0,0,0,2,0,2,0
12A207,15,40071,3,1,0,1,1,223,1,38,4,2,1,1,1,2,2,1,2,2,0,0,0,0,0,0,0,0,0,0,0,0,0,0,0,0,0,0,0,0,0,0,0,0,0,0,0,0,0,2,3,2,1,2,2,1,3,15,2,1,4,30,2,0,2,3,2,0,2,2,2,2,2,1,1,1,1,1,1,1,1,1,2,17199,1,3,1,0,0,2,1,2,2,1
12A207,15,40071,4,1,0,2,1,223,2,41,4,3,1,1,1,2,2,2,2,1,0,0,0,0,0,0,0,0,0,0,0,0,0,0,0,0,0,0,0,0,0,0,0,0,0,0,0,0,0,0,0,0,0,0,0,0,0,0,0,0,0,40,1,4,4,4,2,0,2,2,2,2,1,1,1,1,1,1,1,1,1,1,1,13474,1,3,1,0,0,0,2,0,2,1
12B202,15,40076,3,1,0,2,1,223,2,63,3,3,8,1,1,2,2,2,2,1,0,0,0,0,0,0,0,0,0,0,0,0,0,0,0,0,0,0,0,0,0,0,0,0,0,0,0,0,0,0,0,0,0,0,0,0,0,0,0,0,0,30,1,7,1,2,2,0,2,2,2,2,2,1,2,0,2,0,1,1,1,1,1,32557,1,3,1,0,0,0,2,0,0,1
12B202,15,40076,1,1,0,1,1,223,1,38,4,3,10,1,1,1,2,2,2,1,1,4,2,2,2,1,2,2,1,0,1,2,1,0,0,0,0,0,0,0,0,0,0,0,0,0,0,0,0,0,0,0,0,0,0,0,0,0,0,0,0,20,2,0,3,3,1,0,2,2,2,2,2,2,2,0,2,0,1,2,1,1,2,15130,1,2,1,1,0,0,1,1,0,1
12B202,15,40076,4,1,0,2,1,223,2,31,4,3,7,1,2,2,2,2,2,2,0,0,0,0,0,0,0,0,0,0,0,0,0,0,0,0,0,0,0,0,0,0,0,0,0,0,0,0,0,0,0,0,0,0,0,0,0,0,0,0,0,0,0,0,0,0,0,3,2,2,2,2,2,1,2,0,2,0,1,2,1,1,1,6433,4,4,2,0,0,0,2,0,0,1
11B202,15,40077,2,1,0,1,1,223,1,48,4,3,1,1,2,2,2,2,2,2,0,0,0,0,0,0,0,0,0,0,0,0,0,0,0,0,0,0,0,0,0,0,0,0,0,0,0,0,0,0,0,0,0,0,0,0,0,0,0,0,0,0,0,0,0,0,0,3,2,2,2,2,2,1,2,0,2,0,1,1,1,2,2,7187,4,4,2,0,0,0,2,0,2,1
11B202,15,40077,1,1,0,1,1,223,2,87,0,,8,2,0,0,0,0,0,0,0,0,0,0,0,0,0,0,0,0,0,0,0,0,0,0,0,0,0,0,0,0,0,0,0,0,0,0,0,0,0,0,0,0,0,0,0,0,0,0,0,0,0,0,0,0,0,0,0,0,0,0,0,0,0,0,0,0,0,0,0,0,0,6728,0,0,0,0,0,0,0,0,0,0
11B202,15,40077,3,1,0,1,1,223,1,28,7,2,1,1,1,2,2,1,2,2,0,0,0,0,0,0,0,0,0,0,0,0,0,0,0,0,0,0,0,0,0,0,0,0,0,0,0,0,0,4,3,2,1,1,2,1,3,50,2,1,2,30,2,0,3,3,2,0,2,2,2,2,1,1,1,2,1,1,1,1,1,1,1,14192,1,3,1,0,0,2,1,4,2,2
11B213,15,40095,3,1,0,2,1,223,2,38,3,3,1,1,1,2,1,2,2,2,0,0,0,0,0,0,0,0,0,0,0,0,0,5,4,2,2,2,2,2,2,2,1,2,2,0,2,1,4,0,0,0,0,0,0,0,0,0,0,0,0,60,2,0,2,3,2,0,2,2,2,2,1,1,1,1,1,1,1,1,1,1,1,41631,1,3,1,0,2,0,1,5,2,1
11B213,15,40095,2,1,0,3,1,223,2,39,4,2,7,1,2,2,2,2,2,2,0,0,0,0,0,0,0,0,0,0,0,0,0,0,0,0,0,0,0,0,0,0,0,0,0,0,0,0,0,0,0,0,0,0,0,0,0,0,0,0,0,0,0,0,0,0,0,3,2,2,2,2,2,2,1,2,2,0,1,1,1,1,1,55508,4,4,2,0,0,0,2,0,0,1
11B213,15,40095,4,1,0,2,1,223,2,37,3,3,7,1,2,2,2,2,2,2,0,0,0,0,0,0,0,0,0,0,0,0,0,0,0,0,0,0,0,0,0,0,0,0,0,0,0,0,0,0,0,0,0,0,0,0,0,0,0,0,0,0,0,0,0,0,0,3,1,2,2,2,2,1,1,1,1,2,1,1,1,1,1,27754,4,4,2,0,0,0,2,0,0,1
11A207,15,40096,4,1,0,1,1,223,1,64,3,3,8,1,1,1,1,1,2,1,2,4,2,2,2,1,2,2,2,0,2,1,1,2,4,2,2,2,2,2,2,2,1,2,3,40,2,1,1,2,3,1,1,1,2,1,3,14,2,1,1,30,2,0,2,2,2,0,2,2,2,2,2,1,1,1,2,0,1,2,1,1,2,30923,1,2,1,2,2,2,1,6,0,1
11A207,15,40096,1,1,0,2,1,223,2,32,3,3,7,1,1,1,1,2,2,1,2,5,2,2,1,2,2,2,1,0,1,2,1,1,4,2,2,2,2,2,2,1,2,2,2,0,2,1,1,0,0,0,0,0,0,0,0,0,0,0,0,40,2,0,2,2,1,0,2,2,2,2,1,1,1,2,1,1,1,1,1,1,1,13057,1,2,1,1,2,0,1,3,0,1
11A207,15,40096,2,1,0,1,1,223,1,65,2,6,1,1,1,2,2,1,2,2,0,0,0,0,0,0,0,0,0,0,0,0,0,0,0,0,0,0,0,0,0,0,0,0,0,0,0,0,0,5,3,1,1,2,2,1,3,50,2,1,1,30,2,0,4,3,1,0,2,2,2,2,2,2,2,0,2,0,1,1,1,2,2,28560,1,3,1,0,0,2,1,5,2,0
11B216,15,40100,4,1,0,2,1,223,2,25,7,3,6,1,1,1,1,2,2,1,5,4,2,2,2,2,1,2,3,750,2,1,1,7,4,2,2,2,2,2,2,1,2,2,2,0,2,1,1,0,0,0,0,0,0,0,0,0,0,0,0,60,2,0,3,4,1,0,2,2,1,1,2,1,1,2,1,4,1,3,3,1,1,21967,1,2,1,2,2,0,1,12,1,2
11B216,15,40100,1,1,0,3,1,223,1,20,4,3,1,1,2,2,2,2,2,2,0,0,0,0,0,0,0,0,0,0,0,0,0,0,0,0,0,0,0,0,0,0,0,0,0,0,0,0,0,0,0,0,0,0,0,0,0,0,0,0,0,0,0,0,0,0,0,3,2,2,2,2,2,2,2,0,2,0,1,1,1,1,2,31216,4,4,2,0,0,0,2,0,2,1
11B216,15,40100,3,1,0,2,1,223,1,24,7,3,1,1,1,2,2,1,1,1,0,0,0,0,0,0,0,0,0,0,0,0,0,0,0,0,0,0,0,0,0,0,0,0,0,0,0,0,0,2,4,2,1,2,2,2,3,20,2,1,4,25,2,0,3,3,1,0,1,1,1,1,2,2,2,0,1,1,1,2,2,1,1,31216,1,3,1,0,0,2,1,2,2,2
11B216,15,40100,2,1,0,3,1,223,2,32,7,5,1,1,1,1,2,2,2,1,3,3,2,1,2,1,2,2,3,1000,2,1,1,0,0,0,0,0,0,0,0,0,0,0,0,0,0,0,0,0,0,0,0,0,0,0,0,0,0,0,0,40,2,0,2,3,1,0,1,2,2,2,1,2,1,2,1,1,1,1,1,1,1,14644,1,2,1,2,0,0,1,3,2,2
11A207,15,40101,3,1,0,6,1,223,2,32,3,3,7,1,1,2,1,2,1,2,0,0,0,0,0,0,0,0,0,0,0,0,0,3,4,2,2,2,2,2,2,2,1,2,2,0,2,1,5,0,0,0,0,0,0,0,0,0,0,0,0,10,1,7,1,4,2,0,2,2,2,2,2,2,2,0,2,0,1,2,2,2,2,44878,1,3,1,0,2,0,1,3,0,1
11A207,15,40101,1,1,0,1,1,223,1,57,3,3,10,1,2,2,2,2,2,2,0,0,0,0,0,0,0,0,0,0,0,0,0,0,0,0,0,0,0,0,0,0,0,0,0,0,0,0,0,0,0,0,0,0,0,0,0,0,0,0,0,0,0,0,0,0,0,3,2,2,2,2,1,1,1,2,1,2,1,1,1,1,1,28342,4,4,2,0,0,0,2,0,0,1
11A207,15,40101,2,1,0,2,1,223,2,36,4,3,7,1,1,1,1,2,2,1,1,4,2,2,1,2,2,2,2,0,2,1,1,2,4,2,2,2,2,2,1,2,1,2,2,0,2,1,5,0,0,0,0,0,0,0,0,0,0,0,0,30,1,7,3,3,1,0,2,1,1,2,1,1,1,1,1,1,1,1,1,1,2,13780,1,2,1,2,2,0,1,3,0,1
11A207,15,40101,4,1,0,2,1,223,2,60,3,3,7,1,2,2,2,2,2,2,0,0,0,0,0,0,0,0,0,0,0,0,0,0,0,0,0,0,0,0,0,0,0,0,0,0,0,0,0,0,0,0,0,0,0,0,0,0,0,0,0,0,0,0,0,0,0,6,2,2,2,2,2,2,3,0,2,0,1,1,1,2,2,25234,4,4,2,0,0,0,2,0,0,1
11B213,15,40118,3,1,0,4,1,223,2,21,4,3,7,1,2,2,2,2,2,2,0,0,0,0,0,0,0,0,0,0,0,0,0,0,0,0,0,0,0,0,0,0,0,0,0,0,0,0,0,0,0,0,0,0,0,0,0,0,0,0,0,0,0,0,0,0,0,3,2,2,2,2,1,1,1,2,1,1,1,1,1,1,2,29054,4,4,2,0,0,0,2,0,0,1
11B213,15,40118,2,1,0,2,1,223,1,18,4,3,1,1,1,2,1,2,2,1,0,0,0,0,0,0,0,0,0,0,0,0,0,2,4,2,2,2,2,2,2,2,1,2,1,0,1,2,1,0,0,0,0,0,0,0,0,0,0,0,0,30,1,6,2,3,2,0,2,2,2,2,1,1,1,2,1,2,1,1,1,1,1,16940,1,3,1,0,1,0,1,2,2,1
13B214,15,40143,3,1,0,1,1,223,2,31,4,3,7,1,1,1,1,2,2,1,1,4,2,2,2,1,2,2,1,0,1,2,1,3,4,2,2,2,1,2,2,1,2,2,3,120,2,1,1,0,0,0,0,0,0,0,0,0,0,0,0,60,1,3,4,3,2,0,1,2,2,2,1,1,1,2,1,3,1,1,1,1,1,17517,1,2,1,1,2,0,1,4,0,1
13B214,15,40143,4,1,0,1,1,223,2,68,7,5,1,1,2,2,2,2,2,2,0,0,0,0,0,0,0,0,0,0,0,0,0,0,0,0,0,0,0,0,0,0,0,0,0,0,0,0,0,0,0,0,0,0,0,0,0,0,0,0,0,0,0,0,0,0,0,3,2,2,2,2,1,1,1,2,1,1,1,2,2,2,2,18903,4,4,2,0,0,0,2,0,2,2
11B214,15,40151,3,1,0,1,1,223,1,52,4,3,1,1,1,1,2,2,2,2,1,4,2,2,2,1,2,2,2,0,2,1,2,0,0,0,0,0,0,0,0,0,0,0,0,0,0,0,0,0,0,0,0,0,0,0,0,0,0,0,0,20,2,0,2,2,2,0,2,1,2,2,2,1,1,2,1,1,1,1,1,1,1,27678,1,1,1,2,0,0,1,1,2,1
11B214,15,40151,1,1,0,2,1,223,2,67,6,2,7,1,1,2,1,2,2,2,0,0,0,0,0,0,0,0,0,0,0,0,0,1,4,2,2,1,2,2,2,2,2,2,2,0,2,1,1,0,0,0,0,0,0,0,0,0,0,0,0,20,2,0,2,1,2,0,2,2,2,2,3,3,3,0,2,0,1,1,1,1,1,25912,1,3,1,0,2,0,1,1,0,1
11B214,15,40151,2,1,0,2,1,223,2,51,4,3,1,1,1,1,2,2,2,1,1,3,2,2,2,2,1,2,2,0,2,1,1,0,0,0,0,0,0,0,0,0,0,0,0,0,0,0,0,0,0,0,0,0,0,0,0,0,0,0,0,20,2,0,2,3,2,0,1,2,2,2,2,1,2,0,2,0,1,1,1,1,1,22813,1,2,1,2,0,0,1,1,2,1
13B213,15,40153,1,1,0,2,1,223,2,55,3,3,7,1,1,2,2,2,2,1,0,0,0,0,0,0,0,0,0,0,0,0,0,0,0,0,0,0,0,0,0,0,0,0,0,0,0,0,0,0,0,0,0,0,0,0,0,0,0,0,0,60,2,0,3,3,2,0,2,2,2,2,2,1,2,0,1,1,1,2,2,2,2,28186,1,3,1,0,0,0,2,0,0,1
13B213,15,40153,2,1,0,4,1,223,1,26,7,1,6,1,1,1,2,1,2,1,3,4,2,1,2,1,1,2,3,230,1,2,1,0,0,0,0,0,0,0,0,0,0,0,0,0,0,0,0,1,3,1,2,2,2,2,1,0,1,2,1,20,1,5,1,3,1,0,1,1,1,1,1,1,1,2,1,2,1,1,1,1,1,50711,1,2,1,1,0,1,1,4,1,2
13B213,15,40153,4,1,0,2,1,223,2,24,4,3,7,1,1,1,1,2,2,2,1,2,2,2,2,2,1,2,2,0,2,1,1,1,3,2,2,1,2,2,2,2,2,2,3,100,2,1,1,0,0,0,0,0,0,0,0,0,0,0,0,20,2,0,2,2,2,0,2,1,2,2,2,1,1,2,2,0,1,1,1,1,1,27150,1,2,1,2,2,0,1,2,0,1
13B201,15,40157,3,1,0,1,1,223,2,52,4,3,1,1,1,2,2,2,2,1,0,0,0,0,0,0,0,0,0,0,0,0,0,0,0,0,0,0,0,0,0,0,0,0,0,0,0,0,0,0,0,0,0,0,0,0,0,0,0,0,0,60,1,3,3,3,2,0,2,2,2,2,2,1,2,0,1,6,1,1,2,2,2,43984,1,3,1,0,0,0,2,0,2,1
13B201,15,40157,4,1,0,1,1,223,2,56,6,3,1,1,2,2,2,2,2,2,0,0,0,0,0,0,0,0,0,0,0,0,0,0,0,0,0,0,0,0,0,0,0,0,0,0,0,0,0,0,0,0,0,0,0,0,0,0,0,0,0,0,0,0,0,0,0,2,2,2,2,2,2,1,1,2,3,0,1,1,2,1,2,19523,4,4,2,0,0,0,2,0,2,1
13B201,15,40157,1,1,0,1,1,223,2,31,7,5,7,1,2,2,2,2,2,2,0,0,0,0,0,0,0,0,0,0,0,0,0,0,0,0,0,0,0,0,0,0,0,0,0,0,0,0,0,0,0,0,0,0,0,0,0,0,0,0,0,0,0,0,0,0,0,2,2,2,2,2,2,1,2,0,2,0,1,1,1,2,2,23147,4,4,2,0,0,0,2,0,0,2
13B201,15,40157,2,1,0,1,1,223,2,36,7,4,1,1,2,2,2,2,2,2,0,0,0,0,0,0,0,0,0,0,0,0,0,0,0,0,0,0,0,0,0,0,0,0,0,0,0,0,0,0,0,0,0,0,0,0,0,0,0,0,0,0,0,0,0,0,0,2,2,2,2,2,2,2,2,0,2,0,1,2,2,2,2,21323,4,4,2,0,0,0,2,0,2,2
12A208,15,40158,2,1,0,5,1,223,1,19,4,3,6,1,1,1,2,2,2,2,1,4,2,2,2,2,1,2,2,0,2,1,1,0,0,0,0,0,0,0,0,0,0,0,0,0,0,0,0,0,0,0,0,0,0,0,0,0,0,0,0,20,2,0,2,2,2,0,1,1,2,2,2,2,2,0,2,0,1,1,1,1,1,42857,1,1,1,2,0,0,1,1,1,1
12A208,15,40158,1,1,0,2,1,223,2,66,2,6,1,1,2,2,2,2,2,2,0,0,0,0,0,0,0,0,0,0,0,0,0,0,0,0,0,0,0,0,0,0,0,0,0,0,0,0,0,0,0,0,0,0,0,0,0,0,0,0,0,0,0,0,0,0,0,2,2,2,2,2,2,1,2,0,1,1,1,2,2,2,2,40682,4,4,2,0,0,0,2,0,2,0
12A208,15,40158,4,1,1,1,1,223,1,79,2,6,8,1,1,1,2,2,2,2,1,4,2,2,2,2,1,2,2,0,2,1,1,0,0,0,0,0,0,0,0,0,0,0,0,0,0,0,0,0,0,0,0,0,0,0,0,0,0,0,0,30,2,0,2,2,2,0,2,2,2,2,2,1,2,0,2,0,1,1,1,1,2,24737,1,1,1,2,0,0,1,1,0,0
11B215,15,40179,4,1,0,1,1,223,1,40,3,3,1,1,2,2,2,2,2,2,0,0,0,0,0,0,0,0,0,0,0,0,0,0,0,0,0,0,0,0,0,0,0,0,0,0,0,0,0,0,0,0,0,0,0,0,0,0,0,0,0,0,0,0,0,0,0,4,2,2,2,2,2,2,2,0,2,0,1,2,1,2,1,10430,4,4,2,0,0,0,2,0,2,1
11B215,15,40179,2,1,0,1,1,223,2,71,5,4,7,1,2,2,2,2,2,2,0,0,0,0,0,0,0,0,0,0,0,0,0,0,0,0,0,0,0,0,0,0,0,0,0,0,0,0,0,0,0,0,0,0,0,0,0,0,0,0,0,0,0,0,0,0,0,2,2,2,2,2,2,1,2,0,1,1,1,1,2,1,2,9571,4,4,2,0,0,0,2,0,0,1
11B215,15,40179,3,1,0,1,1,223,2,68,2,3,7,1,2,2,2,2,2,2,0,0,0,0,0,0,0,0,0,0,0,0,0,0,0,0,0,0,0,0,0,0,0,0,0,0,0,0,0,0,0,0,0,0,0,0,0,0,0,0,0,0,0,0,0,0,0,3,2,1,2,2,2,2,1,1,1,1,1,1,1,1,1,47855,4,4,2,0,0,0,2,0,0,0
11B215,15,40179,1,1,0,2,1,223,2,35,3,3,7,1,1,2,1,2,1,2,0,0,0,0,0,0,0,0,0,0,0,0,0,1,3,2,2,2,2,2,2,1,2,2,3,35,2,1,1,0,0,0,0,0,0,0,0,0,0,0,0,30,2,0,1,2,1,0,2,1,1,1,2,2,2,0,2,0,1,1,1,1,1,16340,1,3,1,0,2,0,1,1,0,1
11B214,15,40242,1,1,0,1,1,223,2,48,3,3,7,1,2,2,2,2,2,2,0,0,0,0,0,0,0,0,0,0,0,0,0,0,0,0,0,0,0,0,0,0,0,0,0,0,0,0,0,0,0,0,0,0,0,0,0,0,0,0,0,0,0,0,0,0,0,3,2,2,2,2,2,1,2,0,2,0,1,1,1,1,1,10424,4,4,2,0,0,0,2,0,0,1
11B214,15,40242,3,1,0,5,1,223,2,41,7,3,7,1,1,1,2,2,2,2,1,4,2,1,2,2,2,2,2,0,2,1,1,0,0,0,0,0,0,0,0,0,0,0,0,0,0,0,0,0,0,0,0,0,0,0,0,0,0,0,0,30,2,0,2,3,1,0,1,1,2,2,1,1,1,1,1,1,1,2,2,2,2,25268,1,1,1,2,0,0,1,1,0,2
11B214,15,40242,4,1,0,1,1,223,2,72,2,6,1,1,2,2,2,2,2,2,0,0,0,0,0,0,0,0,0,0,0,0,0,0,0,0,0,0,0,0,0,0,0,0,0,0,0,0,0,0,0,0,0,0,0,0,0,0,0,0,0,0,0,0,0,0,0,1,2,2,2,2,2,2,2,0,2,0,1,1,1,1,2,11840,4,4,2,0,0,0,2,0,2,0
11B214,15,40242,2,1,0,1,1,223,1,62,2,6,8,1,2,2,2,2,2,2,0,0,0,0,0,0,0,0,0,0,0,0,0,0,0,0,0,0,0,0,0,0,0,0,0,0,0,0,0,0,0,0,0,0,0,0,0,0,0,0,0,0,0,0,0,0,0,2,2,2,2,2,2,2,2,0,2,0,1,2,2,1,2,15590,4,4,2,0,0,0,2,0,0,0
11A208,15,40245,2,1,0,1,1,223,1,44,3,3,1,1,1,1,2,2,2,1,8,3,2,2,1,2,2,2,3,1000,2,1,1,0,0,0,0,0,0,0,0,0,0,0,0,0,0,0,0,0,0,0,0,0,0,0,0,0,0,0,0,60,2,0,3,4,2,0,2,2,2,1,2,2,1,1,1,5,1,1,1,1,1,38568,1,2,1,2,0,0,1,8,2,1
11A208,15,40245,3,1,0,1,1,223,2,67,2,6,1,1,1,2,2,1,2,1,0,0,0,0,0,0,0,0,0,0,0,0,0,0,0,0,0,0,0,0,0,0,0,0,0,0,0,0,0,3,3,2,2,1,1,1,3,15,2,1,1,20,2,0,2,4,1,0,1,2,2,2,2,1,2,0,1,2,1,2,1,2,2,26545,1,3,1,0,0,2,1,3,2,0
11A208,15,40245,4,1,0,2,1,223,1,51,4,3,1,1,1,1,2,1,2,2,1,1,1,2,2,2,2,2,1,0,1,2,2,0,0,0,0,0,0,0,0,0,0,0,0,0,0,0,0,3,4,1,1,1,2,2,2,0,2,1,2,30,1,6,2,2,2,0,2,1,2,2,2,2,1,2,1,1,1,1,1,1,1,37805,1,2,1,1,0,2,1,4,2,1
11A208,15,40245,1,1,1,2,1,223,1,76,0,,10,2,0,0,0,0,0,0,0,0,0,0,0,0,0,0,0,0,0,0,0,0,0,0,0,0,0,0,0,0,0,0,0,0,0,0,0,0,0,0,0,0,0,0,0,0,0,0,0,0,0,0,0,0,0,0,0,0,0,0,0,0,0,0,0,0,0,0,0,0,0,8967,0,0,0,0,0,0,0,0,0,0
11A208,15,40246,3,1,0,1,1,223,1,56,4,3,4,1,2,2,2,2,2,2,0,0,0,0,0,0,0,0,0,0,0,0,0,0,0,0,0,0,0,0,0,0,0,0,0,0,0,0,0,0,0,0,0,0,0,0,0,0,0,0,0,0,0,0,0,0,0,3,2,2,2,2,1,1,2,0,2,0,1,1,1,1,1,11022,4,4,2,0,0,0,2,0,1,1
11A208,15,40246,4,1,0,1,1,223,1,73,7,5,8,1,2,2,2,2,2,2,0,0,0,0,0,0,0,0,0,0,0,0,0,0,0,0,0,0,0,0,0,0,0,0,0,0,0,0,0,0,0,0,0,0,0,0,0,0,0,0,0,0,0,0,0,0,0,5,2,2,1,2,2,1,1,1,2,0,1,2,2,2,2,19087,4,4,2,0,0,0,2,0,0,2
11A208,15,40246,1,1,0,1,1,223,2,45,6,3,1,1,1,2,1,2,2,2,0,0,0,0,0,0,0,0,0,0,0,0,0,3,3,2,2,1,2,2,2,1,2,2,1,0,1,1,2,0,0,0,0,0,0,0,0,0,0,0,0,60,2,0,3,3,1,0,2,2,2,2,1,1,1,2,1,1,1,1,1,1,1,11054,1,3,1,0,3,0,1,3,2,1
11A208,15,40246,2,1,0,3,1,223,2,37,6,3,7,1,1,2,1,2,2,2,0,0,0,0,0,0,0,0,0,0,0,0,0,3,4,2,2,2,2,2,2,2,1,2,2,0,2,1,1,0,0,0,0,0,0,0,0,0,0,0,0,20,2,0,2,3,2,0,2,2,2,2,2,2,2,0,3,0,1,1,1,1,1,16077,1,3,1,0,2,0,1,3,0,1
12B202,15,40247,3,1,0,1,1,223,1,53,4,3,1,1,1,1,2,2,1,2,2,4,2,2,2,1,1,2,3,200,2,1,1,0,0,0,0,0,0,0,0,0,0,0,0,0,0,0,0,0,0,0,0,0,0,0,0,0,0,0,0,30,2,0,2,2,1,0,1,1,2,2,2,2,2,0,1,1,1,1,1,1,1,25516,1,2,1,2,0,0,1,2,2,1
12B202,15,40247,4,1,0,3,1,223,2,65,2,6,7,1,1,2,2,2,2,1,0,0,0,0,0,0,0,0,0,0,0,0,0,0,0,0,0,0,0,0,0,0,0,0,0,0,0,0,0,0,0,0,0,0,0,0,0,0,0,0,0,10,1,4,1,1,2,0,2,2,2,2,2,2,2,0,2,0,1,1,1,2,2,23889,1,3,1,0,0,0,2,0,0,0
12B202,15,40247,2,1,0,2,1,223,1,25,7,4,1,1,1,1,2,1,1,1,3,1,1,2,2,2,2,2,2,0,2,1,1,0,0,0,0,0,0,0,0,0,0,0,0,0,0,0,0,1,3,1,2,1,2,1,1,0,1,2,4,30,2,0,2,3,1,0,2,2,2,2,1,1,1,2,1,1,1,1,1,1,1,25194,1,2,1,2,0,1,1,4,2,2
12B202,15,40247,1,1,0,2,1,223,2,31,2,6,1,1,2,2,2,2,2,2,0,0,0,0,0,0,0,0,0,0,0,0,0,0,0,0,0,0,0,0,0,0,0,0,0,0,0,0,0,0,0,0,0,0,0,0,0,0,0,0,0,0,0,0,0,0,0,2,2,2,2,2,3,3,3,0,3,0,1,2,2,1,1,7379,4,4,2,0,0,0,2,0,2,0
11B214,15,40263,4,1,0,1,1,223,1,53,3,3,1,1,1,2,2,2,2,1,0,0,0,0,0,0,0,0,0,0,0,0,0,0,0,0,0,0,0,0,0,0,0,0,0,0,0,0,0,0,0,0,0,0,0,0,0,0,0,0,0,40,1,4,4,4,2,0,2,2,2,2,1,1,1,1,1,1,1,1,1,1,1,27251,1,3,1,0,0,0,2,0,2,1
11B214,15,40263,1,1,0,2,1,223,2,57,0,,7,2,0,0,0,0,0,0,0,0,0,0,0,0,0,0,0,0,0,0,0,0,0,0,0,0,0,0,0,0,0,0,0,0,0,0,0,0,0,0,0,0,0,0,0,0,0,0,0,0,0,0,0,0,0,0,0,0,0,0,0,0,0,0,0,0,0,0,0,0,0,9970,0,0,0,0,0,0,0,0,0,0
11B214,15,40263,2,1,0,1,1,223,2,48,2,6,1,1,2,2,2,2,2,2,0,0,0,0,0,0,0,0,0,0,0,0,0,0,0,0,0,0,0,0,0,0,0,0,0,0,0,0,0,0,0,0,0,0,0,0,0,0,0,0,0,0,0,0,0,0,0,3,2,2,2,2,2,1,2,0,3,0,1,2,2,2,3,16846,4,4,2,0,0,0,2,0,2,0
11B214,15,40263,3,1,0,3,1,223,2,57,3,3,7,1,1,2,2,1,2,2,0,0,0,0,0,0,0,0,0,0,0,0,0,0,0,0,0,0,0,0,0,0,0,0,0,0,0,0,0,2,3,2,1,2,2,1,3,15,2,1,4,30,2,0,2,3,2,0,2,2,2,2,2,1,1,1,1,1,1,1,1,1,2,19940,1,3,1,0,0,2,1,2,0,1
11B215,15,40297,3,1,0,1,1,223,1,50,4,3,1,1,2,2,2,2,2,2,0,0,0,0,0,0,0,0,0,0,0,0,0,0,0,0,0,0,0,0,0,0,0,0,0,0,0,0,0,0,0,0,0,0,0,0,0,0,0,0,0,0,0,0,0,0,0,2,2,2,2,2,2,2,2,0,2,0,1,2,1,1,1,8318,4,4,2,0,0,0,2,0,2,1
11B215,15,40297,4,1,0,2,1,223,2,32,3,3,7,1,2,2,2,2,2,2,0,0,0,0,0,0,0,0,0,0,0,0,0,0,0,0,0,0,0,0,0,0,0,0,0,0,0,0,0,0,0,0,0,0,0,0,0,0,0,0,0,0,0,0,0,0,0,3,2,2,2,2,2,2,2,0,2,0,1,2,1,2,2,14433,4,4,2,0,0,0,2,0,0,1
11B215,15,40297,2,1,0,1,1,223,1,28,3,2,1,1,1,2,2,2,2,1,0,0,0,0,0,0,0,0,0,0,0,0,0,0,0,0,0,0,0,0,0,0,0,0,0,0,0,0,0,0,0,0,0,0,0,0,0,0,0,0,0,20,2,0,4,1,2,0,2,2,2,2,2,2,2,0,1,1,1,1,1,1,1,16426,1,3,1,0,0,0,2,0,2,1
11B215,15,40297,1,1,0,1,1,223,1,74,2,6,10,1,2,2,2,2,2,2,0,0,0,0,0,0,0,0,0,0,0,0,0,0,0,0,0,0,0,0,0,0,0,0,0,0,0,0,0,0,0,0,0,0,0,0,0,0,0,0,0,0,0,0,0,0,0,5,2,2,2,2,2,2,2,0,2,0,1,2,1,1,2,31569,4,4,2,0,0,0,2,0,0,0
11B201,15,40301,4,1,0,2,1,223,2,44,3,3,7,1,1,1,1,2,1,2,2,4,2,2,2,2,1,2,3,240,2,1,1,2,4,2,2,2,2,2,2,2,1,2,2,0,2,1,1,0,0,0,0,0,0,0,0,0,0,0,0,10,2,0,3,3,2,0,2,2,2,2,1,2,2,0,1,1,1,1,1,1,1,35682,1,2,1,2,2,0,1,4,0,1
11B201,15,40301,2,1,0,1,1,223,1,65,3,3,1,1,2,2,2,2,2,2,0,0,0,0,0,0,0,0,0,0,0,0,0,0,0,0,0,0,0,0,0,0,0,0,0,0,0,0,0,0,0,0,0,0,0,0,0,0,0,0,0,0,0,0,0,0,0,3,2,2,2,2,2,2,2,0,2,0,1,2,2,2,2,8472,4,4,2,0,0,0,2,0,2,1
11B201,15,40303,3,1,0,1,1,223,1,60,7,4,1,1,2,2,2,2,2,2,0,0,0,0,0,0,0,0,0,0,0,0,0,0,0,0,0,0,0,0,0,0,0,0,0,0,0,0,0,0,0,0,0,0,0,0,0,0,0,0,0,0,0,0,0,0,0,2,2,2,2,2,1,1,1,1,1,3,1,1,1,2,2,17612,4,4,2,0,0,0,2,0,2,2
11B201,15,40303,1,1,0,1,1,223,1,35,7,5,1,1,2,2,2,2,2,2,0,0,0,0,0,0,0,0,0,0,0,0,0,0,0,0,0,0,0,0,0,0,0,0,0,0,0,0,0,0,0,0,0,0,0,0,0,0,0,0,0,0,0,0,0,0,0,1,2,2,2,2,2,2,2,0,2,0,1,2,2,2,2,14576,4,4,2,0,0,0,2,0,2,2
11B201,15,40303,2,1,0,1,1,223,1,49,4,3,9,1,1,2,2,2,2,1,0,0,0,0,0,0,0,0,0,0,0,0,0,0,0,0,0,0,0,0,0,0,0,0,0,0,0,0,0,0,0,0,0,0,0,0,0,0,0,0,0,20,1,4,4,4,2,0,2,2,2,2,1,1,1,2,2,0,1,2,2,2,2,14287,1,3,1,0,0,0,2,0,0,1
11B201,15,40303,4,1,0,4,1,223,1,41,4,3,1,1,2,2,2,2,2,2,0,0,0,0,0,0,0,0,0,0,0,0,0,0,0,0,0,0,0,0,0,0,0,0,0,0,0,0,0,0,0,0,0,0,0,0,0,0,0,0,0,0,0,0,0,0,0,3,2,2,2,2,1,1,1,2,1,1,1,2,1,2,2,29151,4,4,2,0,0,0,2,0,2,1
13B215,15,40327,4,1,0,1,1,223,1,48,7,5,1,1,1,1,1,2,2,1,6,4,2,2,1,2,2,2,3,500,1,1,1,2,2,1,2,2,2,2,1,2,2,2,3,300,1,1,1,0,0,0,0,0,0,0,0,0,0,0,0,30,2,0,2,4,1,0,2,1,1,1,1,2,2,0,1,1,1,2,1,1,1,31432,1,2,1,3,3,0,1,8,2,2
13B215,15,40327,3,1,0,4,1,223,2,28,3,3,7,1,2,2,2,2,2,2,0,0,0,0,0,0,0,0,0,0,0,0,0,0,0,0,0,0,0,0,0,0,0,0,0,0,0,0,0,0,0,0,0,0,0,0,0,0,0,0,0,0,0,0,0,0,0,2,2,2,2,2,3,3,3,0,3,0,1,1,1,2,2,54539,4,4,2,0,0,0,2,0,0,1
13B215,15,40327,2,1,0,2,1,223,2,26,7,3,7,1,2,2,2,2,2,2,0,0,0,0,0,0,0,0,0,0,0,0,0,0,0,0,0,0,0,0,0,0,0,0,0,0,0,0,0,0,0,0,0,0,0,0,0,0,0,0,0,0,0,0,0,0,0,3,2,2,2,2,1,1,1,1,1,1,1,1,1,1,1,18179,4,4,2,0,0,0,2,0,0,2
13B215,15,40327,1,1,0,2,1,223,2,75,3,2,7,1,1,2,2,1,2,2,0,0,0,0,0,0,0,0,0,0,0,0,0,0,0,0,0,0,0,0,0,0,0,0,0,0,0,0,0,2,4,2,2,1,1,1,2,0,2,1,1,20,2,0,1,4,2,0,2,2,2,2,2,1,1,1,1,2,1,1,1,1,2,39236,1,3,1,0,0,2,1,2,0,1
11B215,15,40329,1,1,0,1,1,223,2,63,2,6,1,1,2,2,2,2,2,2,0,0,0,0,0,0,0,0,0,0,0,0,0,0,0,0,0,0,0,0,0,0,0,0,0,0,0,0,0,0,0,0,0,0,0,0,0,0,0,0,0,0,0,0,0,0,0,1,2,2,2,2,2,2,2,0,2,0,1,2,2,2,2,22723,4,4,2,0,0,0,2,0,2,0
11B215,15,40329,2,1,0,2,1,223,2,64,4,1,1,1,1,2,2,1,2,1,0,0,0,0,0,0,0,0,0,0,0,0,0,0,0,0,0,0,0,0,0,0,0,0,0,0,0,0,0,2,4,2,2,1,1,2,2,0,2,1,4,30,2,0,2,2,2,0,1,1,2,2,3,3,3,0,1,1,1,1,1,1,1,30297,1,3,1,0,0,2,1,2,2,1
11B215,15,40329,3,1,0,1,1,223,2,38,3,3,1,1,2,2,2,2,2,2,0,0,0,0,0,0,0,0,0,0,0,0,0,0,0,0,0,0,0,0,0,0,0,0,0,0,0,0,0,0,0,0,0,0,0,0,0,0,0,0,0,0,0,0,0,0,0,3,2,2,2,2,1,1,1,2,1,1,1,1,1,1,1,16546,4,4,2,0,0,0,2,0,2,1
11B215,15,40329,4,1,0,2,1,223,2,31,7,5,1,1,1,1,1,2,2,2,5,1,2,1,2,2,2,2,2,0,2,1,1,2,4,2,2,1,2,2,2,2,2,2,2,0,2,1,4,0,0,0,0,0,0,0,0,0,0,0,0,20,2,0,2,3,2,0,1,2,2,2,3,2,2,0,1,1,1,1,2,2,1,26941,1,2,1,2,2,0,1,7,2,2
11B201,15,40332,4,1,0,3,1,223,1,21,4,3,6,1,1,1,1,2,2,1,4,4,2,2,2,1,2,2,1,0,1,2,1,1,2,2,2,2,2,2,1,2,2,2,2,0,2,1,3,0,0,0,0,0,0,0,0,0,0,0,0,30,2,0,2,3,2,0,2,2,1,2,2,1,1,2,1,1,1,1,1,1,1,27206,1,2,1,1,2,0,1,5,1,1
11B201,15,40332,2,1,0,1,1,223,2,60,2,6,10,1,2,2,2,2,2,2,0,0,0,0,0,0,0,0,0,0,0,0,0,0,0,0,0,0,0,0,0,0,0,0,0,0,0,0,0,0,0,0,0,0,0,0,0,0,0,0,0,0,0,0,0,0,0,2,2,2,2,2,2,2,2,0,2,0,1,1,1,1,2,4036,4,4,2,0,0,0,2,0,0,0
11B201,15,40332,1,1,0,2,1,223,2,43,4,3,1,1,1,1,2,2,2,2,3,4,2,2,1,2,1,2,2,0,2,1,1,0,0,0,0,0,0,0,0,0,0,0,0,0,0,0,0,0,0,0,0,0,0,0,0,0,0,0,0,30,2,0,2,3,2,0,2,1,2,1,2,1,1,2,1,1,1,1,1,1,1,13227,1,1,1,2,0,0,1,3,2,1
11B215,15,40354,3,1,0,2,1,223,2,59,7,3,7,1,2,2,2,2,2,2,0,0,0,0,0,0,0,0,0,0,0,0,0,0,0,0,0,0,0,0,0,0,0,0,0,0,0,0,0,0,0,0,0,0,0,0,0,0,0,0,0,0,0,0,0,0,0,1,2,2,2,2,2,2,2,0,2,0,1,1,1,2,2,12151,4,4,2,0,0,0,2,0,0,2
11B215,15,40354,1,1,0,1,1,223,2,34,4,3,1,1,1,2,2,1,1,1,0,0,0,0,0,0,0,0,0,0,0,0,0,0,0,0,0,0,0,0,0,0,0,0,0,0,0,0,0,2,3,2,2,1,1,2,2,0,2,1,4,40,1,7,3,3,2,0,2,1,2,2,1,1,2,0,1,1,1,1,1,1,1,14407,1,3,1,0,0,2,1,2,2,1
11B215,15,40354,2,1,0,2,1,223,2,41,9,2,1,1,1,1,2,2,2,1,5,1,2,1,2,2,2,2,2,0,1,1,1,0,0,0,0,0,0,0,0,0,0,0,0,0,0,0,0,0,0,0,0,0,0,0,0,0,0,0,0,20,1,6,2,3,2,0,2,2,1,2,2,2,2,0,2,0,1,2,2,2,2,13272,1,2,1,3,0,0,1,5,2,2
11B215,15,40354,4,1,0,1,1,223,2,51,3,3,1,1,2,2,2,2,2,2,0,0,0,0,0,0,0,0,0,0,0,0,0,0,0,0,0,0,0,0,0,0,0,0,0,0,0,0,0,0,0,0,0,0,0,0,0,0,0,0,0,0,0,0,0,0,0,3,2,2,2,2,2,2,2,0,3,0,1,1,2,2,2,6844,4,4,2,0,0,0,2,0,2,1
12A208,15,40357,2,1,0,1,1,223,2,54,0,,1,2,0,0,0,0,0,0,0,0,0,0,0,0,0,0,0,0,0,0,0,0,0,0,0,0,0,0,0,0,0,0,0,0,0,0,0,0,0,0,0,0,0,0,0,0,0,0,0,0,0,0,0,0,0,0,0,0,0,0,0,0,0,0,0,0,0,0,0,0,0,15048,0,0,0,0,0,0,0,0,2,0
12A208,15,40357,4,1,0,1,1,223,2,69,7,4,8,1,1,1,2,2,2,2,35,3,2,1,2,2,2,2,2,0,2,1,1,0,0,0,0,0,0,0,0,0,0,0,0,0,0,0,0,0,0,0,0,0,0,0,0,0,0,0,0,60,2,0,3,3,2,0,2,2,2,1,2,2,2,0,2,0,1,2,2,2,2,8546,1,1,1,2,0,0,1,35,0,2
12A208,15,40357,1,1,1,1,1,223,2,31,7,2,1,1,1,1,2,2,2,2,1,4,2,2,2,1,2,2,2,0,2,1,1,0,0,0,0,0,0,0,0,0,0,0,0,0,0,0,0,0,0,0,0,0,0,0,0,0,0,0,0,30,2,0,2,3,2,0,1,2,2,2,2,2,1,2,1,1,1,1,1,1,1,7919,1,1,1,2,0,0,1,1,2,2
12A208,15,40357,3,1,0,2,1,223,2,33,4,3,1,1,2,2,2,2,2,2,0,0,0,0,0,0,0,0,0,0,0,0,0,0,0,0,0,0,0,0,0,0,0,0,0,0,0,0,0,0,0,0,0,0,0,0,0,0,0,0,0,0,0,0,0,0,0,1,2,2,1,2,1,1,1,2,1,1,1,2,2,2,1,15839,4,4,2,0,0,0,2,0,2,1
12B216,15,41039,4,1,0,1,16,223,1,77,2,2,8,1,2,2,2,2,2,2,0,0,0,0,0,0,0,0,0,0,0,0,0,0,0,0,0,0,0,0,0,0,0,0,0,0,0,0,0,0,0,0,0,0,0,0,0,0,0,0,0,0,0,0,0,0,0,5,2,2,2,2,2,2,2,0,2,0,1,2,2,2,2,29485,4,4,2,0,0,0,2,0,0,0
12B216,15,41039,1,1,0,1,16,223,1,82,2,1,7,1,2,2,2,2,2,2,0,0,0,0,0,0,0,0,0,0,0,0,0,0,0,0,0,0,0,0,0,0,0,0,0,0,0,0,0,0,0,0,0,0,0,0,0,0,0,0,0,0,0,0,0,0,0,5,2,2,2,2,2,2,2,0,2,0,1,2,2,2,2,19657,4,4,2,0,0,0,2,0,0,0
12B216,15,41039,3,1,0,4,16,223,1,37,3,3,1,1,2,2,2,2,2,2,0,0,0,0,0,0,0,0,0,0,0,0,0,0,0,0,0,0,0,0,0,0,0,0,0,0,0,0,0,0,0,0,0,0,0,0,0,0,0,0,0,0,0,0,0,0,0,3,2,2,2,2,2,2,2,0,2,0,1,1,1,1,1,42270,4,4,2,0,0,0,2,0,2,1
12B216,15,41039,2,1,0,2,16,223,2,64,2,6,7,1,2,2,2,2,2,2,0,0,0,0,0,0,0,0,0,0,0,0,0,0,0,0,0,0,0,0,0,0,0,0,0,0,0,0,0,0,0,0,0,0,0,0,0,0,0,0,0,0,0,0,0,0,0,5,2,2,2,2,2,2,2,0,2,0,1,2,2,2,2,15159,4,4,2,0,0,0,2,0,0,0
11A207,15,41043,1,1,0,4,16,223,2,19,3,3,1,1,1,1,2,2,2,2,1,4,2,2,2,1,2,2,2,0,2,1,1,0,0,0,0,0,0,0,0,0,0,0,0,0,0,0,0,0,0,0,0,0,0,0,0,0,0,0,0,60,2,0,2,3,2,0,2,2,2,2,2,1,2,0,1,1,1,1,1,1,1,64994,1,1,1,2,0,0,1,1,2,1
11A207,15,41043,3,1,0,3,16,223,1,69,4,3,1,1,1,1,2,2,2,2,1,4,2,2,2,1,2,2,2,0,2,1,1,0,0,0,0,0,0,0,0,0,0,0,0,0,0,0,0,0,0,0,0,0,0,0,0,0,0,0,0,40,2,0,2,3,2,0,2,2,2,2,2,2,2,0,2,0,1,2,2,2,2,34998,1,1,1,2,0,0,1,1,2,1
11A207,15,41043,2,1,0,1,16,223,2,54,0,,1,2,0,0,0,0,0,0,0,0,0,0,0,0,0,0,0,0,0,0,0,0,0,0,0,0,0,0,0,0,0,0,0,0,0,0,0,0,0,0,0,0,0,0,0,0,0,0,0,0,0,0,0,0,0,0,0,0,0,0,0,0,0,0,0,0,0,0,0,0,0,10134,0,0,0,0,0,0,0,0,2,0
11A207,15,41043,4,1,0,2,16,223,2,54,4,3,7,1,1,1,2,2,2,2,2,3,2,2,2,1,2,2,2,0,2,1,1,0,0,0,0,0,0,0,0,0,0,0,0,0,0,0,0,0,0,0,0,0,0,0,0,0,0,0,0,60,2,0,2,3,2,0,2,2,2,2,1,2,2,0,1,1,1,1,2,1,1,20269,1,1,1,2,0,0,1,2,0,1
11B213,15,41066,1,1,0,1,16,223,2,29,8,2,1,1,1,1,2,2,2,1,2,3,1,2,2,2,2,2,1,0,1,2,1,0,0,0,0,0,0,0,0,0,0,0,0,0,0,0,0,0,0,0,0,0,0,0,0,0,0,0,0,60,2,0,2,3,1,0,1,2,2,2,1,2,2,0,1,1,1,1,1,1,1,10013,1,2,1,1,0,0,1,2,2,2
13B213,15,41067,3,1,0,1,16,223,1,72,7,4,1,1,1,1,2,2,2,1,1,1,2,1,2,2,2,2,3,720,2,1,1,0,0,0,0,0,0,0,0,0,0,0,0,0,0,0,0,0,0,0,0,0,0,0,0,0,0,0,0,120,2,0,2,3,1,0,1,1,1,1,1,1,1,1,1,3,1,1,1,1,1,16560,1,2,1,2,0,0,1,1,2,2
13B213,15,41067,2,1,0,1,16,223,1,65,7,4,8,1,1,1,2,1,2,2,1,4,2,2,2,1,2,2,1,0,1,2,1,0,0,0,0,0,0,0,0,0,0,0,0,0,0,0,0,7,4,1,1,1,1,1,3,140,2,1,1,40,2,0,2,3,2,0,2,2,2,2,1,1,1,1,1,2,1,1,1,1,1,66238,1,2,1,1,0,2,1,8,0,2
13B213,15,41067,4,1,0,1,16,223,1,57,9,2,1,1,1,1,2,2,2,1,1,1,2,1,2,2,2,2,1,0,1,2,1,0,0,0,0,0,0,0,0,0,0,0,0,0,0,0,0,0,0,0,0,0,0,0,0,0,0,0,0,120,2,0,2,4,2,0,2,2,2,2,2,2,2,0,2,0,1,1,1,1,1,28687,1,2,1,1,0,0,1,1,2,2
11B216,15,41075,1,1,0,2,16,223,2,64,0,,7,2,0,0,0,0,0,0,0,0,0,0,0,0,0,0,0,0,0,0,0,0,0,0,0,0,0,0,0,0,0,0,0,0,0,0,0,0,0,0,0,0,0,0,0,0,0,0,0,0,0,0,0,0,0,0,0,0,0,0,0,0,0,0,0,0,0,0,0,0,0,12827,0,0,0,0,0,0,0,0,0,0
11B216,15,41075,2,1,0,1,16,223,2,36,7,5,1,1,1,1,1,2,2,1,6,4,2,2,2,1,2,2,3,4000,2,1,1,2,3,2,2,1,2,2,2,2,2,2,1,0,1,2,2,0,0,0,0,0,0,0,0,0,0,0,0,60,1,5,3,4,1,0,1,1,2,1,1,1,1,1,1,4,1,2,1,2,1,7005,1,2,1,2,1,0,1,8,2,2
11B216,15,41075,4,1,0,2,16,223,1,18,3,3,1,1,2,2,2,2,2,2,0,0,0,0,0,0,0,0,0,0,0,0,0,0,0,0,0,0,0,0,0,0,0,0,0,0,0,0,0,0,0,0,0,0,0,0,0,0,0,0,0,0,0,0,0,0,0,3,2,2,2,2,2,2,2,0,2,0,1,1,1,2,2,21613,4,4,2,0,0,0,2,0,2,1
11B216,15,41075,3,1,0,5,16,223,1,18,4,2,6,1,1,1,2,2,2,1,2,2,2,1,2,2,2,2,3,500,2,1,1,0,0,0,0,0,0,0,0,0,0,0,0,0,0,0,0,0,0,0,0,0,0,0,0,0,0,0,0,120,2,0,3,4,2,0,2,2,2,1,1,1,1,2,1,1,1,1,1,1,1,54031,1,2,1,2,0,0,1,2,1,1
12B202,15,41110,4,1,0,1,16,223,1,40,7,5,1,1,1,1,2,1,2,1,1,4,2,2,2,1,2,2,3,260,2,1,1,0,0,0,0,0,0,0,0,0,0,0,0,0,0,0,0,2,3,1,1,2,2,2,1,0,1,2,1,30,2,0,2,3,2,0,2,2,2,2,1,2,2,0,1,2,1,1,1,1,1,12499,1,2,1,2,0,1,1,3,2,2
11B202,15,41146,1,1,0,1,16,223,2,44,3,3,1,1,2,2,2,2,2,2,0,0,0,0,0,0,0,0,0,0,0,0,0,0,0,0,0,0,0,0,0,0,0,0,0,0,0,0,0,0,0,0,0,0,0,0,0,0,0,0,0,0,0,0,0,0,0,1,2,2,2,2,2,2,2,0,2,0,1,2,2,2,2,14983,4,4,2,0,0,0,2,0,2,1
11B202,15,41146,3,1,0,1,16,223,1,72,2,6,1,1,2,2,2,2,2,2,0,0,0,0,0,0,0,0,0,0,0,0,0,0,0,0,0,0,0,0,0,0,0,0,0,0,0,0,0,0,0,0,0,0,0,0,0,0,0,0,0,0,0,0,0,0,0,3,2,2,2,2,2,2,2,0,2,0,1,2,2,2,2,17788,4,4,2,0,0,0,2,0,2,0
11B202,15,41146,2,1,0,2,16,223,2,46,3,3,1,1,2,2,2,2,2,2,0,0,0,0,0,0,0,0,0,0,0,0,0,0,0,0,0,0,0,0,0,0,0,0,0,0,0,0,0,0,0,0,0,0,0,0,0,0,0,0,0,0,0,0,0,0,0,2,2,2,2,2,2,2,2,0,1,1,1,1,1,2,2,15453,4,4,2,0,0,0,2,0,2,1
11B202,15,41146,4,1,0,3,16,223,2,60,2,5,7,1,1,2,2,2,2,1,0,0,0,0,0,0,0,0,0,0,0,0,0,0,0,0,0,0,0,0,0,0,0,0,0,0,0,0,0,0,0,0,0,0,0,0,0,0,0,0,0,30,2,0,2,4,2,0,2,2,2,2,2,1,2,0,2,0,1,2,2,2,2,20577,1,3,1,0,0,0,2,0,0,0
12B214,15,41165,4,1,0,1,16,223,2,49,3,3,1,1,2,2,2,2,2,2,0,0,0,0,0,0,0,0,0,0,0,0,0,0,0,0,0,0,0,0,0,0,0,0,0,0,0,0,0,0,0,0,0,0,0,0,0,0,0,0,0,0,0,0,0,0,0,1,2,2,2,2,2,2,2,0,2,0,1,1,1,1,1,9453,4,4,2,0,0,0,2,0,2,1
12B214,15,41165,2,1,0,1,16,223,1,47,3,3,1,1,2,2,2,2,2,2,0,0,0,0,0,0,0,0,0,0,0,0,0,0,0,0,0,0,0,0,0,0,0,0,0,0,0,0,0,0,0,0,0,0,0,0,0,0,0,0,0,0,0,0,0,0,0,2,2,2,2,2,2,2,2,0,2,0,1,1,1,1,1,34405,4,4,2,0,0,0,2,0,2,1
12B214,15,41165,3,1,0,3,16,223,1,21,7,2,6,1,1,1,2,2,2,1,1,2,2,1,2,2,2,2,3,500,2,1,1,0,0,0,0,0,0,0,0,0,0,0,0,0,0,0,0,0,0,0,0,0,0,0,0,0,0,0,0,120,2,0,2,3,2,0,2,2,2,1,1,1,1,1,1,4,1,1,1,1,1,56553,1,2,1,2,0,0,1,1,1,2
11A208,15,41168,4,1,0,3,16,223,2,23,7,4,1,1,2,2,2,2,2,2,0,0,0,0,0,0,0,0,0,0,0,0,0,0,0,0,0,0,0,0,0,0,0,0,0,0,0,0,0,0,0,0,0,0,0,0,0,0,0,0,0,0,0,0,0,0,0,3,2,2,2,2,2,2,2,0,2,0,1,1,1,1,1,42690,4,4,2,0,0,0,2,0,2,2
11A208,15,41168,3,1,0,3,16,223,2,29,4,3,1,1,2,2,2,2,2,2,0,0,0,0,0,0,0,0,0,0,0,0,0,0,0,0,0,0,0,0,0,0,0,0,0,0,0,0,0,0,0,0,0,0,0,0,0,0,0,0,0,0,0,0,0,0,0,2,2,2,2,2,2,2,2,0,1,1,1,1,1,1,1,26274,4,4,2,0,0,0,2,0,2,1
11A208,15,41168,2,1,0,2,16,223,2,58,3,3,1,1,2,2,2,2,2,2,0,0,0,0,0,0,0,0,0,0,0,0,0,0,0,0,0,0,0,0,0,0,0,0,0,0,0,0,0,0,0,0,0,0,0,0,0,0,0,0,0,0,0,0,0,0,0,3,2,2,2,2,2,2,2,0,2,0,1,2,2,2,2,22160,4,4,2,0,0,0,2,0,2,1
13A208,15,41206,4,1,0,1,16,223,1,63,7,4,8,1,1,1,2,1,2,1,2,4,2,2,2,1,1,2,1,0,1,2,1,0,0,0,0,0,0,0,0,0,0,0,0,0,0,0,0,5,3,1,1,2,2,1,1,0,1,2,1,45,2,0,3,3,2,0,2,2,2,2,1,2,2,0,1,1,1,1,1,1,1,5826,1,2,1,1,0,1,1,7,0,2
13A208,15,41206,1,1,0,1,16,223,1,35,7,4,1,1,1,1,2,2,2,1,5,1,2,1,2,2,2,2,2,0,1,1,2,0,0,0,0,0,0,0,0,0,0,0,0,0,0,0,0,0,0,0,0,0,0,0,0,0,0,0,0,30,2,0,3,3,1,0,2,2,2,2,1,1,1,2,1,2,1,1,1,1,1,7231,1,2,1,3,0,0,1,5,2,2
13A208,15,41206,2,1,0,1,16,223,1,42,3,3,1,1,2,2,2,2,2,2,0,0,0,0,0,0,0,0,0,0,0,0,0,0,0,0,0,0,0,0,0,0,0,0,0,0,0,0,0,0,0,0,0,0,0,0,0,0,0,0,0,0,0,0,0,0,0,3,2,2,2,2,2,1,2,0,1,1,1,2,2,2,2,10848,4,4,2,0,0,0,2,0,2,1
13A208,15,41206,3,1,0,3,16,223,1,21,7,2,6,1,1,2,2,2,1,1,0,0,0,0,0,0,0,0,0,0,0,0,0,0,0,0,0,0,0,0,0,0,0,0,0,0,0,0,0,0,0,0,0,0,0,0,0,0,0,0,0,60,2,0,3,4,1,0,2,2,2,2,2,1,1,2,1,3,1,1,1,1,1,17479,1,3,1,0,0,0,2,0,1,2
13B215,15,41389,1,1,0,1,16,223,1,48,7,4,1,1,1,1,2,2,2,1,2,4,2,2,2,1,1,2,2,0,2,1,1,0,0,0,0,0,0,0,0,0,0,0,0,0,0,0,0,0,0,0,0,0,0,0,0,0,0,0,0,40,2,0,3,3,2,0,2,2,2,2,2,2,2,0,2,0,1,1,1,1,1,29244,1,2,1,2,0,0,1,2,2,2
13B215,15,41389,2,1,0,2,16,223,2,45,6,3,1,1,2,2,2,2,2,2,0,0,0,0,0,0,0,0,0,0,0,0,0,0,0,0,0,0,0,0,0,0,0,0,0,0,0,0,0,0,0,0,0,0,0,0,0,0,0,0,0,0,0,0,0,0,0,3,2,2,2,2,2,2,2,0,1,1,1,1,1,1,1,24104,4,4,2,0,0,0,2,0,2,1
13B215,15,41389,3,1,0,1,16,223,1,57,7,3,1,1,1,1,1,2,1,1,3,3,2,1,2,2,2,2,1,0,1,2,1,2,4,2,1,2,1,2,2,2,2,2,2,0,2,1,1,0,0,0,0,0,0,0,0,0,0,0,0,30,1,6,3,4,1,0,2,2,2,2,2,1,1,1,1,1,1,1,1,1,1,16022,1,2,1,1,2,0,1,5,2,2
13B215,15,41389,4,1,0,1,16,223,1,29,7,4,1,1,2,2,2,2,2,2,0,0,0,0,0,0,0,0,0,0,0,0,0,0,0,0,0,0,0,0,0,0,0,0,0,0,0,0,0,0,0,0,0,0,0,0,0,0,0,0,0,0,0,0,0,0,0,1,2,2,2,2,2,2,2,0,2,0,1,1,1,1,1,9625,4,4,2,0,0,0,2,0,2,2
11B201,15,41398,2,1,0,1,16,223,2,36,3,3,7,1,2,2,2,2,2,2,0,0,0,0,0,0,0,0,0,0,0,0,0,0,0,0,0,0,0,0,0,0,0,0,0,0,0,0,0,0,0,0,0,0,0,0,0,0,0,0,0,0,0,0,0,0,0,3,2,2,2,2,2,1,1,2,1,1,1,1,1,1,1,16564,4,4,2,0,0,0,2,0,0,1
11B201,15,41398,3,1,0,6,16,223,2,35,3,3,1,1,1,2,1,2,2,2,0,0,0,0,0,0,0,0,0,0,0,0,0,1,4,2,2,2,2,2,2,2,1,2,2,0,2,1,1,0,0,0,0,0,0,0,0,0,0,0,0,30,2,0,2,2,1,0,2,1,2,2,2,2,2,0,2,0,1,1,2,2,1,33129,1,3,1,0,2,0,1,1,2,1
11B201,15,41398,4,1,0,3,16,223,2,86,0,,1,2,0,0,0,0,0,0,0,0,0,0,0,0,0,0,0,0,0,0,0,0,0,0,0,0,0,0,0,0,0,0,0,0,0,0,0,0,0,0,0,0,0,0,0,0,0,0,0,0,0,0,0,0,0,0,0,0,0,0,0,0,0,0,0,0,0,0,0,0,0,19404,0,0,0,0,0,0,0,0,2,0
11B201,15,41398,1,1,0,2,16,223,1,43,2,5,1,1,2,2,2,2,2,2,0,0,0,0,0,0,0,0,0,0,0,0,0,0,0,0,0,0,0,0,0,0,0,0,0,0,0,0,0,0,0,0,0,0,0,0,0,0,0,0,0,0,0,0,0,0,0,1,2,2,2,2,2,2,2,0,2,0,1,2,2,2,2,31717,4,4,2,0,0,0,2,0,2,0
13A207,16,40011,3,1,0,1,15,223,1,55,4,3,1,1,2,2,2,2,2,2,0,0,0,0,0,0,0,0,0,0,0,0,0,0,0,0,0,0,0,0,0,0,0,0,0,0,0,0,0,0,0,0,0,0,0,0,0,0,0,0,0,0,0,0,0,0,0,3,2,2,2,2,2,2,2,0,2,0,1,2,1,2,2,10376,4,4,2,0,0,0,2,0,2,1
13A207,16,40011,4,1,1,2,15,223,1,31,4,3,1,1,1,2,2,2,2,1,0,0,0,0,0,0,0,0,0,0,0,0,0,0,0,0,0,0,0,0,0,0,0,0,0,0,0,0,0,0,0,0,0,0,0,0,0,0,0,0,0,30,2,0,4,2,1,0,1,1,2,1,2,1,1,1,1,5,1,2,1,2,2,24933,1,3,1,0,0,0,2,0,2,1
13A207,16,40011,1,1,0,1,15,223,1,44,7,5,1,1,1,1,2,2,2,2,2,1,2,1,2,2,2,2,1,0,1,2,1,0,0,0,0,0,0,0,0,0,0,0,0,0,0,0,0,0,0,0,0,0,0,0,0,0,0,0,0,90,1,5,2,2,1,0,1,2,2,1,2,1,2,0,1,1,1,2,2,2,2,12880,1,1,1,1,0,0,1,2,2,2
11A207,16,40039,1,1,0,2,15,223,2,49,2,6,7,1,1,1,2,2,2,1,1,3,2,2,1,2,2,2,3,60,2,1,1,0,0,0,0,0,0,0,0,0,0,0,0,0,0,0,0,0,0,0,0,0,0,0,0,0,0,0,0,30,2,0,3,3,2,0,2,2,2,2,2,2,2,0,2,0,1,1,2,1,2,21188,1,2,1,2,0,0,1,1,0,0
11A207,16,40039,3,1,0,1,15,223,1,60,2,6,1,1,1,2,2,2,2,2,0,0,0,0,0,0,0,0,0,0,0,0,0,0,0,0,0,0,0,0,0,0,0,0,0,0,0,0,0,0,0,0,0,0,0,0,0,0,0,0,0,0,0,0,0,0,0,2,2,2,2,2,2,2,2,0,2,0,1,1,1,1,2,28168,2,4,2,0,0,0,2,0,2,0
11A207,16,40039,2,1,0,2,15,223,2,69,2,4,7,1,2,2,2,2,2,2,0,0,0,0,0,0,0,0,0,0,0,0,0,0,0,0,0,0,0,0,0,0,0,0,0,0,0,0,0,0,0,0,0,0,0,0,0,0,0,0,0,0,0,0,0,0,0,5,2,2,2,2,2,2,2,0,1,1,1,3,1,2,2,16044,4,4,2,0,0,0,2,0,0,0
12B216,16,40073,1,1,0,1,15,223,1,38,4,3,1,1,1,1,1,2,2,1,1,4,2,2,1,2,2,2,2,0,2,1,1,2,4,2,2,2,2,2,2,1,2,2,3,120,2,1,1,0,0,0,0,0,0,0,0,0,0,0,0,20,2,0,1,1,1,0,2,2,2,2,2,1,1,1,1,5,1,2,1,2,2,8355,1,2,1,2,2,0,1,3,2,1
12B216,16,40073,2,1,0,1,15,223,2,68,0,,1,1,1,1,1,2,2,2,3,5,2,2,1,2,2,2,2,0,2,1,1,6,5,2,2,2,2,1,2,2,2,2,2,0,2,1,1,0,0,0,0,0,0,0,0,0,0,0,0,60,2,0,1,2,2,0,2,2,2,2,2,1,2,0,2,0,2,0,0,0,0,7668,1,2,1,2,2,0,1,9,2,0
12B216,16,40073,4,1,0,2,15,223,2,28,7,5,1,1,2,2,2,2,2,2,0,0,0,0,0,0,0,0,0,0,0,0,0,0,0,0,0,0,0,0,0,0,0,0,0,0,0,0,0,0,0,0,0,0,0,0,0,0,0,0,0,0,0,0,0,0,0,1,2,2,2,2,2,1,2,0,1,1,1,2,1,1,2,14210,4,4,2,0,0,0,2,0,2,2
12B216,16,40073,3,1,0,1,15,223,1,64,7,1,1,1,2,2,2,2,2,2,0,0,0,0,0,0,0,0,0,0,0,0,0,0,0,0,0,0,0,0,0,0,0,0,0,0,0,0,0,0,0,0,0,0,0,0,0,0,0,0,0,0,0,0,0,0,0,3,2,2,2,2,2,2,2,0,2,0,1,2,2,2,2,20192,4,4,2,0,0,0,2,0,2,2
12B213,16,40097,4,1,0,1,15,223,2,46,7,5,7,1,1,1,2,2,2,2,5,4,2,2,2,1,2,2,3,570,2,1,1,0,0,0,0,0,0,0,0,0,0,0,0,0,0,0,0,0,0,0,0,0,0,0,0,0,0,0,0,60,2,0,3,4,2,0,2,2,2,2,2,1,1,1,1,2,1,1,1,1,1,14257,1,1,1,2,0,0,1,5,0,2
12B213,16,40097,3,1,0,1,15,223,1,61,7,5,1,1,1,2,2,2,2,1,0,0,0,0,0,0,0,0,0,0,0,0,0,0,0,0,0,0,0,0,0,0,0,0,0,0,0,0,0,0,0,0,0,0,0,0,0,0,0,0,0,180,1,5,3,3,1,0,2,1,2,2,1,2,2,0,2,0,1,1,1,1,2,7107,1,3,1,0,0,0,2,0,2,2
12B213,16,40097,2,1,0,1,15,223,1,40,7,5,1,1,1,1,2,2,2,1,6,4,1,2,1,1,2,2,3,1200,2,1,1,0,0,0,0,0,0,0,0,0,0,0,0,0,0,0,0,0,0,0,0,0,0,0,0,0,0,0,0,120,2,0,4,4,1,0,1,2,2,1,2,1,1,1,1,4,1,2,1,1,1,17646,1,2,1,2,0,0,1,6,2,2
12B202,16,40110,3,1,0,1,15,223,1,62,6,3,8,1,1,1,2,2,2,1,1,3,1,2,2,2,2,2,2,0,2,1,1,0,0,0,0,0,0,0,0,0,0,0,0,0,0,0,0,0,0,0,0,0,0,0,0,0,0,0,0,30,2,0,3,3,1,0,2,2,2,2,2,1,1,2,2,0,1,1,1,1,1,14324,1,2,1,2,0,0,1,1,0,1
12B202,16,40110,2,1,0,2,15,223,2,55,3,3,7,1,1,2,2,2,2,1,0,0,0,0,0,0,0,0,0,0,0,0,0,0,0,0,0,0,0,0,0,0,0,0,0,0,0,0,0,0,0,0,0,0,0,0,0,0,0,0,0,60,2,0,2,3,2,0,2,2,2,2,1,2,2,0,2,0,1,2,1,1,1,12753,1,3,1,0,0,0,2,0,0,1
12B202,16,40110,1,1,0,1,15,223,2,56,2,3,7,1,1,1,2,2,2,2,4,2,2,1,2,2,2,2,2,0,2,1,1,0,0,0,0,0,0,0,0,0,0,0,0,0,0,0,0,0,0,0,0,0,0,0,0,0,0,0,0,30,2,0,3,3,2,0,2,2,2,2,2,2,2,0,2,0,1,2,2,2,2,12753,1,1,1,2,0,0,1,4,0,0
12B202,16,40110,4,1,0,2,15,223,2,86,2,3,7,1,2,2,2,2,2,2,0,0,0,0,0,0,0,0,0,0,0,0,0,0,0,0,0,0,0,0,0,0,0,0,0,0,0,0,0,0,0,0,0,0,0,0,0,0,0,0,0,0,0,0,0,0,0,5,2,2,2,2,2,1,2,0,2,0,1,2,3,2,2,16317,4,4,2,0,0,0,2,0,0,0
11B214,16,40164,2,1,0,1,15,223,2,58,4,3,1,1,1,1,2,2,2,1,6,2,2,1,2,2,2,2,2,0,2,1,1,0,0,0,0,0,0,0,0,0,0,0,0,0,0,0,0,0,0,0,0,0,0,0,0,0,0,0,0,60,1,5,4,3,1,0,1,2,2,1,1,2,2,0,1,1,1,1,1,1,2,19320,1,2,1,2,0,0,1,6,2,1
11B214,16,40164,4,1,0,1,15,223,1,65,4,3,1,1,2,2,2,2,2,2,0,0,0,0,0,0,0,0,0,0,0,0,0,0,0,0,0,0,0,0,0,0,0,0,0,0,0,0,0,0,0,0,0,0,0,0,0,0,0,0,0,0,0,0,0,0,0,1,2,2,2,2,2,2,2,0,2,0,1,2,2,2,2,41754,4,4,2,0,0,0,2,0,2,1
11B214,16,40164,1,1,0,1,15,223,2,32,7,5,1,1,1,2,2,2,2,1,0,0,0,0,0,0,0,0,0,0,0,0,0,0,0,0,0,0,0,0,0,0,0,0,0,0,0,0,0,0,0,0,0,0,0,0,0,0,0,0,0,10,2,0,2,2,1,0,2,2,2,2,1,1,2,0,1,2,1,2,1,1,1,7636,1,3,1,0,0,0,2,0,2,2
11B214,16,40164,3,1,0,2,15,223,2,58,3,3,1,1,2,2,2,2,2,2,0,0,0,0,0,0,0,0,0,0,0,0,0,0,0,0,0,0,0,0,0,0,0,0,0,0,0,0,0,0,0,0,0,0,0,0,0,0,0,0,0,0,0,0,0,0,0,3,2,2,2,2,2,1,1,2,2,0,1,3,2,2,2,19320,4,4,2,0,0,0,2,0,2,1
13B214,16,40198,3,1,0,4,15,223,2,22,7,3,6,1,1,1,2,2,2,1,4,3,2,1,2,1,2,2,3,1200,2,1,1,0,0,0,0,0,0,0,0,0,0,0,0,0,0,0,0,0,0,0,0,0,0,0,0,0,0,0,0,120,1,5,4,3,1,0,1,2,1,1,1,1,2,0,1,2,1,1,1,1,1,98351,1,2,1,2,0,0,1,4,1,2
13B214,16,40198,2,1,0,2,15,223,2,40,8,3,1,1,1,1,1,1,2,2,3,4,2,2,2,2,1,2,3,700,2,1,1,3,4,2,2,2,1,2,2,2,2,2,3,150,2,1,1,1,3,1,2,1,1,1,3,30,2,1,1,40,2,0,2,4,1,0,1,2,2,1,1,1,1,1,1,2,1,2,1,1,1,37173,1,2,1,2,2,2,1,7,2,2
12A208,16,40266,4,1,0,1,15,223,1,57,4,3,1,1,1,1,2,2,2,2,3,2,2,1,2,2,2,2,2,0,2,1,2,0,0,0,0,0,0,0,0,0,0,0,0,0,0,0,0,0,0,0,0,0,0,0,0,0,0,0,0,60,2,0,2,4,1,0,2,2,2,2,1,1,1,2,1,1,1,2,1,1,1,37835,1,1,1,2,0,0,1,3,2,1
12A208,16,40266,2,1,0,1,15,223,2,34,7,4,1,1,1,1,2,2,2,2,2,4,2,2,2,1,2,2,2,0,2,1,1,0,0,0,0,0,0,0,0,0,0,0,0,0,0,0,0,0,0,0,0,0,0,0,0,0,0,0,0,180,2,0,2,4,1,0,2,1,2,2,1,1,1,1,1,1,1,2,1,1,1,7988,1,1,1,2,0,0,1,2,2,2
12A208,16,40266,1,1,1,1,15,223,2,19,4,3,6,1,1,1,2,2,2,1,2,2,2,1,2,2,2,2,2,0,2,1,1,0,0,0,0,0,0,0,0,0,0,0,0,0,0,0,0,0,0,0,0,0,0,0,0,0,0,0,0,60,2,0,3,3,1,0,1,2,1,1,2,1,1,2,1,1,1,1,1,1,3,9734,1,2,1,2,0,0,1,2,1,1
11B215,16,40291,4,1,0,2,15,223,1,52,3,3,1,1,2,2,2,2,2,2,0,0,0,0,0,0,0,0,0,0,0,0,0,0,0,0,0,0,0,0,0,0,0,0,0,0,0,0,0,0,0,0,0,0,0,0,0,0,0,0,0,0,0,0,0,0,0,3,2,2,2,2,2,2,2,0,2,0,1,2,2,2,2,52081,4,4,2,0,0,0,2,0,2,1
11B215,16,40291,1,1,0,1,15,223,2,38,4,3,7,1,1,2,2,2,2,2,0,0,0,0,0,0,0,0,0,0,0,0,0,0,0,0,0,0,0,0,0,0,0,0,0,0,0,0,0,0,0,0,0,0,0,0,0,0,0,0,0,0,0,0,0,0,0,2,2,2,2,2,1,2,2,0,1,1,1,1,1,2,1,10406,2,4,2,0,0,0,2,0,0,1
12B215,16,40328,1,1,0,1,15,223,2,55,3,3,1,1,1,1,2,2,2,2,3,3,2,2,1,2,2,2,3,350,2,1,1,0,0,0,0,0,0,0,0,0,0,0,0,0,0,0,0,0,0,0,0,0,0,0,0,0,0,0,0,60,2,0,2,2,2,0,1,2,2,2,1,2,2,0,1,1,1,1,1,2,1,7293,1,1,1,2,0,0,1,3,2,1
12B215,16,40328,4,1,0,1,15,223,2,32,7,5,1,1,1,2,2,2,2,1,0,0,0,0,0,0,0,0,0,0,0,0,0,0,0,0,0,0,0,0,0,0,0,0,0,0,0,0,0,0,0,0,0,0,0,0,0,0,0,0,0,30,2,0,3,3,1,0,2,2,2,2,2,1,1,1,1,1,1,2,1,1,2,17294,1,3,1,0,0,0,2,0,2,2
12B215,16,40328,2,1,0,2,15,223,1,69,6,3,8,1,1,1,2,2,2,2,2,3,2,2,2,2,1,2,3,170,2,1,1,0,0,0,0,0,0,0,0,0,0,0,0,0,0,0,0,0,0,0,0,0,0,0,0,0,0,0,0,90,2,0,2,3,2,0,2,2,2,2,1,1,1,1,1,2,1,1,1,1,1,18913,1,1,1,2,0,0,1,2,0,1
12B201,16,40331,4,1,0,1,15,223,2,49,6,3,1,1,1,2,2,2,2,2,0,0,0,0,0,0,0,0,0,0,0,0,0,0,0,0,0,0,0,0,0,0,0,0,0,0,0,0,0,0,0,0,0,0,0,0,0,0,0,0,0,0,0,0,0,0,0,3,1,2,2,2,1,1,1,1,1,5,1,2,1,1,1,13268,2,4,2,0,0,0,2,0,2,1
12B201,16,40331,2,1,0,2,15,223,1,26,7,5,1,1,1,1,1,1,2,2,4,1,2,1,2,2,2,2,3,1000,2,1,2,1,4,2,1,2,2,2,2,2,2,2,2,0,2,1,1,2,1,1,1,1,1,1,2,0,2,1,2,30,2,0,3,3,1,0,1,2,1,1,2,1,1,2,1,5,1,2,1,1,1,23841,1,2,1,2,2,2,1,7,2,2
11B201,16,40336,2,1,0,1,15,223,2,48,4,3,1,1,2,2,2,2,2,2,0,0,0,0,0,0,0,0,0,0,0,0,0,0,0,0,0,0,0,0,0,0,0,0,0,0,0,0,0,0,0,0,0,0,0,0,0,0,0,0,0,0,0,0,0,0,0,1,2,2,2,2,2,1,2,0,1,1,1,2,1,1,1,17645,4,4,2,0,0,0,2,0,2,1
11B201,16,40336,3,1,0,9,15,223,2,19,3,3,1,1,2,2,2,2,2,2,0,0,0,0,0,0,0,0,0,0,0,0,0,0,0,0,0,0,0,0,0,0,0,0,0,0,0,0,0,0,0,0,0,0,0,0,0,0,0,0,0,0,0,0,0,0,0,3,2,1,2,2,2,2,2,0,2,0,1,2,2,1,1,45264,4,4,2,0,0,0,2,0,2,1
11B213,17,40001,3,1,0,2,29,223,2,56,2,6,2,1,2,2,2,2,2,2,0,0,0,0,0,0,0,0,0,0,0,0,0,0,0,0,0,0,0,0,0,0,0,0,0,0,0,0,0,0,0,0,0,0,0,0,0,0,0,0,0,0,0,0,0,0,0,3,2,2,2,2,2,1,1,1,2,0,1,2,2,2,2,40410,4,4,2,0,0,0,2,0,1,0
11B213,17,40001,2,1,0,4,29,223,1,29,3,3,1,1,2,2,2,1,2,2,0,0,0,0,0,0,0,0,0,0,0,0,0,0,0,0,0,0,0,0,0,0,0,0,0,0,0,0,0,1,3,1,1,1,1,1,3,10,2,1,2,15,2,0,3,4,2,0,2,2,2,2,2,2,2,0,1,1,1,1,1,2,2,68163,3,3,1,0,0,2,1,1,2,1
12A207,17,40011,3,1,0,2,29,223,2,62,7,3,1,1,1,1,2,2,2,2,2,4,2,2,2,2,1,2,2,0,2,1,1,0,0,0,0,0,0,0,0,0,0,0,0,0,0,0,0,0,0,0,0,0,0,0,0,0,0,0,0,60,2,0,3,4,1,0,2,2,2,2,2,1,2,0,1,1,1,2,2,2,2,9899,1,1,1,2,0,0,1,2,2,2
12A207,17,40011,1,1,0,1,29,223,1,33,7,5,1,1,1,1,2,2,2,2,1,3,2,2,2,2,1,2,2,0,2,1,1,0,0,0,0,0,0,0,0,0,0,0,0,0,0,0,0,0,0,0,0,0,0,0,0,0,0,0,0,20,2,0,4,3,2,0,2,2,2,2,2,1,1,2,1,1,1,1,1,2,2,4453,1,1,1,2,0,0,1,1,2,2
12A207,17,40011,4,1,0,1,29,223,1,54,3,3,1,1,1,1,2,2,2,2,1,4,2,2,2,2,1,2,2,0,2,1,1,0,0,0,0,0,0,0,0,0,0,0,0,0,0,0,0,0,0,0,0,0,0,0,0,0,0,0,0,30,2,0,3,3,2,0,2,2,2,2,2,2,2,0,2,0,1,2,1,1,2,4510,1,1,1,2,0,0,1,1,2,1
11B202,17,40014,3,1,1,2,29,223,2,24,4,1,7,1,1,2,1,2,2,2,0,0,0,0,0,0,0,0,0,0,0,0,0,1,4,2,2,2,2,2,2,2,1,2,2,0,2,1,5,0,0,0,0,0,0,0,0,0,0,0,0,10,1,3,4,4,2,0,1,2,2,2,2,2,2,0,1,1,1,2,2,1,1,27487,1,3,1,0,2,0,1,1,0,1
11B202,17,40014,2,1,0,3,29,223,1,22,7,2,6,1,1,1,1,1,1,1,1,2,2,1,2,2,2,2,2,0,1,2,1,3,3,1,2,2,2,2,2,1,1,2,2,0,1,1,1,1,3,1,1,1,2,2,3,5,2,1,1,60,1,5,4,3,1,0,1,2,2,2,1,1,1,2,1,5,1,1,1,2,2,48080,1,2,1,1,3,2,1,5,1,2
11B202,17,40018,4,1,0,2,29,223,2,40,4,1,7,1,1,1,2,2,2,1,1,4,2,2,2,1,2,2,1,0,1,2,1,0,0,0,0,0,0,0,0,0,0,0,0,0,0,0,0,0,0,0,0,0,0,0,0,0,0,0,0,30,2,0,1,3,2,0,2,2,2,2,2,1,1,2,1,1,1,3,1,2,2,14599,1,2,1,1,0,0,1,1,0,1
11B202,17,40018,1,1,0,5,29,223,1,27,7,3,4,1,1,2,2,2,2,1,0,0,0,0,0,0,0,0,0,0,0,0,0,0,0,0,0,0,0,0,0,0,0,0,0,0,0,0,0,0,0,0,0,0,0,0,0,0,0,0,0,5,2,0,3,3,1,0,2,2,2,2,2,2,1,2,1,2,1,2,1,2,2,45092,1,3,1,0,0,0,2,0,1,2
11B202,17,40018,2,1,0,1,29,223,2,73,7,3,8,1,1,1,1,1,2,2,5,3,2,2,1,2,2,2,3,200,2,1,1,1,4,2,2,2,2,2,2,2,1,2,2,0,2,1,1,1,3,2,2,2,2,1,3,7,2,1,1,30,2,0,4,4,2,0,2,2,2,2,2,2,2,0,2,0,1,2,1,2,2,8551,1,2,1,2,2,2,1,7,0,2
13B213,17,40067,4,1,0,4,29,223,2,20,7,1,6,1,1,1,2,1,2,1,10,2,2,1,2,2,2,2,3,580,1,2,1,0,0,0,0,0,0,0,0,0,0,0,0,0,0,0,0,5,3,1,2,1,1,1,1,0,1,2,1,120,1,5,2,3,1,0,1,2,2,2,1,1,1,2,1,2,1,1,1,1,1,37615,1,2,1,1,0,1,1,15,1,2
11B216,17,40076,2,1,0,2,29,223,2,45,3,3,2,1,2,1,2,2,2,2,1,5,2,2,1,2,2,2,3,300,2,1,5,0,0,0,0,0,0,0,0,0,0,0,0,0,0,0,0,0,0,0,0,0,0,0,0,0,0,0,0,5,2,0,2,2,2,0,2,2,2,2,2,2,2,0,2,0,1,2,1,2,2,19908,3,1,1,2,0,0,1,1,1,1
11B216,17,40076,4,1,0,1,29,223,1,37,3,3,1,1,1,2,2,2,2,1,0,0,0,0,0,0,0,0,0,0,0,0,0,0,0,0,0,0,0,0,0,0,0,0,0,0,0,0,0,0,0,0,0,0,0,0,0,0,0,0,0,10,2,0,2,4,2,0,2,2,2,2,2,2,1,2,2,0,1,2,1,2,2,24640,1,3,1,0,0,0,2,0,2,1
11B216,17,40076,3,1,0,3,29,223,1,21,3,3,1,1,1,1,2,2,2,2,6,4,2,2,2,1,2,2,3,700,2,1,1,0,0,0,0,0,0,0,0,0,0,0,0,0,0,0,0,0,0,0,0,0,0,0,0,0,0,0,0,30,1,5,4,3,1,0,2,1,1,2,1,1,1,2,1,1,1,1,1,1,1,44665,1,1,1,2,0,0,1,6,2,1
11B216,17,40139,3,1,0,2,29,223,2,32,3,3,1,1,1,1,2,2,2,1,1,4,2,2,2,1,2,2,2,0,2,1,1,0,0,0,0,0,0,0,0,0,0,0,0,0,0,0,0,0,0,0,0,0,0,0,0,0,0,0,0,30,2,0,1,4,2,0,2,2,2,2,1,2,2,0,2,0,1,2,1,2,2,18820,1,2,1,2,0,0,1,1,2,1
11B216,17,40139,4,1,0,1,29,223,1,35,3,3,1,1,1,1,2,2,1,1,3,4,2,2,2,1,2,2,2,0,2,1,1,0,0,0,0,0,0,0,0,0,0,0,0,0,0,0,0,0,0,0,0,0,0,0,0,0,0,0,0,30,2,0,1,2,1,0,2,1,2,2,2,1,1,2,1,1,1,1,1,1,1,22131,1,2,1,2,0,0,1,3,2,1
11B216,17,40139,2,1,0,1,29,223,1,27,7,4,1,1,1,1,1,2,1,1,3,4,2,2,2,1,2,2,2,0,2,1,1,1,4,1,2,2,2,2,2,2,2,2,3,30,2,1,1,0,0,0,0,0,0,0,0,0,0,0,0,30,2,0,2,3,2,0,2,1,2,2,2,1,1,2,1,1,1,1,1,2,2,10709,1,2,1,2,2,0,1,4,2,2
11B216,17,40139,1,1,0,1,29,223,1,67,0,,1,2,0,0,0,0,0,0,0,0,0,0,0,0,0,0,0,0,0,0,0,0,0,0,0,0,0,0,0,0,0,0,0,0,0,0,0,0,0,0,0,0,0,0,0,0,0,0,0,0,0,0,0,0,0,0,0,0,0,0,0,0,0,0,0,0,0,0,0,0,0,20582,0,0,0,0,0,0,0,0,2,0
12B214,17,40166,3,1,0,2,29,223,1,25,7,5,1,1,1,2,1,1,2,2,0,0,0,0,0,0,0,0,0,0,0,0,0,1,4,2,2,2,2,2,1,2,2,2,2,0,2,1,2,1,3,1,1,1,1,1,2,0,2,1,2,60,2,0,2,3,2,0,2,2,2,2,1,1,2,0,1,2,1,1,1,2,2,19101,1,3,1,0,2,2,1,2,2,2
12B214,17,40166,2,1,0,1,29,223,1,63,7,5,1,1,1,1,2,2,2,2,2,4,2,2,2,1,2,2,2,0,2,1,1,0,0,0,0,0,0,0,0,0,0,0,0,0,0,0,0,0,0,0,0,0,0,0,0,0,0,0,0,45,2,0,3,3,1,0,2,2,2,2,2,1,1,2,1,1,1,1,1,1,1,7949,1,1,1,2,0,0,1,2,2,2
12B214,17,40166,1,1,0,1,29,223,2,51,6,3,1,1,2,2,2,2,2,2,0,0,0,0,0,0,0,0,0,0,0,0,0,0,0,0,0,0,0,0,0,0,0,0,0,0,0,0,0,0,0,0,0,0,0,0,0,0,0,0,0,0,0,0,0,0,0,3,2,2,2,2,2,1,2,0,1,1,1,1,1,1,2,15945,4,4,2,0,0,0,2,0,2,1
12B214,17,40166,4,1,0,2,29,223,1,63,2,2,1,1,2,1,1,2,2,2,1,5,2,2,1,2,2,2,2,0,2,1,1,1,5,2,2,2,2,1,2,2,2,2,2,0,2,1,1,0,0,0,0,0,0,0,0,0,0,0,0,15,2,0,1,1,2,0,2,2,2,2,2,1,1,1,2,0,1,2,2,1,2,31797,3,2,1,2,2,0,1,2,2,0
12A208,17,40173,1,1,0,1,29,223,1,30,8,2,1,1,1,2,1,2,2,1,0,0,0,0,0,0,0,0,0,0,0,0,0,2,3,2,2,2,2,2,2,1,2,2,3,600,2,1,1,0,0,0,0,0,0,0,0,0,0,0,0,30,1,7,4,3,1,0,2,2,2,2,1,1,1,2,1,5,1,2,1,1,1,7983,1,3,1,0,2,0,1,2,2,2
12A208,17,40173,2,1,0,2,29,223,2,52,3,3,1,1,1,2,2,2,2,1,0,0,0,0,0,0,0,0,0,0,0,0,0,0,0,0,0,0,0,0,0,0,0,0,0,0,0,0,0,0,0,0,0,0,0,0,0,0,0,0,0,10,2,0,2,3,2,0,2,1,2,2,2,1,1,1,1,3,1,2,1,1,2,26656,1,3,1,0,0,0,2,0,2,1
12A208,17,40173,4,1,0,1,29,223,2,71,6,3,7,1,1,2,1,2,2,2,0,0,0,0,0,0,0,0,0,0,0,0,0,2,4,2,2,2,1,2,2,2,1,2,2,0,2,1,1,0,0,0,0,0,0,0,0,0,0,0,0,10,2,0,2,4,2,0,2,2,2,2,2,2,2,0,2,0,1,1,2,2,2,7569,1,3,1,0,2,0,1,2,0,1
12A208,17,40173,3,1,0,3,29,223,2,31,4,3,1,1,1,1,2,2,2,1,2,4,2,2,1,2,2,2,3,250,2,1,1,0,0,0,0,0,0,0,0,0,0,0,0,0,0,0,0,0,0,0,0,0,0,0,0,0,0,0,0,20,2,0,2,3,1,0,1,2,2,2,1,1,1,1,1,2,1,1,1,1,1,21042,1,2,1,2,0,0,1,2,2,1
11A208,17,40237,1,1,1,1,29,223,1,41,0,,1,1,2,2,2,2,2,2,0,0,0,0,0,0,0,0,0,0,0,0,0,0,0,0,0,0,0,0,0,0,0,0,0,0,0,0,0,0,0,0,0,0,0,0,0,0,0,0,0,0,0,0,0,0,0,3,2,2,2,2,2,2,2,0,2,0,1,2,2,2,2,17766,4,4,2,0,0,0,2,0,2,0
11A208,17,40237,2,1,0,3,29,223,1,32,8,2,1,1,1,1,2,2,2,2,1,4,2,2,2,2,1,2,3,250,1,2,1,0,0,0,0,0,0,0,0,0,0,0,0,0,0,0,0,0,0,0,0,0,0,0,0,0,0,0,0,30,2,0,3,3,2,0,2,2,2,2,1,1,1,2,1,2,1,1,1,1,1,42989,1,1,1,1,0,0,1,1,2,2
11A208,17,40237,4,1,0,1,29,223,2,66,0,,1,1,2,2,2,2,2,2,0,0,0,0,0,0,0,0,0,0,0,0,0,0,0,0,0,0,0,0,0,0,0,0,0,0,0,0,0,0,0,0,0,0,0,0,0,0,0,0,0,0,0,0,0,0,0,2,2,2,2,2,2,2,2,0,2,0,1,2,2,2,2,40761,4,4,2,0,0,0,2,0,2,0
12B201,17,40299,2,1,0,1,29,223,2,66,7,4,1,1,1,1,2,2,2,1,3,3,2,2,2,2,1,2,2,0,2,1,1,0,0,0,0,0,0,0,0,0,0,0,0,0,0,0,0,0,0,0,0,0,0,0,0,0,0,0,0,30,2,0,4,3,1,0,2,2,2,2,2,1,1,1,1,1,1,2,1,1,1,28475,1,2,1,2,0,0,1,3,2,2
11B215,17,40362,3,1,0,1,29,223,1,59,2,6,1,1,2,2,2,2,2,2,0,0,0,0,0,0,0,0,0,0,0,0,0,0,0,0,0,0,0,0,0,0,0,0,0,0,0,0,0,0,0,0,0,0,0,0,0,0,0,0,0,0,0,0,0,0,0,2,2,2,2,2,2,2,2,0,2,0,1,1,2,2,2,12854,4,4,2,0,0,0,2,0,2,0
11B215,17,40362,1,1,0,1,29,223,1,38,7,4,1,1,1,1,1,1,2,2,3,4,2,1,2,2,2,2,1,0,1,2,1,1,4,1,2,2,2,2,2,2,2,2,3,80,2,1,1,7,3,2,1,1,1,1,1,0,1,2,1,60,2,0,2,3,2,0,1,2,2,2,1,1,2,0,1,5,1,1,1,1,1,31915,1,2,1,1,2,1,1,11,2,2
11B215,17,40391,3,1,0,4,29,223,2,40,3,3,7,1,1,1,2,2,2,1,3,3,2,1,2,2,2,2,2,0,2,1,1,0,0,0,0,0,0,0,0,0,0,0,0,0,0,0,0,0,0,0,0,0,0,0,0,0,0,0,0,30,2,0,2,3,1,0,2,1,2,2,1,1,1,2,1,1,1,1,1,1,1,17519,1,2,1,2,0,0,1,3,0,1
11B215,17,40391,4,1,0,1,29,223,2,60,4,3,1,1,2,2,2,2,2,2,0,0,0,0,0,0,0,0,0,0,0,0,0,0,0,0,0,0,0,0,0,0,0,0,0,0,0,0,0,0,0,0,0,0,0,0,0,0,0,0,0,0,0,0,0,0,0,3,2,2,2,2,2,2,2,0,2,0,1,2,2,2,2,16039,4,4,2,0,0,0,2,0,2,1
11B215,17,40391,2,1,0,1,29,223,1,38,2,3,1,1,2,2,2,2,2,2,0,0,0,0,0,0,0,0,0,0,0,0,0,0,0,0,0,0,0,0,0,0,0,0,0,0,0,0,0,0,0,0,0,0,0,0,0,0,0,0,0,0,0,0,0,0,0,3,2,2,2,2,2,2,2,0,2,0,1,2,2,2,2,14909,4,4,2,0,0,0,2,0,2,0
11B201,17,40401,2,1,0,1,29,223,2,64,5,2,7,1,2,1,2,2,2,2,2,4,2,2,2,1,2,2,2,0,2,1,1,0,0,0,0,0,0,0,0,0,0,0,0,0,0,0,0,0,0,0,0,0,0,0,0,0,0,0,0,60,2,0,2,2,1,0,2,2,2,2,2,2,2,0,2,0,1,2,2,2,2,16440,3,1,1,2,0,0,1,2,0,1
11B201,17,40401,3,1,0,1,29,223,1,48,3,3,1,1,2,2,2,2,2,2,0,0,0,0,0,0,0,0,0,0,0,0,0,0,0,0,0,0,0,0,0,0,0,0,0,0,0,0,0,0,0,0,0,0,0,0,0,0,0,0,0,0,0,0,0,0,0,3,2,2,2,2,2,2,2,0,2,0,1,1,1,1,1,22469,4,4,2,0,0,0,2,0,2,1
11B201,17,40401,4,1,0,2,29,223,2,63,3,3,7,1,2,2,2,2,2,2,0,0,0,0,0,0,0,0,0,0,0,0,0,0,0,0,0,0,0,0,0,0,0,0,0,0,0,0,0,0,0,0,0,0,0,0,0,0,0,0,0,0,0,0,0,0,0,5,2,2,2,2,2,2,2,0,2,0,1,2,2,2,2,5480,4,4,2,0,0,0,2,0,0,1
13A207,18,40044,1,1,0,2,27,223,2,30,7,5,1,1,1,1,2,2,2,2,2,4,2,2,2,1,2,2,2,0,2,1,1,0,0,0,0,0,0,0,0,0,0,0,0,0,0,0,0,0,0,0,0,0,0,0,0,0,0,0,0,25,2,0,2,4,2,0,1,2,2,1,1,1,1,1,1,2,1,2,1,1,1,17308,1,1,1,2,0,0,1,2,2,2
13A207,18,40044,3,1,0,1,27,223,1,50,7,4,1,1,1,2,1,2,2,2,0,0,0,0,0,0,0,0,0,0,0,0,0,3,3,2,2,2,2,2,2,1,2,2,2,0,2,1,2,0,0,0,0,0,0,0,0,0,0,0,0,20,2,0,4,4,1,0,1,2,2,2,1,2,2,0,1,5,1,2,1,1,1,29926,1,3,1,0,2,0,1,3,2,2
13A207,18,40044,2,1,0,2,27,223,1,41,7,5,1,1,1,2,1,2,2,2,0,0,0,0,0,0,0,0,0,0,0,0,0,4,4,2,1,2,2,2,2,2,2,2,1,0,1,2,1,0,0,0,0,0,0,0,0,0,0,0,0,60,2,0,4,4,1,0,1,2,2,1,1,1,2,0,1,4,1,1,1,1,1,30529,1,3,1,0,1,0,1,4,2,2
11B213,18,40067,4,1,0,1,27,223,1,36,3,3,1,1,1,1,1,2,2,1,1,3,2,2,2,2,1,2,1,0,2,1,1,3,3,2,2,2,1,2,2,2,2,2,2,0,2,1,1,0,0,0,0,0,0,0,0,0,0,0,0,30,2,0,2,4,2,0,2,2,2,2,1,1,1,1,1,1,1,2,1,1,1,22429,1,2,1,2,2,0,1,4,2,1
11B213,18,40067,1,1,0,1,27,223,2,24,7,5,1,1,2,2,1,2,2,2,0,0,0,0,0,0,0,0,0,0,0,0,0,1,3,2,2,2,1,2,2,2,2,2,1,0,1,2,1,0,0,0,0,0,0,0,0,0,0,0,0,10,2,0,3,4,1,0,1,1,2,2,2,2,2,0,1,1,1,1,1,1,2,23243,3,3,1,0,1,0,1,1,2,2
11B213,18,40067,3,1,0,1,27,223,2,73,2,4,7,1,2,2,2,2,2,2,0,0,0,0,0,0,0,0,0,0,0,0,0,0,0,0,0,0,0,0,0,0,0,0,0,0,0,0,0,0,0,0,0,0,0,0,0,0,0,0,0,0,0,0,0,0,0,5,2,2,2,2,2,2,2,0,2,0,2,0,0,0,0,20583,4,4,2,0,0,0,2,0,0,0
11B213,18,40067,2,1,0,2,27,223,2,37,3,3,1,1,1,1,2,2,2,2,2,4,2,2,2,2,1,2,2,0,2,1,1,0,0,0,0,0,0,0,0,0,0,0,0,0,0,0,0,0,0,0,0,0,0,0,0,0,0,0,0,60,1,6,2,4,1,0,2,2,1,1,1,1,1,1,1,1,1,1,1,1,1,17570,1,1,1,2,0,0,1,2,2,1
11A208,18,40109,4,1,0,3,27,223,2,29,4,3,1,1,2,2,1,2,2,2,0,0,0,0,0,0,0,0,0,0,0,0,0,2,4,2,2,2,2,2,2,2,1,2,1,0,1,2,1,0,0,0,0,0,0,0,0,0,0,0,0,15,2,0,2,3,1,0,2,2,2,2,2,2,2,0,1,1,1,2,1,1,1,33440,3,3,1,0,1,0,1,2,2,1
11A208,18,40109,3,1,1,2,27,223,1,23,4,3,1,1,1,1,1,2,2,1,2,4,2,2,1,2,2,2,1,0,1,2,1,2,4,2,2,2,2,1,2,2,2,2,1,0,1,2,1,0,0,0,0,0,0,0,0,0,0,0,0,60,2,0,3,4,1,0,2,2,2,2,2,1,1,2,1,2,1,1,1,2,2,23761,1,2,1,1,1,0,1,4,2,1
11A208,18,40109,2,1,1,1,27,223,1,32,3,1,1,1,1,1,2,2,2,2,1,4,2,2,2,1,2,2,2,0,2,1,1,0,0,0,0,0,0,0,0,0,0,0,0,0,0,0,0,0,0,0,0,0,0,0,0,0,0,0,0,20,2,0,2,2,2,0,2,2,2,1,2,2,2,0,2,0,1,1,1,1,1,19030,1,1,1,2,0,0,1,1,2,1
11A208,18,40109,1,1,0,1,27,223,1,49,3,2,1,1,2,2,2,2,2,2,0,0,0,0,0,0,0,0,0,0,0,0,0,0,0,0,0,0,0,0,0,0,0,0,0,0,0,0,0,0,0,0,0,0,0,0,0,0,0,0,0,0,0,0,0,0,0,3,2,2,2,2,2,2,2,0,2,0,1,2,1,2,2,9636,4,4,2,0,0,0,2,0,2,1
12B213,18,40135,4,1,0,1,27,223,2,68,3,3,1,1,1,1,2,2,2,2,1,5,2,2,1,2,2,2,3,300,2,1,1,0,0,0,0,0,0,0,0,0,0,0,0,0,0,0,0,0,0,0,0,0,0,0,0,0,0,0,0,40,2,0,1,2,2,0,2,2,2,2,2,2,2,0,2,0,1,2,1,1,2,9389,1,1,1,2,0,0,1,1,2,1
12B213,18,40135,2,1,0,1,27,223,1,35,8,2,1,1,1,1,1,2,1,1,2,2,2,1,2,2,2,2,3,1200,1,2,1,10,1,2,2,2,2,2,1,2,2,2,2,0,2,1,1,0,0,0,0,0,0,0,0,0,0,0,0,30,1,5,2,3,1,0,1,2,2,1,2,2,2,0,1,1,1,2,3,2,2,10231,1,2,1,1,2,0,1,12,2,2
12B213,18,40135,3,1,0,1,27,223,2,70,8,4,8,1,1,1,2,2,2,2,1,4,2,2,1,2,2,2,3,500,2,1,1,0,0,0,0,0,0,0,0,0,0,0,0,0,0,0,0,0,0,0,0,0,0,0,0,0,0,0,0,30,2,0,3,3,2,0,2,2,2,2,2,2,2,0,1,2,1,2,2,2,2,9389,1,1,1,2,0,0,1,1,0,2
12B216,18,40137,1,1,0,1,27,223,1,65,2,6,8,1,2,2,2,2,2,2,0,0,0,0,0,0,0,0,0,0,0,0,0,0,0,0,0,0,0,0,0,0,0,0,0,0,0,0,0,0,0,0,0,0,0,0,0,0,0,0,0,0,0,0,0,0,0,5,2,2,2,2,2,2,2,0,1,1,1,2,1,2,2,22858,4,4,2,0,0,0,2,0,0,0
12B216,18,40137,2,1,0,1,27,223,2,69,2,5,7,1,2,2,2,2,2,2,0,0,0,0,0,0,0,0,0,0,0,0,0,0,0,0,0,0,0,0,0,0,0,0,0,0,0,0,0,0,0,0,0,0,0,0,0,0,0,0,0,0,0,0,0,0,0,5,2,2,2,2,2,2,2,0,2,0,1,2,2,2,2,7518,4,4,2,0,0,0,2,0,0,0
12B216,18,40137,3,1,0,1,27,223,1,67,7,5,1,1,1,1,2,2,2,1,1,4,2,2,2,2,1,2,3,300,2,1,1,0,0,0,0,0,0,0,0,0,0,0,0,0,0,0,0,0,0,0,0,0,0,0,0,0,0,0,0,60,2,0,2,3,1,0,2,2,2,2,1,2,1,2,1,1,1,1,1,1,1,22858,1,2,1,2,0,0,1,1,2,2
12B216,18,40137,4,1,0,1,27,223,2,45,3,3,1,1,1,2,2,2,2,2,0,0,0,0,0,0,0,0,0,0,0,0,0,0,0,0,0,0,0,0,0,0,0,0,0,0,0,0,0,0,0,0,0,0,0,0,0,0,0,0,0,0,0,0,0,0,0,5,2,2,2,2,2,1,1,2,1,1,1,1,1,1,1,6619,2,4,2,0,0,0,2,0,2,1
11A207,18,40138,4,1,0,1,27,223,1,35,2,6,1,1,2,2,2,2,2,2,0,0,0,0,0,0,0,0,0,0,0,0,0,0,0,0,0,0,0,0,0,0,0,0,0,0,0,0,0,0,0,0,0,0,0,0,0,0,0,0,0,0,0,0,0,0,0,1,2,2,2,2,2,2,2,0,2,0,1,2,2,2,2,23580,4,4,2,0,0,0,2,0,2,0
11A207,18,40138,2,1,0,2,27,223,2,57,2,4,7,2,0,0,0,0,0,0,0,0,0,0,0,0,0,0,0,0,0,0,0,0,0,0,0,0,0,0,0,0,0,0,0,0,0,0,0,0,0,0,0,0,0,0,0,0,0,0,0,0,0,0,0,0,0,0,0,0,0,0,0,0,0,0,0,0,0,0,0,0,0,16913,0,0,0,0,0,0,0,0,0,0
11A207,18,40138,3,1,0,2,27,223,2,40,3,3,1,1,2,2,2,2,2,2,0,0,0,0,0,0,0,0,0,0,0,0,0,0,0,0,0,0,0,0,0,0,0,0,0,0,0,0,0,0,0,0,0,0,0,0,0,0,0,0,0,0,0,0,0,0,0,3,2,2,2,2,1,1,1,2,2,0,1,1,1,1,1,18472,4,4,2,0,0,0,2,0,2,1
11A207,18,40138,1,1,0,1,27,223,2,59,4,1,1,1,2,2,2,2,2,2,0,0,0,0,0,0,0,0,0,0,0,0,0,0,0,0,0,0,0,0,0,0,0,0,0,0,0,0,0,0,0,0,0,0,0,0,0,0,0,0,0,0,0,0,0,0,0,3,2,2,2,2,1,2,1,2,2,0,1,1,1,2,1,8456,4,4,2,0,0,0,2,0,2,1
12B202,18,40145,2,1,0,1,27,223,1,51,4,3,1,1,2,2,2,2,2,2,0,0,0,0,0,0,0,0,0,0,0,0,0,0,0,0,0,0,0,0,0,0,0,0,0,0,0,0,0,0,0,0,0,0,0,0,0,0,0,0,0,0,0,0,0,0,0,1,2,2,2,2,2,2,2,0,2,0,1,2,2,2,2,40504,4,4,2,0,0,0,2,0,2,1
12B202,18,40145,1,1,0,2,27,223,2,38,3,3,1,1,2,2,2,2,2,2,0,0,0,0,0,0,0,0,0,0,0,0,0,0,0,0,0,0,0,0,0,0,0,0,0,0,0,0,0,0,0,0,0,0,0,0,0,0,0,0,0,0,0,0,0,0,0,3,2,2,2,2,2,2,2,0,2,0,1,2,2,2,2,16185,4,4,2,0,0,0,2,0,2,1
12B202,18,40145,4,1,1,2,27,223,1,26,4,3,1,1,1,1,2,2,2,1,3,4,2,1,2,2,2,2,3,1500,2,1,1,0,0,0,0,0,0,0,0,0,0,0,0,0,0,0,0,0,0,0,0,0,0,0,0,0,0,0,0,30,1,7,2,3,2,0,1,2,2,2,1,1,2,0,1,1,1,1,1,1,1,19997,1,2,1,2,0,0,1,3,2,1
12B202,18,40145,3,1,0,1,27,223,1,29,7,5,1,1,1,1,2,2,2,2,4,1,2,1,2,2,2,2,3,5000,2,1,1,0,0,0,0,0,0,0,0,0,0,0,0,0,0,0,0,0,0,0,0,0,0,0,0,0,0,0,0,60,1,5,3,4,1,0,2,2,2,2,2,2,2,0,1,1,1,2,1,1,1,9998,1,1,1,2,0,0,1,4,2,2
13B214,18,40166,1,1,0,1,27,223,1,49,8,2,1,1,1,1,1,1,2,2,4,4,2,1,2,2,2,2,3,800,2,1,1,3,3,2,2,1,2,2,1,2,2,2,1,0,1,2,1,7,3,1,1,2,2,1,1,0,1,2,1,30,1,6,2,3,1,0,1,2,1,1,1,1,2,0,1,1,1,1,1,1,1,10307,1,2,1,2,1,1,1,14,2,2
13B214,18,40166,2,1,0,1,27,223,1,38,7,5,1,1,1,1,1,2,2,2,3,3,2,2,2,1,2,2,3,1700,2,1,1,2,3,2,2,2,1,2,2,2,2,2,2,0,2,1,1,0,0,0,0,0,0,0,0,0,0,0,0,40,2,0,4,4,1,0,1,2,2,1,1,1,1,2,1,1,1,1,1,1,1,10515,1,2,1,2,2,0,1,5,2,2
13B214,18,40166,4,1,1,2,27,223,2,62,7,5,1,1,1,2,2,2,2,2,0,0,0,0,0,0,0,0,0,0,0,0,0,0,0,0,0,0,0,0,0,0,0,0,0,0,0,0,0,0,0,0,0,0,0,0,0,0,0,0,0,0,0,0,0,0,0,3,2,2,2,2,2,1,2,0,2,0,1,1,2,1,2,15084,2,4,2,0,0,0,2,0,2,2
11B214,18,40230,3,1,0,1,27,223,2,49,4,3,7,1,1,2,1,2,2,2,0,0,0,0,0,0,0,0,0,0,0,0,0,3,3,2,2,1,1,2,2,2,2,2,3,400,2,1,1,0,0,0,0,0,0,0,0,0,0,0,0,30,2,0,2,4,1,0,1,1,2,2,2,2,2,0,2,0,1,2,1,1,1,7106,1,3,1,0,2,0,1,3,0,1
11B214,18,40230,4,1,0,1,27,223,1,66,7,5,8,1,1,2,1,2,2,2,0,0,0,0,0,0,0,0,0,0,0,0,0,2,5,2,2,2,2,1,2,2,2,2,2,0,2,1,1,0,0,0,0,0,0,0,0,0,0,0,0,10,2,0,2,4,1,0,2,1,1,1,2,2,2,0,1,1,1,2,1,2,2,8180,1,3,1,0,2,0,1,2,0,2
11B214,18,40230,2,1,0,2,27,223,2,48,7,5,1,1,1,2,2,2,2,2,0,0,0,0,0,0,0,0,0,0,0,0,0,0,0,0,0,0,0,0,0,0,0,0,0,0,0,0,0,0,0,0,0,0,0,0,0,0,0,0,0,0,0,0,0,0,0,3,2,2,2,2,2,2,2,0,3,0,1,2,1,2,2,14212,2,4,2,0,0,0,2,0,2,2
11B214,18,40230,1,1,0,2,27,223,2,34,3,3,1,1,1,2,1,2,2,2,0,0,0,0,0,0,0,0,0,0,0,0,0,3,4,2,2,1,1,2,2,1,2,2,2,0,2,1,1,0,0,0,0,0,0,0,0,0,0,0,0,30,2,0,3,3,1,0,1,2,2,2,1,1,2,0,1,2,1,2,2,1,1,14959,1,3,1,0,2,0,1,3,2,1
11A208,18,40239,1,1,0,2,27,223,2,37,3,3,1,1,1,1,1,2,2,2,1,2,2,1,2,2,2,2,3,2000,2,1,1,2,2,2,2,2,1,2,2,2,2,2,3,200,2,1,1,0,0,0,0,0,0,0,0,0,0,0,0,60,2,0,2,2,1,0,2,2,2,1,2,1,2,0,1,1,1,1,1,1,1,18933,1,2,1,2,2,0,1,3,2,1
11A208,18,40239,3,1,0,1,27,223,2,59,3,3,8,1,1,1,1,2,2,1,4,3,2,2,1,2,2,2,2,0,2,1,1,3,3,2,2,2,1,2,2,2,2,2,2,0,2,1,1,0,0,0,0,0,0,0,0,0,0,0,0,120,2,0,3,3,1,0,2,2,2,2,1,1,1,1,1,5,1,1,1,1,1,5778,1,2,1,2,2,0,1,7,0,1
11A208,18,40239,2,1,0,2,27,223,2,60,2,6,7,1,1,1,2,2,2,1,1,3,2,2,1,2,2,2,3,200,2,1,1,0,0,0,0,0,0,0,0,0,0,0,0,0,0,0,0,0,0,0,0,0,0,0,0,0,0,0,0,60,2,0,3,4,1,0,2,2,2,1,2,1,1,1,2,0,1,2,1,1,2,17335,1,2,1,2,0,0,1,1,0,0
12B201,18,40299,4,1,0,1,27,223,2,36,7,5,1,1,1,1,1,2,2,1,12,4,2,2,2,1,2,2,3,3000,2,1,1,6,1,2,2,2,2,2,1,2,2,2,1,0,1,2,1,0,0,0,0,0,0,0,0,0,0,0,0,120,2,0,4,4,2,0,1,2,1,1,2,2,2,0,1,5,1,1,1,1,1,5883,1,2,1,2,1,0,1,18,2,2
12B201,18,40299,1,1,0,1,27,223,2,67,2,6,7,1,1,2,2,2,2,2,0,0,0,0,0,0,0,0,0,0,0,0,0,0,0,0,0,0,0,0,0,0,0,0,0,0,0,0,0,0,0,0,0,0,0,0,0,0,0,0,0,0,0,0,0,0,0,5,2,2,2,2,2,2,2,0,2,0,1,2,2,2,2,20673,2,4,2,0,0,0,2,0,0,0
12B201,18,40299,3,1,0,1,27,223,1,28,7,3,1,1,2,2,2,2,2,2,0,0,0,0,0,0,0,0,0,0,0,0,0,0,0,0,0,0,0,0,0,0,0,0,0,0,0,0,0,0,0,0,0,0,0,0,0,0,0,0,0,0,0,0,0,0,0,3,1,2,2,2,2,1,2,0,1,3,1,2,1,1,1,14535,4,4,2,0,0,0,2,0,2,2
12B215,18,40391,3,1,0,1,27,223,2,21,4,1,7,1,2,2,2,2,2,2,0,0,0,0,0,0,0,0,0,0,0,0,0,0,0,0,0,0,0,0,0,0,0,0,0,0,0,0,0,0,0,0,0,0,0,0,0,0,0,0,0,0,0,0,0,0,0,2,2,2,2,2,1,1,2,0,1,1,1,1,1,2,2,12019,4,4,2,0,0,0,2,0,0,1
12B215,18,40391,2,1,0,2,27,223,2,55,2,6,1,1,1,2,2,2,2,2,0,0,0,0,0,0,0,0,0,0,0,0,0,0,0,0,0,0,0,0,0,0,0,0,0,0,0,0,0,0,0,0,0,0,0,0,0,0,0,0,0,0,0,0,0,0,0,3,2,2,2,2,2,2,2,0,2,0,1,2,1,2,2,33274,2,4,2,0,0,0,2,0,2,0
12B215,18,40391,4,1,0,2,27,223,2,53,3,3,1,1,2,2,2,2,2,2,0,0,0,0,0,0,0,0,0,0,0,0,0,0,0,0,0,0,0,0,0,0,0,0,0,0,0,0,0,0,0,0,0,0,0,0,0,0,0,0,0,0,0,0,0,0,0,5,2,2,2,2,2,1,2,0,1,1,1,1,1,1,1,37482,4,4,2,0,0,0,2,0,2,1
12B215,18,40391,1,1,0,1,27,223,2,76,3,3,1,1,1,1,2,2,2,2,1,5,2,2,1,2,2,2,2,0,2,1,1,0,0,0,0,0,0,0,0,0,0,0,0,0,0,0,0,0,0,0,0,0,0,0,0,0,0,0,0,15,2,0,1,2,1,0,2,2,2,2,2,2,2,0,1,1,1,2,1,1,2,21287,1,1,1,2,0,0,1,1,2,1
13B213,19,40006,3,1,0,1,3,223,1,55,8,3,1,1,1,1,1,1,2,2,1,3,2,2,1,2,2,2,2,0,2,1,2,2,1,2,2,2,2,2,1,2,2,2,2,0,2,1,2,7,3,1,1,1,2,1,3,70,2,1,1,10,2,0,3,2,1,0,2,2,2,2,2,1,2,0,1,1,1,1,1,1,1,28833,1,2,1,2,2,2,1,10,2,2
12B216,19,40015,1,1,0,2,3,223,2,80,6,3,7,1,1,1,1,2,2,2,6,4,2,2,1,2,2,2,2,0,2,1,1,6,4,2,2,2,1,2,2,2,2,2,2,0,2,1,1,0,0,0,0,0,0,0,0,0,0,0,0,60,2,0,2,2,2,0,1,2,2,2,2,2,1,2,2,0,1,2,1,1,1,16364,1,2,1,2,2,0,1,12,0,1
12B216,19,40015,2,1,0,1,3,223,1,69,7,4,8,1,2,2,2,2,2,1,0,0,0,0,0,0,0,0,0,0,0,0,0,0,0,0,0,0,0,0,0,0,0,0,0,0,0,0,0,0,0,0,0,0,0,0,0,0,0,0,0,25,2,0,2,3,1,0,2,2,2,2,2,1,1,2,1,1,1,2,2,1,2,24877,3,3,1,0,0,0,2,0,0,2
11B216,19,40017,1,1,0,1,3,223,2,68,2,6,8,1,1,1,1,1,1,2,4,4,2,2,2,1,2,2,3,60,2,1,5,3,4,2,2,1,2,2,2,2,2,2,3,30,2,1,2,2,4,1,2,2,2,1,3,20,2,1,1,15,1,7,2,2,2,0,2,2,2,2,2,2,2,0,1,1,1,2,1,1,1,6747,1,2,1,2,2,2,1,9,0,0
11B216,19,40017,4,1,0,3,3,223,1,65,2,6,8,1,2,2,2,2,2,2,0,0,0,0,0,0,0,0,0,0,0,0,0,0,0,0,0,0,0,0,0,0,0,0,0,0,0,0,0,0,0,0,0,0,0,0,0,0,0,0,0,0,0,0,0,0,0,5,2,2,2,2,2,2,2,0,2,0,1,2,2,2,2,20512,4,4,2,0,0,0,2,0,0,0
13B216,19,40019,2,1,0,2,3,223,2,38,3,3,7,1,1,2,1,2,2,2,0,0,0,0,0,0,0,0,0,0,0,0,0,1,4,2,2,2,2,2,2,2,1,2,2,0,2,1,1,0,0,0,0,0,0,0,0,0,0,0,0,20,2,0,2,4,2,0,2,2,2,2,2,1,2,0,2,0,1,2,1,1,1,50713,1,3,1,0,2,0,1,1,0,1
13B216,19,40019,4,1,0,2,3,223,2,39,3,3,7,1,1,1,1,2,2,2,2,4,2,2,1,1,2,2,3,400,2,1,1,1,4,2,2,2,2,1,2,2,2,2,2,0,2,1,1,0,0,0,0,0,0,0,0,0,0,0,0,60,2,0,2,3,2,0,2,2,2,2,1,1,1,2,2,0,1,1,1,1,1,50713,1,2,1,2,2,0,1,3,0,1
13B216,19,40019,1,1,0,1,3,223,1,50,7,4,1,1,1,2,1,1,2,2,0,0,0,0,0,0,0,0,0,0,0,0,0,4,3,2,1,2,2,2,2,2,2,2,2,0,2,1,2,1,4,1,1,1,1,1,3,25,2,1,1,120,2,0,2,4,2,0,2,2,2,2,1,1,1,1,1,1,1,1,1,1,1,105760,1,3,1,0,2,2,1,5,2,2
12B202,19,40026,1,1,0,1,3,223,2,33,7,3,1,1,2,2,2,2,2,1,0,0,0,0,0,0,0,0,0,0,0,0,0,0,0,0,0,0,0,0,0,0,0,0,0,0,0,0,0,0,0,0,0,0,0,0,0,0,0,0,0,15,2,0,4,3,2,0,2,2,2,2,1,1,1,2,1,2,1,1,1,1,1,16169,3,3,1,0,0,0,2,0,2,2
12B202,19,40026,2,1,0,1,3,223,2,75,2,6,7,1,2,2,2,2,2,2,0,0,0,0,0,0,0,0,0,0,0,0,0,0,0,0,0,0,0,0,0,0,0,0,0,0,0,0,0,0,0,0,0,0,0,0,0,0,0,0,0,0,0,0,0,0,0,1,2,2,2,2,2,2,2,0,2,0,1,2,2,2,2,8724,4,4,2,0,0,0,2,0,0,0
12B202,19,40026,4,1,0,4,3,223,2,41,3,3,7,1,2,2,2,2,2,2,0,0,0,0,0,0,0,0,0,0,0,0,0,0,0,0,0,0,0,0,0,0,0,0,0,0,0,0,0,0,0,0,0,0,0,0,0,0,0,0,0,0,0,0,0,0,0,1,2,2,2,2,2,2,1,1,1,1,1,1,2,1,2,29790,4,4,2,0,0,0,2,0,0,1
12B202,19,40026,3,1,0,2,3,223,2,54,3,3,7,1,1,2,2,2,2,1,0,0,0,0,0,0,0,0,0,0,0,0,0,0,0,0,0,0,0,0,0,0,0,0,0,0,0,0,0,0,0,0,0,0,0,0,0,0,0,0,0,30,2,0,2,4,2,0,2,2,2,2,2,1,2,0,2,0,1,2,1,1,1,23043,1,3,1,0,0,0,2,0,0,1
12B213,19,40053,4,1,0,1,3,223,1,26,7,4,1,1,1,1,2,1,2,1,3,4,1,2,2,2,2,2,1,0,1,2,2,0,0,0,0,0,0,0,0,0,0,0,0,0,0,0,0,1,3,1,1,1,1,1,2,0,2,1,1,60,1,6,3,3,2,0,1,2,2,2,1,1,2,0,1,1,1,1,1,1,1,8362,1,2,1,1,0,2,1,4,2,2
12B213,19,40053,2,1,0,1,3,223,1,47,6,4,1,1,1,1,2,1,2,2,1,1,2,1,2,2,2,2,1,0,1,2,1,0,0,0,0,0,0,0,0,0,0,0,0,0,0,0,0,1,3,1,1,1,1,1,3,20,2,1,1,40,2,0,2,4,1,0,2,2,2,2,1,1,1,1,1,1,1,1,1,1,1,16938,1,2,1,1,0,2,1,2,2,1
12B213,19,40053,1,1,0,1,3,223,2,60,2,6,1,1,2,2,2,2,2,2,0,0,0,0,0,0,0,0,0,0,0,0,0,0,0,0,0,0,0,0,0,0,0,0,0,0,0,0,0,0,0,0,0,0,0,0,0,0,0,0,0,0,0,0,0,0,0,3,2,2,2,2,2,2,2,0,2,0,1,1,1,1,1,12394,4,4,2,0,0,0,2,0,2,0
12A207,19,40060,4,1,0,1,3,223,1,59,4,3,1,1,2,2,2,2,2,2,0,0,0,0,0,0,0,0,0,0,0,0,0,0,0,0,0,0,0,0,0,0,0,0,0,0,0,0,0,0,0,0,0,0,0,0,0,0,0,0,0,0,0,0,0,0,0,1,2,2,2,2,2,2,2,0,1,1,1,2,1,1,1,36925,4,4,2,0,0,0,2,0,2,1
12A207,19,40060,1,1,0,1,3,223,2,50,3,1,1,1,2,2,2,2,2,2,0,0,0,0,0,0,0,0,0,0,0,0,0,0,0,0,0,0,0,0,0,0,0,0,0,0,0,0,0,0,0,0,0,0,0,0,0,0,0,0,0,0,0,0,0,0,0,3,2,2,2,2,2,1,2,0,2,0,1,2,1,1,1,22220,4,4,2,0,0,0,2,0,2,1
12A207,19,40060,2,1,0,2,3,223,2,50,6,3,1,1,1,2,2,1,2,1,0,0,0,0,0,0,0,0,0,0,0,0,0,0,0,0,0,0,0,0,0,0,0,0,0,0,0,0,0,1,4,2,2,1,2,2,2,0,2,1,1,20,2,0,2,3,1,0,2,2,2,2,2,1,2,0,1,1,1,1,1,1,1,37034,1,3,1,0,0,2,1,1,2,1
12A207,19,40060,3,1,0,4,3,223,1,27,4,1,1,1,1,1,2,2,2,2,1,4,2,2,2,1,2,2,2,0,2,1,1,0,0,0,0,0,0,0,0,0,0,0,0,0,0,0,0,0,0,0,0,0,0,0,0,0,0,0,0,30,2,0,3,3,2,0,2,2,2,2,2,1,1,2,1,1,1,1,1,1,1,44364,1,1,1,2,0,0,1,1,2,1
11B216,19,40061,2,1,0,1,3,223,2,70,0,,7,2,0,0,0,0,0,0,0,0,0,0,0,0,0,0,0,0,0,0,0,0,0,0,0,0,0,0,0,0,0,0,0,0,0,0,0,0,0,0,0,0,0,0,0,0,0,0,0,0,0,0,0,0,0,0,0,0,0,0,0,0,0,0,0,0,0,0,0,0,0,9232,0,0,0,0,0,0,0,0,0,0
11B216,19,40061,1,1,0,3,3,223,1,50,0,,1,2,0,0,0,0,0,0,0,0,0,0,0,0,0,0,0,0,0,0,0,0,0,0,0,0,0,0,0,0,0,0,0,0,0,0,0,0,0,0,0,0,0,0,0,0,0,0,0,0,0,0,0,0,0,0,0,0,0,0,0,0,0,0,0,0,0,0,0,0,0,29583,0,0,0,0,0,0,0,0,2,0
11B216,19,40061,3,1,0,2,3,223,2,32,3,3,7,1,1,1,2,2,2,1,5,2,2,1,2,2,2,2,2,0,2,1,1,0,0,0,0,0,0,0,0,0,0,0,0,0,0,0,0,0,0,0,0,0,0,0,0,0,0,0,0,60,1,6,2,4,1,0,2,2,2,2,2,1,1,2,1,1,1,1,1,1,2,34220,1,2,1,2,0,0,1,5,0,1
11B216,19,40061,4,1,0,1,3,223,2,45,3,3,1,1,1,1,2,2,2,1,3,4,2,2,1,1,2,2,1,0,1,2,1,0,0,0,0,0,0,0,0,0,0,0,0,0,0,0,0,0,0,0,0,0,0,0,0,0,0,0,0,120,2,0,2,4,1,0,2,2,2,2,2,1,2,0,1,1,1,2,1,1,1,8128,1,2,1,1,0,0,1,3,2,1
13A207,19,40062,1,1,0,2,3,223,2,64,7,5,7,1,1,1,1,2,2,2,2,4,2,2,1,1,2,2,2,0,2,1,1,3,4,2,2,1,2,2,2,2,1,2,2,0,2,1,1,0,0,0,0,0,0,0,0,0,0,0,0,25,2,0,2,3,2,0,2,2,2,2,1,1,1,1,1,4,1,1,1,1,1,25139,1,2,1,2,2,0,1,5,0,2
13A207,19,40062,4,1,0,2,3,223,1,32,8,3,1,1,1,2,2,1,2,2,0,0,0,0,0,0,0,0,0,0,0,0,0,0,0,0,0,0,0,0,0,0,0,0,0,0,0,0,0,3,3,1,1,1,1,1,2,0,2,1,2,15,2,0,3,4,2,0,2,2,2,2,2,1,1,2,1,3,1,1,1,1,1,22615,1,3,1,0,0,2,1,3,2,2
13A207,19,40062,2,1,0,2,3,223,2,66,7,5,7,1,1,1,1,2,2,1,1,5,2,2,1,2,2,2,2,0,2,1,1,2,4,2,2,1,2,2,2,2,1,2,3,150,2,1,1,0,0,0,0,0,0,0,0,0,0,0,0,30,2,0,2,3,2,0,1,2,2,2,1,1,1,2,1,4,1,1,1,1,1,21443,1,2,1,2,2,0,1,3,0,2
12A207,19,40063,2,1,0,1,3,223,2,60,6,3,7,1,1,2,1,2,2,2,0,0,0,0,0,0,0,0,0,0,0,0,0,2,4,2,2,1,2,2,2,1,2,2,3,60,2,1,1,0,0,0,0,0,0,0,0,0,0,0,0,30,2,0,3,3,2,0,2,1,2,2,2,1,2,0,1,2,1,1,1,1,1,13469,1,3,1,0,2,0,1,2,0,1
12A207,19,40063,1,1,0,2,3,223,2,46,2,6,7,1,2,2,2,2,2,2,0,0,0,0,0,0,0,0,0,0,0,0,0,0,0,0,0,0,0,0,0,0,0,0,0,0,0,0,0,0,0,0,0,0,0,0,0,0,0,0,0,0,0,0,0,0,0,3,2,2,2,2,2,1,2,0,2,0,1,2,1,2,2,22759,4,4,2,0,0,0,2,0,0,0
12A207,19,40063,4,1,0,2,3,223,2,62,3,3,8,1,2,2,2,2,2,2,0,0,0,0,0,0,0,0,0,0,0,0,0,0,0,0,0,0,0,0,0,0,0,0,0,0,0,0,0,0,0,0,0,0,0,0,0,0,0,0,0,0,0,0,0,0,0,3,2,2,2,2,2,2,2,0,1,1,1,2,1,2,1,13469,4,4,2,0,0,0,2,0,0,1
12A207,19,40063,3,1,0,2,3,223,1,50,6,3,1,1,1,1,1,1,2,2,1,4,2,2,2,1,2,2,1,0,1,2,1,2,3,2,1,2,2,2,1,2,2,2,2,0,2,1,1,7,3,1,2,1,2,1,3,70,2,1,1,60,2,0,2,4,1,0,2,2,2,2,2,1,1,1,1,2,1,1,1,1,1,27612,1,2,1,1,2,2,1,10,2,1
13B202,19,40075,2,1,0,1,3,223,1,37,4,1,1,1,1,2,2,2,2,1,0,0,0,0,0,0,0,0,0,0,0,0,0,0,0,0,0,0,0,0,0,0,0,0,0,0,0,0,0,0,0,0,0,0,0,0,0,0,0,0,0,5,2,0,3,2,2,0,2,2,2,2,2,1,2,0,1,1,1,1,1,2,1,37957,1,3,1,0,0,0,2,0,2,1
13B202,19,40075,4,1,0,1,3,223,1,38,8,2,1,1,1,1,1,1,1,1,1,1,2,1,2,2,2,2,1,0,1,2,2,1,3,2,2,2,2,2,1,2,2,2,3,150,2,1,1,1,4,1,1,2,1,1,2,0,2,1,2,90,2,0,2,3,1,0,2,2,1,1,1,1,1,1,1,1,1,1,1,1,1,56936,1,2,1,1,2,2,1,3,2,2
12B213,19,40094,4,1,0,1,3,223,1,56,3,2,1,1,2,2,2,2,2,2,0,0,0,0,0,0,0,0,0,0,0,0,0,0,0,0,0,0,0,0,0,0,0,0,0,0,0,0,0,0,0,0,0,0,0,0,0,0,0,0,0,0,0,0,0,0,0,3,2,2,2,2,2,2,2,0,1,1,1,2,1,1,2,14833,4,4,2,0,0,0,2,0,2,1
12B213,19,40094,2,1,0,1,3,223,1,44,3,3,1,1,2,2,2,1,2,2,0,0,0,0,0,0,0,0,0,0,0,0,0,0,0,0,0,0,0,0,0,0,0,0,0,0,0,0,0,1,4,2,1,2,2,1,2,0,2,1,2,20,1,3,3,3,2,0,2,2,2,2,2,1,2,0,2,0,1,1,2,2,1,9206,3,3,1,0,0,2,1,1,2,1
12B213,19,40094,3,1,0,1,3,223,1,44,3,3,1,1,1,1,2,1,2,1,2,5,2,2,1,2,2,2,2,0,2,1,1,0,0,0,0,0,0,0,0,0,0,0,0,0,0,0,0,3,3,1,1,1,1,1,3,30,2,1,2,60,2,0,3,3,1,0,2,2,2,2,1,1,1,2,1,1,1,2,1,1,1,9206,1,2,1,2,0,2,1,5,2,1
12B216,19,40103,1,1,0,2,3,223,2,30,7,3,1,1,1,2,2,2,2,1,0,0,0,0,0,0,0,0,0,0,0,0,0,0,0,0,0,0,0,0,0,0,0,0,0,0,0,0,0,0,0,0,0,0,0,0,0,0,0,0,0,30,2,0,2,2,1,0,2,2,2,2,2,2,2,0,2,0,1,1,1,1,1,29782,1,3,1,0,0,0,2,0,2,2
12B216,19,40103,2,1,0,2,3,223,2,48,2,6,7,1,1,1,2,1,2,1,3,4,2,2,2,1,2,2,2,0,2,1,1,0,0,0,0,0,0,0,0,0,0,0,0,0,0,0,0,1,3,2,2,1,1,1,3,10,2,1,1,30,2,0,2,4,1,0,2,1,2,2,2,1,1,2,1,1,1,1,1,1,2,28295,1,2,1,2,0,2,1,4,0,0
12B216,19,40103,4,1,0,1,3,223,1,49,3,3,4,1,2,2,2,2,2,1,0,0,0,0,0,0,0,0,0,0,0,0,0,0,0,0,0,0,0,0,0,0,0,0,0,0,0,0,0,0,0,0,0,0,0,0,0,0,0,0,0,60,2,0,2,3,2,0,2,2,2,2,2,1,1,2,1,2,1,2,1,1,1,25746,3,3,1,0,0,0,2,0,1,1
11B216,19,40107,1,1,0,3,3,223,2,25,7,2,6,1,1,1,1,1,1,2,2,2,2,1,2,2,2,2,1,0,1,2,1,2,2,2,2,2,2,2,1,2,2,2,2,0,2,1,2,6,3,1,1,1,1,1,2,0,2,1,1,60,2,0,2,2,1,0,2,2,1,1,2,1,1,2,1,1,1,1,1,1,2,18350,1,2,1,1,2,2,1,10,1,2
11B216,19,40107,3,1,0,1,3,223,2,18,4,1,1,1,1,1,1,1,1,1,5,4,2,1,2,2,2,2,3,1000,2,1,1,1,4,2,1,2,2,2,2,2,2,2,2,0,2,1,5,1,4,2,2,2,2,1,2,0,2,1,1,60,1,6,3,3,1,0,2,2,2,1,2,1,2,0,1,1,1,1,1,1,1,5590,1,2,1,2,2,2,1,7,2,1
11A207,19,40110,3,1,0,3,3,223,1,23,6,1,1,1,1,1,2,2,2,1,3,1,1,2,2,2,2,2,2,0,2,1,2,0,0,0,0,0,0,0,0,0,0,0,0,0,0,0,0,0,0,0,0,0,0,0,0,0,0,0,0,30,2,0,2,1,1,0,2,1,2,2,2,1,1,2,1,1,1,1,1,1,1,28482,1,2,1,2,0,0,1,3,2,1
11A207,19,40110,2,1,0,1,3,223,1,42,7,5,1,1,1,2,2,1,2,2,0,0,0,0,0,0,0,0,0,0,0,0,0,0,0,0,0,0,0,0,0,0,0,0,0,0,0,0,0,4,3,1,1,1,2,1,3,80,2,1,2,20,2,0,2,3,2,0,2,2,2,2,2,1,2,0,2,0,1,1,1,1,1,7856,1,3,1,0,0,2,1,4,2,2
11A207,19,40110,4,1,0,3,3,223,2,29,4,3,1,1,1,1,2,2,2,1,3,2,2,1,2,2,2,2,3,1000,2,1,1,0,0,0,0,0,0,0,0,0,0,0,0,0,0,0,0,0,0,0,0,0,0,0,0,0,0,0,0,60,2,0,4,3,1,0,2,2,2,1,2,1,2,0,2,0,1,1,1,1,1,33405,1,2,1,2,0,0,1,3,2,1
11A207,19,40110,1,1,0,4,3,223,1,25,4,3,1,1,1,2,2,2,2,1,0,0,0,0,0,0,0,0,0,0,0,0,0,0,0,0,0,0,0,0,0,0,0,0,0,0,0,0,0,0,0,0,0,0,0,0,0,0,0,0,0,30,2,0,3,3,2,0,2,2,2,2,1,1,1,2,1,1,1,1,1,1,1,15208,1,3,1,0,0,0,2,0,2,1
13A207,19,40112,3,1,0,1,3,223,2,58,6,3,1,1,1,1,2,1,2,1,4,3,1,1,2,2,2,2,2,0,1,1,2,0,0,0,0,0,0,0,0,0,0,0,0,0,0,0,0,2,4,1,1,1,1,1,1,0,1,2,2,180,2,0,3,4,1,0,2,2,1,2,2,2,2,0,1,2,1,1,1,1,1,7617,1,2,1,3,0,1,1,6,2,1
13A207,19,40112,4,1,0,1,3,223,2,56,2,6,7,1,2,2,2,2,2,2,0,0,0,0,0,0,0,0,0,0,0,0,0,0,0,0,0,0,0,0,0,0,0,0,0,0,0,0,0,0,0,0,0,0,0,0,0,0,0,0,0,0,0,0,0,0,0,1,2,2,2,2,2,1,1,1,1,1,1,3,3,3,3,22850,4,4,2,0,0,0,2,0,0,0
13A207,19,40112,2,1,0,1,3,223,2,55,6,3,1,1,1,2,2,2,2,2,0,0,0,0,0,0,0,0,0,0,0,0,0,0,0,0,0,0,0,0,0,0,0,0,0,0,0,0,0,0,0,0,0,0,0,0,0,0,0,0,0,0,0,0,0,0,0,1,2,2,2,2,2,2,2,0,1,1,1,1,1,1,2,15233,2,4,2,0,0,0,2,0,2,1
13A207,19,40112,1,1,0,1,3,223,2,34,8,2,1,1,1,1,2,2,2,2,6,4,2,2,1,2,2,2,3,1500,2,1,1,0,0,0,0,0,0,0,0,0,0,0,0,0,0,0,0,0,0,0,0,0,0,0,0,0,0,0,0,40,2,0,2,4,1,0,2,2,2,1,1,1,2,0,1,5,1,3,3,1,1,9031,1,1,1,2,0,0,1,6,2,2
13B202,19,40113,4,1,0,3,3,223,1,21,3,3,1,1,1,2,2,2,2,1,0,0,0,0,0,0,0,0,0,0,0,0,0,0,0,0,0,0,0,0,0,0,0,0,0,0,0,0,0,0,0,0,0,0,0,0,0,0,0,0,0,30,2,0,3,4,1,0,2,2,2,2,1,2,2,0,1,1,1,1,1,1,2,44768,1,3,1,0,0,0,2,0,2,1
13B202,19,40113,3,1,0,2,3,223,1,31,7,5,2,1,1,1,1,2,2,1,8,3,2,1,1,2,1,2,1,0,1,2,1,3,1,2,2,2,2,2,1,2,2,2,1,0,1,2,1,0,0,0,0,0,0,0,0,0,0,0,0,60,2,0,2,3,1,0,2,2,2,2,1,1,2,0,1,2,1,2,2,2,3,11951,1,2,1,1,1,0,1,11,1,2
13B202,19,40113,2,1,0,2,3,223,2,39,4,2,7,1,1,1,1,2,2,1,8,2,2,1,2,2,1,2,3,700,2,1,1,2,4,2,2,1,2,2,2,2,2,2,3,50,2,1,1,0,0,0,0,0,0,0,0,0,0,0,0,30,2,0,3,4,1,0,2,1,2,2,1,2,2,0,1,4,1,1,1,1,1,19347,1,2,1,2,2,0,1,10,0,1
13B202,19,40113,1,1,0,2,3,223,2,47,7,5,7,1,2,2,2,2,2,1,0,0,0,0,0,0,0,0,0,0,0,0,0,0,0,0,0,0,0,0,0,0,0,0,0,0,0,0,0,0,0,0,0,0,0,0,0,0,0,0,0,60,2,0,2,1,2,0,2,2,2,2,2,2,2,0,2,0,1,2,3,3,2,29931,3,3,1,0,0,0,2,0,0,2
11B213,19,40140,4,1,0,4,3,223,1,22,4,2,1,1,1,1,2,2,1,2,2,3,2,2,2,1,2,2,3,300,1,2,4,0,0,0,0,0,0,0,0,0,0,0,0,0,0,0,0,0,0,0,0,0,0,0,0,0,0,0,0,15,1,3,3,3,1,0,1,2,2,2,1,2,1,3,1,1,1,1,1,2,1,45042,1,2,1,1,0,0,1,2,2,1
11B213,19,40140,2,1,0,2,3,223,2,24,3,3,7,1,2,2,1,1,2,2,0,0,0,0,0,0,0,0,0,0,0,0,0,4,3,2,2,1,2,2,2,2,2,2,2,0,2,1,1,1,3,2,2,2,2,1,3,12,2,1,1,15,1,7,2,3,1,0,2,2,2,2,1,1,1,1,1,1,1,1,1,1,1,19312,3,3,1,0,2,2,1,5,0,1
11B213,19,40140,3,1,0,1,3,223,1,56,3,3,1,1,1,2,2,1,2,2,0,0,0,0,0,0,0,0,0,0,0,0,0,0,0,0,0,0,0,0,0,0,0,0,0,0,0,0,0,1,3,2,1,2,2,2,3,10,2,1,1,10,2,0,2,3,2,0,2,1,2,2,1,1,1,3,1,1,1,1,1,1,1,22519,1,3,1,0,0,2,1,1,2,1
11B213,19,40140,1,1,0,3,3,223,2,28,7,3,1,1,1,1,2,2,1,1,2,4,2,2,1,2,1,2,2,0,2,1,2,0,0,0,0,0,0,0,0,0,0,0,0,0,0,0,0,0,0,0,0,0,0,0,0,0,0,0,0,15,2,0,2,3,1,0,1,2,2,1,2,1,2,0,1,1,1,1,2,1,1,23772,1,2,1,2,0,0,1,2,2,2
12A208,19,40148,3,1,0,1,3,223,1,50,8,4,1,1,1,1,1,1,2,1,1,4,2,2,2,2,1,2,3,300,1,2,1,2,4,2,1,2,2,2,2,2,2,2,3,100,1,2,1,3,4,1,2,2,2,2,3,50,1,2,1,20,2,0,3,2,1,0,1,2,2,1,2,1,2,0,1,1,1,2,1,2,1,22616,1,2,1,1,1,1,1,6,2,2
12A208,19,40148,4,1,0,1,3,223,1,57,3,3,1,1,1,2,1,1,2,2,0,0,0,0,0,0,0,0,0,0,0,0,0,2,4,2,2,2,2,2,1,2,2,2,3,200,2,1,1,2,4,1,1,1,2,1,3,50,2,1,1,8,2,0,2,3,2,0,2,2,2,2,2,1,1,1,1,1,1,1,1,1,2,9294,1,3,1,0,2,2,1,4,2,1
12A208,19,40148,2,1,0,1,3,223,1,33,7,5,1,1,1,1,1,2,2,1,3,6,2,2,1,2,2,2,3,450,2,1,4,1,4,2,2,2,2,2,2,2,1,2,3,45,2,1,4,0,0,0,0,0,0,0,0,0,0,0,0,30,1,6,3,4,2,0,1,2,1,1,1,1,1,1,1,5,1,1,1,1,1,11166,1,2,1,2,2,0,1,4,2,2
13B216,19,40151,2,1,0,2,3,223,2,70,7,5,8,1,1,1,2,1,2,2,1,3,2,1,2,2,2,2,3,300,2,1,1,0,0,0,0,0,0,0,0,0,0,0,0,0,0,0,0,3,3,1,1,1,1,1,3,50,2,1,1,90,2,0,2,4,2,0,2,2,2,2,2,1,2,0,2,0,1,2,1,1,2,31763,1,2,1,2,0,2,1,4,0,2
13B216,19,40151,3,1,0,1,3,223,1,71,8,1,1,1,1,1,2,2,2,1,10,4,2,2,2,1,1,2,3,3000,2,1,1,0,0,0,0,0,0,0,0,0,0,0,0,0,0,0,0,0,0,0,0,0,0,0,0,0,0,0,0,45,2,0,2,4,2,0,1,2,2,1,2,1,2,0,1,2,1,2,2,2,2,21459,1,2,1,2,0,0,1,10,2,2
13B216,19,40151,1,1,0,1,3,223,2,68,7,4,8,1,1,1,1,2,2,1,1,4,2,2,2,2,1,2,3,150,2,1,1,3,4,2,2,1,2,1,2,1,2,2,2,0,2,1,1,0,0,0,0,0,0,0,0,0,0,0,0,30,2,0,3,4,2,0,2,2,2,2,1,1,1,1,1,4,1,1,1,1,1,21175,1,2,1,2,2,0,1,4,0,2
12B216,19,40157,4,1,0,1,3,223,1,34,7,5,1,1,1,1,2,2,2,1,2,3,2,2,2,2,1,2,3,300,1,1,1,0,0,0,0,0,0,0,0,0,0,0,0,0,0,0,0,0,0,0,0,0,0,0,0,0,0,0,0,60,2,0,2,3,1,0,1,2,2,1,2,2,1,2,1,1,1,2,1,1,1,26255,1,2,1,3,0,0,1,2,2,2
12B216,19,40157,2,1,0,1,3,223,1,56,3,3,1,1,1,2,2,2,2,2,0,0,0,0,0,0,0,0,0,0,0,0,0,0,0,0,0,0,0,0,0,0,0,0,0,0,0,0,0,0,0,0,0,0,0,0,0,0,0,0,0,0,0,0,0,0,0,1,2,2,2,2,2,2,2,0,2,0,1,2,2,2,2,21853,2,4,2,0,0,0,2,0,2,1
12B216,19,40157,3,1,0,2,3,223,2,33,7,5,1,1,1,2,1,2,1,1,0,0,0,0,0,0,0,0,0,0,0,0,0,1,4,2,2,2,1,2,2,2,2,2,1,0,1,2,1,0,0,0,0,0,0,0,0,0,0,0,0,60,1,6,4,2,2,0,2,2,2,2,2,1,1,1,1,3,1,1,1,1,1,15379,1,3,1,0,1,0,1,1,2,2
12B202,19,40159,1,1,0,1,3,223,1,62,3,3,1,1,2,2,2,2,2,2,0,0,0,0,0,0,0,0,0,0,0,0,0,0,0,0,0,0,0,0,0,0,0,0,0,0,0,0,0,0,0,0,0,0,0,0,0,0,0,0,0,0,0,0,0,0,0,3,2,2,2,2,2,2,2,0,3,0,1,2,2,2,2,4888,4,4,2,0,0,0,2,0,2,1
12B202,19,40159,4,1,0,2,3,223,2,41,3,3,7,1,1,1,2,2,2,2,2,4,2,2,1,2,2,2,2,0,2,1,1,0,0,0,0,0,0,0,0,0,0,0,0,0,0,0,0,0,0,0,0,0,0,0,0,0,0,0,0,30,2,0,2,3,2,0,2,2,2,2,2,2,2,0,2,0,1,1,1,1,1,4753,1,1,1,2,0,0,1,2,0,1
12B202,19,40159,3,1,0,2,3,223,2,40,3,3,7,1,1,1,2,2,1,1,5,4,2,2,2,1,2,2,1,0,1,2,1,0,0,0,0,0,0,0,0,0,0,0,0,0,0,0,0,0,0,0,0,0,0,0,0,0,0,0,0,40,2,0,3,3,1,0,2,2,2,2,2,2,2,0,2,0,1,2,1,2,2,9507,1,2,1,1,0,0,1,5,0,1
12B202,19,40166,1,1,0,1,3,223,1,50,6,3,1,1,1,1,1,1,1,1,3,3,2,2,2,2,1,2,1,0,1,2,1,2,1,2,2,2,2,2,2,1,2,2,2,0,2,1,1,2,4,2,1,1,1,1,3,2,2,1,1,10,2,0,2,3,1,0,2,2,2,2,1,1,1,1,1,2,1,2,2,1,1,26314,1,2,1,1,2,2,1,7,2,1
12B202,19,40166,3,1,0,2,3,223,1,47,3,3,1,1,2,2,1,2,2,2,0,0,0,0,0,0,0,0,0,0,0,0,0,2,4,1,2,2,2,2,2,2,2,2,2,0,2,1,1,0,0,0,0,0,0,0,0,0,0,0,0,30,2,0,2,2,1,0,2,2,2,2,1,1,1,1,2,0,1,1,1,1,1,17543,3,3,1,0,2,0,1,2,2,1
12B202,19,40166,2,1,0,2,3,223,2,76,2,3,8,1,2,2,2,2,2,2,0,0,0,0,0,0,0,0,0,0,0,0,0,0,0,0,0,0,0,0,0,0,0,0,0,0,0,0,0,0,0,0,0,0,0,0,0,0,0,0,0,0,0,0,0,0,0,5,2,2,2,2,2,2,2,0,2,0,1,2,2,2,2,16424,4,4,2,0,0,0,2,0,0,0
13B213,19,40187,2,1,0,1,3,223,2,32,7,5,1,1,1,2,1,2,2,1,0,0,0,0,0,0,0,0,0,0,0,0,0,2,1,2,1,2,2,2,2,2,2,2,2,0,2,1,2,0,0,0,0,0,0,0,0,0,0,0,0,30,2,0,3,4,1,0,2,2,2,2,1,1,1,2,1,5,1,1,1,1,1,19400,1,3,1,0,2,0,1,2,2,2
12B213,19,40188,3,1,0,1,3,223,1,51,3,2,1,1,1,1,2,1,2,2,2,4,2,1,2,2,2,2,2,0,2,1,1,0,0,0,0,0,0,0,0,0,0,0,0,0,0,0,0,1,3,1,1,1,1,1,3,20,2,1,1,25,2,0,2,4,2,0,2,2,2,2,2,2,2,0,1,1,1,1,1,1,1,24605,1,2,1,2,0,2,1,3,2,1
11B213,19,40192,1,1,0,1,3,223,1,29,3,3,1,1,2,2,2,2,2,2,0,0,0,0,0,0,0,0,0,0,0,0,0,0,0,0,0,0,0,0,0,0,0,0,0,0,0,0,0,0,0,0,0,0,0,0,0,0,0,0,0,0,0,0,0,0,0,3,2,2,2,2,2,2,2,0,2,0,2,0,0,0,0,15872,4,4,2,0,0,0,2,0,2,1
11B213,19,40192,2,1,0,2,3,223,2,43,3,3,7,1,2,2,2,2,2,2,0,0,0,0,0,0,0,0,0,0,0,0,0,0,0,0,0,0,0,0,0,0,0,0,0,0,0,0,0,0,0,0,0,0,0,0,0,0,0,0,0,0,0,0,0,0,0,3,2,2,2,2,2,2,2,0,2,0,1,1,1,1,1,19271,4,4,2,0,0,0,2,0,0,1
11B213,19,40192,4,1,0,2,3,223,2,55,7,4,7,1,1,1,1,1,2,2,2,5,2,2,1,2,2,2,2,0,2,1,1,1,5,2,2,2,2,1,2,2,2,2,2,0,2,1,1,1,3,1,1,1,1,1,2,0,2,1,1,25,2,0,2,4,2,0,2,2,2,2,2,1,1,2,2,0,1,2,1,1,1,11762,1,2,1,2,2,2,1,4,0,2
11B213,19,40192,3,1,0,2,3,223,1,56,4,2,1,1,1,2,2,1,2,2,0,0,0,0,0,0,0,0,0,0,0,0,0,0,0,0,0,0,0,0,0,0,0,0,0,0,0,0,0,1,4,1,1,1,1,1,3,20,2,1,2,25,2,0,2,3,2,0,2,2,2,2,2,2,2,0,2,0,1,2,2,2,2,13211,1,3,1,0,0,2,1,1,2,1
12A207,19,40198,2,1,0,1,3,223,1,28,3,3,1,1,2,2,2,2,2,2,0,0,0,0,0,0,0,0,0,0,0,0,0,0,0,0,0,0,0,0,0,0,0,0,0,0,0,0,0,0,0,0,0,0,0,0,0,0,0,0,0,0,0,0,0,0,0,3,2,2,2,2,2,2,2,0,2,0,1,1,1,1,2,16953,4,4,2,0,0,0,2,0,2,1
12A207,19,40198,3,1,0,1,3,223,1,35,4,3,1,1,2,1,2,2,2,2,1,1,1,2,2,2,2,2,1,0,1,2,2,0,0,0,0,0,0,0,0,0,0,0,0,0,0,0,0,0,0,0,0,0,0,0,0,0,0,0,0,60,2,0,3,4,1,0,2,2,2,2,2,1,2,0,1,1,1,1,1,1,1,35032,3,1,1,1,0,0,1,1,2,1
12A207,19,40198,1,1,0,2,3,223,1,29,4,1,4,1,1,2,2,1,1,2,0,0,0,0,0,0,0,0,0,0,0,0,0,0,0,0,0,0,0,0,0,0,0,0,0,0,0,0,0,1,1,2,2,1,2,1,3,10,2,1,1,10,2,0,2,4,2,0,2,2,2,2,1,1,1,1,1,1,1,1,1,1,1,16953,1,3,1,0,0,2,1,1,1,1
12A207,19,40198,4,1,0,1,3,223,2,43,4,3,1,1,1,2,1,2,2,2,0,0,0,0,0,0,0,0,0,0,0,0,0,2,4,2,2,2,2,2,2,2,1,2,2,0,2,1,2,0,0,0,0,0,0,0,0,0,0,0,0,20,2,0,2,4,2,0,2,2,2,2,2,1,2,0,1,1,1,1,1,1,1,20583,1,3,1,0,2,0,1,2,2,1
13A207,19,40199,1,1,0,1,3,223,2,72,9,3,8,1,1,1,2,2,2,2,1,5,2,2,1,2,2,2,2,0,2,1,1,0,0,0,0,0,0,0,0,0,0,0,0,0,0,0,0,0,0,0,0,0,0,0,0,0,0,0,0,20,2,0,2,3,2,0,2,2,2,2,2,1,2,0,1,2,1,2,1,1,2,11206,1,1,1,2,0,0,1,1,0,2
13A207,19,40199,4,1,0,3,3,223,2,44,7,5,7,1,1,1,2,2,2,2,2,3,2,2,2,2,1,2,2,0,2,1,1,0,0,0,0,0,0,0,0,0,0,0,0,0,0,0,0,0,0,0,0,0,0,0,0,0,0,0,0,30,2,0,2,3,2,0,2,2,2,2,1,1,1,2,1,3,1,1,1,1,1,28696,1,1,1,2,0,0,1,2,0,2
13A207,19,40199,2,1,0,1,3,223,1,72,7,5,8,1,2,2,2,2,2,2,0,0,0,0,0,0,0,0,0,0,0,0,0,0,0,0,0,0,0,0,0,0,0,0,0,0,0,0,0,0,0,0,0,0,0,0,0,0,0,0,0,0,0,0,0,0,0,5,2,2,2,2,2,1,2,0,1,2,1,1,1,1,1,34069,4,4,2,0,0,0,2,0,0,2
13A207,19,40199,3,1,0,2,3,223,2,59,7,5,7,1,1,1,2,2,2,1,4,4,2,2,2,1,2,2,2,0,2,1,1,0,0,0,0,0,0,0,0,0,0,0,0,0,0,0,0,0,0,0,0,0,0,0,0,0,0,0,0,15,2,0,3,3,2,0,1,2,2,2,1,1,1,2,1,3,1,1,1,1,1,26273,1,2,1,2,0,0,1,4,0,2
11A207,19,40200,1,1,0,4,3,223,1,55,4,2,1,1,1,2,1,1,2,2,0,0,0,0,0,0,0,0,0,0,0,0,0,2,4,2,2,2,2,2,2,2,1,2,2,0,2,1,1,1,4,1,1,1,1,1,2,0,2,1,1,30,2,0,2,3,2,0,2,2,2,2,2,1,2,0,2,0,1,1,1,1,1,35841,1,3,1,0,2,2,1,3,2,1
11A207,19,40200,3,1,0,1,3,223,1,66,2,6,8,1,2,2,2,2,2,2,0,0,0,0,0,0,0,0,0,0,0,0,0,0,0,0,0,0,0,0,0,0,0,0,0,0,0,0,0,0,0,0,0,0,0,0,0,0,0,0,0,0,0,0,0,0,0,5,2,2,2,2,2,2,2,0,2,0,1,2,2,2,2,33102,4,4,2,0,0,0,2,0,0,0
11A207,19,40200,2,1,0,3,3,223,2,28,3,3,1,1,2,2,2,2,2,2,0,0,0,0,0,0,0,0,0,0,0,0,0,0,0,0,0,0,0,0,0,0,0,0,0,0,0,0,0,0,0,0,0,0,0,0,0,0,0,0,0,0,0,0,0,0,0,1,2,2,2,2,2,3,1,2,2,0,1,1,1,3,1,22701,4,4,2,0,0,0,2,0,2,1
11A207,19,40200,4,1,0,2,3,223,2,27,7,5,1,1,1,1,1,1,2,1,2,1,2,1,2,2,2,2,1,0,1,2,2,1,1,2,1,2,2,2,2,2,2,2,2,0,2,1,2,1,3,1,2,1,1,1,3,20,2,1,2,45,2,0,3,4,1,0,1,2,1,2,2,2,2,0,1,1,1,1,1,1,1,22701,1,2,1,1,2,2,1,4,2,2
12B202,19,40204,4,1,0,1,3,223,1,45,3,3,1,1,2,2,2,2,2,2,0,0,0,0,0,0,0,0,0,0,0,0,0,0,0,0,0,0,0,0,0,0,0,0,0,0,0,0,0,0,0,0,0,0,0,0,0,0,0,0,0,0,0,0,0,0,0,1,2,2,2,2,3,3,3,0,2,0,1,2,2,2,2,30983,4,4,2,0,0,0,2,0,2,1
12B202,19,40204,3,1,0,1,3,223,1,54,4,3,1,1,2,1,2,2,2,2,1,4,2,2,1,2,2,2,2,0,2,1,1,0,0,0,0,0,0,0,0,0,0,0,0,0,0,0,0,0,0,0,0,0,0,0,0,0,0,0,0,30,2,0,2,3,2,0,2,2,2,2,1,1,1,1,1,1,1,1,1,1,1,20656,3,1,1,2,0,0,1,1,2,1
12B202,19,40204,2,1,0,1,3,223,1,49,3,3,1,1,2,2,2,1,2,2,0,0,0,0,0,0,0,0,0,0,0,0,0,0,0,0,0,0,0,0,0,0,0,0,0,0,0,0,0,1,4,2,1,1,2,2,2,0,2,1,2,10,2,0,2,3,2,0,2,2,2,2,2,2,2,0,2,0,1,1,2,1,1,51639,3,3,1,0,0,2,1,1,2,1
12B202,19,40204,1,1,0,5,3,223,1,23,4,2,1,1,2,2,2,2,2,1,0,0,0,0,0,0,0,0,0,0,0,0,0,0,0,0,0,0,0,0,0,0,0,0,0,0,0,0,0,0,0,0,0,0,0,0,0,0,0,0,0,120,2,0,2,4,1,0,2,2,2,2,2,1,1,2,1,1,1,2,2,1,1,63663,3,3,1,0,0,0,2,0,2,1
11B202,19,40205,3,1,0,2,3,223,2,40,7,5,1,1,1,2,2,1,2,2,0,0,0,0,0,0,0,0,0,0,0,0,0,0,0,0,0,0,0,0,0,0,0,0,0,0,0,0,0,1,1,1,1,1,1,1,2,0,2,1,2,120,2,0,4,4,2,0,2,2,2,2,2,2,2,0,2,0,1,2,2,2,2,14113,1,3,1,0,0,2,1,1,2,2
11B202,19,40211,3,1,0,3,3,223,2,22,7,4,1,1,1,2,1,2,2,1,0,0,0,0,0,0,0,0,0,0,0,0,0,2,2,2,2,1,2,2,2,2,2,2,3,50,2,1,2,0,0,0,0,0,0,0,0,0,0,0,0,15,2,0,4,3,1,0,2,2,2,1,2,2,2,0,1,1,1,3,1,1,2,32302,1,3,1,0,2,0,1,2,2,2
11B202,19,40211,4,1,0,1,3,223,1,56,3,3,1,1,1,1,2,2,2,2,2,5,2,2,1,2,2,2,2,0,2,1,1,0,0,0,0,0,0,0,0,0,0,0,0,0,0,0,0,0,0,0,0,0,0,0,0,0,0,0,0,30,2,0,3,3,1,0,2,2,2,2,2,2,2,0,2,0,1,2,2,2,2,8370,1,1,1,2,0,0,1,2,2,1
11B202,19,40211,1,1,0,3,3,223,1,22,3,3,4,1,2,2,1,2,2,2,0,0,0,0,0,0,0,0,0,0,0,0,0,1,4,1,2,2,2,2,2,2,2,2,2,0,2,1,1,0,0,0,0,0,0,0,0,0,0,0,0,20,2,0,3,2,2,0,2,2,2,2,2,2,2,0,1,1,1,1,1,1,2,37668,3,3,1,0,2,0,1,1,1,1
11B202,19,40211,2,1,0,1,3,223,1,38,4,3,1,1,2,2,2,2,2,2,0,0,0,0,0,0,0,0,0,0,0,0,0,0,0,0,0,0,0,0,0,0,0,0,0,0,0,0,0,0,0,0,0,0,0,0,0,0,0,0,0,0,0,0,0,0,0,1,2,2,2,2,2,2,2,0,2,0,1,2,2,1,3,20780,4,4,2,0,0,0,2,0,2,1
11B214,19,40236,2,1,0,1,3,223,1,42,3,3,1,1,2,2,2,2,2,2,0,0,0,0,0,0,0,0,0,0,0,0,0,0,0,0,0,0,0,0,0,0,0,0,0,0,0,0,0,0,0,0,0,0,0,0,0,0,0,0,0,0,0,0,0,0,0,3,2,2,2,2,2,1,2,0,1,1,1,2,2,1,1,16243,4,4,2,0,0,0,2,0,2,1
11B214,19,40236,1,1,0,3,3,223,2,20,7,2,1,1,1,2,1,2,2,1,0,0,0,0,0,0,0,0,0,0,0,0,0,2,4,1,2,2,2,2,2,2,2,2,1,0,1,2,1,0,0,0,0,0,0,0,0,0,0,0,0,10,1,5,2,3,1,0,1,2,2,1,1,1,2,0,1,2,1,2,1,1,1,33664,1,3,1,0,1,0,1,2,2,2
11B214,19,40236,3,1,0,3,3,223,2,36,3,3,1,1,2,2,2,2,2,2,0,0,0,0,0,0,0,0,0,0,0,0,0,0,0,0,0,0,0,0,0,0,0,0,0,0,0,0,0,0,0,0,0,0,0,0,0,0,0,0,0,0,0,0,0,0,0,1,2,2,2,2,1,1,2,0,1,1,1,1,1,1,1,19086,4,4,2,0,0,0,2,0,2,1
11B214,19,40236,4,1,0,1,3,223,1,59,3,2,1,1,2,2,2,2,2,2,0,0,0,0,0,0,0,0,0,0,0,0,0,0,0,0,0,0,0,0,0,0,0,0,0,0,0,0,0,0,0,0,0,0,0,0,0,0,0,0,0,0,0,0,0,0,0,6,2,2,2,2,2,2,1,3,2,0,1,2,2,2,2,6542,4,4,2,0,0,0,2,0,2,1
12A208,19,40241,4,1,0,2,3,223,2,41,7,5,7,1,1,1,2,2,2,1,2,4,2,2,2,1,1,2,3,300,2,1,1,0,0,0,0,0,0,0,0,0,0,0,0,0,0,0,0,0,0,0,0,0,0,0,0,0,0,0,0,30,2,0,3,3,1,0,2,2,2,2,2,1,1,2,1,1,1,1,1,1,1,14965,1,2,1,2,0,0,1,2,0,2
12A208,19,40241,1,1,0,3,3,223,2,28,8,2,1,1,1,1,2,2,2,1,3,1,2,1,2,2,2,2,1,0,1,2,2,0,0,0,0,0,0,0,0,0,0,0,0,0,0,0,0,0,0,0,0,0,0,0,0,0,0,0,0,120,2,0,3,4,1,0,2,2,2,2,2,2,2,0,1,1,1,1,1,1,1,24368,1,2,1,1,0,0,1,3,2,2
12A208,19,40241,2,1,0,2,3,223,2,55,3,3,7,1,1,2,2,2,2,2,0,0,0,0,0,0,0,0,0,0,0,0,0,0,0,0,0,0,0,0,0,0,0,0,0,0,0,0,0,0,0,0,0,0,0,0,0,0,0,0,0,0,0,0,0,0,0,5,2,2,2,2,2,2,2,0,2,0,1,2,1,1,1,13701,2,4,2,0,0,0,2,0,0,1
11A208,19,40245,3,1,0,3,3,223,1,39,3,3,1,1,1,2,2,1,2,2,0,0,0,0,0,0,0,0,0,0,0,0,0,0,0,0,0,0,0,0,0,0,0,0,0,0,0,0,0,3,4,2,1,1,1,1,2,0,2,1,2,25,2,0,3,3,2,0,2,2,2,2,2,1,2,0,2,0,1,1,1,1,1,31419,1,3,1,0,0,2,1,3,2,1
11A208,19,40245,4,1,0,2,3,223,2,40,3,3,7,1,1,2,1,2,2,1,0,0,0,0,0,0,0,0,0,0,0,0,0,2,4,2,2,1,2,2,2,2,1,2,2,0,2,1,1,0,0,0,0,0,0,0,0,0,0,0,0,15,2,0,2,3,2,0,2,2,2,2,2,2,2,0,2,0,1,1,1,1,1,12306,1,3,1,0,2,0,1,2,0,1
11A208,19,40245,1,1,0,2,3,223,2,54,2,3,7,1,1,1,2,2,2,2,1,4,2,2,2,1,2,2,2,0,2,1,1,0,0,0,0,0,0,0,0,0,0,0,0,0,0,0,0,0,0,0,0,0,0,0,0,0,0,0,0,10,2,0,1,2,2,0,2,2,2,2,2,1,2,0,2,0,1,2,1,1,2,25385,1,1,1,2,0,0,1,1,0,0
11A208,19,40245,2,1,0,2,3,223,2,56,3,1,1,1,1,2,1,2,2,2,0,0,0,0,0,0,0,0,0,0,0,0,0,2,4,2,2,1,2,2,2,2,1,2,2,0,2,1,1,0,0,0,0,0,0,0,0,0,0,0,0,15,2,0,2,3,2,0,2,2,2,2,2,1,1,2,2,0,1,2,1,2,2,11267,1,3,1,0,2,0,1,2,2,1
11A208,19,40248,3,1,0,3,3,223,1,31,4,2,1,1,1,2,2,1,2,2,0,0,0,0,0,0,0,0,0,0,0,0,0,0,0,0,0,0,0,0,0,0,0,0,0,0,0,0,0,1,4,1,1,1,1,1,2,0,2,1,2,10,1,6,4,3,2,0,2,2,2,2,2,1,1,2,1,1,1,1,1,1,1,38239,1,3,1,0,0,2,1,1,2,1
11A208,19,40248,4,1,0,1,3,223,2,40,3,3,1,1,1,1,2,2,2,1,1,4,2,2,1,2,2,2,3,180,2,1,1,0,0,0,0,0,0,0,0,0,0,0,0,0,0,0,0,0,0,0,0,0,0,0,0,0,0,0,0,20,1,5,1,4,1,0,2,2,2,2,1,1,1,1,1,2,1,1,1,1,1,23212,1,2,1,2,0,0,1,1,2,1
11A208,19,40248,1,1,1,1,3,223,1,39,4,3,1,1,1,1,2,2,2,1,20,1,1,2,2,2,2,2,1,0,1,2,1,0,0,0,0,0,0,0,0,0,0,0,0,0,0,0,0,0,0,0,0,0,0,0,0,0,0,0,0,40,2,0,3,3,1,0,2,2,2,2,2,1,1,2,1,5,1,1,1,1,1,9877,1,2,1,1,0,0,1,20,2,1
11A208,19,40248,2,1,0,1,3,223,2,36,3,3,7,1,1,1,1,2,2,2,2,5,2,2,1,2,2,2,2,0,2,1,1,1,5,2,2,2,2,1,2,2,2,2,2,0,2,1,1,0,0,0,0,0,0,0,0,0,0,0,0,30,2,0,2,2,2,0,2,2,2,2,2,1,1,1,1,1,1,1,1,1,1,30950,1,2,1,2,2,0,1,3,0,1
11B214,19,40280,2,1,0,1,3,223,1,50,2,4,8,1,2,2,2,2,2,2,0,0,0,0,0,0,0,0,0,0,0,0,0,0,0,0,0,0,0,0,0,0,0,0,0,0,0,0,0,0,0,0,0,0,0,0,0,0,0,0,0,0,0,0,0,0,0,5,2,2,2,2,2,2,2,0,2,0,1,2,2,2,2,8501,4,4,2,0,0,0,2,0,0,0
11B214,19,40280,1,1,0,1,3,223,1,27,7,5,1,1,1,1,2,1,2,1,2,3,1,2,2,2,2,2,3,500,1,2,1,0,0,0,0,0,0,0,0,0,0,0,0,0,0,0,0,1,1,2,1,1,1,2,3,25,2,1,1,20,2,0,2,4,2,0,1,1,2,1,1,1,1,2,1,1,1,1,1,1,1,8393,1,2,1,1,0,2,1,3,2,2
11B214,19,40280,4,1,0,1,3,223,2,60,2,6,1,1,2,2,2,2,2,2,0,0,0,0,0,0,0,0,0,0,0,0,0,0,0,0,0,0,0,0,0,0,0,0,0,0,0,0,0,0,0,0,0,0,0,0,0,0,0,0,0,0,0,0,0,0,0,3,2,2,2,2,2,2,2,0,1,2,2,0,0,0,0,6220,4,4,2,0,0,0,2,0,2,0
11B214,19,40280,3,1,0,2,3,223,2,30,3,3,7,1,2,2,2,2,2,2,0,0,0,0,0,0,0,0,0,0,0,0,0,0,0,0,0,0,0,0,0,0,0,0,0,0,0,0,0,0,0,0,0,0,0,0,0,0,0,0,0,0,0,0,0,0,0,1,2,2,2,2,2,2,2,0,2,0,1,2,2,2,2,14749,4,4,2,0,0,0,2,0,0,1
12B214,19,40281,3,1,0,2,3,223,2,63,3,3,1,1,1,1,1,1,2,2,1,5,2,2,1,2,2,2,2,0,2,1,1,2,5,2,2,2,2,1,2,2,2,2,2,0,2,1,1,1,4,1,2,1,1,1,2,0,2,1,1,40,2,0,2,4,2,0,2,2,2,2,1,1,1,2,1,1,1,1,1,1,1,14003,1,2,1,2,2,2,1,4,2,1
12B214,19,40281,1,1,0,3,3,223,1,20,7,1,6,1,1,1,1,2,2,2,1,5,2,2,1,2,2,2,3,300,2,1,1,1,5,2,2,2,2,1,2,2,2,2,2,0,2,1,1,0,0,0,0,0,0,0,0,0,0,0,0,30,2,0,2,3,1,0,2,2,1,1,1,1,1,2,1,1,1,1,1,1,1,35390,1,2,1,2,2,0,1,2,1,2
12B214,19,40281,2,1,0,1,3,223,1,53,4,3,4,1,2,2,2,2,2,2,0,0,0,0,0,0,0,0,0,0,0,0,0,0,0,0,0,0,0,0,0,0,0,0,0,0,0,0,0,0,0,0,0,0,0,0,0,0,0,0,0,0,0,0,0,0,0,2,2,2,2,2,2,2,2,0,2,0,1,2,2,2,2,9568,4,4,2,0,0,0,2,0,1,1
13B214,19,40282,3,1,0,1,3,223,2,25,4,2,1,1,2,2,2,2,2,1,0,0,0,0,0,0,0,0,0,0,0,0,0,0,0,0,0,0,0,0,0,0,0,0,0,0,0,0,0,0,0,0,0,0,0,0,0,0,0,0,0,10,2,0,4,3,1,0,2,2,2,2,2,1,2,0,2,0,1,1,1,1,1,10280,3,3,1,0,0,0,2,0,2,1
13B214,19,40282,4,1,0,1,3,223,2,48,7,4,1,1,1,1,1,1,2,1,5,2,1,1,1,2,1,2,2,0,1,1,1,5,3,2,2,1,2,1,1,2,2,2,3,50,1,1,1,1,4,1,2,2,2,2,2,0,2,1,4,40,2,0,3,4,1,0,1,2,2,1,2,1,1,1,1,1,1,2,1,1,2,39067,1,2,1,3,3,2,1,11,2,2
13B214,19,40282,1,1,0,2,3,223,2,43,3,3,7,1,1,2,2,2,2,1,0,0,0,0,0,0,0,0,0,0,0,0,0,0,0,0,0,0,0,0,0,0,0,0,0,0,0,0,0,0,0,0,0,0,0,0,0,0,0,0,0,10,1,3,2,4,2,0,2,2,2,2,1,1,1,2,1,1,1,1,1,1,2,18940,1,3,1,0,0,0,2,0,0,1
13B214,19,40282,2,1,0,1,3,223,1,34,8,2,1,1,1,1,2,1,2,1,3,3,2,1,1,1,2,2,3,300,2,1,1,0,0,0,0,0,0,0,0,0,0,0,0,0,0,0,0,1,3,2,2,1,1,1,2,0,2,1,1,15,1,6,4,4,1,0,2,1,2,2,1,1,1,2,1,2,1,1,1,1,1,35100,1,2,1,2,0,2,1,4,2,2
12B214,19,40284,2,1,0,1,3,223,2,69,2,6,7,1,1,1,2,2,2,2,1,6,2,2,1,2,2,2,3,50,2,1,1,0,0,0,0,0,0,0,0,0,0,0,0,0,0,0,0,0,0,0,0,0,0,0,0,0,0,0,0,10,2,0,2,3,2,0,2,2,2,2,2,2,2,0,1,1,1,2,2,2,2,8657,1,1,1,2,0,0,1,1,0,0
12B214,19,40284,1,1,0,2,3,223,2,73,6,3,7,1,1,1,1,2,2,1,2,4,2,2,2,2,1,2,2,0,2,1,1,3,4,2,2,1,2,2,2,2,2,2,3,100,2,1,1,0,0,0,0,0,0,0,0,0,0,0,0,20,1,7,2,3,1,0,1,2,2,2,2,1,1,1,1,1,1,1,1,1,1,17314,1,2,1,2,2,0,1,5,0,1
12A208,19,40292,4,1,0,1,3,223,2,72,7,5,8,1,1,2,1,2,2,2,0,0,0,0,0,0,0,0,0,0,0,0,0,1,5,2,2,2,2,1,2,2,2,2,3,35,2,1,1,0,0,0,0,0,0,0,0,0,0,0,0,60,2,0,2,2,1,0,2,2,2,2,2,1,1,1,1,1,1,2,1,1,2,15465,1,3,1,0,2,0,1,1,0,2
12A208,19,40292,2,1,0,1,3,223,2,68,2,6,7,1,2,2,2,2,2,2,0,0,0,0,0,0,0,0,0,0,0,0,0,0,0,0,0,0,0,0,0,0,0,0,0,0,0,0,0,0,0,0,0,0,0,0,0,0,0,0,0,0,0,0,0,0,0,1,2,2,2,2,2,1,2,0,2,0,1,1,1,1,2,7732,4,4,2,0,0,0,2,0,0,0
12A208,19,40292,3,1,0,1,3,223,1,33,7,5,1,1,1,1,2,2,2,1,3,1,1,2,2,2,2,2,2,0,2,1,1,0,0,0,0,0,0,0,0,0,0,0,0,0,0,0,0,0,0,0,0,0,0,0,0,0,0,0,0,60,2,0,3,3,1,0,2,2,2,2,2,1,2,0,1,2,1,1,1,1,1,16311,1,2,1,2,0,0,1,3,2,2
12A208,19,40292,1,1,0,2,3,223,2,63,6,3,7,1,1,1,2,2,2,2,1,5,2,2,1,2,2,2,2,0,2,1,1,0,0,0,0,0,0,0,0,0,0,0,0,0,0,0,0,0,0,0,0,0,0,0,0,0,0,0,0,90,2,0,3,3,1,0,2,2,2,2,2,1,1,2,2,0,1,2,1,2,1,12087,1,1,1,2,0,0,1,1,0,1
13A208,19,40293,4,1,0,1,3,223,1,45,8,2,1,1,1,1,2,1,2,2,2,1,2,1,2,2,2,2,2,0,2,1,2,0,0,0,0,0,0,0,0,0,0,0,0,0,0,0,0,1,1,1,1,1,1,1,3,25,2,1,1,30,2,0,2,4,2,0,2,2,2,2,1,1,1,2,1,1,1,1,1,1,1,22918,1,2,1,2,0,2,1,3,2,2
13A208,19,40293,3,1,0,1,3,223,1,55,4,3,1,1,1,2,2,1,2,2,0,0,0,0,0,0,0,0,0,0,0,0,0,0,0,0,0,0,0,0,0,0,0,0,0,0,0,0,0,1,4,1,1,1,1,1,3,25,2,1,1,20,2,0,2,3,2,0,2,2,2,2,2,2,2,0,2,0,1,2,2,2,2,9417,1,3,1,0,0,2,1,1,2,1
13A208,19,40293,1,1,0,1,3,223,1,44,6,3,1,1,1,2,2,1,2,2,0,0,0,0,0,0,0,0,0,0,0,0,0,0,0,0,0,0,0,0,0,0,0,0,0,0,0,0,0,1,4,1,1,1,1,1,3,30,2,1,1,25,2,0,2,3,2,0,2,2,2,2,2,1,2,0,2,0,1,1,1,1,1,23380,1,3,1,0,0,2,1,1,2,1
12B214,19,40370,1,1,0,1,3,223,1,58,3,3,1,1,1,2,1,2,2,1,0,0,0,0,0,0,0,0,0,0,0,0,0,4,3,2,1,2,2,2,2,1,2,2,1,0,1,2,2,0,0,0,0,0,0,0,0,0,0,0,0,30,2,0,2,3,1,0,2,2,2,2,2,2,2,0,1,1,1,2,1,1,1,15366,1,3,1,0,1,0,1,4,2,1
12B214,19,40370,3,1,0,1,3,223,1,55,3,3,1,1,1,2,1,1,2,2,0,0,0,0,0,0,0,0,0,0,0,0,0,1,4,2,2,2,2,2,2,2,1,2,3,10,2,1,1,2,3,2,2,2,2,2,3,20,2,1,1,60,1,5,2,3,2,0,2,1,2,2,1,2,2,0,1,1,1,1,1,1,1,7683,1,3,1,0,2,2,1,3,2,1
12B214,19,40370,4,1,0,1,3,223,1,78,4,3,8,1,2,2,2,2,2,2,0,0,0,0,0,0,0,0,0,0,0,0,0,0,0,0,0,0,0,0,0,0,0,0,0,0,0,0,0,0,0,0,0,0,0,0,0,0,0,0,0,0,0,0,0,0,0,4,2,2,2,2,2,2,2,0,2,0,1,2,1,1,2,17740,4,4,2,0,0,0,2,0,0,1
12B214,19,40370,2,1,0,5,3,223,1,18,4,1,6,1,2,2,1,2,1,2,0,0,0,0,0,0,0,0,0,0,0,0,0,1,4,2,2,2,1,2,2,2,2,2,2,0,2,1,1,0,0,0,0,0,0,0,0,0,0,0,0,30,2,0,3,2,1,0,2,2,2,2,2,2,1,2,1,1,1,1,2,1,2,57627,3,3,1,0,2,0,1,1,1,1
13B214,19,40371,2,1,0,1,3,223,2,68,2,6,8,1,1,2,2,2,2,2,0,0,0,0,0,0,0,0,0,0,0,0,0,0,0,0,0,0,0,0,0,0,0,0,0,0,0,0,0,0,0,0,0,0,0,0,0,0,0,0,0,0,0,0,0,0,0,1,2,2,2,2,2,2,2,0,2,0,1,1,1,1,1,20388,2,4,2,0,0,0,2,0,0,0
13B214,19,40371,3,1,0,2,3,223,2,53,6,3,7,1,1,2,2,2,2,1,0,0,0,0,0,0,0,0,0,0,0,0,0,0,0,0,0,0,0,0,0,0,0,0,0,0,0,0,0,0,0,0,0,0,0,0,0,0,0,0,0,60,2,0,3,4,1,0,2,2,2,2,1,1,3,0,1,2,1,3,1,3,1,26925,1,3,1,0,0,0,2,0,0,1
13B214,19,40371,1,1,0,2,3,223,2,38,4,2,1,1,1,2,1,1,2,1,0,0,0,0,0,0,0,0,0,0,0,0,0,5,4,2,2,2,1,2,2,1,2,2,2,0,2,1,5,7,3,1,2,1,1,1,1,0,1,2,1,20,2,0,4,2,1,0,1,2,2,2,1,1,1,2,1,4,1,1,1,1,1,26106,1,3,1,0,2,1,1,12,2,1
13A208,19,40384,1,1,0,2,3,223,2,58,3,3,7,1,2,2,2,2,2,2,0,0,0,0,0,0,0,0,0,0,0,0,0,0,0,0,0,0,0,0,0,0,0,0,0,0,0,0,0,0,0,0,0,0,0,0,0,0,0,0,0,0,0,0,0,0,0,1,2,2,2,2,2,1,2,0,1,1,1,2,2,2,2,36086,4,4,2,0,0,0,2,0,0,1
13A208,19,40384,2,1,0,2,3,223,2,52,6,2,1,1,1,2,2,2,2,2,0,0,0,0,0,0,0,0,0,0,0,0,0,0,0,0,0,0,0,0,0,0,0,0,0,0,0,0,0,0,0,0,0,0,0,0,0,0,0,0,0,0,0,0,0,0,0,2,2,2,2,2,2,2,2,0,2,0,1,2,1,1,1,30487,2,4,2,0,0,0,2,0,2,1
13A208,19,40384,4,1,0,2,3,223,2,55,3,3,7,1,1,2,2,2,2,2,0,0,0,0,0,0,0,0,0,0,0,0,0,0,0,0,0,0,0,0,0,0,0,0,0,0,0,0,0,0,0,0,0,0,0,0,0,0,0,0,0,0,0,0,0,0,0,1,2,2,2,2,2,2,2,0,2,0,1,2,1,1,1,36086,2,4,2,0,0,0,2,0,0,1
12A208,19,40386,3,1,0,1,3,223,2,58,2,6,7,1,2,2,2,2,2,2,0,0,0,0,0,0,0,0,0,0,0,0,0,0,0,0,0,0,0,0,0,0,0,0,0,0,0,0,0,0,0,0,0,0,0,0,0,0,0,0,0,0,0,0,0,0,0,1,2,2,2,2,2,2,2,0,2,0,1,3,3,3,3,13606,4,4,2,0,0,0,2,0,0,0
12A208,19,40386,1,1,0,2,3,223,2,61,2,6,7,1,2,2,2,2,2,2,0,0,0,0,0,0,0,0,0,0,0,0,0,0,0,0,0,0,0,0,0,0,0,0,0,0,0,0,0,0,0,0,0,0,0,0,0,0,0,0,0,0,0,0,0,0,0,2,2,2,2,2,2,2,2,0,2,0,1,2,2,2,2,27213,4,4,2,0,0,0,2,0,0,0
12A208,19,40386,4,1,0,2,3,223,2,63,2,6,7,1,2,2,2,2,2,2,0,0,0,0,0,0,0,0,0,0,0,0,0,0,0,0,0,0,0,0,0,0,0,0,0,0,0,0,0,0,0,0,0,0,0,0,0,0,0,0,0,0,0,0,0,0,0,3,2,2,2,2,2,2,2,0,2,0,1,2,2,2,2,27213,4,4,2,0,0,0,2,0,0,0
12A208,19,40386,2,1,0,1,3,223,1,46,6,3,1,1,2,2,2,1,2,2,0,0,0,0,0,0,0,0,0,0,0,0,0,0,0,0,0,0,0,0,0,0,0,0,0,0,0,0,0,1,4,2,1,2,2,2,3,20,2,1,2,10,2,0,2,3,2,0,2,2,2,2,2,2,2,0,2,0,1,2,2,2,1,9298,3,3,1,0,0,2,1,1,2,1
13B213,19,40426,1,1,0,1,3,223,1,44,7,5,1,1,1,1,2,2,2,1,2,4,2,2,2,1,2,2,3,200,2,1,1,0,0,0,0,0,0,0,0,0,0,0,0,0,0,0,0,0,0,0,0,0,0,0,0,0,0,0,0,20,1,6,4,3,1,0,1,2,2,2,1,1,1,2,1,5,1,1,2,1,1,23585,1,2,1,2,0,0,1,2,2,2
13B213,19,40426,2,1,0,1,3,223,2,51,6,2,1,1,1,1,1,2,2,1,2,1,2,1,1,2,2,2,2,0,1,1,1,8,6,2,2,1,1,1,2,2,2,2,3,300,2,1,1,0,0,0,0,0,0,0,0,0,0,0,0,30,1,3,1,2,1,0,1,2,2,1,2,1,1,2,1,1,1,2,2,2,1,19055,1,2,1,3,2,0,1,10,2,1
13B201,19,40428,1,1,0,2,3,223,2,48,7,5,1,1,1,2,2,2,2,1,0,0,0,0,0,0,0,0,0,0,0,0,0,0,0,0,0,0,0,0,0,0,0,0,0,0,0,0,0,0,0,0,0,0,0,0,0,0,0,0,0,60,1,6,3,3,1,0,2,2,2,2,1,1,1,1,1,5,1,1,1,1,2,18564,1,3,1,0,0,0,2,0,2,2
13B201,19,40432,1,1,0,1,3,223,1,46,7,3,1,1,1,1,2,2,2,1,2,3,2,2,2,2,1,2,2,0,2,1,1,0,0,0,0,0,0,0,0,0,0,0,0,0,0,0,0,0,0,0,0,0,0,0,0,0,0,0,0,40,2,0,2,3,2,0,2,2,2,2,2,1,1,2,1,2,1,1,1,1,1,21997,1,2,1,2,0,0,1,2,2,2
13B201,19,40432,3,1,0,1,3,223,1,56,7,1,1,1,1,1,2,2,2,1,2,3,2,2,2,2,1,2,2,0,1,2,1,0,0,0,0,0,0,0,0,0,0,0,0,0,0,0,0,0,0,0,0,0,0,0,0,0,0,0,0,40,2,0,2,4,2,0,2,2,2,2,1,1,1,2,1,1,1,1,1,1,1,27117,1,2,1,1,0,0,1,2,2,2
12B215,19,40464,1,1,0,1,3,223,1,50,7,5,1,1,1,2,1,2,2,1,0,0,0,0,0,0,0,0,0,0,0,0,0,2,3,2,2,2,2,2,2,1,2,2,3,120,2,1,1,0,0,0,0,0,0,0,0,0,0,0,0,30,2,0,3,3,2,0,1,2,2,1,1,2,2,0,1,1,1,1,1,1,2,18620,1,3,1,0,2,0,1,2,2,2
12B215,19,40464,2,1,0,1,3,223,1,61,7,4,1,1,1,2,2,2,2,1,0,0,0,0,0,0,0,0,0,0,0,0,0,0,0,0,0,0,0,0,0,0,0,0,0,0,0,0,0,0,0,0,0,0,0,0,0,0,0,0,0,60,2,0,2,2,2,0,2,2,2,2,2,2,2,0,1,1,1,1,1,2,2,30605,1,3,1,0,0,0,2,0,2,2
12B215,19,40464,3,1,0,2,3,223,2,54,4,2,7,1,1,2,2,2,2,1,0,0,0,0,0,0,0,0,0,0,0,0,0,0,0,0,0,0,0,0,0,0,0,0,0,0,0,0,0,0,0,0,0,0,0,0,0,0,0,0,0,5,2,0,2,2,2,0,2,2,2,2,2,1,2,0,2,0,1,2,1,1,1,15348,1,3,1,0,0,0,2,0,0,1
12B215,19,40464,4,1,0,2,3,223,2,31,4,2,1,1,1,1,2,2,2,1,1,4,2,2,1,2,2,2,3,150,2,1,1,0,0,0,0,0,0,0,0,0,0,0,0,0,0,0,0,0,0,0,0,0,0,0,0,0,0,0,0,30,2,0,2,3,1,0,2,2,2,2,2,2,2,0,2,0,1,2,1,2,1,16154,1,2,1,2,0,0,1,1,2,1
11B215,19,40470,1,1,0,2,3,223,2,53,2,6,1,1,2,2,2,2,2,2,0,0,0,0,0,0,0,0,0,0,0,0,0,0,0,0,0,0,0,0,0,0,0,0,0,0,0,0,0,0,0,0,0,0,0,0,0,0,0,0,0,0,0,0,0,0,0,3,2,2,2,2,2,2,2,0,2,0,1,1,1,1,1,14304,4,4,2,0,0,0,2,0,2,0
11B215,19,40470,2,1,0,1,3,223,1,49,3,3,1,1,1,2,2,1,2,2,0,0,0,0,0,0,0,0,0,0,0,0,0,0,0,0,0,0,0,0,0,0,0,0,0,0,0,0,0,1,4,1,1,1,1,1,3,30,2,1,2,30,2,0,2,2,2,0,2,2,2,2,2,2,2,0,2,0,1,1,1,1,1,34708,1,3,1,0,0,2,1,1,2,1
11B215,19,40470,3,1,0,3,3,223,1,19,4,3,1,1,2,1,2,2,2,2,1,4,2,2,2,2,1,2,2,0,2,1,1,0,0,0,0,0,0,0,0,0,0,0,0,0,0,0,0,0,0,0,0,0,0,0,0,0,0,0,0,30,2,0,2,3,2,0,2,2,2,2,2,2,2,0,2,0,1,2,2,2,2,32092,3,1,1,2,0,0,1,1,2,1
11B215,19,40470,4,1,0,1,3,223,2,49,4,3,1,1,1,2,1,1,2,2,0,0,0,0,0,0,0,0,0,0,0,0,0,4,4,2,1,2,2,2,2,2,2,2,3,270,2,1,1,2,4,1,2,1,2,2,3,50,2,1,1,45,2,0,2,3,2,0,2,2,2,2,1,1,1,2,2,0,1,1,1,1,1,7152,1,3,1,0,2,2,1,6,2,1
13B201,19,40474,2,1,0,3,3,223,2,48,4,2,1,1,2,2,1,2,2,1,0,0,0,0,0,0,0,0,0,0,0,0,0,2,4,1,2,2,2,2,2,2,2,2,2,0,2,1,5,0,0,0,0,0,0,0,0,0,0,0,0,20,2,0,2,1,2,0,2,2,2,2,2,1,2,0,1,2,1,1,1,1,1,58788,3,3,1,0,2,0,1,2,2,1
13B201,19,40474,1,1,2,1,3,223,1,30,7,5,1,1,1,1,1,1,2,1,6,4,1,1,2,2,1,2,2,0,1,1,1,3,3,2,1,2,2,2,2,1,2,2,1,0,1,2,1,3,3,1,2,2,2,1,3,50,2,1,1,60,2,0,3,3,1,0,1,2,2,1,2,1,1,1,1,1,1,2,1,2,2,28170,1,2,1,3,1,2,1,12,2,2
11B201,19,40479,3,1,0,1,3,223,2,44,3,3,1,1,1,1,1,2,2,2,1,5,2,2,1,2,2,2,2,0,2,1,1,1,5,2,2,2,2,1,2,2,2,2,2,0,2,1,1,0,0,0,0,0,0,0,0,0,0,0,0,30,2,0,2,3,2,0,2,2,2,2,2,2,2,0,2,0,1,2,2,2,2,15329,1,2,1,2,2,0,1,2,2,1
11B201,19,40479,2,1,0,2,3,223,2,33,3,3,1,1,2,2,2,2,2,2,0,0,0,0,0,0,0,0,0,0,0,0,0,0,0,0,0,0,0,0,0,0,0,0,0,0,0,0,0,0,0,0,0,0,0,0,0,0,0,0,0,0,0,0,0,0,0,3,2,2,2,2,2,2,2,0,2,0,1,2,1,1,1,16640,4,4,2,0,0,0,2,0,2,1
12B201,19,40480,3,1,0,1,3,223,1,55,6,3,1,1,1,1,2,2,2,1,1,1,2,1,2,2,2,2,3,250,2,1,1,0,0,0,0,0,0,0,0,0,0,0,0,0,0,0,0,0,0,0,0,0,0,0,0,0,0,0,0,20,2,0,4,3,2,0,2,2,2,2,1,1,1,1,2,0,1,2,1,1,1,15597,1,2,1,2,0,0,1,1,2,1
12B201,19,40480,2,1,0,3,3,223,1,43,4,3,1,1,1,1,1,2,2,1,3,3,2,2,2,1,2,2,1,0,1,1,1,2,4,1,2,2,2,2,2,2,1,2,2,0,2,1,1,0,0,0,0,0,0,0,0,0,0,0,0,60,2,0,2,4,2,0,1,2,2,2,1,1,2,0,2,0,1,3,1,1,1,29041,1,2,1,3,2,0,1,5,2,1
12B201,19,40480,1,1,0,2,3,223,2,37,4,3,1,1,2,2,2,2,2,1,0,0,0,0,0,0,0,0,0,0,0,0,0,0,0,0,0,0,0,0,0,0,0,0,0,0,0,0,0,0,0,0,0,0,0,0,0,0,0,0,0,40,1,3,4,3,2,0,1,2,2,2,1,2,2,0,1,1,1,3,1,1,1,15167,3,3,1,0,0,0,2,0,2,1
11B214,19,40499,3,1,0,1,3,223,1,28,7,4,1,1,2,1,2,2,2,2,1,4,2,2,2,1,2,2,3,150,2,1,1,0,0,0,0,0,0,0,0,0,0,0,0,0,0,0,0,0,0,0,0,0,0,0,0,0,0,0,0,30,2,0,2,4,2,0,1,2,2,2,1,1,2,0,2,0,1,1,1,1,1,20488,3,1,1,2,0,0,1,1,2,2
11B214,19,40499,1,1,0,1,3,223,2,27,3,3,7,1,1,1,2,2,2,2,1,5,2,2,1,2,2,2,3,600,2,1,1,0,0,0,0,0,0,0,0,0,0,0,0,0,0,0,0,0,0,0,0,0,0,0,0,0,0,0,0,30,2,0,2,1,2,0,2,2,2,2,2,1,2,0,2,0,1,1,1,1,1,9001,1,1,1,2,0,0,1,1,0,1
11B214,19,40499,2,1,0,1,3,223,1,25,4,3,3,1,1,2,1,2,2,1,0,0,0,0,0,0,0,0,0,0,0,0,0,1,4,2,2,2,1,2,2,2,2,2,2,0,2,1,5,0,0,0,0,0,0,0,0,0,0,0,0,35,2,0,2,1,2,0,2,2,2,2,1,1,1,2,1,1,1,1,1,1,1,20488,1,3,1,0,2,0,1,1,2,1
13B215,19,40509,2,1,0,1,3,223,1,41,3,3,1,1,1,2,1,1,2,2,0,0,0,0,0,0,0,0,0,0,0,0,0,4,4,2,2,2,2,2,2,2,1,2,3,100,2,1,1,3,3,1,1,1,1,1,3,30,2,1,1,30,2,0,2,2,2,0,2,1,2,2,2,1,1,1,2,0,1,2,1,1,1,47885,1,3,1,0,2,2,1,7,2,1
13B215,19,40509,4,1,0,2,3,223,2,40,7,4,1,1,2,1,2,1,2,1,2,4,2,2,1,2,2,2,2,0,2,1,1,0,0,0,0,0,0,0,0,0,0,0,0,0,0,0,0,1,3,1,1,1,1,1,2,0,2,1,2,60,2,0,2,3,1,0,1,1,2,1,2,2,2,0,2,0,1,1,1,1,1,18756,3,2,1,2,0,2,1,3,2,2
13B215,19,40509,1,1,0,1,3,223,2,49,7,5,1,1,2,2,2,2,2,1,0,0,0,0,0,0,0,0,0,0,0,0,0,0,0,0,0,0,0,0,0,0,0,0,0,0,0,0,0,0,0,0,0,0,0,0,0,0,0,0,0,20,2,0,2,4,2,0,2,2,2,2,1,1,1,2,1,1,1,3,1,1,1,9672,3,3,1,0,0,0,2,0,2,2
13B215,19,40512,3,1,0,3,3,223,1,40,4,2,1,1,1,1,1,1,1,1,2,1,2,2,2,2,1,2,3,500,2,1,1,5,1,2,1,2,2,2,2,2,2,2,1,0,1,1,2,5,1,1,1,1,1,2,1,0,1,2,2,120,2,0,2,3,1,0,1,1,2,1,2,2,2,0,1,1,1,2,1,1,1,22223,1,2,1,2,3,1,1,12,2,1
13B215,19,40512,4,1,0,1,3,223,2,57,3,3,1,1,2,2,2,2,2,1,0,0,0,0,0,0,0,0,0,0,0,0,0,0,0,0,0,0,0,0,0,0,0,0,0,0,0,0,0,0,0,0,0,0,0,0,0,0,0,0,0,60,2,0,2,2,1,0,2,2,2,2,1,1,2,0,1,2,1,2,1,1,1,15939,3,3,1,0,0,0,2,0,2,1
13B215,19,40512,2,1,0,4,3,223,1,22,7,5,1,1,1,1,1,2,2,1,15,4,2,2,1,1,1,2,1,0,1,2,1,1,3,2,1,2,2,2,2,2,2,2,1,0,1,2,1,0,0,0,0,0,0,0,0,0,0,0,0,180,1,5,4,4,1,0,1,2,1,1,1,1,1,2,1,5,1,1,1,1,1,53712,1,2,1,1,1,0,1,16,2,2
12B215,19,40513,4,1,0,3,3,223,1,28,3,3,1,1,1,2,1,2,2,1,0,0,0,0,0,0,0,0,0,0,0,0,0,5,4,1,2,2,2,2,2,2,1,2,1,0,1,2,2,0,0,0,0,0,0,0,0,0,0,0,0,30,2,0,2,4,1,0,2,2,2,2,1,1,1,2,1,1,1,1,1,1,1,32444,1,3,1,0,1,0,1,5,2,1
12B215,19,40513,2,1,0,2,3,223,2,48,6,2,7,1,1,2,2,2,2,1,0,0,0,0,0,0,0,0,0,0,0,0,0,0,0,0,0,0,0,0,0,0,0,0,0,0,0,0,0,0,0,0,0,0,0,0,0,0,0,0,0,10,2,0,3,3,1,0,2,2,2,2,1,1,1,1,2,0,1,1,1,1,1,27083,1,3,1,0,0,0,2,0,0,1
12B215,19,40513,1,1,0,1,3,223,1,32,3,3,1,1,2,2,2,1,2,1,0,0,0,0,0,0,0,0,0,0,0,0,0,0,0,0,0,0,0,0,0,0,0,0,0,0,0,0,0,1,3,1,1,2,2,2,3,25,2,1,1,20,2,0,2,2,2,0,1,2,2,2,2,1,2,0,1,1,1,2,2,2,2,8110,3,3,1,0,0,2,1,1,2,1
12B215,19,40515,3,1,0,1,3,223,1,40,3,3,1,1,1,1,1,1,1,1,1,3,2,2,2,2,1,2,1,0,1,2,1,2,3,2,1,2,2,2,2,2,2,2,1,0,1,2,1,2,3,1,1,1,2,1,3,50,2,1,1,30,2,0,2,3,1,0,2,1,2,2,2,2,2,0,1,1,1,2,1,1,1,23056,1,2,1,1,1,2,1,5,2,1
12B215,19,40515,4,1,0,3,3,223,2,19,4,3,1,1,1,1,1,2,1,1,2,4,2,2,2,1,2,2,1,0,1,2,1,3,4,2,2,1,2,2,2,2,2,2,1,0,1,2,1,0,0,0,0,0,0,0,0,0,0,0,0,30,2,0,3,2,2,0,2,2,2,2,1,1,1,2,1,1,1,1,1,1,1,35839,1,2,1,1,1,0,1,5,2,1
12B215,19,40515,1,1,0,1,3,223,1,60,4,3,1,1,1,1,2,2,2,1,2,4,2,2,2,1,2,2,1,0,1,2,1,0,0,0,0,0,0,0,0,0,0,0,0,0,0,0,0,0,0,0,0,0,0,0,0,0,0,0,0,60,2,0,2,2,1,0,2,2,2,1,2,1,2,0,1,1,1,1,1,1,2,9287,1,2,1,1,0,0,1,2,2,1
11B215,19,40558,1,1,0,1,3,223,2,72,6,1,7,1,2,2,2,2,2,2,0,0,0,0,0,0,0,0,0,0,0,0,0,0,0,0,0,0,0,0,0,0,0,0,0,0,0,0,0,0,0,0,0,0,0,0,0,0,0,0,0,0,0,0,0,0,0,1,2,2,2,2,2,2,2,0,2,0,1,1,1,1,2,6119,4,4,2,0,0,0,2,0,0,1
11B215,19,40558,2,1,0,4,3,223,2,25,7,3,1,1,1,1,2,2,2,2,2,4,2,2,1,2,2,2,3,390,2,1,2,0,0,0,0,0,0,0,0,0,0,0,0,0,0,0,0,0,0,0,0,0,0,0,0,0,0,0,0,20,2,0,2,3,2,0,1,2,2,2,2,2,2,0,2,0,1,2,1,2,2,22681,1,1,1,2,0,0,1,2,2,2
11B215,19,40558,4,1,0,1,3,223,1,34,7,5,1,1,1,1,2,2,2,1,5,4,2,1,2,2,2,2,3,1200,2,1,1,0,0,0,0,0,0,0,0,0,0,0,0,0,0,0,0,0,0,0,0,0,0,0,0,0,0,0,0,60,2,0,2,3,1,0,1,2,2,2,2,2,1,2,1,1,1,1,1,1,1,12907,1,2,1,2,0,0,1,5,2,2
11B215,19,40558,3,1,0,1,3,223,2,74,2,2,8,1,2,2,2,2,2,2,0,0,0,0,0,0,0,0,0,0,0,0,0,0,0,0,0,0,0,0,0,0,0,0,0,0,0,0,0,0,0,0,0,0,0,0,0,0,0,0,0,0,0,0,0,0,0,5,2,2,2,2,2,1,2,0,2,0,1,2,1,1,2,18357,4,4,2,0,0,0,2,0,0,0
12B215,19,40562,1,1,0,1,3,223,1,73,3,3,8,1,1,1,1,1,2,2,4,4,2,2,2,1,2,2,3,320,2,1,1,12,3,1,1,2,1,2,2,1,2,2,3,840,2,1,1,7,3,2,1,1,2,2,3,140,2,1,1,20,2,0,2,4,2,0,2,2,2,2,2,1,2,0,1,1,1,1,1,1,1,18531,1,2,1,2,2,2,1,23,0,1
12B215,19,40562,2,1,0,1,3,223,1,78,4,1,1,1,1,1,2,2,2,2,2,3,2,2,2,1,2,2,3,1200,2,1,1,0,0,0,0,0,0,0,0,0,0,0,0,0,0,0,0,0,0,0,0,0,0,0,0,0,0,0,0,90,2,0,2,3,1,0,2,1,2,1,1,1,1,1,1,1,1,1,1,1,1,55596,1,1,1,2,0,0,1,2,2,1
12B215,19,40562,3,1,0,1,3,223,1,70,6,3,1,1,1,2,1,2,2,1,0,0,0,0,0,0,0,0,0,0,0,0,0,4,1,2,2,2,2,2,1,2,2,2,2,0,2,1,2,0,0,0,0,0,0,0,0,0,0,0,0,15,2,0,4,4,1,0,2,2,2,2,2,1,1,1,1,1,1,2,1,1,1,18531,1,3,1,0,2,0,1,4,2,1
12B215,19,40562,4,1,0,1,3,223,2,56,7,2,1,1,1,1,2,2,2,2,1,4,2,2,2,1,2,2,2,0,2,1,1,0,0,0,0,0,0,0,0,0,0,0,0,0,0,0,0,0,0,0,0,0,0,0,0,0,0,0,0,30,2,0,3,4,2,0,2,2,2,2,2,2,2,0,2,0,1,1,1,1,1,7146,1,1,1,2,0,0,1,1,2,2
12B201,19,40565,1,1,0,2,3,223,2,36,4,3,1,1,2,2,2,2,2,1,0,0,0,0,0,0,0,0,0,0,0,0,0,0,0,0,0,0,0,0,0,0,0,0,0,0,0,0,0,0,0,0,0,0,0,0,0,0,0,0,0,10,1,7,2,4,1,0,2,2,2,2,1,1,2,0,1,1,1,3,1,1,1,21377,3,3,1,0,0,0,2,0,2,1
12B201,19,40565,3,1,0,2,3,223,2,41,4,2,1,1,1,1,1,1,2,1,3,4,1,2,2,2,1,2,2,0,2,1,1,2,3,2,2,2,2,2,2,1,2,2,2,0,2,1,2,2,3,2,2,1,1,1,1,0,1,2,1,20,2,0,4,3,1,0,1,2,2,2,1,2,2,0,2,0,1,1,1,1,1,28502,1,2,1,2,2,1,1,7,2,1
12B201,19,40565,2,1,1,1,3,223,1,36,3,3,1,1,1,2,1,2,1,1,0,0,0,0,0,0,0,0,0,0,0,0,0,3,4,2,2,2,2,2,2,2,1,2,3,100,2,1,1,0,0,0,0,0,0,0,0,0,0,0,0,60,2,0,2,2,2,0,2,1,2,1,2,2,2,0,2,0,1,2,1,1,2,18192,1,3,1,0,2,0,1,3,2,1
12B201,19,40569,2,1,0,1,3,223,1,35,7,6,1,1,1,2,1,2,2,1,0,0,0,0,0,0,0,0,0,0,0,0,0,2,1,2,2,2,1,2,2,2,2,2,3,200,1,1,2,0,0,0,0,0,0,0,0,0,0,0,0,30,2,0,3,3,1,0,1,1,2,1,2,1,2,0,1,2,1,1,1,1,1,17940,1,3,1,0,3,0,1,2,2,2
12B201,19,40569,1,1,0,3,3,223,2,20,7,1,1,1,1,1,2,2,2,1,1,2,2,1,2,2,2,2,3,150,2,1,1,0,0,0,0,0,0,0,0,0,0,0,0,0,0,0,0,0,0,0,0,0,0,0,0,0,0,0,0,30,2,0,2,3,1,0,2,2,2,2,2,1,1,2,1,1,1,1,1,1,1,37183,1,2,1,2,0,0,1,1,2,2
11B201,19,40571,1,1,0,2,3,223,2,31,3,3,7,1,2,2,2,2,2,2,0,0,0,0,0,0,0,0,0,0,0,0,0,0,0,0,0,0,0,0,0,0,0,0,0,0,0,0,0,0,0,0,0,0,0,0,0,0,0,0,0,0,0,0,0,0,0,3,2,2,2,2,2,2,2,0,2,0,1,2,2,2,2,13604,4,4,2,0,0,0,2,0,0,1
11B201,19,40571,2,1,0,3,3,223,2,45,3,3,7,1,2,2,2,2,2,2,0,0,0,0,0,0,0,0,0,0,0,0,0,0,0,0,0,0,0,0,0,0,0,0,0,0,0,0,0,0,0,0,0,0,0,0,0,0,0,0,0,0,0,0,0,0,0,1,2,2,2,2,1,1,1,2,1,1,1,3,3,1,1,25850,4,4,2,0,0,0,2,0,0,1
11B201,19,40571,3,1,0,2,3,223,1,61,4,2,1,1,2,2,2,2,2,2,0,0,0,0,0,0,0,0,0,0,0,0,0,0,0,0,0,0,0,0,0,0,0,0,0,0,0,0,0,0,0,0,0,0,0,0,0,0,0,0,0,0,0,0,0,0,0,1,2,2,2,2,1,2,2,0,2,0,1,1,2,2,2,12887,4,4,2,0,0,0,2,0,2,1
11B201,19,40571,4,1,0,3,3,223,1,31,4,2,1,1,2,2,2,2,2,2,0,0,0,0,0,0,0,0,0,0,0,0,0,0,0,0,0,0,0,0,0,0,0,0,0,0,0,0,0,0,0,0,0,0,0,0,0,0,0,0,0,0,0,0,0,0,0,1,2,2,2,2,1,1,1,2,1,1,1,1,1,1,1,30966,4,4,2,0,0,0,2,0,2,1
12A207,20,40007,1,1,0,1,31,223,2,35,7,4,1,1,1,2,2,1,2,1,0,0,0,0,0,0,0,0,0,0,0,0,0,0,0,0,0,0,0,0,0,0,0,0,0,0,0,0,0,1,3,2,2,1,2,1,2,0,2,1,1,25,2,0,4,4,2,0,2,2,2,2,1,1,1,2,1,1,1,1,1,1,1,6483,1,3,1,0,0,2,1,1,2,2
12A207,20,40007,2,1,0,2,31,223,1,43,7,5,1,1,1,1,1,1,2,2,25,2,2,1,1,1,1,2,3,6000,1,1,1,4,1,2,1,2,2,2,1,2,2,2,1,0,1,2,1,5,3,2,1,2,1,2,3,150,2,1,1,60,2,0,4,4,1,0,1,2,2,2,2,1,2,0,1,1,1,1,1,1,1,8276,1,2,1,3,1,2,1,34,2,2
11B216,20,40010,2,1,0,1,31,223,1,30,7,5,1,1,1,2,1,1,2,1,0,0,0,0,0,0,0,0,0,0,0,0,0,2,3,1,2,2,2,2,2,1,2,2,2,0,1,1,2,2,3,2,1,2,2,1,2,0,2,1,2,5,2,0,2,3,1,0,1,2,2,2,1,2,2,0,2,0,1,1,2,2,2,29903,1,3,1,0,3,2,1,4,2,2
11B216,20,40010,4,1,0,3,31,223,1,41,0,,7,2,0,0,0,0,0,0,0,0,0,0,0,0,0,0,0,0,0,0,0,0,0,0,0,0,0,0,0,0,0,0,0,0,0,0,0,0,0,0,0,0,0,0,0,0,0,0,0,0,0,0,0,0,0,0,0,0,0,0,0,0,0,0,0,0,0,0,0,0,0,30896,0,0,0,0,0,0,0,0,0,0
11B216,20,40010,1,1,0,1,31,223,2,46,3,3,1,1,2,2,2,2,2,2,0,0,0,0,0,0,0,0,0,0,0,0,0,0,0,0,0,0,0,0,0,0,0,0,0,0,0,0,0,0,0,0,0,0,0,0,0,0,0,0,0,0,0,0,0,0,0,3,2,2,2,2,2,2,2,0,2,0,1,2,1,1,2,8321,4,4,2,0,0,0,2,0,2,1
11B216,20,40010,3,1,0,1,31,223,2,62,7,4,7,1,2,2,2,1,2,1,0,0,0,0,0,0,0,0,0,0,0,0,0,0,0,0,0,0,0,0,0,0,0,0,0,0,0,0,0,1,3,1,2,2,2,1,1,0,1,2,1,15,2,0,4,4,2,0,2,2,2,2,1,1,1,1,2,0,1,1,1,1,1,7387,3,3,1,0,0,1,1,1,0,2
11B213,20,40037,2,1,0,2,31,223,2,50,2,6,2,1,1,2,2,2,2,1,0,0,0,0,0,0,0,0,0,0,0,0,0,0,0,0,0,0,0,0,0,0,0,0,0,0,0,0,0,0,0,0,0,0,0,0,0,0,0,0,0,10,1,5,2,2,1,0,2,2,2,2,2,1,2,0,2,0,1,2,1,2,2,22133,1,3,1,0,0,0,2,0,1,0
11B213,20,40037,4,1,0,1,31,223,1,30,7,5,1,1,1,1,2,2,2,1,8,4,2,2,2,1,1,2,3,1300,2,1,1,0,0,0,0,0,0,0,0,0,0,0,0,0,0,0,0,0,0,0,0,0,0,0,0,0,0,0,0,50,2,0,3,3,1,0,2,2,1,1,2,2,1,2,2,0,1,1,1,1,1,26514,1,2,1,2,0,0,1,8,2,2
11B213,20,40037,3,1,0,1,31,223,2,27,4,3,1,1,1,1,2,2,2,1,2,6,2,1,2,2,2,2,2,0,2,1,1,0,0,0,0,0,0,0,0,0,0,0,0,0,0,0,0,0,0,0,0,0,0,0,0,0,0,0,0,30,2,0,3,3,1,0,2,2,2,1,2,2,2,0,1,1,1,1,1,1,1,11648,1,2,1,2,0,0,1,2,2,1
11B216,20,40042,2,1,0,2,31,223,2,56,3,3,1,1,2,2,2,2,2,2,0,0,0,0,0,0,0,0,0,0,0,0,0,0,0,0,0,0,0,0,0,0,0,0,0,0,0,0,0,0,0,0,0,0,0,0,0,0,0,0,0,0,0,0,0,0,0,3,2,2,2,2,2,2,1,2,2,0,1,2,1,2,2,22464,4,4,2,0,0,0,2,0,2,1
11B216,20,40042,1,1,0,1,31,223,1,47,3,3,1,1,2,2,2,2,2,1,0,0,0,0,0,0,0,0,0,0,0,0,0,0,0,0,0,0,0,0,0,0,0,0,0,0,0,0,0,0,0,0,0,0,0,0,0,0,0,0,0,60,2,0,1,3,1,0,2,2,2,2,2,1,2,0,1,2,1,1,1,1,1,7676,3,3,1,0,0,0,2,0,2,1
11B216,20,40042,3,1,0,2,31,223,2,35,4,2,1,1,2,2,2,2,2,1,0,0,0,0,0,0,0,0,0,0,0,0,0,0,0,0,0,0,0,0,0,0,0,0,0,0,0,0,0,0,0,0,0,0,0,0,0,0,0,0,0,15,2,0,3,3,2,0,2,2,2,2,2,1,2,0,1,1,1,1,1,1,1,12268,3,3,1,0,0,0,2,0,2,1
11B216,20,40042,4,1,0,2,31,223,1,20,4,2,1,1,1,1,1,2,2,1,2,4,2,1,2,1,2,2,3,100,2,1,1,2,3,2,1,2,2,2,2,2,2,2,2,0,2,1,1,0,0,0,0,0,0,0,0,0,0,0,0,60,2,0,3,3,2,0,2,2,2,2,2,1,2,0,2,0,1,1,1,1,1,18925,1,2,1,2,2,0,1,4,2,1
11B202,20,40146,4,1,0,1,31,223,2,53,3,3,1,1,2,2,2,2,2,1,0,0,0,0,0,0,0,0,0,0,0,0,0,0,0,0,0,0,0,0,0,0,0,0,0,0,0,0,0,0,0,0,0,0,0,0,0,0,0,0,0,60,2,0,2,3,2,0,2,2,2,2,2,2,2,0,2,0,1,2,1,2,2,23641,3,3,1,0,0,0,2,0,2,1
11B202,20,40146,3,1,0,1,31,223,2,57,5,4,1,1,1,2,2,2,2,1,0,0,0,0,0,0,0,0,0,0,0,0,0,0,0,0,0,0,0,0,0,0,0,0,0,0,0,0,0,0,0,0,0,0,0,0,0,0,0,0,0,45,2,0,2,3,1,0,2,2,2,2,1,1,2,0,1,5,1,2,1,1,2,13991,1,3,1,0,0,0,2,0,2,1
11B202,20,40146,1,1,0,1,31,223,2,76,3,2,7,1,1,2,2,2,2,2,0,0,0,0,0,0,0,0,0,0,0,0,0,0,0,0,0,0,0,0,0,0,0,0,0,0,0,0,0,0,0,0,0,0,0,0,0,0,0,0,0,0,0,0,0,0,0,3,2,2,2,2,2,2,2,0,2,0,1,2,2,2,2,26852,2,4,2,0,0,0,2,0,0,1
11B202,20,40146,2,1,0,1,31,223,2,36,4,3,1,1,1,2,1,2,2,1,0,0,0,0,0,0,0,0,0,0,0,0,0,3,3,2,2,2,2,2,1,2,2,2,2,0,2,1,1,0,0,0,0,0,0,0,0,0,0,0,0,20,1,7,4,3,1,0,1,2,1,1,2,2,2,0,2,0,1,2,1,2,2,22922,1,3,1,0,2,0,1,3,2,1
12B202,20,40150,2,1,1,1,31,223,2,33,4,2,7,1,2,2,2,1,2,2,0,0,0,0,0,0,0,0,0,0,0,0,0,0,0,0,0,0,0,0,0,0,0,0,0,0,0,0,0,5,3,2,2,2,1,1,1,0,1,2,1,10,2,0,2,4,2,0,2,2,2,2,2,2,2,0,2,0,1,2,1,2,2,7726,3,3,1,0,0,1,1,5,0,1
12B202,20,40150,1,1,0,2,31,223,2,30,4,3,7,1,1,1,2,2,2,2,5,6,2,2,1,1,2,2,1,0,1,1,1,0,0,0,0,0,0,0,0,0,0,0,0,0,0,0,0,0,0,0,0,0,0,0,0,0,0,0,0,30,2,0,4,3,2,0,1,2,1,2,2,1,2,0,1,2,1,1,2,1,2,15451,1,1,1,3,0,0,1,5,0,1
12B202,20,40150,4,1,0,2,31,223,2,39,2,6,1,1,2,2,2,2,2,2,0,0,0,0,0,0,0,0,0,0,0,0,0,0,0,0,0,0,0,0,0,0,0,0,0,0,0,0,0,0,0,0,0,0,0,0,0,0,0,0,0,0,0,0,0,0,0,3,2,2,2,2,2,2,2,0,2,0,1,1,1,1,1,14233,4,4,2,0,0,0,2,0,2,0
12B214,20,40228,1,1,0,1,31,223,2,24,7,4,1,1,1,1,1,2,2,1,10,1,2,1,2,1,1,2,1,0,1,1,1,15,1,2,1,2,1,2,2,1,2,2,1,0,1,1,1,0,0,0,0,0,0,0,0,0,0,0,0,120,1,5,4,4,2,0,1,1,1,1,2,1,1,1,1,4,1,1,1,1,1,17787,1,2,1,3,3,0,1,25,2,2
12B214,20,40228,4,1,0,3,31,223,2,65,6,3,8,1,2,2,1,1,2,1,0,0,0,0,0,0,0,0,0,0,0,0,0,20,4,2,1,1,1,2,2,2,2,2,2,0,1,1,1,1,3,1,1,2,2,2,1,0,1,2,1,10,2,0,2,3,2,0,2,2,2,2,2,2,2,0,2,0,1,2,1,1,2,15751,3,3,1,0,3,1,1,21,0,1
12B214,20,40228,2,1,0,2,31,223,2,41,7,4,1,1,2,1,1,1,2,1,2,3,2,2,2,2,1,2,3,500,1,1,1,4,3,2,2,1,2,2,2,2,2,2,3,300,1,1,1,10,3,1,1,1,1,1,3,200,1,1,1,15,2,0,2,3,2,0,2,1,2,2,1,1,1,2,1,5,1,2,1,2,1,13446,3,2,1,3,3,3,1,16,2,2
11A208,20,40269,3,1,0,1,31,223,1,33,3,3,1,1,1,2,1,2,1,1,0,0,0,0,0,0,0,0,0,0,0,0,0,4,2,2,2,2,2,2,1,2,2,2,1,0,1,2,1,0,0,0,0,0,0,0,0,0,0,0,0,30,1,6,2,2,1,0,2,2,2,2,2,2,2,0,1,1,1,1,1,2,1,28247,1,3,1,0,1,0,1,4,2,1
11A208,20,40269,1,1,0,1,31,223,2,37,7,4,7,1,1,1,1,1,1,1,4,2,1,1,2,1,1,2,1,0,1,1,1,15,4,2,2,1,2,2,2,2,1,2,1,0,1,2,1,1,3,1,2,2,2,1,1,0,1,2,1,45,2,0,3,3,2,0,2,2,2,2,1,2,2,0,1,1,1,1,1,1,1,11431,1,2,1,3,1,1,1,20,0,2
11A208,20,40269,2,1,0,1,31,223,1,39,3,3,1,1,2,2,2,2,2,2,0,0,0,0,0,0,0,0,0,0,0,0,0,0,0,0,0,0,0,0,0,0,0,0,0,0,0,0,0,0,0,0,0,0,0,0,0,0,0,0,0,0,0,0,0,0,0,3,2,2,2,2,2,2,2,0,2,0,1,1,2,2,2,29185,4,4,2,0,0,0,2,0,2,1
11A208,20,40269,4,1,0,3,31,223,1,22,4,3,4,1,2,2,2,2,1,1,0,0,0,0,0,0,0,0,0,0,0,0,0,0,0,0,0,0,0,0,0,0,0,0,0,0,0,0,0,0,0,0,0,0,0,0,0,0,0,0,0,15,2,0,3,3,2,0,2,2,2,2,2,2,2,0,2,0,1,2,1,2,2,88171,3,3,1,0,0,0,2,0,1,1
11B215,20,40328,2,1,0,1,31,223,2,57,2,6,1,1,2,2,2,2,2,2,0,0,0,0,0,0,0,0,0,0,0,0,0,0,0,0,0,0,0,0,0,0,0,0,0,0,0,0,0,0,0,0,0,0,0,0,0,0,0,0,0,0,0,0,0,0,0,5,2,2,2,2,2,1,2,0,2,0,1,2,1,1,2,14064,4,4,2,0,0,0,2,0,2,0
11B215,20,40328,3,1,0,2,31,223,2,22,7,5,1,1,1,2,2,2,2,1,0,0,0,0,0,0,0,0,0,0,0,0,0,0,0,0,0,0,0,0,0,0,0,0,0,0,0,0,0,0,0,0,0,0,0,0,0,0,0,0,0,30,2,0,2,2,1,0,1,1,2,2,2,2,2,0,2,0,1,2,1,2,2,20321,1,3,1,0,0,0,2,0,2,2
11B215,20,40328,1,1,0,2,31,223,2,47,6,2,1,1,1,2,2,2,1,1,0,0,0,0,0,0,0,0,0,0,0,0,0,0,0,0,0,0,0,0,0,0,0,0,0,0,0,0,0,0,0,0,0,0,0,0,0,0,0,0,0,30,1,7,4,3,1,0,2,2,2,2,2,2,2,0,2,0,1,1,1,1,1,15843,1,3,1,0,0,0,2,0,2,1
11B215,20,40358,3,1,0,2,31,223,2,43,8,2,1,1,1,1,2,2,2,1,2,4,2,1,2,1,2,2,3,200,1,1,1,0,0,0,0,0,0,0,0,0,0,0,0,0,0,0,0,0,0,0,0,0,0,0,0,0,0,0,0,120,2,0,2,3,1,0,1,2,2,1,2,2,2,0,2,0,1,2,2,2,2,10072,1,2,1,3,0,0,1,2,2,2
11B215,20,40358,2,1,0,2,31,223,1,29,2,6,1,1,1,1,2,2,2,1,4,4,2,1,1,1,1,2,2,0,1,1,1,0,0,0,0,0,0,0,0,0,0,0,0,0,0,0,0,0,0,0,0,0,0,0,0,0,0,0,0,25,2,0,3,3,2,0,2,1,2,2,2,2,2,0,1,2,1,1,1,1,1,18666,1,2,1,3,0,0,1,4,2,0
11B215,20,40358,1,1,0,1,31,223,1,29,3,3,7,1,1,1,2,2,2,1,17,4,2,1,2,1,2,2,1,0,1,2,1,0,0,0,0,0,0,0,0,0,0,0,0,0,0,0,0,0,0,0,0,0,0,0,0,0,0,0,0,60,2,0,3,3,2,0,2,2,2,2,1,1,2,0,2,0,1,1,1,1,1,12444,1,2,1,1,0,0,1,17,0,1
11B201,20,40364,4,1,0,2,31,223,2,28,3,2,1,1,2,2,2,2,2,1,0,0,0,0,0,0,0,0,0,0,0,0,0,0,0,0,0,0,0,0,0,0,0,0,0,0,0,0,0,0,0,0,0,0,0,0,0,0,0,0,0,10,2,0,2,1,2,0,2,2,2,2,2,2,2,0,2,0,1,2,2,2,2,13051,3,3,1,0,0,0,2,0,2,1
11B201,20,40364,3,1,0,2,31,223,2,46,3,3,1,1,2,2,2,2,2,2,0,0,0,0,0,0,0,0,0,0,0,0,0,0,0,0,0,0,0,0,0,0,0,0,0,0,0,0,0,0,0,0,0,0,0,0,0,0,0,0,0,0,0,0,0,0,0,3,2,2,2,2,2,2,2,0,2,0,1,2,2,2,2,12399,4,4,2,0,0,0,2,0,2,1
11B201,20,40364,1,1,0,1,31,223,1,71,2,4,1,1,1,1,2,2,2,2,1,5,2,2,1,2,2,2,2,0,2,1,1,0,0,0,0,0,0,0,0,0,0,0,0,0,0,0,0,0,0,0,0,0,0,0,0,0,0,0,0,30,2,0,1,1,2,0,2,2,2,2,2,1,2,0,1,1,1,2,1,2,2,21411,1,1,1,2,0,0,1,1,2,0
11B201,20,40364,2,1,0,3,31,223,2,70,2,6,7,1,1,1,2,2,2,2,1,5,2,2,1,2,2,2,3,60,2,1,5,0,0,0,0,0,0,0,0,0,0,0,0,0,0,0,0,0,0,0,0,0,0,0,0,0,0,0,0,20,2,0,2,1,2,0,2,2,2,2,2,2,2,0,2,0,1,2,1,2,2,21127,1,1,1,2,0,0,1,1,0,0
12B201,20,40400,2,1,0,3,31,223,1,24,7,2,6,1,1,1,1,1,2,1,4,3,2,2,2,1,2,2,1,0,1,2,1,6,3,1,1,2,1,2,1,1,2,2,3,250,1,1,1,4,3,1,1,1,2,1,3,100,1,1,1,60,2,0,2,4,1,0,2,1,2,1,1,1,2,0,1,2,1,1,1,1,1,45172,1,2,1,1,3,3,1,14,1,2
12B201,20,40400,4,1,0,3,31,223,1,33,4,3,4,1,1,1,1,2,1,1,3,4,2,2,2,1,2,2,1,0,1,2,1,1,4,2,2,2,2,2,2,2,1,2,1,0,1,2,1,0,0,0,0,0,0,0,0,0,0,0,0,20,2,0,3,3,1,0,2,2,2,2,2,2,2,0,1,1,1,1,1,2,2,27134,1,2,1,1,1,0,1,4,1,1
12B201,20,40400,1,1,0,2,31,223,2,63,6,3,1,1,1,1,2,2,2,1,3,5,2,1,1,2,2,2,2,0,2,1,1,0,0,0,0,0,0,0,0,0,0,0,0,0,0,0,0,0,0,0,0,0,0,0,0,0,0,0,0,30,1,6,2,3,1,0,2,2,1,2,2,2,2,0,2,0,1,1,1,1,1,20108,1,2,1,2,0,0,1,3,2,1
12B201,20,40400,3,1,0,1,31,223,2,61,6,3,8,1,1,2,1,2,2,1,0,0,0,0,0,0,0,0,0,0,0,0,0,2,6,2,2,1,2,2,2,2,2,2,3,60,2,1,1,0,0,0,0,0,0,0,0,0,0,0,0,60,2,0,3,2,1,0,2,1,2,2,1,2,2,0,1,1,1,1,1,1,1,20108,1,3,1,0,2,0,1,2,0,1
13B215,21,40008,1,1,0,2,4,223,2,59,6,3,8,1,1,1,2,1,2,1,2,4,2,2,2,1,2,2,3,350,2,1,1,0,0,0,0,0,0,0,0,0,0,0,0,0,0,0,0,1,3,1,1,1,1,1,2,0,2,1,1,30,2,0,2,4,2,0,2,2,2,2,1,1,1,1,1,2,1,1,1,1,1,15130,1,2,1,2,0,2,1,3,0,1
13B215,21,40008,3,1,0,1,4,223,2,32,7,2,1,1,1,2,2,2,2,1,0,0,0,0,0,0,0,0,0,0,0,0,0,0,0,0,0,0,0,0,0,0,0,0,0,0,0,0,0,0,0,0,0,0,0,0,0,0,0,0,0,25,2,0,2,2,2,0,2,2,2,2,2,2,2,0,2,0,1,3,1,3,2,26908,1,3,1,0,0,0,2,0,2,2
13B215,21,40008,4,1,0,1,4,223,2,21,7,1,6,1,2,1,2,2,2,1,1,2,2,1,2,2,2,2,1,0,1,2,1,0,0,0,0,0,0,0,0,0,0,0,0,0,0,0,0,0,0,0,0,0,0,0,0,0,0,0,0,40,1,5,3,3,2,0,2,2,2,2,1,1,1,2,1,2,1,1,1,1,1,32791,3,2,1,1,0,0,1,1,1,2
11A207,21,40011,4,1,0,1,4,223,2,75,2,6,7,1,1,1,1,1,2,2,2,5,2,2,1,2,2,2,2,0,2,1,1,1,5,2,2,2,2,1,2,2,2,2,2,0,2,1,1,1,4,1,1,1,1,1,2,0,2,1,1,40,2,0,2,3,2,0,2,2,2,2,2,2,2,0,2,0,1,1,1,1,2,22552,1,2,1,2,2,2,1,4,0,0
11A207,21,40011,3,1,0,2,4,223,2,67,3,3,7,1,1,1,1,2,2,2,1,5,2,2,1,2,2,2,3,1200,2,1,1,12,5,2,2,2,2,1,2,2,2,2,2,0,2,1,1,0,0,0,0,0,0,0,0,0,0,0,0,60,2,0,2,3,1,0,2,2,2,2,2,1,1,1,1,1,1,1,1,1,1,15035,1,2,1,2,2,0,1,13,0,1
11A207,21,40011,2,1,0,1,4,223,2,70,2,2,1,1,1,1,2,2,1,2,1,5,2,2,1,2,2,2,2,0,2,1,1,0,0,0,0,0,0,0,0,0,0,0,0,0,0,0,0,0,0,0,0,0,0,0,0,0,0,0,0,100,2,0,1,1,2,0,2,2,2,2,2,2,2,0,2,0,1,2,2,2,2,15035,1,2,1,2,0,0,1,1,2,0
11A207,21,40011,1,1,0,1,4,223,1,80,2,6,10,1,2,2,2,2,2,2,0,0,0,0,0,0,0,0,0,0,0,0,0,0,0,0,0,0,0,0,0,0,0,0,0,0,0,0,0,0,0,0,0,0,0,0,0,0,0,0,0,0,0,0,0,0,0,1,2,2,2,2,2,3,2,0,1,1,1,3,3,1,2,15237,4,4,2,0,0,0,2,0,0,0
11B213,21,40048,3,1,1,1,4,223,2,48,3,3,7,1,2,2,1,2,2,2,0,0,0,0,0,0,0,0,0,0,0,0,0,2,4,2,2,1,1,2,2,2,2,2,2,0,2,1,1,0,0,0,0,0,0,0,0,0,0,0,0,30,2,0,2,3,2,0,2,2,2,2,3,3,3,0,2,0,1,2,2,3,3,6184,3,3,1,0,2,0,1,2,0,1
11B213,21,40048,4,1,1,2,4,223,2,40,3,3,1,1,2,2,2,2,2,2,0,0,0,0,0,0,0,0,0,0,0,0,0,0,0,0,0,0,0,0,0,0,0,0,0,0,0,0,0,0,0,0,0,0,0,0,0,0,0,0,0,0,0,0,0,0,0,3,2,2,2,2,2,2,2,0,2,0,1,2,1,1,2,11992,4,4,2,0,0,0,2,0,2,1
11B213,21,40048,2,1,0,1,4,223,1,41,3,3,1,1,1,1,2,2,2,1,2,4,2,2,2,1,2,2,1,0,1,2,1,0,0,0,0,0,0,0,0,0,0,0,0,0,0,0,0,0,0,0,0,0,0,0,0,0,0,0,0,10,2,0,2,3,2,0,2,2,2,2,2,2,2,0,1,1,1,2,1,2,2,15308,1,2,1,1,0,0,1,2,2,1
11B213,21,40048,1,1,0,1,4,223,2,66,2,1,1,1,2,2,2,2,2,2,0,0,0,0,0,0,0,0,0,0,0,0,0,0,0,0,0,0,0,0,0,0,0,0,0,0,0,0,0,0,0,0,0,0,0,0,0,0,0,0,0,0,0,0,0,0,0,3,2,2,2,2,2,2,2,0,2,0,1,2,2,2,2,7024,4,4,2,0,0,0,2,0,2,0
12A207,21,40061,4,1,0,1,4,223,2,34,7,5,7,1,2,2,2,2,2,1,0,0,0,0,0,0,0,0,0,0,0,0,0,0,0,0,0,0,0,0,0,0,0,0,0,0,0,0,0,0,0,0,0,0,0,0,0,0,0,0,0,25,2,0,3,2,2,0,2,2,2,2,2,2,2,0,2,0,1,2,1,2,2,8490,3,3,1,0,0,0,2,0,0,2
12A207,21,40061,1,1,0,1,4,223,2,29,7,5,6,1,1,1,2,2,2,1,6,2,2,1,2,1,2,2,1,0,1,2,1,0,0,0,0,0,0,0,0,0,0,0,0,0,0,0,0,0,0,0,0,0,0,0,0,0,0,0,0,120,2,0,2,3,1,0,2,2,1,2,1,1,1,1,1,5,1,1,1,1,1,8490,1,2,1,1,0,0,1,6,1,2
12A207,21,40061,2,1,0,1,4,223,2,47,7,5,1,1,2,2,2,2,2,2,0,0,0,0,0,0,0,0,0,0,0,0,0,0,0,0,0,0,0,0,0,0,0,0,0,0,0,0,0,0,0,0,0,0,0,0,0,0,0,0,0,0,0,0,0,0,0,3,2,2,2,2,2,2,2,0,1,1,1,2,2,2,2,16132,4,4,2,0,0,0,2,0,2,2
12A207,21,40061,3,1,0,1,4,223,2,56,4,3,7,1,2,2,2,2,2,2,0,0,0,0,0,0,0,0,0,0,0,0,0,0,0,0,0,0,0,0,0,0,0,0,0,0,0,0,0,0,0,0,0,0,0,0,0,0,0,0,0,0,0,0,0,0,0,1,2,2,2,2,2,2,2,0,2,0,1,3,2,2,2,14321,4,4,2,0,0,0,2,0,0,1
12B202,21,40113,2,1,0,1,4,223,2,58,2,6,1,1,2,2,2,2,2,2,0,0,0,0,0,0,0,0,0,0,0,0,0,0,0,0,0,0,0,0,0,0,0,0,0,0,0,0,0,0,0,0,0,0,0,0,0,0,0,0,0,0,0,0,0,0,0,3,2,2,2,2,2,3,2,0,2,0,1,3,1,3,3,13388,4,4,2,0,0,0,2,0,2,0
12B202,21,40113,1,1,0,2,4,223,2,64,5,3,1,1,1,1,1,1,2,1,1,3,2,2,2,2,1,2,1,0,1,2,1,1,3,2,2,2,2,2,2,1,2,2,2,0,2,1,1,1,4,1,1,1,1,1,2,0,2,1,1,90,2,0,2,3,1,0,2,2,2,2,1,1,2,0,1,5,1,1,1,1,1,26775,1,2,1,1,2,2,1,3,2,1
12B202,21,40113,3,1,0,1,4,223,1,51,7,4,1,1,1,1,1,2,2,1,2,3,2,2,2,2,1,2,1,0,1,2,1,4,4,2,1,2,2,2,2,1,2,2,2,0,2,1,1,0,0,0,0,0,0,0,0,0,0,0,0,30,2,0,3,3,2,0,2,2,2,2,2,1,1,1,1,2,1,1,1,1,1,9148,1,2,1,1,2,0,1,6,2,2
11B202,21,40116,4,1,0,1,4,223,2,34,3,3,1,1,2,2,2,2,2,2,0,0,0,0,0,0,0,0,0,0,0,0,0,0,0,0,0,0,0,0,0,0,0,0,0,0,0,0,0,0,0,0,0,0,0,0,0,0,0,0,0,0,0,0,0,0,0,3,2,2,2,2,2,1,2,0,2,0,1,1,1,1,2,11492,4,4,2,0,0,0,2,0,2,1
11B216,21,40152,1,1,0,2,4,223,2,51,3,3,7,1,1,1,2,2,2,2,1,4,2,2,1,2,2,2,2,0,2,1,1,0,0,0,0,0,0,0,0,0,0,0,0,0,0,0,0,0,0,0,0,0,0,0,0,0,0,0,0,40,2,0,2,3,2,0,2,2,2,2,2,1,1,1,1,1,1,1,1,1,1,28909,1,1,1,2,0,0,1,1,0,1
11B216,21,40152,4,1,0,1,4,223,1,82,2,3,8,1,1,1,2,1,2,2,3,3,2,2,2,2,1,2,2,0,2,1,1,0,0,0,0,0,0,0,0,0,0,0,0,0,0,0,0,2,4,1,1,1,1,1,2,0,2,1,1,40,2,0,2,3,2,0,2,2,2,2,2,2,2,0,1,1,1,3,1,1,3,8320,1,2,1,2,0,2,1,5,0,0
11B216,21,40152,3,1,0,2,4,223,2,27,4,3,1,1,1,2,1,2,2,1,0,0,0,0,0,0,0,0,0,0,0,0,0,2,4,2,2,2,2,2,2,2,1,2,3,50,2,1,1,0,0,0,0,0,0,0,0,0,0,0,0,15,2,0,2,3,2,0,2,1,2,2,2,1,3,0,1,1,1,1,1,1,1,15214,1,3,1,0,2,0,1,2,2,1
11B216,21,40152,2,1,0,1,4,223,2,61,7,5,8,1,1,2,2,2,2,1,0,0,0,0,0,0,0,0,0,0,0,0,0,0,0,0,0,0,0,0,0,0,0,0,0,0,0,0,0,0,0,0,0,0,0,0,0,0,0,0,0,20,2,0,2,2,2,0,1,2,2,2,1,1,2,0,1,1,1,1,2,1,1,12831,1,3,1,0,0,0,2,0,0,2
13B213,21,40187,1,1,0,1,4,223,2,50,7,4,1,1,1,1,2,2,2,1,2,4,2,2,2,1,1,2,2,0,2,1,1,0,0,0,0,0,0,0,0,0,0,0,0,0,0,0,0,0,0,0,0,0,0,0,0,0,0,0,0,60,2,0,2,3,2,0,1,2,2,2,2,1,1,2,1,2,1,1,1,1,1,9095,1,2,1,2,0,0,1,2,2,2
13B213,21,40187,4,1,0,1,4,223,2,52,3,3,1,1,2,2,2,2,2,2,0,0,0,0,0,0,0,0,0,0,0,0,0,0,0,0,0,0,0,0,0,0,0,0,0,0,0,0,0,0,0,0,0,0,0,0,0,0,0,0,0,0,0,0,0,0,0,1,2,2,2,2,2,2,2,0,3,0,1,3,1,1,1,9095,4,4,2,0,0,0,2,0,2,1
13B213,21,40187,2,1,0,1,4,223,1,55,4,3,1,1,1,1,2,2,2,2,2,4,2,2,2,2,1,2,2,0,2,1,1,0,0,0,0,0,0,0,0,0,0,0,0,0,0,0,0,0,0,0,0,0,0,0,0,0,0,0,0,60,2,0,3,3,2,0,1,2,2,2,2,1,1,1,1,1,1,1,1,1,1,27205,1,1,1,2,0,0,1,2,2,1
13B213,21,40187,3,1,0,2,4,223,1,49,3,3,8,1,2,2,1,2,2,2,0,0,0,0,0,0,0,0,0,0,0,0,0,4,4,2,2,2,2,2,2,1,1,2,2,0,2,1,1,0,0,0,0,0,0,0,0,0,0,0,0,45,2,0,2,3,2,0,2,2,2,2,2,1,1,2,1,1,1,1,1,1,1,44139,3,3,1,0,2,0,1,4,0,1
11B216,21,40202,1,1,0,1,4,223,1,54,4,3,1,1,1,1,2,2,2,1,1,2,2,2,2,2,1,2,3,350,2,1,1,0,0,0,0,0,0,0,0,0,0,0,0,0,0,0,0,0,0,0,0,0,0,0,0,0,0,0,0,30,1,6,1,3,1,0,2,2,2,2,2,1,1,2,1,1,1,1,1,1,1,28335,1,2,1,2,0,0,1,1,2,1
11B216,21,40202,4,1,0,1,4,223,1,62,2,6,1,1,2,2,2,2,2,2,0,0,0,0,0,0,0,0,0,0,0,0,0,0,0,0,0,0,0,0,0,0,0,0,0,0,0,0,0,0,0,0,0,0,0,0,0,0,0,0,0,0,0,0,0,0,0,3,2,2,2,2,2,2,2,0,2,0,1,3,2,2,2,38812,4,4,2,0,0,0,2,0,2,0
11B216,21,40202,2,1,0,1,4,223,2,65,2,4,7,1,1,1,2,2,2,2,3,4,2,1,2,2,2,2,2,0,2,1,1,0,0,0,0,0,0,0,0,0,0,0,0,0,0,0,0,0,0,0,0,0,0,0,0,0,0,0,0,30,2,0,2,3,2,0,2,2,2,2,2,2,2,0,1,1,1,3,1,3,2,8842,1,1,1,2,0,0,1,3,0,0
12B214,21,40278,1,1,0,2,4,223,2,20,7,2,6,1,1,1,1,2,2,1,2,2,2,1,2,2,2,2,3,550,2,1,3,3,2,2,2,2,2,2,1,2,2,2,2,0,2,1,3,0,0,0,0,0,0,0,0,0,0,0,0,120,2,0,3,4,1,0,2,2,1,1,2,2,2,0,1,2,1,1,1,1,2,13978,1,2,1,2,2,0,1,5,1,2
12B214,21,40278,2,1,0,2,4,223,2,54,7,5,2,1,1,1,1,2,2,2,4,3,2,1,2,2,1,2,3,700,2,1,1,3,1,1,2,1,2,2,2,1,2,2,3,200,2,1,1,0,0,0,0,0,0,0,0,0,0,0,0,120,1,5,3,4,1,0,1,2,2,1,1,1,1,1,1,5,1,2,1,1,1,21796,1,2,1,2,2,0,1,7,1,2
12B214,21,40278,4,1,0,1,4,223,1,73,7,5,1,1,1,1,2,1,2,2,2,3,2,2,2,1,2,2,3,250,2,1,1,0,0,0,0,0,0,0,0,0,0,0,0,0,0,0,0,1,4,2,1,1,2,2,3,30,2,1,1,60,2,0,2,3,1,0,1,2,2,1,3,3,3,0,2,0,1,2,2,2,2,6273,1,2,1,2,0,2,1,3,2,2
11B214,21,40284,4,1,0,1,4,223,1,30,3,3,1,1,1,1,1,2,2,1,5,4,2,2,2,2,1,2,3,600,1,2,1,3,3,1,2,2,2,2,2,2,2,2,2,0,1,2,1,0,0,0,0,0,0,0,0,0,0,0,0,120,2,0,2,3,2,0,1,1,2,1,2,2,1,2,1,1,1,1,1,1,1,26537,1,2,1,1,1,0,1,8,2,1
11B214,21,40284,3,1,0,1,4,223,2,34,7,4,1,1,1,2,1,2,2,1,0,0,0,0,0,0,0,0,0,0,0,0,0,1,2,2,2,1,2,2,2,2,2,2,1,0,2,1,1,0,0,0,0,0,0,0,0,0,0,0,0,15,2,0,2,3,2,0,2,2,1,2,1,2,2,0,2,0,1,1,1,1,1,23316,1,3,1,0,2,0,1,1,2,2
11B214,21,40284,1,1,0,3,4,223,1,20,4,3,1,1,2,1,2,2,2,2,1,4,2,2,2,1,2,2,3,200,2,1,1,0,0,0,0,0,0,0,0,0,0,0,0,0,0,0,0,0,0,0,0,0,0,0,0,0,0,0,0,15,1,5,2,3,1,0,2,2,2,2,2,2,1,2,2,0,1,1,1,2,2,49701,3,1,1,2,0,0,1,1,2,1
11A208,21,40291,2,1,0,1,4,223,1,70,2,6,1,1,2,2,2,2,2,2,0,0,0,0,0,0,0,0,0,0,0,0,0,0,0,0,0,0,0,0,0,0,0,0,0,0,0,0,0,0,0,0,0,0,0,0,0,0,0,0,0,0,0,0,0,0,0,3,2,2,2,2,2,2,2,0,2,0,1,2,2,2,2,6613,4,4,2,0,0,0,2,0,2,0
11A208,21,40291,3,1,0,1,4,223,2,35,4,3,1,1,2,2,2,2,2,2,0,0,0,0,0,0,0,0,0,0,0,0,0,0,0,0,0,0,0,0,0,0,0,0,0,0,0,0,0,0,0,0,0,0,0,0,0,0,0,0,0,0,0,0,0,0,0,4,2,2,2,2,2,2,2,0,2,0,1,2,2,2,2,5571,4,4,2,0,0,0,2,0,2,1
11A208,21,40291,4,1,0,1,4,223,2,56,4,3,1,1,2,2,2,2,2,2,0,0,0,0,0,0,0,0,0,0,0,0,0,0,0,0,0,0,0,0,0,0,0,0,0,0,0,0,0,0,0,0,0,0,0,0,0,0,0,0,0,0,0,0,0,0,0,3,2,2,2,2,2,2,2,0,2,0,1,2,1,1,1,5100,4,4,2,0,0,0,2,0,2,1
13A208,21,40381,3,1,0,2,4,223,2,51,7,5,1,1,1,2,1,2,1,1,0,0,0,0,0,0,0,0,0,0,0,0,0,5,4,1,2,2,2,2,2,2,2,2,1,0,1,2,1,0,0,0,0,0,0,0,0,0,0,0,0,20,2,0,2,3,2,0,2,2,2,1,2,2,2,0,2,0,1,2,1,1,2,31501,1,3,1,0,1,0,1,5,2,2
13A208,21,40381,2,1,0,1,4,223,2,79,6,3,7,1,2,2,2,2,2,2,0,0,0,0,0,0,0,0,0,0,0,0,0,0,0,0,0,0,0,0,0,0,0,0,0,0,0,0,0,0,0,0,0,0,0,0,0,0,0,0,0,0,0,0,0,0,0,1,2,2,2,2,2,2,2,0,2,0,1,3,1,1,3,8945,4,4,2,0,0,0,2,0,0,1
13A208,21,40381,4,1,0,2,4,223,2,50,7,5,7,1,2,2,2,2,2,1,0,0,0,0,0,0,0,0,0,0,0,0,0,0,0,0,0,0,0,0,0,0,0,0,0,0,0,0,0,0,0,0,0,0,0,0,0,0,0,0,0,60,2,0,2,3,2,0,2,2,2,2,1,2,2,0,1,2,1,1,1,1,1,15751,3,3,1,0,0,0,2,0,0,2
13A208,21,40381,1,1,0,1,4,223,2,59,4,3,1,1,2,2,2,2,2,2,0,0,0,0,0,0,0,0,0,0,0,0,0,0,0,0,0,0,0,0,0,0,0,0,0,0,0,0,0,0,0,0,0,0,0,0,0,0,0,0,0,0,0,0,0,0,0,3,2,2,2,2,2,2,2,0,2,0,1,3,3,3,3,6991,4,4,2,0,0,0,2,0,2,1
12B215,21,40419,1,1,0,2,4,223,2,25,7,2,6,1,1,1,1,2,2,1,1,4,2,2,2,1,2,2,3,220,2,1,1,2,4,2,2,2,1,2,2,2,2,2,2,0,2,1,1,0,0,0,0,0,0,0,0,0,0,0,0,30,1,7,2,3,2,0,1,2,2,1,1,1,2,0,1,1,1,1,1,1,1,13457,1,2,1,2,2,0,1,3,1,2
12B215,21,40419,4,1,0,1,4,223,2,54,7,5,1,1,1,1,2,2,2,1,1,3,2,1,2,2,2,2,2,0,2,1,1,0,0,0,0,0,0,0,0,0,0,0,0,0,0,0,0,0,0,0,0,0,0,0,0,0,0,0,0,30,2,0,3,3,2,0,2,2,2,2,2,1,1,2,1,2,1,1,1,1,1,6393,1,2,1,2,0,0,1,1,2,2
12B215,21,40419,3,1,0,3,4,223,2,24,4,3,1,1,1,1,1,2,2,1,2,3,2,2,2,2,1,2,2,0,2,1,1,2,4,2,2,2,2,2,2,2,1,2,2,0,2,1,1,0,0,0,0,0,0,0,0,0,0,0,0,40,1,6,2,3,2,0,2,2,2,2,2,1,1,1,1,1,1,1,1,1,1,24598,1,2,1,2,2,0,1,4,2,1
12B201,21,40474,2,1,0,1,4,223,1,61,7,5,1,1,1,2,1,1,2,2,0,0,0,0,0,0,0,0,0,0,0,0,0,2,4,2,2,2,2,2,2,2,1,2,2,0,2,1,2,1,4,2,2,1,2,1,2,0,2,1,2,20,1,6,2,3,2,0,2,2,2,2,2,2,2,0,2,0,1,2,2,1,2,23231,1,3,1,0,2,2,1,3,2,2
12B201,21,40474,4,1,0,1,4,223,1,62,7,5,8,1,2,2,2,2,2,2,0,0,0,0,0,0,0,0,0,0,0,0,0,0,0,0,0,0,0,0,0,0,0,0,0,0,0,0,0,0,0,0,0,0,0,0,0,0,0,0,0,0,0,0,0,0,0,2,2,2,2,2,2,2,2,0,2,0,1,2,1,1,2,15487,4,4,2,0,0,0,2,0,0,2
12B201,21,40474,3,1,0,1,4,223,2,73,2,6,1,1,2,2,2,2,2,2,0,0,0,0,0,0,0,0,0,0,0,0,0,0,0,0,0,0,0,0,0,0,0,0,0,0,0,0,0,0,0,0,0,0,0,0,0,0,0,0,0,0,0,0,0,0,0,4,2,2,2,2,2,2,2,0,2,0,1,2,1,1,2,8822,4,4,2,0,0,0,2,0,2,0
12B201,21,40474,1,1,0,1,4,223,1,72,4,2,8,1,1,2,1,2,2,2,0,0,0,0,0,0,0,0,0,0,0,0,0,2,4,2,2,2,2,2,2,2,1,2,2,0,2,1,1,0,0,0,0,0,0,0,0,0,0,0,0,40,2,0,2,3,2,0,2,2,2,2,2,2,2,0,2,0,1,1,1,1,1,8940,1,3,1,0,2,0,1,2,0,1
11B201,21,40572,1,1,0,1,4,223,2,45,4,3,1,1,1,2,1,2,2,2,0,0,0,0,0,0,0,0,0,0,0,0,0,6,4,2,2,2,2,2,2,1,1,2,2,0,2,1,2,0,0,0,0,0,0,0,0,0,0,0,0,45,1,6,2,4,2,0,2,2,2,2,2,1,1,1,1,1,1,1,1,1,1,13742,1,3,1,0,2,0,1,6,2,1
11B201,21,40572,2,1,0,1,4,223,2,65,2,5,7,1,2,1,2,2,2,2,1,5,2,2,1,2,2,2,2,0,2,1,1,0,0,0,0,0,0,0,0,0,0,0,0,0,0,0,0,0,0,0,0,0,0,0,0,0,0,0,0,30,2,0,2,3,2,0,2,2,2,2,2,1,1,2,1,1,1,1,1,1,3,31218,3,1,1,2,0,0,1,1,0,0
11B201,21,40572,3,1,0,1,4,223,2,46,3,3,1,1,2,2,2,2,2,2,0,0,0,0,0,0,0,0,0,0,0,0,0,0,0,0,0,0,0,0,0,0,0,0,0,0,0,0,0,0,0,0,0,0,0,0,0,0,0,0,0,0,0,0,0,0,0,3,2,2,2,2,2,2,2,0,2,0,1,1,1,1,1,20613,4,4,2,0,0,0,2,0,2,1
11B201,21,40572,4,1,1,2,4,223,2,41,3,3,7,1,2,2,1,2,2,2,0,0,0,0,0,0,0,0,0,0,0,0,0,1,4,2,2,2,2,2,2,2,1,2,2,0,2,1,1,0,0,0,0,0,0,0,0,0,0,0,0,30,2,0,2,3,2,0,2,2,2,2,2,2,2,0,1,1,1,1,1,1,1,26649,3,3,1,0,2,0,1,1,0,1
12B202,22,40017,3,1,0,2,36,223,1,39,2,6,1,1,2,2,2,2,2,2,0,0,0,0,0,0,0,0,0,0,0,0,0,0,0,0,0,0,0,0,0,0,0,0,0,0,0,0,0,0,0,0,0,0,0,0,0,0,0,0,0,0,0,0,0,0,0,3,2,2,2,2,2,2,2,0,2,0,1,3,3,3,3,27873,4,4,2,0,0,0,2,0,2,0
12B202,22,40017,2,1,0,2,36,223,2,55,7,1,1,1,2,2,2,2,2,2,0,0,0,0,0,0,0,0,0,0,0,0,0,0,0,0,0,0,0,0,0,0,0,0,0,0,0,0,0,0,0,0,0,0,0,0,0,0,0,0,0,0,0,0,0,0,0,3,2,2,2,2,2,2,2,0,1,1,1,2,2,2,2,19992,4,4,2,0,0,0,2,0,2,2
12B202,22,40017,1,1,0,1,36,223,2,38,4,3,1,1,2,2,2,2,2,1,0,0,0,0,0,0,0,0,0,0,0,0,0,0,0,0,0,0,0,0,0,0,0,0,0,0,0,0,0,0,0,0,0,0,0,0,0,0,0,0,0,15,2,0,2,4,2,0,2,2,2,2,1,1,1,1,1,1,1,3,1,1,1,29114,3,3,1,0,0,0,2,0,2,1
12B202,22,40017,4,1,0,1,36,223,2,67,5,4,7,1,2,2,1,2,2,2,0,0,0,0,0,0,0,0,0,0,0,0,0,1,3,2,2,2,2,2,2,1,2,2,2,0,2,1,1,0,0,0,0,0,0,0,0,0,0,0,0,15,1,5,2,2,2,0,2,2,2,2,2,2,2,0,1,1,1,2,2,2,2,25579,3,3,1,0,2,0,1,1,0,1
11A207,22,40040,3,1,0,2,36,223,2,38,4,3,7,1,2,2,2,2,2,2,0,0,0,0,0,0,0,0,0,0,0,0,0,0,0,0,0,0,0,0,0,0,0,0,0,0,0,0,0,0,0,0,0,0,0,0,0,0,0,0,0,0,0,0,0,0,0,3,2,2,2,2,2,2,1,2,1,1,1,1,1,2,2,6698,4,4,2,0,0,0,2,0,0,1
11A207,22,40040,2,1,2,2,36,223,1,47,3,3,1,1,2,2,2,1,2,2,0,0,0,0,0,0,0,0,0,0,0,0,0,0,0,0,0,0,0,0,0,0,0,0,0,0,0,0,0,1,4,1,1,1,1,1,3,20,2,1,1,60,2,0,2,3,2,0,2,2,2,2,2,2,2,0,1,1,1,2,1,2,2,25144,3,3,1,0,0,2,1,1,2,1
11A207,22,40040,1,1,1,1,36,223,1,66,2,6,1,1,1,2,1,2,2,2,0,0,0,0,0,0,0,0,0,0,0,0,0,1,3,2,2,2,2,2,2,2,1,2,2,0,2,1,2,0,0,0,0,0,0,0,0,0,0,0,0,20,2,0,1,2,2,0,2,2,2,2,2,2,2,0,2,0,1,2,1,1,2,39761,1,3,1,0,2,0,1,1,2,0
11A207,22,40040,4,1,0,2,36,223,2,55,4,3,7,1,2,2,2,2,2,2,0,0,0,0,0,0,0,0,0,0,0,0,0,0,0,0,0,0,0,0,0,0,0,0,0,0,0,0,0,0,0,0,0,0,0,0,0,0,0,0,0,0,0,0,0,0,0,2,2,2,2,2,2,2,2,0,1,1,1,1,1,2,2,30664,4,4,2,0,0,0,2,0,0,1
13A207,22,40072,2,1,0,1,36,223,2,77,6,2,8,1,2,2,2,2,2,2,0,0,0,0,0,0,0,0,0,0,0,0,0,0,0,0,0,0,0,0,0,0,0,0,0,0,0,0,0,0,0,0,0,0,0,0,0,0,0,0,0,0,0,0,0,0,0,5,2,2,2,2,2,1,2,0,1,2,1,2,1,1,2,9524,4,4,2,0,0,0,2,0,0,1
13A207,22,40072,4,1,0,4,36,223,2,47,6,3,4,1,2,2,2,2,2,2,0,0,0,0,0,0,0,0,0,0,0,0,0,0,0,0,0,0,0,0,0,0,0,0,0,0,0,0,0,0,0,0,0,0,0,0,0,0,0,0,0,0,0,0,0,0,0,3,2,2,2,2,2,1,2,0,1,1,1,2,1,1,2,25157,4,4,2,0,0,0,2,0,1,1
12B213,22,40101,1,1,0,1,36,223,2,63,6,1,1,1,1,1,1,1,1,2,4,4,2,1,1,2,2,2,3,120,2,1,1,3,4,2,2,1,2,2,2,1,2,2,2,0,2,1,1,1,4,2,1,1,1,2,2,0,2,1,1,60,2,0,2,4,1,0,2,1,2,2,2,2,2,0,2,0,1,2,1,2,2,6079,1,2,1,2,2,2,1,8,2,1
12B213,22,40101,2,1,0,1,36,223,2,50,7,5,1,1,1,1,2,2,2,2,3,1,2,1,2,2,2,2,3,1000,2,1,2,0,0,0,0,0,0,0,0,0,0,0,0,0,0,0,0,0,0,0,0,0,0,0,0,0,0,0,0,30,2,0,4,3,2,0,2,2,2,1,2,1,1,1,1,5,1,2,2,2,2,6848,1,1,1,2,0,0,1,3,2,2
12B213,22,40101,3,1,0,5,36,223,1,19,4,3,6,1,1,1,2,2,2,1,6,2,2,1,2,2,2,2,2,0,2,1,3,0,0,0,0,0,0,0,0,0,0,0,0,0,0,0,0,0,0,0,0,0,0,0,0,0,0,0,0,120,2,0,2,4,1,0,2,2,1,2,2,1,2,0,1,1,1,2,1,1,1,61451,1,2,1,2,0,0,1,6,1,1
12B213,22,40101,4,1,0,1,36,223,2,43,4,3,4,1,2,2,2,2,2,2,0,0,0,0,0,0,0,0,0,0,0,0,0,0,0,0,0,0,0,0,0,0,0,0,0,0,0,0,0,0,0,0,0,0,0,0,0,0,0,0,0,0,0,0,0,0,0,3,2,2,2,2,2,1,2,0,1,1,1,2,1,1,2,6640,4,4,2,0,0,0,2,0,1,1
11B213,22,40135,1,1,0,2,36,223,1,34,4,2,7,1,2,2,2,2,2,2,0,0,0,0,0,0,0,0,0,0,0,0,0,0,0,0,0,0,0,0,0,0,0,0,0,0,0,0,0,0,0,0,0,0,0,0,0,0,0,0,0,0,0,0,0,0,0,3,2,2,2,2,2,1,2,0,1,1,1,2,1,2,2,17119,4,4,2,0,0,0,2,0,0,1
11B213,22,40135,2,1,0,2,36,223,2,57,6,2,7,1,2,2,2,2,2,1,0,0,0,0,0,0,0,0,0,0,0,0,0,0,0,0,0,0,0,0,0,0,0,0,0,0,0,0,0,0,0,0,0,0,0,0,0,0,0,0,0,120,2,0,1,2,1,0,2,2,2,2,2,2,2,0,1,1,1,2,1,2,2,19030,3,3,1,0,0,0,2,0,0,1
12B216,22,40137,3,1,0,3,36,223,1,53,4,3,1,1,1,1,2,2,2,2,1,5,2,2,1,2,2,2,3,999999,2,1,1,0,0,0,0,0,0,0,0,0,0,0,0,0,0,0,0,0,0,0,0,0,0,0,0,0,0,0,0,15,2,0,1,2,2,0,2,2,2,2,1,1,1,2,1,1,1,1,1,1,1,37920,1,1,1,2,0,0,1,1,2,1
12B216,22,40137,2,1,0,1,36,223,2,46,6,3,1,1,1,1,1,2,2,1,1,4,2,2,2,1,2,2,3,350,2,1,1,1,4,2,2,1,2,2,2,2,2,2,2,0,2,1,1,0,0,0,0,0,0,0,0,0,0,0,0,40,2,0,4,4,1,0,1,2,2,2,1,1,1,3,1,1,1,1,1,1,1,23442,1,2,1,2,2,0,1,2,2,1
12B216,22,40137,1,1,0,2,36,223,2,22,3,3,7,1,2,2,2,2,2,2,0,0,0,0,0,0,0,0,0,0,0,0,0,0,0,0,0,0,0,0,0,0,0,0,0,0,0,0,0,0,0,0,0,0,0,0,0,0,0,0,0,0,0,0,0,0,0,3,2,2,2,2,2,2,1,1,1,1,1,1,1,1,1,20045,4,4,2,0,0,0,2,0,0,1
12B216,22,40137,4,1,0,1,36,223,2,81,6,4,8,1,2,2,2,2,2,2,0,0,0,0,0,0,0,0,0,0,0,0,0,0,0,0,0,0,0,0,0,0,0,0,0,0,0,0,0,0,0,0,0,0,0,0,0,0,0,0,0,0,0,0,0,0,0,5,2,2,2,2,2,2,2,0,2,0,1,2,2,2,2,8875,4,4,2,0,0,0,2,0,0,1
11B214,22,40162,2,1,1,2,36,223,2,18,4,3,1,1,1,1,2,2,1,1,1,4,2,2,1,2,2,2,3,80,1,2,1,0,0,0,0,0,0,0,0,0,0,0,0,0,0,0,0,0,0,0,0,0,0,0,0,0,0,0,0,120,1,7,4,4,1,0,1,1,1,1,1,1,1,1,1,3,1,1,1,1,1,22991,1,2,1,1,0,0,1,1,2,1
11B214,22,40162,1,1,0,1,36,223,1,28,4,3,1,1,2,2,2,2,2,2,0,0,0,0,0,0,0,0,0,0,0,0,0,0,0,0,0,0,0,0,0,0,0,0,0,0,0,0,0,0,0,0,0,0,0,0,0,0,0,0,0,0,0,0,0,0,0,3,2,2,2,2,2,2,2,0,2,0,1,1,1,1,1,21472,4,4,2,0,0,0,2,0,2,1
11B214,22,40162,3,1,0,2,36,223,2,22,3,3,7,1,2,2,2,2,2,2,0,0,0,0,0,0,0,0,0,0,0,0,0,0,0,0,0,0,0,0,0,0,0,0,0,0,0,0,0,0,0,0,0,0,0,0,0,0,0,0,0,0,0,0,0,0,0,1,2,2,2,2,1,2,1,1,1,1,1,2,1,1,2,45982,4,4,2,0,0,0,2,0,0,1
11B214,22,40162,4,1,0,2,36,223,2,53,2,6,7,1,1,1,1,1,2,2,1,3,2,2,2,2,1,2,3,200,1,2,5,1,4,2,2,2,2,2,2,1,2,2,3,120,1,2,1,1,4,1,1,1,1,1,3,15,2,1,1,40,1,7,1,3,2,0,2,2,2,2,2,2,2,0,1,1,1,2,2,2,2,35849,1,2,1,1,1,2,1,3,0,0
13A208,22,40206,4,1,0,1,36,223,1,58,7,5,8,1,2,2,2,2,2,2,0,0,0,0,0,0,0,0,0,0,0,0,0,0,0,0,0,0,0,0,0,0,0,0,0,0,0,0,0,0,0,0,0,0,0,0,0,0,0,0,0,0,0,0,0,0,0,5,2,2,2,2,1,1,1,2,1,2,1,1,1,1,2,53268,4,4,2,0,0,0,2,0,0,2
13A208,22,40206,1,1,0,1,36,223,1,33,7,5,1,1,1,1,2,1,2,2,5,1,2,1,2,2,2,2,1,0,1,1,2,0,0,0,0,0,0,0,0,0,0,0,0,0,0,0,0,1,3,1,1,2,2,2,3,20,2,1,1,70,2,0,4,4,2,0,1,2,2,2,1,2,2,0,1,5,1,1,1,1,1,63999,1,2,1,3,0,2,1,6,2,2
13A208,22,40206,2,1,1,1,36,223,2,61,4,3,8,1,1,2,2,1,2,2,0,0,0,0,0,0,0,0,0,0,0,0,0,0,0,0,0,0,0,0,0,0,0,0,0,0,0,0,0,1,3,1,2,2,2,2,2,0,2,1,1,20,2,0,3,4,2,0,2,2,2,2,1,1,1,2,1,1,1,1,1,2,2,23713,1,3,1,0,0,2,1,1,0,1
13A208,22,40206,3,1,0,1,36,223,1,54,3,3,1,1,2,2,2,1,2,2,0,0,0,0,0,0,0,0,0,0,0,0,0,0,0,0,0,0,0,0,0,0,0,0,0,0,0,0,0,1,4,1,1,1,1,1,2,0,2,1,5,90,2,0,3,4,2,0,2,2,2,2,2,2,2,0,1,1,1,2,2,1,2,32408,3,3,1,0,0,2,1,1,2,1
12A208,22,40234,4,1,0,1,36,223,1,49,4,3,1,1,2,2,2,1,2,2,0,0,0,0,0,0,0,0,0,0,0,0,0,0,0,0,0,0,0,0,0,0,0,0,0,0,0,0,0,1,4,1,1,1,1,1,3,16,2,1,2,30,1,6,2,4,2,0,2,2,2,2,2,2,2,0,2,0,1,2,2,2,2,7454,3,3,1,0,0,2,1,1,2,1
12A208,22,40234,1,1,0,2,36,223,1,31,7,5,1,1,1,1,1,2,1,1,2,4,2,2,2,1,2,2,3,400,2,1,1,2,4,2,2,1,2,2,2,1,2,2,2,0,1,2,4,0,0,0,0,0,0,0,0,0,0,0,0,15,2,0,2,3,1,0,1,2,2,2,2,2,1,2,2,0,1,1,1,1,2,22078,1,2,1,2,1,0,1,4,2,2
12A208,22,40234,2,1,1,2,36,223,2,27,7,5,1,1,1,1,2,2,2,2,1,1,2,1,2,2,2,2,1,0,1,2,2,0,0,0,0,0,0,0,0,0,0,0,0,0,0,0,0,0,0,0,0,0,0,0,0,0,0,0,0,60,1,6,4,4,1,0,2,2,2,2,1,1,2,0,1,1,1,1,1,1,1,19399,1,1,1,1,0,0,1,1,2,2
13B214,22,40262,4,1,0,1,36,223,2,56,7,5,1,1,1,1,2,2,2,2,2,1,1,2,1,2,2,2,2,0,2,1,1,0,0,0,0,0,0,0,0,0,0,0,0,0,0,0,0,0,0,0,0,0,0,0,0,0,0,0,0,20,2,0,3,3,2,0,2,2,2,2,2,1,1,2,1,1,1,2,1,1,2,23393,1,1,1,2,0,0,1,2,2,2
13B214,22,40262,1,1,0,2,36,223,2,35,7,6,1,1,2,2,2,2,2,2,0,0,0,0,0,0,0,0,0,0,0,0,0,0,0,0,0,0,0,0,0,0,0,0,0,0,0,0,0,0,0,0,0,0,0,0,0,0,0,0,0,0,0,0,0,0,0,3,2,2,2,2,2,2,2,0,1,1,1,2,1,2,2,17033,4,4,2,0,0,0,2,0,2,2
13B214,22,40262,2,1,0,1,36,223,1,39,3,2,1,1,2,2,2,2,2,2,0,0,0,0,0,0,0,0,0,0,0,0,0,0,0,0,0,0,0,0,0,0,0,0,0,0,0,0,0,0,0,0,0,0,0,0,0,0,0,0,0,0,0,0,0,0,0,3,2,2,2,2,2,2,2,0,1,1,1,2,1,2,2,10872,4,4,2,0,0,0,2,0,2,1
13B201,22,40302,2,1,1,1,36,223,1,30,7,5,1,1,1,1,2,2,2,1,2,3,2,2,2,2,1,2,3,800,2,1,1,0,0,0,0,0,0,0,0,0,0,0,0,0,0,0,0,0,0,0,0,0,0,0,0,0,0,0,0,15,1,5,2,3,1,0,1,2,2,2,2,2,2,0,1,1,1,2,1,1,2,19105,1,2,1,2,0,0,1,2,2,2
13B201,22,40302,1,1,0,1,36,223,2,70,4,3,7,1,2,2,2,2,2,2,0,0,0,0,0,0,0,0,0,0,0,0,0,0,0,0,0,0,0,0,0,0,0,0,0,0,0,0,0,0,0,0,0,0,0,0,0,0,0,0,0,0,0,0,0,0,0,5,2,2,2,2,2,2,2,0,1,1,1,3,1,2,2,9057,4,4,2,0,0,0,2,0,0,1
13B201,22,40302,4,1,0,1,36,223,1,35,7,4,1,1,1,1,2,2,2,1,1,4,2,1,2,2,2,2,3,300,2,1,1,0,0,0,0,0,0,0,0,0,0,0,0,0,0,0,0,0,0,0,0,0,0,0,0,0,0,0,0,20,2,0,3,3,2,0,2,2,2,1,1,1,2,0,1,2,1,1,1,1,2,9870,1,2,1,2,0,0,1,1,2,2
12B215,22,40326,2,1,0,1,36,223,2,43,7,5,1,1,1,1,2,2,2,1,2,3,2,1,2,2,2,2,3,1000,2,1,1,0,0,0,0,0,0,0,0,0,0,0,0,0,0,0,0,0,0,0,0,0,0,0,0,0,0,0,0,60,2,0,3,4,1,0,2,2,2,2,1,1,2,0,1,1,1,1,1,1,1,13781,1,2,1,2,0,0,1,2,2,2
12B215,22,40326,4,1,0,1,36,223,2,44,3,3,1,1,2,2,2,2,2,2,0,0,0,0,0,0,0,0,0,0,0,0,0,0,0,0,0,0,0,0,0,0,0,0,0,0,0,0,0,0,0,0,0,0,0,0,0,0,0,0,0,0,0,0,0,0,0,3,2,2,2,2,2,1,2,0,1,1,1,2,1,2,2,20672,4,4,2,0,0,0,2,0,2,1
12B215,22,40326,1,1,0,1,36,223,1,81,6,2,8,1,1,1,1,2,2,2,5,4,1,2,2,2,1,2,2,0,2,1,1,12,4,2,1,2,2,2,2,2,2,2,3,720,2,1,1,0,0,0,0,0,0,0,0,0,0,0,0,120,1,5,2,4,1,0,2,1,2,2,1,1,1,1,1,1,1,1,1,1,1,16361,1,2,1,2,2,0,1,17,0,1
12B215,22,40326,3,1,0,4,36,223,1,28,3,3,1,1,1,2,2,2,1,2,0,0,0,0,0,0,0,0,0,0,0,0,0,0,0,0,0,0,0,0,0,0,0,0,0,0,0,0,0,0,0,0,0,0,0,0,0,0,0,0,0,70,2,0,2,4,1,0,2,1,2,2,2,2,2,0,2,0,1,1,1,1,1,51081,1,3,1,0,0,0,2,0,2,1
11B213,23,40039,1,1,0,2,41,223,2,29,3,3,7,1,2,2,1,1,2,1,0,0,0,0,0,0,0,0,0,0,0,0,0,15,4,2,2,2,2,2,2,2,1,2,2,0,2,1,1,5,3,2,2,2,1,1,2,0,2,1,1,20,2,0,4,4,2,0,2,1,2,2,1,2,1,2,1,1,1,1,1,1,1,12569,3,3,1,0,2,2,1,20,0,1
11B213,23,40039,2,1,0,1,41,223,2,35,4,3,1,1,1,1,2,2,2,2,2,4,2,2,1,2,2,2,2,0,2,1,1,0,0,0,0,0,0,0,0,0,0,0,0,0,0,0,0,0,0,0,0,0,0,0,0,0,0,0,0,30,2,0,2,4,2,0,1,2,2,1,1,2,2,0,2,0,1,2,1,1,1,5789,1,1,1,2,0,0,1,2,2,1
11B213,23,40039,4,1,0,1,41,223,2,57,0,,1,2,0,0,0,0,0,0,0,0,0,0,0,0,0,0,0,0,0,0,0,0,0,0,0,0,0,0,0,0,0,0,0,0,0,0,0,0,0,0,0,0,0,0,0,0,0,0,0,0,0,0,0,0,0,0,0,0,0,0,0,0,0,0,0,0,0,0,0,0,0,10601,0,0,0,0,0,0,0,0,2,0
12B216,23,40041,2,1,0,1,41,223,2,34,6,3,1,1,1,1,2,2,2,1,3,4,2,2,1,2,2,2,3,150,2,1,1,0,0,0,0,0,0,0,0,0,0,0,0,0,0,0,0,0,0,0,0,0,0,0,0,0,0,0,0,60,2,0,3,3,1,0,2,2,2,2,1,2,2,0,2,0,1,1,1,1,1,17121,1,2,1,2,0,0,1,3,2,1
12B216,23,40041,4,1,0,1,41,223,1,76,7,2,1,1,1,1,2,2,2,2,4,3,2,1,2,2,2,2,2,0,2,1,1,0,0,0,0,0,0,0,0,0,0,0,0,0,0,0,0,0,0,0,0,0,0,0,0,0,0,0,0,60,2,0,2,4,2,0,2,2,2,1,2,1,2,0,1,5,1,1,1,1,1,9363,1,1,1,2,0,0,1,4,2,2
12B216,23,40041,3,1,0,1,41,223,1,27,7,4,1,1,2,1,1,2,2,1,4,4,2,2,2,1,2,2,3,2500,1,1,1,4,4,2,2,2,2,2,2,2,1,2,2,0,1,2,1,0,0,0,0,0,0,0,0,0,0,0,0,5,2,0,2,2,2,0,2,2,2,2,2,1,1,2,1,1,1,1,1,1,1,9744,3,2,1,3,1,0,1,8,2,2
12B202,23,40080,4,1,0,1,41,223,1,59,3,3,8,1,2,1,2,1,2,2,1,4,2,2,2,1,2,2,2,0,2,1,1,0,0,0,0,0,0,0,0,0,0,0,0,0,0,0,0,30,3,1,1,1,1,1,3,150,2,1,1,60,2,0,2,3,2,0,2,2,2,2,1,1,2,0,1,1,1,1,2,2,1,29981,3,2,1,2,0,2,1,31,0,1
12B202,23,40080,2,1,0,1,41,223,2,34,7,4,1,1,1,1,2,1,1,1,3,2,2,1,2,2,2,2,1,0,1,2,2,0,0,0,0,0,0,0,0,0,0,0,0,0,0,0,0,5,3,1,2,2,1,1,1,0,1,2,1,60,1,2,2,4,1,0,2,1,1,2,1,1,1,2,1,2,1,1,1,1,1,15824,1,2,1,1,0,1,1,8,2,2
11A207,23,40141,3,1,0,1,41,223,2,41,7,4,1,1,2,2,2,2,2,2,0,0,0,0,0,0,0,0,0,0,0,0,0,0,0,0,0,0,0,0,0,0,0,0,0,0,0,0,0,0,0,0,0,0,0,0,0,0,0,0,0,0,0,0,0,0,0,1,2,2,2,2,2,1,2,0,2,0,1,1,1,2,2,6778,4,4,2,0,0,0,2,0,2,2
11A207,23,40141,2,1,0,1,41,223,1,56,7,5,1,1,2,2,2,1,2,1,0,0,0,0,0,0,0,0,0,0,0,0,0,0,0,0,0,0,0,0,0,0,0,0,0,0,0,0,0,4,3,1,1,1,2,1,1,0,1,2,1,70,1,5,1,3,1,0,2,2,2,2,1,1,1,2,1,2,1,1,1,1,1,13941,3,3,1,0,0,1,1,4,2,2
11A207,23,40141,1,1,0,1,41,223,2,37,7,4,1,1,1,1,2,2,2,1,2,4,2,2,1,2,2,2,1,0,1,2,2,0,0,0,0,0,0,0,0,0,0,0,0,0,0,0,0,0,0,0,0,0,0,0,0,0,0,0,0,60,2,0,3,2,1,0,2,2,2,2,1,2,2,0,1,1,1,1,1,1,1,6778,1,2,1,1,0,0,1,2,2,2
11B216,23,40142,1,1,0,4,41,223,2,27,3,3,1,1,2,2,1,2,2,1,0,0,0,0,0,0,0,0,0,0,0,0,0,3,4,2,2,2,2,2,2,2,1,2,2,0,2,1,1,0,0,0,0,0,0,0,0,0,0,0,0,60,2,0,2,3,2,0,2,2,2,2,2,1,2,0,1,1,1,1,1,1,1,88480,3,3,1,0,2,0,1,3,2,1
11B216,23,40142,3,1,0,2,41,223,2,29,4,3,1,1,1,1,1,1,2,1,2,4,2,2,1,1,2,2,2,0,2,1,1,1,4,2,2,2,2,2,2,2,1,2,3,39,2,1,1,2,4,2,1,1,1,1,3,14,2,1,1,40,2,0,4,4,1,0,1,1,1,2,1,1,1,2,1,1,1,1,1,1,1,44240,1,2,1,2,2,2,1,5,2,1
11B216,23,40142,2,1,0,1,41,223,2,57,2,6,7,1,1,1,2,2,2,1,1,5,2,2,1,2,2,2,1,0,1,2,1,0,0,0,0,0,0,0,0,0,0,0,0,0,0,0,0,0,0,0,0,0,0,0,0,0,0,0,0,10,2,0,1,4,1,0,2,1,2,1,2,2,2,0,2,0,1,2,1,1,2,55969,1,2,1,1,0,0,1,1,0,0
11B216,23,40142,4,1,0,3,41,223,2,22,3,3,1,1,1,1,1,2,2,1,2,2,2,1,2,2,2,2,3,300,2,1,1,1,4,2,2,2,2,2,2,2,1,2,2,0,2,1,1,0,0,0,0,0,0,0,0,0,0,0,0,60,1,5,3,3,1,0,2,2,2,1,1,1,1,2,1,1,1,1,1,1,1,80867,1,2,1,2,2,0,1,3,2,1
11B202,23,40149,3,1,0,2,41,223,2,27,3,3,7,1,2,2,2,2,2,1,0,0,0,0,0,0,0,0,0,0,0,0,0,0,0,0,0,0,0,0,0,0,0,0,0,0,0,0,0,0,0,0,0,0,0,0,0,0,0,0,0,30,2,0,3,4,2,0,2,2,2,2,1,1,2,0,2,0,1,1,1,1,1,14484,3,3,1,0,0,0,2,0,0,1
11B202,23,40149,4,1,1,1,41,223,1,40,4,1,1,1,2,2,1,1,2,2,0,0,0,0,0,0,0,0,0,0,0,0,0,2,4,2,2,2,2,2,2,2,1,2,2,0,2,1,4,3,4,1,1,1,1,1,3,15,2,1,4,25,2,0,4,4,2,0,2,2,2,2,2,2,2,0,2,0,1,1,1,1,2,8516,3,3,1,0,2,2,1,5,2,1
11B202,23,40149,1,1,0,1,41,223,1,56,2,6,1,1,2,2,2,2,2,2,0,0,0,0,0,0,0,0,0,0,0,0,0,0,0,0,0,0,0,0,0,0,0,0,0,0,0,0,0,0,0,0,0,0,0,0,0,0,0,0,0,0,0,0,0,0,0,5,2,2,2,2,2,2,2,0,2,0,1,2,2,2,2,6860,4,4,2,0,0,0,2,0,2,0
11B202,23,40149,2,1,0,2,41,223,2,34,4,3,1,1,2,2,2,1,2,1,0,0,0,0,0,0,0,0,0,0,0,0,0,0,0,0,0,0,0,0,0,0,0,0,0,0,0,0,0,1,3,2,2,1,1,1,1,0,2,1,1,25,2,0,2,3,2,0,2,2,2,2,2,2,2,0,2,0,1,1,1,1,2,14484,3,3,1,0,0,2,1,1,2,1
11B214,23,40168,3,1,0,1,41,223,1,35,4,3,1,1,1,1,2,2,2,1,5,4,2,2,2,2,1,2,3,1500,2,1,1,0,0,0,0,0,0,0,0,0,0,0,0,0,0,0,0,0,0,0,0,0,0,0,0,0,0,0,0,30,1,5,2,3,1,0,1,1,2,1,2,1,1,1,1,2,1,2,1,3,2,7413,1,2,1,2,0,0,1,5,2,1
11B214,23,40168,4,1,0,1,41,223,2,33,7,5,1,1,1,1,2,2,2,1,4,4,2,2,2,1,2,2,3,1500,2,1,1,0,0,0,0,0,0,0,0,0,0,0,0,0,0,0,0,0,0,0,0,0,0,0,0,0,0,0,0,60,2,0,4,4,1,0,1,1,2,1,1,2,2,0,1,1,1,1,1,1,1,6304,1,2,1,2,0,0,1,4,2,2
11B214,23,40168,1,1,0,2,41,223,2,31,7,3,1,1,1,1,2,1,2,1,4,3,2,1,1,2,2,2,3,500,1,1,1,0,0,0,0,0,0,0,0,0,0,0,0,0,0,0,0,1,4,1,1,1,1,1,1,0,1,2,1,30,1,3,3,3,1,0,1,2,2,1,2,2,2,0,1,1,1,1,1,1,1,12609,1,2,1,3,0,1,1,5,2,2
11B214,23,40168,2,1,0,1,41,223,1,24,4,3,1,1,1,1,1,1,1,1,3,4,2,2,2,2,1,2,2,0,2,1,2,4,3,1,2,2,1,2,1,2,2,2,3,150,2,1,2,4,2,1,1,1,1,1,3,60,2,1,2,30,2,0,2,3,2,0,2,1,2,2,1,1,1,2,1,1,1,1,1,1,1,17917,1,2,1,2,2,2,1,11,2,1
11A208,23,40267,2,1,0,1,41,223,1,78,2,6,1,1,1,1,2,1,2,2,2,4,2,2,2,1,2,2,3,360,2,1,1,0,0,0,0,0,0,0,0,0,0,0,0,0,0,0,0,1,4,1,1,2,2,1,3,8,2,1,1,10,2,0,1,4,2,0,2,2,2,2,2,2,2,0,2,0,1,2,1,1,2,7152,1,2,1,2,0,2,1,3,2,0
11A208,23,40267,3,1,0,4,41,223,1,22,3,3,1,1,2,2,2,1,1,2,0,0,0,0,0,0,0,0,0,0,0,0,0,0,0,0,0,0,0,0,0,0,0,0,0,0,0,0,0,1,3,1,1,2,1,1,3,10,2,1,1,10,2,0,2,1,1,0,2,2,2,2,1,2,1,2,1,3,1,1,1,1,1,46463,3,3,1,0,0,2,1,1,2,1
11A208,23,40267,4,1,0,1,41,223,1,60,2,6,1,1,1,2,1,2,2,2,0,0,0,0,0,0,0,0,0,0,0,0,0,1,4,2,2,2,2,2,2,2,1,2,2,0,2,1,1,0,0,0,0,0,0,0,0,0,0,0,0,10,2,0,2,2,2,0,2,2,2,2,2,2,2,0,2,0,1,2,2,2,2,24778,1,3,1,0,2,0,1,1,2,0
11A208,23,40267,1,1,0,2,41,223,2,58,3,3,7,1,2,2,2,2,2,2,0,0,0,0,0,0,0,0,0,0,0,0,0,0,0,0,0,0,0,0,0,0,0,0,0,0,0,0,0,0,0,0,0,0,0,0,0,0,0,0,0,0,0,0,0,0,0,3,2,2,2,2,2,2,2,0,2,0,1,1,1,2,2,5516,4,4,2,0,0,0,2,0,0,1
13B215,23,40296,4,1,0,1,41,223,2,54,3,3,7,1,2,2,2,2,2,1,0,0,0,0,0,0,0,0,0,0,0,0,0,0,0,0,0,0,0,0,0,0,0,0,0,0,0,0,0,0,0,0,0,0,0,0,0,0,0,0,0,10,2,0,2,4,2,0,2,1,2,1,2,2,2,0,1,2,1,2,2,2,1,9126,3,3,1,0,0,0,2,0,0,1
13B215,23,40296,3,1,0,1,41,223,1,34,7,4,1,1,1,1,2,2,2,2,1,4,2,2,2,2,1,2,1,0,1,2,1,0,0,0,0,0,0,0,0,0,0,0,0,0,0,0,0,0,0,0,0,0,0,0,0,0,0,0,0,30,2,0,3,3,2,0,2,2,2,2,2,1,2,0,1,1,1,1,1,1,1,10933,1,1,1,1,0,0,1,1,2,2
13B215,23,40296,2,1,0,1,41,223,2,45,7,5,1,1,1,1,2,2,2,1,5,4,2,2,2,1,2,2,3,1500,2,1,1,0,0,0,0,0,0,0,0,0,0,0,0,0,0,0,0,0,0,0,0,0,0,0,0,0,0,0,0,20,1,5,4,3,1,0,1,2,2,1,2,2,2,0,2,0,1,1,1,1,1,9126,1,2,1,2,0,0,1,5,2,2
13B215,23,40296,1,1,0,4,41,223,2,21,4,3,1,1,2,2,2,2,2,2,0,0,0,0,0,0,0,0,0,0,0,0,0,0,0,0,0,0,0,0,0,0,0,0,0,0,0,0,0,0,0,0,0,0,0,0,0,0,0,0,0,0,0,0,0,0,0,3,2,2,2,2,1,2,2,0,1,1,1,1,1,1,1,46826,4,4,2,0,0,0,2,0,2,1
11B215,23,40297,3,1,0,2,41,223,2,70,0,,7,2,0,0,0,0,0,0,0,0,0,0,0,0,0,0,0,0,0,0,0,0,0,0,0,0,0,0,0,0,0,0,0,0,0,0,0,0,0,0,0,0,0,0,0,0,0,0,0,0,0,0,0,0,0,0,0,0,0,0,0,0,0,0,0,0,0,0,0,0,0,41330,0,0,0,0,0,0,0,0,0,0
11B215,23,40297,1,1,0,2,41,223,2,31,3,2,1,1,2,1,1,1,1,2,1,4,2,2,1,2,2,2,2,0,2,1,1,5,4,2,2,1,2,2,2,2,1,2,2,0,2,1,1,1,3,2,1,1,1,1,2,0,2,1,1,60,2,0,4,4,1,0,2,1,1,2,1,1,1,2,1,1,1,1,1,1,1,19149,3,2,1,2,2,2,1,7,2,1
11B215,23,40297,2,1,0,3,41,223,2,33,4,3,7,1,1,1,2,2,2,1,1,3,2,2,1,2,2,2,3,300,2,1,1,0,0,0,0,0,0,0,0,0,0,0,0,0,0,0,0,0,0,0,0,0,0,0,0,0,0,0,0,30,1,3,2,1,1,0,1,2,2,1,1,1,1,3,1,1,1,1,1,1,1,19149,1,2,1,2,0,0,1,1,0,1
11B215,23,40297,4,1,0,1,41,223,2,45,2,6,1,1,1,1,2,2,1,1,1,5,2,2,1,2,2,2,1,0,1,2,1,0,0,0,0,0,0,0,0,0,0,0,0,0,0,0,0,0,0,0,0,0,0,0,0,0,0,0,0,10,2,0,2,4,2,0,2,2,2,2,2,1,2,0,1,1,1,1,1,1,1,6064,1,2,1,1,0,0,1,1,2,0
13B201,23,40334,2,1,0,1,41,223,2,41,8,2,1,1,1,1,2,2,2,1,3,4,2,2,1,2,2,2,3,1000,2,1,1,0,0,0,0,0,0,0,0,0,0,0,0,0,0,0,0,0,0,0,0,0,0,0,0,0,0,0,0,20,2,0,4,4,2,0,1,2,2,1,1,1,1,2,1,5,1,1,1,2,1,6595,1,2,1,2,0,0,1,3,2,2
11B201,23,40401,4,1,1,2,41,223,2,27,7,4,1,1,1,1,1,1,2,1,10,1,2,1,2,2,1,2,3,5000,2,1,1,2,4,2,2,2,1,2,2,2,2,2,2,0,2,1,1,2,3,1,2,1,1,1,3,20,2,1,1,120,2,0,4,4,1,0,1,2,2,1,2,1,2,0,1,1,1,1,1,1,1,13333,1,2,1,2,2,2,1,14,2,2
11B201,23,40401,1,1,0,1,41,223,1,29,3,3,1,1,1,1,2,1,2,1,1,3,2,2,2,2,1,2,1,0,1,2,1,0,0,0,0,0,0,0,0,0,0,0,0,0,0,0,0,1,3,1,2,1,1,2,3,15,2,1,2,15,2,0,2,4,1,0,2,1,2,2,1,1,1,2,1,1,1,1,1,1,1,15174,1,2,1,1,0,2,1,2,2,1
11B201,23,40401,3,1,0,1,41,223,1,61,2,6,1,1,2,1,2,2,2,2,1,5,2,2,1,2,2,2,3,250,2,1,5,0,0,0,0,0,0,0,0,0,0,0,0,0,0,0,0,0,0,0,0,0,0,0,0,0,0,0,0,60,2,0,3,3,2,0,2,2,2,2,1,1,1,2,1,1,1,2,1,1,2,6315,3,1,1,2,0,0,1,1,2,0
11B201,23,40401,2,1,0,1,41,223,2,33,4,3,7,1,2,2,1,1,2,1,0,0,0,0,0,0,0,0,0,0,0,0,0,3,4,2,2,2,2,2,2,2,1,2,2,0,2,1,1,2,3,2,2,2,1,1,1,0,1,2,1,15,2,0,4,3,2,0,2,2,2,2,1,1,1,1,1,1,1,1,1,1,1,13333,3,3,1,0,2,1,1,5,0,1
11A207,24,40008,3,1,0,2,7,223,2,47,7,5,1,1,1,1,1,2,2,2,5,4,2,1,2,2,1,2,3,1500,2,1,1,1,3,2,2,1,2,2,2,2,2,2,3,100,2,1,1,0,0,0,0,0,0,0,0,0,0,0,0,120,1,5,2,3,1,0,2,1,2,1,2,1,1,2,1,1,1,1,2,1,1,12373,1,2,1,2,2,0,1,6,2,2
11A207,24,40008,4,1,0,1,7,223,2,64,2,6,7,1,1,1,2,2,2,2,1,5,2,2,1,2,2,2,2,0,2,1,1,0,0,0,0,0,0,0,0,0,0,0,0,0,0,0,0,0,0,0,0,0,0,0,0,0,0,0,0,120,2,0,2,2,2,0,2,2,2,2,2,1,2,0,2,0,1,2,2,2,2,5492,1,1,1,2,0,0,1,1,0,0
11A207,24,40008,1,1,0,2,7,223,2,64,2,1,7,2,0,0,0,0,0,0,0,0,0,0,0,0,0,0,0,0,0,0,0,0,0,0,0,0,0,0,0,0,0,0,0,0,0,0,0,0,0,0,0,0,0,0,0,0,0,0,0,0,0,0,0,0,0,0,0,0,0,0,0,0,0,0,0,0,0,0,0,0,0,16476,0,0,0,0,0,0,0,0,0,0
12A207,24,40009,1,1,0,2,7,223,2,37,4,2,7,1,2,2,2,2,2,2,0,0,0,0,0,0,0,0,0,0,0,0,0,0,0,0,0,0,0,0,0,0,0,0,0,0,0,0,0,0,0,0,0,0,0,0,0,0,0,0,0,0,0,0,0,0,0,5,2,2,2,2,1,1,1,1,1,1,1,1,1,1,1,13519,4,4,2,0,0,0,2,0,0,1
12A207,24,40009,2,1,0,1,7,223,1,70,2,6,1,1,1,1,2,2,2,2,10,3,2,2,2,2,1,2,2,0,2,1,1,0,0,0,0,0,0,0,0,0,0,0,0,0,0,0,0,0,0,0,0,0,0,0,0,0,0,0,0,30,2,0,1,3,2,0,2,2,2,2,2,2,2,0,2,0,1,2,2,2,2,16050,1,1,1,2,0,0,1,10,2,0
12A207,24,40009,3,1,0,1,7,223,2,39,4,2,1,1,2,2,2,2,2,2,0,0,0,0,0,0,0,0,0,0,0,0,0,0,0,0,0,0,0,0,0,0,0,0,0,0,0,0,0,0,0,0,0,0,0,0,0,0,0,0,0,0,0,0,0,0,0,3,2,2,2,2,2,2,2,0,2,0,1,2,1,2,2,6760,4,4,2,0,0,0,2,0,2,1
12A207,24,40009,4,1,0,3,7,223,2,21,4,3,1,1,1,1,2,2,1,1,5,4,2,2,2,1,1,2,2,0,2,1,1,0,0,0,0,0,0,0,0,0,0,0,0,0,0,0,0,0,0,0,0,0,0,0,0,0,0,0,0,30,2,0,4,4,1,0,1,1,2,1,2,2,1,1,1,1,1,1,1,1,1,26826,1,2,1,2,0,0,1,5,2,1
13B213,24,40034,1,1,0,1,7,223,1,68,2,6,8,1,1,1,1,2,2,2,2,3,2,2,1,2,2,2,2,0,2,1,1,2,5,2,2,2,2,1,2,2,2,2,2,0,2,1,1,0,0,0,0,0,0,0,0,0,0,0,0,30,2,0,1,4,2,0,2,2,2,2,2,2,2,0,2,0,1,1,1,1,1,22689,1,2,1,2,2,0,1,4,0,0
13B213,24,40034,2,1,0,3,7,223,1,25,4,3,1,1,1,1,1,2,2,1,4,2,2,2,1,2,2,2,3,500,2,1,1,1,2,2,2,2,1,2,2,2,2,2,1,0,1,2,1,0,0,0,0,0,0,0,0,0,0,0,0,180,2,0,4,3,1,0,2,2,1,1,2,2,2,0,1,1,1,1,1,2,2,47224,1,2,1,2,1,0,1,5,2,1
13B213,24,40034,4,1,0,2,7,223,1,30,8,2,1,1,1,1,2,2,2,1,5,3,2,2,2,2,1,2,3,1500,2,1,1,0,0,0,0,0,0,0,0,0,0,0,0,0,0,0,0,0,0,0,0,0,0,0,0,0,0,0,0,40,1,5,2,3,1,0,2,2,1,1,2,1,1,2,1,2,1,1,1,1,2,35417,1,2,1,2,0,0,1,5,2,2
13B213,24,40034,3,1,0,1,7,223,1,27,7,5,1,1,1,2,2,2,2,1,0,0,0,0,0,0,0,0,0,0,0,0,0,0,0,0,0,0,0,0,0,0,0,0,0,0,0,0,0,0,0,0,0,0,0,0,0,0,0,0,0,20,2,0,2,2,1,0,2,2,2,2,2,1,1,1,1,1,1,1,1,1,1,11805,1,3,1,0,0,0,2,0,2,2
12B202,24,40052,1,1,0,2,7,223,1,23,7,1,6,1,1,1,2,2,2,1,3,4,2,2,2,2,1,2,3,1000,2,1,1,0,0,0,0,0,0,0,0,0,0,0,0,0,0,0,0,0,0,0,0,0,0,0,0,0,0,0,0,30,2,0,2,2,1,0,1,2,2,2,2,1,1,2,1,1,1,1,1,1,2,18794,1,2,1,2,0,0,1,3,1,2
12B202,24,40052,4,1,0,5,7,223,2,23,7,3,1,1,2,2,2,2,2,2,0,0,0,0,0,0,0,0,0,0,0,0,0,0,0,0,0,0,0,0,0,0,0,0,0,0,0,0,0,0,0,0,0,0,0,0,0,0,0,0,0,0,0,0,0,0,0,3,1,2,1,2,1,1,1,1,1,3,1,1,1,1,2,24175,4,4,2,0,0,0,2,0,2,2
12B202,24,40052,2,1,0,1,7,223,1,72,3,3,8,1,2,2,2,2,2,2,0,0,0,0,0,0,0,0,0,0,0,0,0,0,0,0,0,0,0,0,0,0,0,0,0,0,0,0,0,0,0,0,0,0,0,0,0,0,0,0,0,0,0,0,0,0,0,2,2,2,2,2,2,2,1,2,1,5,1,2,1,2,2,14464,4,4,2,0,0,0,2,0,0,1
12B213,24,40130,4,1,0,1,7,223,1,37,3,3,1,1,2,2,2,2,2,2,0,0,0,0,0,0,0,0,0,0,0,0,0,0,0,0,0,0,0,0,0,0,0,0,0,0,0,0,0,0,0,0,0,0,0,0,0,0,0,0,0,0,0,0,0,0,0,3,2,2,2,2,2,2,3,0,2,0,1,1,3,2,2,10795,4,4,2,0,0,0,2,0,2,1
12B213,24,40130,2,1,0,2,7,223,1,49,7,1,1,1,1,2,2,1,2,1,0,0,0,0,0,0,0,0,0,0,0,0,0,0,0,0,0,0,0,0,0,0,0,0,0,0,0,0,0,2,3,1,1,2,2,1,2,0,2,1,2,20,2,0,2,3,2,0,2,2,2,2,2,1,2,0,1,1,1,2,1,3,1,21164,1,3,1,0,0,2,1,2,2,2
12B213,24,40130,3,1,1,1,7,223,2,40,4,3,1,1,1,2,2,2,2,2,0,0,0,0,0,0,0,0,0,0,0,0,0,0,0,0,0,0,0,0,0,0,0,0,0,0,0,0,0,0,0,0,0,0,0,0,0,0,0,0,0,0,0,0,0,0,0,2,2,2,2,2,1,1,1,2,1,1,1,1,1,1,1,8456,2,4,2,0,0,0,2,0,2,1
12B213,24,40130,1,1,0,2,7,223,2,69,2,6,7,1,1,2,1,2,2,2,0,0,0,0,0,0,0,0,0,0,0,0,0,4,3,2,1,2,2,1,2,2,2,2,3,200,2,1,1,0,0,0,0,0,0,0,0,0,0,0,0,60,2,0,1,2,2,0,2,1,2,2,2,2,2,0,2,0,1,1,1,1,1,39627,1,3,1,0,2,0,1,4,0,0
12B216,24,40137,2,1,0,1,7,223,1,60,6,2,8,1,1,1,2,2,2,2,4,3,2,2,2,2,1,2,3,1900,2,1,1,0,0,0,0,0,0,0,0,0,0,0,0,0,0,0,0,0,0,0,0,0,0,0,0,0,0,0,0,180,2,0,4,4,1,0,1,2,2,1,2,1,2,0,1,2,1,1,1,1,2,30649,1,1,1,2,0,0,1,4,0,1
12B216,24,40137,4,1,0,2,7,223,2,23,3,3,7,1,2,2,2,2,2,2,0,0,0,0,0,0,0,0,0,0,0,0,0,0,0,0,0,0,0,0,0,0,0,0,0,0,0,0,0,0,0,0,0,0,0,0,0,0,0,0,0,0,0,0,0,0,0,3,2,2,2,2,2,1,1,2,1,1,1,2,1,1,1,19713,4,4,2,0,0,0,2,0,0,1
12B216,24,40137,3,1,0,1,7,223,1,20,7,2,6,1,1,1,2,2,1,1,6,2,2,1,1,2,2,2,1,0,1,2,1,0,0,0,0,0,0,0,0,0,0,0,0,0,0,0,0,0,0,0,0,0,0,0,0,0,0,0,0,60,2,0,3,3,1,0,2,1,1,2,2,1,1,1,1,3,1,1,1,1,2,11494,1,2,1,1,0,0,1,6,1,2
12B216,24,40137,1,1,0,4,7,223,1,23,7,5,1,1,1,1,2,2,2,1,1,2,2,1,2,2,2,2,3,800,2,1,1,0,0,0,0,0,0,0,0,0,0,0,0,0,0,0,0,0,0,0,0,0,0,0,0,0,0,0,0,60,2,0,2,3,1,0,2,2,2,2,2,2,2,0,1,1,1,2,1,1,1,45976,1,2,1,2,0,0,1,1,2,2
13B214,24,40201,1,1,0,3,7,223,2,24,7,4,1,1,2,1,2,2,2,1,3,2,2,1,2,2,2,2,1,0,1,2,1,0,0,0,0,0,0,0,0,0,0,0,0,0,0,0,0,0,0,0,0,0,0,0,0,0,0,0,0,60,2,0,1,3,1,0,2,2,2,2,2,1,3,0,1,2,1,1,1,1,2,35465,3,2,1,1,0,0,1,3,2,2
13B214,24,40201,4,1,0,1,7,223,2,70,4,3,7,1,2,2,2,2,2,2,0,0,0,0,0,0,0,0,0,0,0,0,0,0,0,0,0,0,0,0,0,0,0,0,0,0,0,0,0,0,0,0,0,0,0,0,0,0,0,0,0,0,0,0,0,0,0,2,2,2,2,2,1,2,2,0,2,0,1,1,1,1,1,10469,4,4,2,0,0,0,2,0,0,1
13B214,24,40201,3,1,0,1,7,223,1,34,7,5,1,1,1,1,1,1,2,1,4,1,1,1,2,2,2,2,3,1200,2,1,1,2,3,2,2,2,2,2,1,2,2,2,3,250,2,1,1,2,3,1,1,2,2,1,3,20,2,1,1,30,2,0,3,3,2,0,2,1,2,2,1,1,1,1,1,1,1,1,1,2,1,22081,1,2,1,2,2,2,1,8,2,2
11A208,24,40205,3,1,0,7,7,223,1,20,2,6,1,1,1,2,1,2,2,1,0,0,0,0,0,0,0,0,0,0,0,0,0,10,3,1,1,2,2,2,2,2,2,2,1,0,1,2,1,0,0,0,0,0,0,0,0,0,0,0,0,30,2,0,2,3,2,0,2,2,2,2,1,1,1,2,1,1,1,1,1,1,1,39503,1,3,1,0,1,0,1,10,2,0
11A208,24,40205,4,1,1,1,7,223,1,30,3,3,1,1,2,2,2,2,2,2,0,0,0,0,0,0,0,0,0,0,0,0,0,0,0,0,0,0,0,0,0,0,0,0,0,0,0,0,0,0,0,0,0,0,0,0,0,0,0,0,0,0,0,0,0,0,0,3,2,2,2,2,1,1,1,1,1,1,1,1,1,1,1,15819,4,4,2,0,0,0,2,0,2,1
11A208,24,40205,1,1,0,2,7,223,2,31,7,5,1,1,1,1,2,2,2,2,3,3,2,2,2,1,2,2,3,1200,2,1,1,0,0,0,0,0,0,0,0,0,0,0,0,0,0,0,0,0,0,0,0,0,0,0,0,0,0,0,0,30,2,0,3,4,2,0,1,2,2,2,2,2,1,2,1,1,1,1,1,2,1,13899,1,1,1,2,0,0,1,3,2,2
11A208,24,40205,2,1,0,4,7,223,1,22,7,4,1,1,1,2,1,2,2,1,0,0,0,0,0,0,0,0,0,0,0,0,0,4,1,2,2,2,1,2,2,2,2,2,1,0,1,2,2,0,0,0,0,0,0,0,0,0,0,0,0,30,2,0,3,3,1,0,2,1,1,2,2,1,2,0,1,1,1,1,1,1,1,39503,1,3,1,0,1,0,1,4,2,2
11B214,24,40264,4,1,0,1,7,223,1,50,3,3,1,1,2,2,2,2,2,2,0,0,0,0,0,0,0,0,0,0,0,0,0,0,0,0,0,0,0,0,0,0,0,0,0,0,0,0,0,0,0,0,0,0,0,0,0,0,0,0,0,0,0,0,0,0,0,3,2,2,2,2,2,1,1,1,1,1,1,2,2,2,2,7746,4,4,2,0,0,0,2,0,2,1
11B214,24,40264,1,1,0,4,7,223,1,21,4,2,1,1,2,2,2,2,2,2,0,0,0,0,0,0,0,0,0,0,0,0,0,0,0,0,0,0,0,0,0,0,0,0,0,0,0,0,0,0,0,0,0,0,0,0,0,0,0,0,0,0,0,0,0,0,0,3,2,2,2,2,1,1,1,2,1,1,1,1,1,1,1,38195,4,4,2,0,0,0,2,0,2,1
11B214,24,40264,2,1,0,2,7,223,1,23,7,2,6,1,1,1,2,2,2,1,2,4,2,2,2,1,2,2,3,300,2,1,2,0,0,0,0,0,0,0,0,0,0,0,0,0,0,0,0,0,0,0,0,0,0,0,0,0,0,0,0,30,2,0,3,4,1,0,1,1,1,1,2,1,1,2,1,2,1,1,1,1,1,19097,1,2,1,2,0,0,1,2,1,2
11B214,24,40264,3,1,0,3,7,223,2,20,4,1,1,1,1,1,1,1,1,1,5,4,2,2,2,1,2,2,3,900,2,1,1,6,4,2,2,2,2,2,2,2,1,2,3,200,2,1,1,10,3,2,2,2,2,1,3,100,2,1,1,60,2,0,3,2,1,0,2,1,1,1,2,2,2,0,1,2,1,1,1,2,2,32754,1,2,1,2,2,2,1,21,2,1
13A208,24,40270,4,1,0,2,7,223,2,35,7,5,1,1,2,2,2,2,2,2,0,0,0,0,0,0,0,0,0,0,0,0,0,0,0,0,0,0,0,0,0,0,0,0,0,0,0,0,0,0,0,0,0,0,0,0,0,0,0,0,0,0,0,0,0,0,0,2,2,2,2,2,1,1,1,2,1,2,1,2,1,2,1,19889,4,4,2,0,0,0,2,0,2,2
13A208,24,40270,2,1,0,1,7,223,1,31,4,3,1,1,2,2,2,2,2,2,0,0,0,0,0,0,0,0,0,0,0,0,0,0,0,0,0,0,0,0,0,0,0,0,0,0,0,0,0,0,0,0,0,0,0,0,0,0,0,0,0,0,0,0,0,0,0,3,2,2,2,2,2,2,2,0,1,3,1,2,1,1,2,24572,4,4,2,0,0,0,2,0,2,1
13A208,24,40270,1,1,0,3,7,223,2,20,7,2,6,1,1,1,2,1,2,1,8,2,2,1,2,2,2,2,1,0,1,2,1,0,0,0,0,0,0,0,0,0,0,0,0,0,0,0,0,3,3,1,2,2,2,1,3,30,2,1,1,60,1,5,2,3,1,0,1,1,1,1,1,1,1,2,1,2,1,2,1,2,1,39466,1,2,1,1,0,2,1,11,1,2
13A208,24,40270,3,1,0,1,7,223,1,69,7,5,8,1,1,1,2,1,2,2,12,3,2,2,2,1,1,2,3,3600,2,1,1,0,0,0,0,0,0,0,0,0,0,0,0,0,0,0,0,7,3,1,1,1,1,1,3,70,2,1,1,120,2,0,3,3,2,0,2,2,2,1,2,1,1,2,1,5,1,3,1,1,1,23612,1,2,1,2,0,2,1,19,0,2
12B215,24,40293,1,1,0,2,7,223,2,30,4,2,1,1,2,2,2,2,2,2,0,0,0,0,0,0,0,0,0,0,0,0,0,0,0,0,0,0,0,0,0,0,0,0,0,0,0,0,0,0,0,0,0,0,0,0,0,0,0,0,0,0,0,0,0,0,0,2,1,2,2,2,2,2,2,0,1,1,1,1,1,1,1,14890,4,4,2,0,0,0,2,0,2,1
12B215,24,40293,4,1,0,1,7,223,2,68,2,6,1,1,2,2,2,2,2,2,0,0,0,0,0,0,0,0,0,0,0,0,0,0,0,0,0,0,0,0,0,0,0,0,0,0,0,0,0,0,0,0,0,0,0,0,0,0,0,0,0,0,0,0,0,0,0,1,2,2,2,2,2,2,2,0,2,0,1,2,2,2,2,16068,4,4,2,0,0,0,2,0,2,0
12B215,24,40293,2,1,0,1,7,223,2,47,0,,1,2,0,0,0,0,0,0,0,0,0,0,0,0,0,0,0,0,0,0,0,0,0,0,0,0,0,0,0,0,0,0,0,0,0,0,0,0,0,0,0,0,0,0,0,0,0,0,0,0,0,0,0,0,0,0,0,0,0,0,0,0,0,0,0,0,0,0,0,0,0,21219,0,0,0,0,0,0,0,0,2,0
12B215,24,40293,3,1,0,3,7,223,1,19,4,3,1,1,1,2,2,2,2,1,0,0,0,0,0,0,0,0,0,0,0,0,0,0,0,0,0,0,0,0,0,0,0,0,0,0,0,0,0,0,0,0,0,0,0,0,0,0,0,0,0,30,2,0,2,4,1,0,2,2,2,2,2,1,1,2,1,1,1,1,2,1,1,31738,1,3,1,0,0,0,2,0,2,1
12B201,24,40364,2,1,0,5,7,223,2,28,7,3,1,1,2,2,2,2,2,1,0,0,0,0,0,0,0,0,0,0,0,0,0,0,0,0,0,0,0,0,0,0,0,0,0,0,0,0,0,0,0,0,0,0,0,0,0,0,0,0,0,20,2,0,2,3,2,0,2,2,2,2,2,1,1,2,1,1,1,1,2,1,2,30331,3,3,1,0,0,0,2,0,2,2
12B201,24,40364,1,1,0,1,7,223,2,72,2,6,7,1,2,2,2,2,2,2,0,0,0,0,0,0,0,0,0,0,0,0,0,0,0,0,0,0,0,0,0,0,0,0,0,0,0,0,0,0,0,0,0,0,0,0,0,0,0,0,0,0,0,0,0,0,0,5,2,2,2,2,2,1,2,0,2,0,1,2,1,1,1,8183,4,4,2,0,0,0,2,0,0,0
12B201,24,40364,3,1,0,2,7,223,2,29,4,3,1,1,1,2,2,1,2,1,0,0,0,0,0,0,0,0,0,0,0,0,0,0,0,0,0,0,0,0,0,0,0,0,0,0,0,0,0,3,3,2,2,2,2,1,1,0,1,2,1,60,2,0,2,4,1,0,2,1,2,2,1,1,1,2,1,2,1,1,1,1,1,15166,1,3,1,0,0,1,1,3,2,1
12B201,24,40364,4,1,0,1,7,223,2,23,7,4,6,1,1,1,2,1,1,1,70,4,2,1,2,1,2,2,1,0,1,2,2,0,0,0,0,0,0,0,0,0,0,0,0,0,0,0,0,3,3,1,1,1,1,1,1,0,1,2,1,180,2,0,3,4,1,0,2,1,1,1,1,1,1,2,1,5,1,1,1,1,1,9240,1,2,1,1,0,1,1,73,1,2
11B216,25,40011,4,1,0,1,24,223,1,39,7,2,1,1,2,2,1,2,2,1,0,0,0,0,0,0,0,0,0,0,0,0,0,3,1,2,2,2,2,2,1,2,2,2,2,0,2,1,2,0,0,0,0,0,0,0,0,0,0,0,0,5,2,0,4,4,1,0,2,2,2,2,1,1,2,0,1,1,1,2,1,1,1,27629,3,3,1,0,2,0,1,3,2,2
11B216,25,40011,2,1,0,6,24,223,2,20,4,3,1,1,2,2,2,2,2,1,0,0,0,0,0,0,0,0,0,0,0,0,0,0,0,0,0,0,0,0,0,0,0,0,0,0,0,0,0,0,0,0,0,0,0,0,0,0,0,0,0,120,1,3,2,2,2,0,2,2,2,2,2,2,1,2,2,0,1,1,1,1,1,57265,3,3,1,0,0,0,2,0,2,1
11B216,25,40011,3,1,0,3,24,223,1,28,4,3,4,1,1,2,1,2,2,1,0,0,0,0,0,0,0,0,0,0,0,0,0,5,1,2,2,2,2,2,1,2,2,2,2,0,2,1,1,0,0,0,0,0,0,0,0,0,0,0,0,10,2,0,1,3,1,0,2,2,2,2,2,1,1,2,1,1,1,2,1,1,2,35654,1,3,1,0,2,0,1,5,1,1
13B202,25,40015,2,1,0,1,24,223,1,57,7,5,1,1,2,2,1,2,2,1,0,0,0,0,0,0,0,0,0,0,0,0,0,1,3,2,2,2,2,2,1,2,2,2,2,0,2,1,1,0,0,0,0,0,0,0,0,0,0,0,0,30,2,0,2,3,2,0,2,2,2,2,2,1,1,2,1,5,1,1,1,1,1,9941,3,3,1,0,2,0,1,1,2,2
13B202,25,40015,1,1,0,2,24,223,2,19,4,3,6,1,1,1,1,2,1,1,2,4,2,2,2,1,2,2,2,0,2,1,1,2,2,2,2,2,2,2,1,2,2,2,1,0,1,2,2,0,0,0,0,0,0,0,0,0,0,0,0,30,2,0,4,4,1,0,1,2,1,1,2,1,3,0,1,1,1,1,1,1,1,25577,1,2,1,2,1,0,1,4,1,1
12B213,25,40070,2,1,0,2,24,223,2,38,7,5,7,1,2,2,2,2,2,1,0,0,0,0,0,0,0,0,0,0,0,0,0,0,0,0,0,0,0,0,0,0,0,0,0,0,0,0,0,0,0,0,0,0,0,0,0,0,0,0,0,30,2,0,2,3,2,0,2,2,2,2,1,1,2,0,1,1,1,2,1,2,1,16016,3,3,1,0,0,0,2,0,0,2
12B213,25,40070,3,1,0,3,24,223,2,46,3,3,1,1,1,2,2,2,2,2,0,0,0,0,0,0,0,0,0,0,0,0,0,0,0,0,0,0,0,0,0,0,0,0,0,0,0,0,0,0,0,0,0,0,0,0,0,0,0,0,0,0,0,0,0,0,0,3,2,2,2,2,2,2,2,0,2,0,1,2,1,2,2,16518,2,4,2,0,0,0,2,0,2,1
12B213,25,40070,1,1,0,3,24,223,1,53,4,2,1,1,2,2,2,2,2,2,0,0,0,0,0,0,0,0,0,0,0,0,0,0,0,0,0,0,0,0,0,0,0,0,0,0,0,0,0,0,0,0,0,0,0,0,0,0,0,0,0,0,0,0,0,0,0,1,2,2,2,2,1,1,1,2,1,1,1,3,1,2,2,30060,4,4,2,0,0,0,2,0,2,1
12B213,25,40070,4,1,0,1,24,223,1,44,4,3,1,1,1,2,1,2,2,1,0,0,0,0,0,0,0,0,0,0,0,0,0,7,1,2,2,2,2,2,1,2,2,2,1,0,1,1,1,0,0,0,0,0,0,0,0,0,0,0,0,30,2,0,2,3,2,0,1,2,2,1,1,1,2,0,1,1,1,1,1,2,2,20444,1,3,1,0,3,0,1,7,2,1
11B202,25,40083,4,1,0,2,24,223,2,63,2,2,7,1,2,2,2,2,2,2,0,0,0,0,0,0,0,0,0,0,0,0,0,0,0,0,0,0,0,0,0,0,0,0,0,0,0,0,0,0,0,0,0,0,0,0,0,0,0,0,0,0,0,0,0,0,0,5,2,2,2,2,2,2,2,0,2,0,1,2,2,2,2,32393,4,4,2,0,0,0,2,0,0,0
11B202,25,40083,3,1,0,2,24,223,2,25,4,3,2,1,2,2,2,2,2,1,0,0,0,0,0,0,0,0,0,0,0,0,0,0,0,0,0,0,0,0,0,0,0,0,0,0,0,0,0,0,0,0,0,0,0,0,0,0,0,0,0,20,2,0,2,3,2,0,2,2,2,2,1,2,2,0,2,0,1,2,1,2,2,15363,3,3,1,0,0,0,2,0,1,1
11B202,25,40083,1,1,0,2,24,223,1,89,2,6,8,1,1,2,2,1,2,2,0,0,0,0,0,0,0,0,0,0,0,0,0,0,0,0,0,0,0,0,0,0,0,0,0,0,0,0,0,7,4,1,1,1,1,1,3,49,2,1,1,30,2,0,2,3,2,0,2,2,2,2,2,2,2,0,2,0,1,2,1,2,2,25202,1,3,1,0,0,2,1,7,0,0
11B202,25,40083,2,1,0,3,24,223,2,23,7,2,2,1,1,1,1,2,2,1,4,2,2,1,2,2,1,2,1,0,1,1,2,3,1,2,2,2,2,2,1,2,2,2,3,150,2,1,1,0,0,0,0,0,0,0,0,0,0,0,0,40,2,0,2,3,2,0,1,2,1,2,1,1,1,1,1,2,1,1,1,1,1,28082,1,2,1,3,2,0,1,7,1,2
12A207,25,40103,3,1,0,2,24,223,2,26,4,3,1,1,1,1,2,2,2,1,3,2,2,1,2,2,2,2,1,0,2,1,2,0,0,0,0,0,0,0,0,0,0,0,0,0,0,0,0,0,0,0,0,0,0,0,0,0,0,0,0,45,2,0,2,3,1,0,1,2,1,1,1,1,1,1,1,2,1,1,1,2,2,14896,1,2,1,2,0,0,1,3,2,1
12A207,25,40103,2,1,0,1,24,223,1,56,3,3,1,1,2,2,1,2,2,2,0,0,0,0,0,0,0,0,0,0,0,0,0,2,4,2,2,2,2,2,2,2,1,2,2,0,2,1,2,0,0,0,0,0,0,0,0,0,0,0,0,20,1,3,2,3,2,0,2,2,2,2,1,2,2,0,2,0,1,2,1,2,2,14111,3,3,1,0,2,0,1,2,2,1
12A207,25,40103,1,1,0,1,24,223,2,51,7,5,1,1,1,1,2,2,2,2,1,5,2,2,1,2,2,2,2,0,2,1,1,0,0,0,0,0,0,0,0,0,0,0,0,0,0,0,0,0,0,0,0,0,0,0,0,0,0,0,0,45,2,0,2,3,1,0,2,2,2,2,1,1,2,0,1,1,1,2,1,2,2,7076,1,1,1,2,0,0,1,1,2,2
12B216,25,40105,1,1,0,1,24,223,1,70,7,4,1,1,2,2,2,2,2,1,0,0,0,0,0,0,0,0,0,0,0,0,0,0,0,0,0,0,0,0,0,0,0,0,0,0,0,0,0,0,0,0,0,0,0,0,0,0,0,0,0,10,2,0,2,3,2,0,2,2,2,2,2,1,2,0,2,0,1,2,2,1,2,8896,3,3,1,0,0,0,2,0,2,2
12B216,25,40105,4,1,0,3,24,223,2,19,4,3,1,1,2,2,2,2,2,1,0,0,0,0,0,0,0,0,0,0,0,0,0,0,0,0,0,0,0,0,0,0,0,0,0,0,0,0,0,0,0,0,0,0,0,0,0,0,0,0,0,20,2,0,2,3,2,0,2,2,2,2,1,1,2,0,2,0,1,2,1,2,2,49559,3,3,1,0,0,0,2,0,2,1
12B216,25,40105,3,1,0,1,24,223,2,56,7,2,1,1,2,1,2,2,2,2,1,5,2,2,1,2,2,2,2,0,2,1,1,0,0,0,0,0,0,0,0,0,0,0,0,0,0,0,0,0,0,0,0,0,0,0,0,0,0,0,0,20,1,5,2,3,1,0,2,2,2,2,1,1,1,2,1,1,1,1,1,1,1,6860,3,1,1,2,0,0,1,1,2,2
12A208,25,40237,2,1,0,1,24,223,1,65,2,6,1,1,2,2,2,2,2,2,0,0,0,0,0,0,0,0,0,0,0,0,0,0,0,0,0,0,0,0,0,0,0,0,0,0,0,0,0,0,0,0,0,0,0,0,0,0,0,0,0,0,0,0,0,0,0,5,2,2,2,2,2,2,2,0,2,0,1,2,2,2,2,16537,4,4,2,0,0,0,2,0,2,0
12A208,25,40237,3,1,0,3,24,223,2,19,4,3,6,1,1,1,2,2,2,1,10,2,2,1,2,1,2,2,3,4000,2,1,2,0,0,0,0,0,0,0,0,0,0,0,0,0,0,0,0,0,0,0,0,0,0,0,0,0,0,0,0,45,2,0,3,3,1,0,1,2,1,1,1,1,1,2,1,2,1,1,1,1,1,27639,1,2,1,2,0,0,1,10,1,1
12A208,25,40237,4,1,0,1,24,223,1,53,3,2,1,1,1,2,1,2,2,1,0,0,0,0,0,0,0,0,0,0,0,0,0,10,1,2,2,1,2,2,1,2,2,2,1,0,1,1,2,0,0,0,0,0,0,0,0,0,0,0,0,40,2,0,2,3,1,0,1,2,2,2,2,1,2,0,1,1,1,2,1,2,2,34857,1,3,1,0,3,0,1,10,2,1
12A208,25,40237,1,1,0,2,24,223,1,60,4,3,1,1,2,2,2,2,2,2,0,0,0,0,0,0,0,0,0,0,0,0,0,0,0,0,0,0,0,0,0,0,0,0,0,0,0,0,0,0,0,0,0,0,0,0,0,0,0,0,0,0,0,0,0,0,0,1,2,2,2,2,2,2,2,0,3,0,1,2,1,2,2,35808,4,4,2,0,0,0,2,0,2,1
12B214,25,40262,3,1,0,3,24,223,2,30,7,5,1,1,1,1,1,2,2,1,12,4,2,2,2,1,2,2,1,0,1,2,1,6,4,2,2,2,2,2,2,1,2,2,1,0,1,2,1,0,0,0,0,0,0,0,0,0,0,0,0,120,1,6,3,3,1,0,2,1,1,1,1,2,2,0,1,3,1,1,1,1,1,44078,1,2,1,1,1,0,1,18,2,2
12B214,25,40262,4,1,0,1,24,223,2,81,2,3,7,1,2,2,2,2,2,2,0,0,0,0,0,0,0,0,0,0,0,0,0,0,0,0,0,0,0,0,0,0,0,0,0,0,0,0,0,0,0,0,0,0,0,0,0,0,0,0,0,0,0,0,0,0,0,3,2,2,2,2,2,3,2,0,3,0,1,2,2,2,2,7928,4,4,2,0,0,0,2,0,0,0
12B214,25,40262,2,1,0,1,24,223,2,61,7,2,7,1,1,1,1,2,2,2,3,3,2,2,1,2,2,2,2,0,2,1,1,5,3,2,2,2,2,2,2,1,2,2,2,0,2,1,1,0,0,0,0,0,0,0,0,0,0,0,0,30,1,5,2,3,2,0,2,2,2,2,2,2,1,3,1,1,1,2,1,2,2,6196,1,2,1,2,2,0,1,8,0,2
13B215,25,40326,3,1,0,1,24,223,1,51,7,1,1,1,2,2,2,2,2,2,0,0,0,0,0,0,0,0,0,0,0,0,0,0,0,0,0,0,0,0,0,0,0,0,0,0,0,0,0,0,0,0,0,0,0,0,0,0,0,0,0,0,0,0,0,0,0,3,2,2,2,2,1,1,1,2,1,1,1,1,1,2,2,33137,4,4,2,0,0,0,2,0,2,2
13B215,25,40326,1,1,0,2,24,223,2,52,7,5,1,1,1,1,1,2,2,2,1,4,2,2,2,1,2,2,2,0,2,1,1,1,4,2,2,2,2,2,2,1,2,2,2,0,2,1,1,0,0,0,0,0,0,0,0,0,0,0,0,60,2,0,2,3,1,0,2,2,2,2,1,1,1,2,1,1,1,2,1,1,1,18209,1,2,1,2,2,0,1,2,2,2
13B215,25,40326,2,1,0,1,24,223,1,61,3,1,1,1,2,2,2,2,2,2,0,0,0,0,0,0,0,0,0,0,0,0,0,0,0,0,0,0,0,0,0,0,0,0,0,0,0,0,0,0,0,0,0,0,0,0,0,0,0,0,0,0,0,0,0,0,0,5,2,2,2,2,2,2,2,0,2,0,1,3,2,2,2,27233,4,4,2,0,0,0,2,0,2,1
13B201,25,40364,4,1,0,2,24,223,2,48,2,6,7,1,2,2,2,2,2,2,0,0,0,0,0,0,0,0,0,0,0,0,0,0,0,0,0,0,0,0,0,0,0,0,0,0,0,0,0,0,0,0,0,0,0,0,0,0,0,0,0,0,0,0,0,0,0,1,2,2,2,2,2,2,2,0,2,0,1,2,1,2,2,17997,4,4,2,0,0,0,2,0,0,0
13B201,25,40364,2,1,0,3,24,223,2,19,4,1,1,1,2,2,2,2,2,2,0,0,0,0,0,0,0,0,0,0,0,0,0,0,0,0,0,0,0,0,0,0,0,0,0,0,0,0,0,0,0,0,0,0,0,0,0,0,0,0,0,0,0,0,0,0,0,1,2,2,2,2,1,1,1,1,1,1,1,1,1,1,1,46168,4,4,2,0,0,0,2,0,2,1
13B201,25,40364,1,1,0,1,24,223,1,54,4,3,3,1,1,2,1,2,2,2,0,0,0,0,0,0,0,0,0,0,0,0,0,5,1,2,2,1,2,2,2,2,2,2,3,300,2,1,1,0,0,0,0,0,0,0,0,0,0,0,0,30,2,0,2,3,2,0,1,2,2,1,1,1,2,0,1,1,1,2,1,1,2,32751,1,3,1,0,2,0,1,5,2,1
13B201,25,40364,3,1,0,3,24,223,2,20,4,3,1,1,1,1,1,2,1,1,30,4,2,2,2,1,2,2,2,0,2,1,1,1,4,2,2,2,2,2,2,2,1,2,2,0,2,1,2,0,0,0,0,0,0,0,0,0,0,0,0,120,2,0,2,4,1,0,1,1,1,1,1,2,1,2,1,5,1,1,1,1,2,34625,1,2,1,2,2,0,1,31,2,1
11B215,25,40393,3,1,0,1,24,223,1,59,4,2,8,1,2,2,2,2,2,1,0,0,0,0,0,0,0,0,0,0,0,0,0,0,0,0,0,0,0,0,0,0,0,0,0,0,0,0,0,0,0,0,0,0,0,0,0,0,0,0,0,30,1,5,2,4,2,0,2,2,2,2,2,2,2,0,1,2,1,3,1,2,1,6477,3,3,1,0,0,0,2,0,0,1
11B215,25,40393,2,1,0,2,24,223,2,51,6,3,1,1,1,1,2,2,2,2,1,4,2,2,1,2,2,2,2,0,2,1,1,0,0,0,0,0,0,0,0,0,0,0,0,0,0,0,0,0,0,0,0,0,0,0,0,0,0,0,0,20,2,0,2,3,2,0,2,2,2,2,2,1,2,0,1,1,1,2,1,2,2,19489,1,1,1,2,0,0,1,1,2,1
11B215,25,40393,1,1,0,1,24,223,2,27,7,5,1,1,2,2,2,2,2,1,0,0,0,0,0,0,0,0,0,0,0,0,0,0,0,0,0,0,0,0,0,0,0,0,0,0,0,0,0,0,0,0,0,0,0,0,0,0,0,0,0,30,2,0,3,3,1,0,2,2,2,2,2,2,2,0,1,1,1,1,1,1,2,6838,3,3,1,0,0,0,2,0,2,2
11B215,25,40393,4,1,0,1,24,223,2,28,2,6,1,1,2,2,2,2,2,2,0,0,0,0,0,0,0,0,0,0,0,0,0,0,0,0,0,0,0,0,0,0,0,0,0,0,0,0,0,0,0,0,0,0,0,0,0,0,0,0,0,0,0,0,0,0,0,1,2,2,2,2,2,2,2,0,2,0,1,2,1,2,2,13675,4,4,2,0,0,0,2,0,2,0
12B201,25,40396,4,1,0,1,24,223,1,61,4,3,8,1,2,2,1,1,2,2,0,0,0,0,0,0,0,0,0,0,0,0,0,3,4,2,2,2,2,2,1,2,2,2,2,0,2,1,1,3,4,1,1,1,1,1,3,27,2,1,1,30,2,0,3,3,2,0,2,1,2,1,2,2,2,0,2,0,1,2,2,2,2,12697,3,3,1,0,2,2,1,6,0,1
12B201,25,40396,2,1,0,2,24,223,2,47,7,5,1,1,2,2,2,2,2,2,0,0,0,0,0,0,0,0,0,0,0,0,0,0,0,0,0,0,0,0,0,0,0,0,0,0,0,0,0,0,0,0,0,0,0,0,0,0,0,0,0,0,0,0,0,0,0,3,2,2,2,2,1,1,1,1,1,1,1,2,1,1,2,19102,4,4,2,0,0,0,2,0,2,2
13B213,26,40002,3,1,0,3,25,223,1,36,7,3,1,1,2,2,2,2,2,1,0,0,0,0,0,0,0,0,0,0,0,0,0,0,0,0,0,0,0,0,0,0,0,0,0,0,0,0,0,0,0,0,0,0,0,0,0,0,0,0,0,10,2,0,4,3,1,0,2,2,2,2,2,2,2,0,1,1,1,1,1,1,1,31136,3,3,1,0,0,0,2,0,2,2
13B213,26,40002,2,1,0,2,25,223,2,31,7,4,1,1,1,1,1,2,2,1,2,1,2,1,2,2,2,2,3,600,1,1,1,5,1,2,2,1,2,2,2,2,2,2,1,0,1,2,1,0,0,0,0,0,0,0,0,0,0,0,0,30,2,0,2,3,1,0,2,2,2,2,1,1,1,2,1,2,1,1,1,1,2,17653,1,2,1,3,1,0,1,7,2,2
13B213,26,40002,1,1,0,1,25,223,1,75,7,6,1,1,1,1,2,2,2,1,5,1,2,1,2,1,2,2,1,0,1,2,1,0,0,0,0,0,0,0,0,0,0,0,0,0,0,0,0,0,0,0,0,0,0,0,0,0,0,0,0,60,2,0,2,3,1,0,2,2,2,2,2,2,2,0,2,0,1,2,2,1,2,38612,1,2,1,1,0,0,1,5,2,2
13B213,26,40002,4,1,0,2,25,223,2,45,7,5,1,1,1,1,2,2,2,1,3,4,2,2,2,1,2,2,3,1000,2,1,1,0,0,0,0,0,0,0,0,0,0,0,0,0,0,0,0,0,0,0,0,0,0,0,0,0,0,0,0,120,2,0,3,3,2,0,1,2,2,1,2,1,2,0,1,1,1,2,2,1,2,25157,1,2,1,2,0,0,1,3,2,2
12A207,26,40075,2,1,0,2,25,223,2,44,6,2,1,1,1,1,1,2,2,1,1,5,2,2,1,2,2,2,2,0,2,1,1,2,5,2,2,2,2,1,2,2,2,2,2,0,2,1,1,0,0,0,0,0,0,0,0,0,0,0,0,40,2,0,2,4,1,0,2,2,2,2,1,1,1,2,1,2,1,2,1,1,1,21723,1,2,1,2,2,0,1,3,2,1
12A207,26,40075,4,1,0,2,25,223,2,49,6,3,7,1,1,1,1,2,1,2,7,4,2,2,1,1,2,2,2,0,2,1,1,2,4,2,2,1,2,2,2,2,2,2,2,0,2,1,1,0,0,0,0,0,0,0,0,0,0,0,0,30,2,0,2,2,1,0,2,2,2,2,2,1,2,0,1,1,1,2,1,1,1,14936,1,2,1,2,2,0,1,9,0,1
12A207,26,40075,3,1,0,2,25,223,2,72,2,4,7,1,2,1,2,2,2,2,1,4,2,2,1,2,2,2,2,0,2,1,1,0,0,0,0,0,0,0,0,0,0,0,0,0,0,0,0,0,0,0,0,0,0,0,0,0,0,0,0,60,2,0,1,4,2,0,2,2,2,2,2,2,2,0,2,0,1,2,2,2,2,16966,3,1,1,2,0,0,1,1,0,0
12A207,26,40075,1,1,0,1,25,223,1,48,3,3,1,1,1,1,2,2,2,2,5,3,2,2,2,2,1,2,3,750,2,1,1,0,0,0,0,0,0,0,0,0,0,0,0,0,0,0,0,0,0,0,0,0,0,0,0,0,0,0,0,30,1,5,2,3,1,0,1,2,2,1,2,1,1,2,1,1,1,1,1,1,1,27181,1,1,1,2,0,0,1,5,2,1
11A207,26,40077,4,1,0,2,25,223,2,31,7,4,7,1,1,1,1,2,2,2,2,3,2,1,2,2,2,2,3,750,2,1,1,1,4,2,2,2,1,2,2,2,2,2,3,50,2,1,1,0,0,0,0,0,0,0,0,0,0,0,0,40,2,0,2,3,1,0,1,2,2,2,1,1,1,1,1,1,1,1,1,1,1,7748,1,2,1,2,2,0,1,3,0,2
11A207,26,40077,2,1,0,1,25,223,1,46,7,5,1,1,1,2,2,1,2,1,0,0,0,0,0,0,0,0,0,0,0,0,0,0,0,0,0,0,0,0,0,0,0,0,0,0,0,0,0,3,3,1,1,2,2,1,3,36,2,1,1,15,2,0,2,3,2,0,2,2,2,2,2,1,2,0,1,1,1,2,1,1,1,8931,1,3,1,0,0,2,1,3,2,2
11A207,26,40077,3,1,0,1,25,223,1,41,6,3,1,1,2,2,2,2,2,2,0,0,0,0,0,0,0,0,0,0,0,0,0,0,0,0,0,0,0,0,0,0,0,0,0,0,0,0,0,0,0,0,0,0,0,0,0,0,0,0,0,0,0,0,0,0,0,1,2,2,2,2,2,1,2,0,1,1,1,2,1,2,1,4555,4,4,2,0,0,0,2,0,2,1
11A207,26,40077,1,1,0,2,25,223,2,23,3,3,7,1,1,2,2,2,2,1,0,0,0,0,0,0,0,0,0,0,0,0,0,0,0,0,0,0,0,0,0,0,0,0,0,0,0,0,0,0,0,0,0,0,0,0,0,0,0,0,0,30,2,0,3,2,1,0,1,2,2,2,2,1,1,1,1,1,1,1,1,1,2,9442,1,3,1,0,0,0,2,0,0,1
12B202,26,40083,3,1,0,1,25,223,2,67,2,2,7,1,1,2,2,2,2,1,0,0,0,0,0,0,0,0,0,0,0,0,0,0,0,0,0,0,0,0,0,0,0,0,0,0,0,0,0,0,0,0,0,0,0,0,0,0,0,0,0,30,2,0,1,1,2,0,2,2,2,2,2,2,2,0,1,2,1,2,1,1,2,15586,1,3,1,0,0,0,2,0,0,0
12B202,26,40083,1,1,0,1,25,223,1,47,2,2,1,1,2,2,2,1,2,2,0,0,0,0,0,0,0,0,0,0,0,0,0,0,0,0,0,0,0,0,0,0,0,0,0,0,0,0,0,1,3,2,1,2,2,1,2,0,2,1,2,5,2,0,1,2,2,0,2,2,2,2,2,2,2,0,2,0,1,2,2,2,2,8323,3,3,1,0,0,2,1,1,2,0
12B202,26,40083,4,1,0,1,25,223,2,26,3,3,7,1,2,2,2,1,2,1,0,0,0,0,0,0,0,0,0,0,0,0,0,0,0,0,0,0,0,0,0,0,0,0,0,0,0,0,0,5,4,2,2,1,1,1,3,60,2,1,1,10,2,0,1,4,2,0,2,2,2,2,2,1,1,2,1,2,1,1,2,1,1,7221,3,3,1,0,0,2,1,5,0,1
12B213,26,40133,1,1,0,1,25,223,1,39,3,3,1,1,2,2,2,2,2,2,0,0,0,0,0,0,0,0,0,0,0,0,0,0,0,0,0,0,0,0,0,0,0,0,0,0,0,0,0,0,0,0,0,0,0,0,0,0,0,0,0,0,0,0,0,0,0,3,2,2,2,2,2,2,2,0,2,0,1,2,1,1,1,21872,4,4,2,0,0,0,2,0,2,1
12B213,26,40133,3,1,0,2,25,223,2,46,6,3,7,1,1,1,2,2,2,2,7,4,2,2,2,1,2,2,3,100,2,1,1,0,0,0,0,0,0,0,0,0,0,0,0,0,0,0,0,0,0,0,0,0,0,0,0,0,0,0,0,40,1,6,2,4,2,0,2,2,2,2,2,1,2,0,1,1,1,2,1,2,2,17671,1,1,1,2,0,0,1,7,0,1
12B213,26,40133,2,1,0,2,25,223,2,41,7,4,1,1,1,1,1,2,2,2,3,3,2,2,1,2,2,2,3,600,2,1,2,12,4,2,1,2,2,2,2,2,2,2,2,0,2,1,2,0,0,0,0,0,0,0,0,0,0,0,0,40,2,0,2,3,1,0,2,2,2,2,2,2,2,0,2,0,1,1,1,2,1,17134,1,2,1,2,2,0,1,15,2,2
12B213,26,40133,4,1,0,1,25,223,1,28,4,2,1,1,2,2,2,1,2,2,0,0,0,0,0,0,0,0,0,0,0,0,0,0,0,0,0,0,0,0,0,0,0,0,0,0,0,0,0,2,3,2,1,2,2,1,3,26,2,1,1,10,1,6,4,4,2,0,2,2,2,2,1,1,1,2,1,2,1,1,1,1,1,10585,3,3,1,0,0,2,1,2,2,1
12B216,26,40138,3,1,0,2,25,223,1,20,4,3,1,1,1,1,2,2,2,1,1,4,2,2,1,2,2,2,2,0,2,1,1,0,0,0,0,0,0,0,0,0,0,0,0,0,0,0,0,0,0,0,0,0,0,0,0,0,0,0,0,10,2,0,2,4,2,0,2,2,2,2,2,1,2,0,1,1,1,1,1,2,1,35104,1,2,1,2,0,0,1,1,2,1
12B216,26,40138,4,1,0,3,25,223,2,18,4,2,6,1,2,1,2,2,2,2,2,2,2,2,2,1,2,2,3,200,2,1,1,0,0,0,0,0,0,0,0,0,0,0,0,0,0,0,0,0,0,0,0,0,0,0,0,0,0,0,0,15,2,0,1,3,2,0,2,1,2,2,2,1,1,1,2,0,1,1,1,1,2,30103,3,1,1,2,0,0,1,2,1,1
12B216,26,40138,1,1,0,3,25,223,1,35,2,6,4,1,2,2,2,2,2,1,0,0,0,0,0,0,0,0,0,0,0,0,0,0,0,0,0,0,0,0,0,0,0,0,0,0,0,0,0,0,0,0,0,0,0,0,0,0,0,0,0,15,2,0,1,4,1,0,2,2,2,2,2,1,1,2,2,0,1,1,1,1,2,38732,3,3,1,0,0,0,2,0,1,0
13B214,26,40199,3,1,0,1,25,223,2,62,4,2,7,1,1,2,1,2,2,1,0,0,0,0,0,0,0,0,0,0,0,0,0,4,4,2,2,2,1,2,2,2,2,2,2,0,2,1,5,0,0,0,0,0,0,0,0,0,0,0,0,60,2,0,2,4,2,0,2,2,2,2,2,2,2,0,2,0,1,2,1,1,1,16422,1,3,1,0,2,0,1,4,0,1
13B214,26,40199,4,1,0,2,25,223,2,29,8,1,1,1,1,1,1,2,2,1,7,2,2,1,2,2,2,2,1,0,1,2,1,2,4,2,2,2,1,2,2,2,2,2,3,120,2,1,1,0,0,0,0,0,0,0,0,0,0,0,0,30,2,0,2,3,1,0,1,2,2,1,1,1,1,2,1,2,1,1,1,1,2,29207,1,2,1,1,2,0,1,9,2,2
13B214,26,40199,2,1,0,1,25,223,1,55,7,4,1,1,1,1,2,1,2,1,1,5,2,2,1,2,2,2,2,0,2,1,1,0,0,0,0,0,0,0,0,0,0,0,0,0,0,0,0,2,3,1,1,2,2,1,1,0,1,2,1,15,1,7,2,4,1,0,2,2,2,1,1,1,2,0,1,3,1,2,2,2,2,55335,1,2,1,2,0,1,1,3,2,2
11B214,26,40262,3,1,0,1,25,223,1,43,4,3,1,1,2,2,2,2,2,1,0,0,0,0,0,0,0,0,0,0,0,0,0,0,0,0,0,0,0,0,0,0,0,0,0,0,0,0,0,0,0,0,0,0,0,0,0,0,0,0,0,60,2,0,2,3,1,0,2,2,2,2,1,1,1,2,1,1,1,2,1,1,1,18777,3,3,1,0,0,0,2,0,2,1
11B214,26,40262,4,1,0,1,25,223,2,46,3,3,1,1,2,2,2,2,2,1,0,0,0,0,0,0,0,0,0,0,0,0,0,0,0,0,0,0,0,0,0,0,0,0,0,0,0,0,0,0,0,0,0,0,0,0,0,0,0,0,0,5,1,7,2,4,1,0,1,2,2,2,1,2,2,0,1,1,1,1,1,1,1,15171,3,3,1,0,0,0,2,0,2,1
11B214,26,40262,2,1,0,1,25,223,1,46,3,2,1,1,1,2,2,1,2,2,0,0,0,0,0,0,0,0,0,0,0,0,0,0,0,0,0,0,0,0,0,0,0,0,0,0,0,0,0,2,3,2,2,1,1,1,3,24,2,1,1,10,2,0,2,2,2,0,2,2,2,2,2,1,1,2,1,1,1,2,1,1,1,18406,1,3,1,0,0,2,1,2,2,1
11B214,26,40262,1,1,0,4,25,223,1,18,4,3,6,1,1,1,1,2,1,1,9,4,2,1,2,1,1,2,2,0,2,1,1,2,4,2,2,1,2,2,2,2,1,2,3,130,2,1,1,0,0,0,0,0,0,0,0,0,0,0,0,40,1,5,2,3,1,0,1,1,1,1,2,1,1,2,1,3,1,2,1,1,2,34037,1,2,1,2,2,0,1,11,1,1
11A208,26,40266,1,1,0,1,25,223,1,45,3,3,4,1,2,2,2,2,2,1,0,0,0,0,0,0,0,0,0,0,0,0,0,0,0,0,0,0,0,0,0,0,0,0,0,0,0,0,0,0,0,0,0,0,0,0,0,0,0,0,0,10,2,0,2,3,2,0,2,2,2,2,2,2,2,0,2,0,1,2,1,1,1,19620,3,3,1,0,0,0,2,0,1,1
11A208,26,40266,2,1,0,1,25,223,2,36,7,4,1,1,1,1,2,2,2,1,3,1,2,1,2,1,2,2,3,500,2,1,1,0,0,0,0,0,0,0,0,0,0,0,0,0,0,0,0,0,0,0,0,0,0,0,0,0,0,0,0,60,1,7,2,3,1,0,2,1,1,2,2,1,2,0,1,1,1,1,1,1,1,7840,1,2,1,2,0,0,1,3,2,2
11A208,26,40266,4,1,0,1,25,223,1,65,2,4,8,1,1,2,2,1,2,2,0,0,0,0,0,0,0,0,0,0,0,0,0,0,0,0,0,0,0,0,0,0,0,0,0,0,0,0,0,6,4,1,1,1,1,1,3,70,2,1,1,40,2,0,1,4,2,0,2,2,2,2,2,1,2,0,1,1,2,0,0,0,0,9308,1,3,1,0,0,2,1,6,0,0
11A208,26,40266,3,1,0,4,25,223,1,29,7,2,1,1,1,1,2,1,1,1,3,2,2,1,2,2,2,2,3,1500,2,1,1,0,0,0,0,0,0,0,0,0,0,0,0,0,0,0,0,7,3,1,1,1,1,1,3,150,2,1,1,30,2,0,4,4,2,0,2,2,1,1,1,1,2,0,1,5,1,2,2,2,2,48432,1,2,1,2,0,2,1,10,2,2
13A208,26,40269,2,1,0,5,25,223,2,25,4,3,1,1,2,2,2,2,2,2,0,0,0,0,0,0,0,0,0,0,0,0,0,0,0,0,0,0,0,0,0,0,0,0,0,0,0,0,0,0,0,0,0,0,0,0,0,0,0,0,0,0,0,0,0,0,0,1,2,2,2,2,2,2,2,0,2,0,1,1,1,1,2,50146,4,4,2,0,0,0,2,0,2,1
13A208,26,40269,4,1,0,1,25,223,1,43,7,4,1,1,1,1,1,2,2,1,3,3,2,1,2,1,1,2,3,900,1,1,1,3,3,2,2,2,2,2,2,2,1,2,1,0,1,2,1,0,0,0,0,0,0,0,0,0,0,0,0,30,1,4,3,3,1,0,1,1,2,1,2,1,1,2,1,1,1,2,1,2,2,23587,1,2,1,3,1,0,1,6,2,2
13A208,26,40269,1,1,0,1,25,223,1,45,8,2,1,1,1,1,1,1,2,2,1,4,2,2,2,1,2,2,1,0,1,2,2,2,4,2,2,2,2,2,1,2,2,2,1,0,1,2,2,2,3,1,2,2,2,2,1,0,1,2,1,20,1,6,2,3,1,0,2,2,2,2,2,1,2,0,1,2,1,2,1,2,2,23121,1,2,1,1,1,1,1,5,2,2
13A208,26,40269,3,1,0,1,25,223,2,47,6,3,1,1,2,1,1,1,2,1,1,3,2,1,2,2,2,2,2,0,2,1,1,5,3,2,2,2,2,2,2,2,1,2,3,250,2,1,2,6,3,1,1,1,1,1,2,0,2,1,2,10,2,0,4,4,2,0,2,1,2,2,1,2,2,0,2,0,1,1,1,1,1,19057,3,2,1,2,2,2,1,12,2,1
12B201,26,40297,2,1,0,1,25,223,2,76,3,3,7,1,2,2,2,2,2,2,0,0,0,0,0,0,0,0,0,0,0,0,0,0,0,0,0,0,0,0,0,0,0,0,0,0,0,0,0,0,0,0,0,0,0,0,0,0,0,0,0,0,0,0,0,0,0,5,2,2,2,2,1,2,2,0,1,1,1,1,1,1,1,24240,4,4,2,0,0,0,2,0,0,1
12B201,26,40297,3,1,2,1,25,223,1,19,4,3,6,1,1,2,2,1,1,1,0,0,0,0,0,0,0,0,0,0,0,0,0,0,0,0,0,0,0,0,0,0,0,0,0,0,0,0,0,1,4,1,1,1,2,2,2,0,2,1,1,30,2,0,3,2,2,0,2,2,2,1,2,2,2,0,1,1,1,2,2,1,2,21279,1,3,1,0,0,2,1,1,1,1
12B215,26,40326,3,1,0,2,25,223,2,57,6,2,1,1,2,2,2,2,2,1,0,0,0,0,0,0,0,0,0,0,0,0,0,0,0,0,0,0,0,0,0,0,0,0,0,0,0,0,0,0,0,0,0,0,0,0,0,0,0,0,0,20,2,0,2,2,2,0,1,2,2,2,2,1,2,0,1,1,1,1,1,2,1,12730,3,3,1,0,0,0,2,0,2,1
12B215,26,40326,4,1,0,2,25,223,2,46,3,3,1,1,1,1,2,2,2,1,1,5,2,2,1,2,2,2,1,0,1,2,1,0,0,0,0,0,0,0,0,0,0,0,0,0,0,0,0,0,0,0,0,0,0,0,0,0,0,0,0,20,1,5,2,4,1,0,2,2,2,2,1,2,2,0,1,2,1,2,1,1,1,21509,1,2,1,1,0,0,1,1,2,1
12B215,26,40326,1,1,0,1,25,223,1,43,2,4,4,2,0,0,0,0,0,0,0,0,0,0,0,0,0,0,0,0,0,0,0,0,0,0,0,0,0,0,0,0,0,0,0,0,0,0,0,0,0,0,0,0,0,0,0,0,0,0,0,0,0,0,0,0,0,0,0,0,0,0,0,0,0,0,0,0,0,0,0,0,0,8874,0,0,0,0,0,0,0,0,1,0
12B215,26,40326,2,1,0,3,25,223,1,36,7,5,1,1,2,2,2,2,2,1,0,0,0,0,0,0,0,0,0,0,0,0,0,0,0,0,0,0,0,0,0,0,0,0,0,0,0,0,0,0,0,0,0,0,0,0,0,0,0,0,0,10,2,0,3,4,2,0,2,2,2,2,2,2,1,2,1,5,1,2,1,2,1,26622,3,3,1,0,0,0,2,0,2,2
11B202,27,40014,3,1,0,1,18,223,2,39,4,3,7,1,1,1,2,2,2,2,1,3,2,2,1,2,2,2,3,300,2,1,1,0,0,0,0,0,0,0,0,0,0,0,0,0,0,0,0,0,0,0,0,0,0,0,0,0,0,0,0,30,2,0,3,3,1,0,2,2,2,2,2,2,2,0,2,0,1,1,1,1,1,10096,1,1,1,2,0,0,1,1,0,1
11B202,27,40014,2,1,1,2,18,223,2,25,7,2,6,1,1,1,2,2,2,1,1,2,2,1,2,2,2,2,1,0,1,2,2,0,0,0,0,0,0,0,0,0,0,0,0,0,0,0,0,0,0,0,0,0,0,0,0,0,0,0,0,30,2,0,2,2,1,0,2,2,2,2,2,2,2,0,1,1,1,1,1,1,1,10960,1,2,1,1,0,0,1,1,1,2
11B202,27,40014,1,1,0,3,18,223,2,21,4,3,6,1,1,1,2,1,2,1,1,2,2,1,2,2,2,2,3,800,2,1,1,0,0,0,0,0,0,0,0,0,0,0,0,0,0,0,0,1,4,1,2,2,1,2,2,0,2,1,1,30,2,0,2,3,1,0,2,2,1,1,1,1,1,2,1,3,1,1,1,1,1,26712,1,2,1,2,0,2,1,2,1,1
11B202,27,40014,4,1,0,1,18,223,2,58,4,2,1,1,1,1,1,2,2,1,3,5,2,2,1,2,2,2,2,0,2,1,1,3,5,2,2,2,2,1,2,2,2,2,2,0,2,1,1,0,0,0,0,0,0,0,0,0,0,0,0,30,2,0,2,3,1,0,2,2,2,2,1,1,1,2,1,2,1,1,1,1,1,13866,1,2,1,2,2,0,1,6,2,1
13B216,27,40042,1,1,0,2,18,223,2,31,4,3,1,1,1,1,2,2,2,1,1,3,2,2,2,2,1,2,3,230,2,1,1,0,0,0,0,0,0,0,0,0,0,0,0,0,0,0,0,0,0,0,0,0,0,0,0,0,0,0,0,15,2,0,2,4,1,0,1,2,2,2,1,1,1,1,1,5,1,2,1,1,2,20183,1,2,1,2,0,0,1,1,2,1
13B216,27,40042,4,1,0,2,18,223,2,46,7,4,7,1,1,1,2,2,2,1,8,4,2,1,1,1,1,2,1,0,1,2,1,0,0,0,0,0,0,0,0,0,0,0,0,0,0,0,0,0,0,0,0,0,0,0,0,0,0,0,0,60,2,0,2,3,1,0,2,2,2,2,2,1,2,0,2,0,1,2,1,1,1,19175,1,2,1,1,0,0,1,8,0,2
13B216,27,40042,2,1,0,1,18,223,1,44,8,2,1,1,1,1,1,2,2,1,6,4,2,2,2,1,2,2,3,1500,2,1,2,2,4,1,2,2,2,2,2,2,2,2,3,500,2,1,1,0,0,0,0,0,0,0,0,0,0,0,0,30,2,0,3,4,1,0,1,2,2,2,2,2,2,0,1,1,1,2,2,2,2,23733,1,2,1,2,2,0,1,8,2,2
13B213,27,40071,4,1,0,1,18,223,1,67,9,4,1,1,1,1,1,1,2,1,1,3,2,2,2,2,1,2,3,350,2,1,1,1,3,2,2,2,2,2,2,1,2,2,3,60,2,1,1,7,3,1,2,1,1,1,1,0,1,2,1,60,2,0,2,4,1,0,1,2,2,1,2,1,1,1,1,3,1,2,2,2,2,18683,1,2,1,2,2,1,1,9,2,2
13B213,27,40071,2,1,0,1,18,223,1,45,7,4,1,1,1,1,1,2,2,1,3,4,2,2,2,1,2,2,3,600,2,1,1,2,4,2,1,2,2,2,2,2,2,2,1,0,1,2,1,0,0,0,0,0,0,0,0,0,0,0,0,15,2,0,4,3,1,0,1,2,2,1,2,1,1,3,1,4,1,2,1,2,2,19691,1,2,1,2,1,0,1,5,2,2
13B213,27,40071,3,1,0,1,18,223,2,25,7,4,3,1,1,1,1,1,1,1,65,4,2,2,2,1,2,2,1,0,1,2,1,3,4,2,2,2,2,2,2,2,1,2,3,200,2,1,1,2,6,1,2,1,1,2,3,50,2,1,1,30,2,0,4,4,1,0,1,2,2,2,2,2,2,0,1,1,1,1,1,1,1,8541,1,2,1,1,2,2,1,70,2,2
13B213,27,40071,1,1,0,1,18,223,2,70,5,3,7,1,1,1,2,2,2,2,1,5,2,2,1,2,2,2,3,500,2,1,1,0,0,0,0,0,0,0,0,0,0,0,0,0,0,0,0,0,0,0,0,0,0,0,0,0,0,0,0,15,2,0,2,2,2,0,2,2,2,2,2,1,2,0,1,2,1,2,1,2,2,9217,1,1,1,2,0,0,1,1,0,1
11A207,27,40107,2,1,0,1,18,223,1,27,4,3,1,1,1,1,2,2,2,1,1,4,2,2,2,1,2,2,3,200,2,1,2,0,0,0,0,0,0,0,0,0,0,0,0,0,0,0,0,0,0,0,0,0,0,0,0,0,0,0,0,10,2,0,1,1,1,0,1,1,2,2,2,1,1,1,2,0,1,1,1,1,1,10062,1,2,1,2,0,0,1,1,2,1
11A207,27,40107,1,1,0,2,18,223,1,48,3,3,1,1,1,2,2,1,2,1,0,0,0,0,0,0,0,0,0,0,0,0,0,0,0,0,0,0,0,0,0,0,0,0,0,0,0,0,0,1,3,2,1,2,2,1,2,0,2,1,2,30,2,0,2,3,2,0,2,2,2,2,1,1,2,0,2,0,1,1,1,1,1,10191,1,3,1,0,0,2,1,1,2,1
11A207,27,40107,4,1,1,2,18,223,2,54,6,2,3,1,1,1,2,2,2,1,1,1,2,1,2,2,2,2,2,0,2,1,2,0,0,0,0,0,0,0,0,0,0,0,0,0,0,0,0,0,0,0,0,0,0,0,0,0,0,0,0,30,1,6,2,3,1,0,2,2,2,2,2,2,2,0,3,0,1,2,1,1,1,12600,1,2,1,2,0,0,1,1,2,1
11B216,27,40143,1,1,0,1,18,223,1,46,4,3,1,1,1,2,2,1,2,1,0,0,0,0,0,0,0,0,0,0,0,0,0,0,0,0,0,0,0,0,0,0,0,0,0,0,0,0,0,7,3,1,1,2,2,2,3,50,2,1,2,60,1,6,2,2,1,0,2,2,2,2,1,1,1,2,2,0,1,1,1,1,1,26305,1,3,1,0,0,2,1,7,2,1
11B216,27,40143,3,1,0,1,18,223,2,56,6,3,1,1,1,1,1,2,2,1,1,5,2,2,1,2,2,2,1,0,1,2,1,2,5,2,2,2,2,1,2,2,2,2,2,0,2,1,2,0,0,0,0,0,0,0,0,0,0,0,0,30,2,0,2,2,1,0,2,2,2,2,1,1,1,1,1,1,1,1,1,1,1,12831,1,2,1,1,2,0,1,3,2,1
11B216,27,40143,2,1,0,1,18,223,2,46,4,3,1,1,1,2,2,1,2,1,0,0,0,0,0,0,0,0,0,0,0,0,0,0,0,0,0,0,0,0,0,0,0,0,0,0,0,0,0,7,3,1,1,1,2,1,2,0,2,1,2,10,1,6,2,4,2,0,2,2,2,2,1,3,3,0,1,1,1,1,1,1,1,21682,1,3,1,0,0,2,1,7,2,1
11B202,27,40150,2,1,0,2,18,223,2,55,3,3,1,1,1,1,1,2,2,2,3,5,2,2,1,2,2,2,3,500,2,1,1,4,3,2,2,1,2,2,2,2,2,2,3,120,2,1,5,0,0,0,0,0,0,0,0,0,0,0,0,20,1,7,2,2,1,0,2,1,2,1,1,1,1,1,1,1,1,1,1,1,1,10970,1,2,1,2,2,0,1,7,2,1
11B202,27,40150,4,1,0,1,18,223,1,60,3,3,1,1,1,1,1,1,2,2,1,5,2,2,1,2,2,2,2,0,2,1,1,12,5,2,2,2,2,1,2,2,2,2,2,0,2,1,1,3,3,1,1,1,1,1,3,24,2,1,1,15,2,0,2,2,2,0,2,2,2,2,2,1,1,2,1,1,1,2,1,1,2,12322,1,2,1,2,2,2,1,16,2,1
11B202,27,40150,3,1,0,1,18,223,1,63,3,3,1,1,1,1,1,1,2,2,1,5,2,2,1,2,2,2,2,0,2,1,1,3,5,2,2,2,2,1,2,2,2,2,2,0,2,1,2,3,3,1,1,2,2,1,3,30,2,1,2,20,1,6,1,3,2,0,2,2,2,2,2,2,2,0,3,0,1,1,1,2,2,12322,1,2,1,2,2,2,1,7,2,1
11B202,27,40150,1,1,0,3,18,223,2,19,4,3,6,1,1,1,1,1,2,1,20,2,2,1,2,2,2,2,2,0,2,1,2,3,3,2,2,2,2,2,1,1,2,2,2,0,2,1,1,5,2,1,2,1,2,1,2,0,2,1,1,60,2,0,1,2,1,0,2,2,1,1,2,1,2,0,1,2,1,1,1,1,2,23776,1,2,1,2,2,2,1,28,1,1
12B214,27,40165,3,1,0,2,18,223,2,48,8,2,7,1,1,1,2,2,2,2,1,4,2,2,1,2,2,2,3,120,2,1,1,0,0,0,0,0,0,0,0,0,0,0,0,0,0,0,0,0,0,0,0,0,0,0,0,0,0,0,0,60,2,0,2,4,1,0,2,2,2,2,1,1,1,2,1,5,1,2,1,2,1,16064,1,1,1,2,0,0,1,1,0,2
12B214,27,40165,4,1,0,2,18,223,2,39,7,5,1,1,1,1,1,2,2,1,5,3,2,1,1,2,1,2,3,1000,2,1,1,5,2,2,2,1,2,2,1,1,2,2,2,0,2,1,1,0,0,0,0,0,0,0,0,0,0,0,0,40,1,5,2,3,1,0,1,2,1,2,1,1,1,2,1,1,1,1,1,1,1,15575,1,2,1,2,2,0,1,10,2,2
12B214,27,40165,1,1,0,2,18,223,2,73,4,3,7,1,1,2,2,1,2,2,0,0,0,0,0,0,0,0,0,0,0,0,0,0,0,0,0,0,0,0,0,0,0,0,0,0,0,0,0,3,3,1,1,1,1,1,3,25,2,1,1,15,2,0,1,3,2,0,2,2,2,2,2,1,2,0,2,0,1,2,2,2,1,18246,1,3,1,0,0,2,1,3,0,1
12A208,27,40203,3,1,0,1,18,223,2,31,7,5,1,1,1,1,1,2,2,1,5,1,2,1,2,2,2,2,1,0,1,2,2,2,4,2,2,1,2,2,2,2,2,2,2,0,2,1,1,0,0,0,0,0,0,0,0,0,0,0,0,10,2,0,3,3,1,0,2,2,2,2,1,2,2,0,2,0,1,2,1,1,1,7771,1,2,1,1,2,0,1,7,2,2
12A208,27,40203,4,1,0,2,18,223,2,66,2,6,7,1,2,2,2,2,2,2,0,0,0,0,0,0,0,0,0,0,0,0,0,0,0,0,0,0,0,0,0,0,0,0,0,0,0,0,0,0,0,0,0,0,0,0,0,0,0,0,0,0,0,0,0,0,0,5,2,2,2,2,2,2,2,0,2,0,1,2,1,2,2,16773,4,4,2,0,0,0,2,0,0,0
12A208,27,40203,2,1,0,2,18,223,2,59,7,3,1,1,1,1,1,2,2,1,1,3,2,2,1,2,2,2,2,0,2,1,2,6,1,2,2,1,2,2,2,2,2,2,3,400,2,1,2,0,0,0,0,0,0,0,0,0,0,0,0,60,2,0,1,3,1,0,2,2,2,2,2,2,2,0,2,0,1,2,2,2,2,13109,1,2,1,2,2,0,1,7,2,2
11B215,27,40362,3,1,0,3,18,223,2,24,7,2,5,1,1,1,1,2,2,1,2,4,2,2,2,1,2,2,3,300,2,1,1,2,4,2,2,1,2,2,2,2,2,2,2,0,2,1,1,0,0,0,0,0,0,0,0,0,0,0,0,60,2,0,2,4,2,0,2,2,2,2,2,1,1,2,1,1,1,1,1,1,1,27125,1,2,1,2,2,0,1,4,2,2
11B215,27,40362,4,1,0,2,18,223,2,31,4,3,7,1,1,1,1,2,2,1,2,4,2,2,2,1,2,2,2,0,2,1,1,6,5,2,2,2,2,1,2,2,2,2,2,0,2,1,1,0,0,0,0,0,0,0,0,0,0,0,0,10,2,0,4,3,1,0,2,2,2,2,2,1,1,2,1,1,1,1,1,1,1,14840,1,2,1,2,2,0,1,8,0,1
11B215,27,40362,1,1,0,1,18,223,2,72,2,6,7,1,1,1,1,2,2,2,1,5,2,2,1,2,2,2,2,0,2,1,1,5,5,2,2,2,2,1,2,2,2,2,2,0,2,1,1,0,0,0,0,0,0,0,0,0,0,0,0,10,2,0,1,4,2,0,2,2,2,2,2,2,2,0,2,0,1,3,1,3,1,16014,1,2,1,2,2,0,1,6,0,0
11B215,27,40362,2,1,0,2,18,223,2,57,2,3,7,1,1,1,2,2,2,2,1,5,2,2,1,2,2,2,1,0,1,2,1,0,0,0,0,0,0,0,0,0,0,0,0,0,0,0,0,0,0,0,0,0,0,0,0,0,0,0,0,20,2,0,1,1,1,0,2,2,2,2,2,2,2,0,2,0,1,2,2,2,2,18774,1,1,1,1,0,0,1,1,0,0
11B201,27,40366,3,1,0,1,18,223,1,55,2,6,1,1,2,2,2,1,2,2,0,0,0,0,0,0,0,0,0,0,0,0,0,0,0,0,0,0,0,0,0,0,0,0,0,0,0,0,0,1,4,1,1,2,2,1,2,0,2,1,2,10,1,6,1,1,2,0,2,2,2,2,2,2,2,0,2,0,2,0,0,0,0,7065,3,3,1,0,0,2,1,1,2,0
11B201,27,40366,2,1,0,2,18,223,2,40,2,6,7,1,1,1,1,2,2,2,2,5,2,2,1,2,2,2,2,0,2,1,1,2,5,2,2,2,2,1,2,2,2,2,2,0,2,1,1,0,0,0,0,0,0,0,0,0,0,0,0,20,1,6,2,1,2,0,2,2,2,2,1,1,1,2,1,1,1,1,1,1,1,13740,1,2,1,2,2,0,1,4,0,0
11B201,27,40366,1,1,0,3,18,223,2,25,4,3,1,1,1,1,1,1,2,1,3,1,2,1,2,2,2,2,2,0,2,1,1,5,4,2,2,2,2,2,2,2,1,2,2,0,2,1,1,2,4,2,1,1,1,1,2,0,2,1,2,30,2,0,3,3,1,0,2,1,2,2,2,1,1,1,1,2,1,1,1,1,1,14916,1,2,1,2,2,2,1,10,2,1
11B201,27,40366,4,1,0,1,18,223,1,49,3,2,1,1,1,2,2,1,2,1,0,0,0,0,0,0,0,0,0,0,0,0,0,0,0,0,0,0,0,0,0,0,0,0,0,0,0,0,0,4,3,1,1,1,2,1,2,0,2,1,2,15,2,0,2,3,2,0,2,2,2,2,2,2,2,0,3,0,1,2,1,2,2,17193,1,3,1,0,0,2,1,4,2,1
12B216,28,40011,3,1,0,3,10,223,2,38,4,3,9,1,1,2,2,2,2,1,0,0,0,0,0,0,0,0,0,0,0,0,0,0,0,0,0,0,0,0,0,0,0,0,0,0,0,0,0,0,0,0,0,0,0,0,0,0,0,0,0,15,2,0,4,4,2,0,2,2,2,2,1,1,1,1,1,2,1,1,1,1,1,31226,1,3,1,0,0,0,2,0,0,1
12B216,28,40011,4,1,0,2,10,223,1,20,7,3,6,1,1,1,2,2,2,1,2,2,2,1,2,2,2,2,3,500,2,1,2,0,0,0,0,0,0,0,0,0,0,0,0,0,0,0,0,0,0,0,0,0,0,0,0,0,0,0,0,45,2,0,4,4,2,0,2,2,1,1,1,1,1,2,1,2,1,1,1,1,1,24085,1,2,1,2,0,0,1,2,1,2
12B216,28,40011,2,1,0,1,10,223,1,70,6,3,8,1,2,2,2,2,2,1,0,0,0,0,0,0,0,0,0,0,0,0,0,0,0,0,0,0,0,0,0,0,0,0,0,0,0,0,0,0,0,0,0,0,0,0,0,0,0,0,0,120,2,0,4,4,2,0,2,2,2,2,2,1,1,1,2,0,1,1,1,1,2,18536,3,3,1,0,0,0,2,0,0,1
12B216,28,40011,1,1,0,2,10,223,2,25,7,5,1,1,2,2,2,2,2,2,0,0,0,0,0,0,0,0,0,0,0,0,0,0,0,0,0,0,0,0,0,0,0,0,0,0,0,0,0,0,0,0,0,0,0,0,0,0,0,0,0,0,0,0,0,0,0,3,2,2,2,2,1,1,1,2,1,4,1,2,2,2,1,16948,4,4,2,0,0,0,2,0,2,2
12B213,28,40034,4,1,0,2,10,223,1,29,7,1,1,1,2,2,2,2,2,2,0,0,0,0,0,0,0,0,0,0,0,0,0,0,0,0,0,0,0,0,0,0,0,0,0,0,0,0,0,0,0,0,0,0,0,0,0,0,0,0,0,0,0,0,0,0,0,3,2,2,2,2,2,1,2,0,2,0,1,1,1,1,1,17715,4,4,2,0,0,0,2,0,2,2
12B213,28,40034,3,1,0,2,10,223,2,48,6,3,1,1,2,2,2,2,2,1,0,0,0,0,0,0,0,0,0,0,0,0,0,0,0,0,0,0,0,0,0,0,0,0,0,0,0,0,0,0,0,0,0,0,0,0,0,0,0,0,0,10,2,0,4,4,2,0,2,2,2,2,2,2,2,0,2,0,1,1,1,1,1,14788,3,3,1,0,0,0,2,0,2,1
12B213,28,40034,2,1,0,1,10,223,1,38,7,5,1,1,2,2,2,2,2,1,0,0,0,0,0,0,0,0,0,0,0,0,0,0,0,0,0,0,0,0,0,0,0,0,0,0,0,0,0,0,0,0,0,0,0,0,0,0,0,0,0,20,1,1,2,3,1,0,2,2,2,2,1,2,2,0,1,1,1,1,1,1,1,18303,3,3,1,0,0,0,2,0,2,2
12B213,28,40034,1,1,0,1,10,223,1,76,7,5,8,1,2,2,2,2,2,2,0,0,0,0,0,0,0,0,0,0,0,0,0,0,0,0,0,0,0,0,0,0,0,0,0,0,0,0,0,0,0,0,0,0,0,0,0,0,0,0,0,0,0,0,0,0,0,2,2,2,2,2,2,2,2,0,2,0,1,1,1,1,1,17022,4,4,2,0,0,0,2,0,0,2
13A207,28,40131,3,1,0,2,10,223,2,31,7,5,7,1,2,2,2,2,2,1,0,0,0,0,0,0,0,0,0,0,0,0,0,0,0,0,0,0,0,0,0,0,0,0,0,0,0,0,0,0,0,0,0,0,0,0,0,0,0,0,0,45,2,0,3,3,2,0,2,2,2,2,1,1,2,0,1,1,1,1,1,1,1,19570,3,3,1,0,0,0,2,0,0,2
13A207,28,40131,2,1,0,1,10,223,1,75,7,5,1,1,2,2,2,2,2,2,0,0,0,0,0,0,0,0,0,0,0,0,0,0,0,0,0,0,0,0,0,0,0,0,0,0,0,0,0,0,0,0,0,0,0,0,0,0,0,0,0,0,0,0,0,0,0,2,2,2,2,2,2,1,2,0,1,2,1,1,1,1,1,21402,4,4,2,0,0,0,2,0,2,2
11A207,28,40133,4,1,0,2,10,223,2,37,2,6,7,1,2,2,2,2,2,1,0,0,0,0,0,0,0,0,0,0,0,0,0,0,0,0,0,0,0,0,0,0,0,0,0,0,0,0,0,0,0,0,0,0,0,0,0,0,0,0,0,20,2,0,2,4,2,0,2,2,2,2,2,1,2,0,2,0,1,2,1,1,2,9298,3,3,1,0,0,0,2,0,0,0
11A207,28,40133,2,1,0,3,10,223,1,22,7,2,1,1,2,2,2,2,2,2,0,0,0,0,0,0,0,0,0,0,0,0,0,0,0,0,0,0,0,0,0,0,0,0,0,0,0,0,0,0,0,0,0,0,0,0,0,0,0,0,0,0,0,0,0,0,0,1,2,2,2,2,2,2,2,0,2,0,1,2,1,2,1,21515,4,4,2,0,0,0,2,0,2,2
11A207,28,40133,3,1,0,1,10,223,1,56,2,6,1,1,2,2,2,2,2,2,0,0,0,0,0,0,0,0,0,0,0,0,0,0,0,0,0,0,0,0,0,0,0,0,0,0,0,0,0,0,0,0,0,0,0,0,0,0,0,0,0,0,0,0,0,0,0,3,2,2,2,2,2,2,2,0,2,0,1,2,2,2,2,4781,4,4,2,0,0,0,2,0,2,0
11A207,28,40133,1,1,0,1,10,223,2,47,3,3,1,1,2,2,1,2,2,2,0,0,0,0,0,0,0,0,0,0,0,0,0,2,4,2,2,2,2,2,2,2,1,2,2,0,2,1,2,0,0,0,0,0,0,0,0,0,0,0,0,10,2,0,2,3,2,0,2,2,2,2,2,2,2,0,2,0,1,1,1,2,2,9590,3,3,1,0,2,0,1,2,2,1
12B202,28,40139,2,1,0,2,10,223,2,50,2,6,7,1,1,2,2,1,2,1,0,0,0,0,0,0,0,0,0,0,0,0,0,0,0,0,0,0,0,0,0,0,0,0,0,0,0,0,0,2,3,1,1,1,1,1,2,0,2,1,1,29,2,0,4,4,2,0,2,2,2,2,2,2,2,0,2,0,1,1,1,1,1,14992,1,3,1,0,0,2,1,2,0,0
12B202,28,40139,3,1,0,1,10,223,1,46,4,3,1,1,1,2,2,2,2,1,0,0,0,0,0,0,0,0,0,0,0,0,0,0,0,0,0,0,0,0,0,0,0,0,0,0,0,0,0,0,0,0,0,0,0,0,0,0,0,0,0,20,2,0,4,4,2,0,2,2,2,2,1,2,2,0,2,0,1,1,1,1,1,27285,1,3,1,0,0,0,2,0,2,1
12B202,28,40139,1,1,0,1,10,223,2,62,4,3,1,1,1,1,2,2,2,2,1,5,2,2,1,2,2,2,3,70,2,1,1,0,0,0,0,0,0,0,0,0,0,0,0,0,0,0,0,0,0,0,0,0,0,0,0,0,0,0,0,60,2,0,1,4,1,0,2,2,2,2,3,3,3,0,1,1,1,2,1,1,2,13309,1,1,1,2,0,0,1,1,2,1
11B214,28,40190,3,1,0,2,10,223,2,33,3,3,1,1,2,2,2,2,2,2,0,0,0,0,0,0,0,0,0,0,0,0,0,0,0,0,0,0,0,0,0,0,0,0,0,0,0,0,0,0,0,0,0,0,0,0,0,0,0,0,0,0,0,0,0,0,0,1,2,2,2,2,2,2,2,0,2,0,1,1,1,1,2,15166,4,4,2,0,0,0,2,0,2,1
11B214,28,40190,1,1,0,3,10,223,1,23,3,3,1,1,2,2,2,2,2,1,0,0,0,0,0,0,0,0,0,0,0,0,0,0,0,0,0,0,0,0,0,0,0,0,0,0,0,0,0,0,0,0,0,0,0,0,0,0,0,0,0,20,2,0,2,3,2,0,2,2,2,2,2,2,2,0,2,0,1,2,1,1,2,32328,3,3,1,0,0,0,2,0,2,1
13B214,28,40254,4,1,0,1,10,223,1,59,7,4,8,1,1,1,2,2,2,1,3,2,2,1,2,2,2,2,1,0,1,2,1,0,0,0,0,0,0,0,0,0,0,0,0,0,0,0,0,0,0,0,0,0,0,0,0,0,0,0,0,120,2,0,3,4,1,0,2,2,2,2,2,1,2,0,1,2,1,1,1,1,1,19202,1,2,1,1,0,0,1,3,0,2
11A208,28,40258,4,1,0,2,10,223,2,37,3,3,7,1,2,2,2,2,2,2,0,0,0,0,0,0,0,0,0,0,0,0,0,0,0,0,0,0,0,0,0,0,0,0,0,0,0,0,0,0,0,0,0,0,0,0,0,0,0,0,0,0,0,0,0,0,0,3,2,2,2,2,2,1,2,0,2,0,1,1,1,1,2,24418,4,4,2,0,0,0,2,0,0,1
11A208,28,40258,2,1,0,3,10,223,2,20,7,1,1,1,2,1,2,1,2,1,2,2,2,1,2,2,2,2,1,0,1,2,1,0,0,0,0,0,0,0,0,0,0,0,0,0,0,0,0,1,3,2,2,1,1,2,2,0,2,1,1,30,2,0,2,3,1,0,2,2,1,2,2,2,1,2,1,1,1,1,1,1,1,32302,3,2,1,1,0,2,1,3,2,2
11A208,28,40258,3,1,0,1,10,223,1,52,3,2,8,1,2,2,2,1,2,2,0,0,0,0,0,0,0,0,0,0,0,0,0,0,0,0,0,0,0,0,0,0,0,0,0,0,0,0,0,6,3,1,1,2,2,1,2,0,2,1,1,15,2,0,2,3,2,0,2,2,2,2,2,2,2,0,2,0,1,2,1,1,2,10184,3,3,1,0,0,2,1,6,0,1
11A208,28,40258,1,1,0,1,10,223,1,44,4,3,1,1,2,2,2,2,2,2,0,0,0,0,0,0,0,0,0,0,0,0,0,0,0,0,0,0,0,0,0,0,0,0,0,0,0,0,0,0,0,0,0,0,0,0,0,0,0,0,0,0,0,0,0,0,0,3,2,2,2,2,2,2,2,0,2,0,1,2,1,2,2,10390,4,4,2,0,0,0,2,0,2,1
11A208,28,40260,1,1,0,1,10,223,2,42,3,3,7,1,2,2,2,2,2,1,0,0,0,0,0,0,0,0,0,0,0,0,0,0,0,0,0,0,0,0,0,0,0,0,0,0,0,0,0,0,0,0,0,0,0,0,0,0,0,0,0,20,2,0,2,3,2,0,2,2,2,2,1,1,2,0,2,0,1,1,1,1,1,29466,3,3,1,0,0,0,2,0,0,1
11A208,28,40260,3,1,0,1,10,223,2,72,2,6,1,1,2,2,2,2,2,2,0,0,0,0,0,0,0,0,0,0,0,0,0,0,0,0,0,0,0,0,0,0,0,0,0,0,0,0,0,0,0,0,0,0,0,0,0,0,0,0,0,0,0,0,0,0,0,1,2,2,2,2,2,2,2,0,2,0,1,2,2,2,2,8629,4,4,2,0,0,0,2,0,2,0
11A208,28,40260,4,1,0,1,10,223,1,70,2,6,10,1,1,2,2,1,2,2,0,0,0,0,0,0,0,0,0,0,0,0,0,0,0,0,0,0,0,0,0,0,0,0,0,0,0,0,0,5,3,1,1,2,2,1,3,80,2,1,1,30,2,0,2,4,2,0,2,2,2,2,2,2,2,0,2,0,1,1,1,1,2,17492,1,3,1,0,0,2,1,5,0,0
11A208,28,40260,2,1,0,1,10,223,2,25,4,3,1,1,1,2,2,2,2,1,0,0,0,0,0,0,0,0,0,0,0,0,0,0,0,0,0,0,0,0,0,0,0,0,0,0,0,0,0,0,0,0,0,0,0,0,0,0,0,0,0,60,2,0,3,3,2,0,2,2,2,2,1,1,1,1,1,1,1,1,1,1,2,7996,1,3,1,0,0,0,2,0,2,1
12B201,28,40348,1,1,0,1,10,223,2,81,2,6,8,1,2,2,2,2,2,2,0,0,0,0,0,0,0,0,0,0,0,0,0,0,0,0,0,0,0,0,0,0,0,0,0,0,0,0,0,0,0,0,0,0,0,0,0,0,0,0,0,0,0,0,0,0,0,2,2,2,2,2,1,1,2,0,2,0,1,1,1,1,1,9321,4,4,2,0,0,0,2,0,0,0
12B201,28,40348,2,1,0,2,10,223,2,70,2,6,7,1,2,2,2,2,2,2,0,0,0,0,0,0,0,0,0,0,0,0,0,0,0,0,0,0,0,0,0,0,0,0,0,0,0,0,0,0,0,0,0,0,0,0,0,0,0,0,0,0,0,0,0,0,0,3,2,2,2,2,2,2,2,0,2,0,1,1,1,1,1,18640,4,4,2,0,0,0,2,0,0,0
12B201,28,40348,4,1,0,2,10,223,2,80,6,3,8,1,2,2,2,2,2,2,0,0,0,0,0,0,0,0,0,0,0,0,0,0,0,0,0,0,0,0,0,0,0,0,0,0,0,0,0,0,0,0,0,0,0,0,0,0,0,0,0,0,0,0,0,0,0,2,2,2,2,2,1,2,2,0,2,0,1,1,1,1,1,18640,4,4,2,0,0,0,2,0,0,1
12B201,28,40348,3,1,1,1,10,223,2,22,7,4,1,1,2,2,1,1,1,2,0,0,0,0,0,0,0,0,0,0,0,0,0,4,2,2,2,1,1,2,1,2,2,2,2,0,2,1,1,1,4,2,1,1,2,2,3,15,2,1,2,30,2,0,3,3,2,0,2,2,2,1,1,1,1,1,1,1,1,1,1,1,1,21049,3,3,1,0,2,2,1,5,2,2
11B201,28,40349,1,1,0,1,10,223,2,66,2,6,7,1,1,1,2,2,2,2,1,5,2,2,1,2,2,2,2,0,2,1,1,0,0,0,0,0,0,0,0,0,0,0,0,0,0,0,0,0,0,0,0,0,0,0,0,0,0,0,0,20,2,0,2,4,2,0,2,2,2,2,2,1,2,0,2,0,1,1,1,1,1,46496,1,1,1,2,0,0,1,1,0,0
11B201,28,40349,3,1,0,2,10,223,2,59,7,5,7,1,2,1,2,2,2,2,1,4,2,2,1,2,2,2,1,0,1,2,1,0,0,0,0,0,0,0,0,0,0,0,0,0,0,0,0,0,0,0,0,0,0,0,0,0,0,0,0,30,2,0,3,4,2,0,2,2,2,2,1,1,1,2,1,1,1,1,1,1,1,18170,3,1,1,1,0,0,1,1,0,2
11B215,28,40371,3,1,0,2,10,223,1,45,7,4,3,1,2,1,2,2,2,1,2,1,2,1,2,2,2,2,1,0,1,2,1,0,0,0,0,0,0,0,0,0,0,0,0,0,0,0,0,0,0,0,0,0,0,0,0,0,0,0,0,20,2,0,2,4,1,0,2,2,2,2,1,1,2,0,1,1,1,1,1,1,1,17932,3,2,1,1,0,0,1,2,2,2
11B215,28,40371,2,1,0,3,10,223,2,25,7,4,1,1,1,1,2,2,2,1,3,2,2,1,2,2,2,2,3,3500,2,1,1,0,0,0,0,0,0,0,0,0,0,0,0,0,0,0,0,0,0,0,0,0,0,0,0,0,0,0,0,20,1,6,2,4,1,0,2,2,2,2,1,1,1,2,1,1,1,1,1,1,1,23335,1,2,1,2,0,0,1,3,2,2
11B215,28,40371,4,1,0,2,10,223,2,59,4,3,7,1,2,1,2,2,2,1,1,3,2,2,2,2,1,2,1,0,1,2,1,0,0,0,0,0,0,0,0,0,0,0,0,0,0,0,0,0,0,0,0,0,0,0,0,0,0,0,0,20,2,0,4,4,1,0,2,2,2,2,1,1,2,0,1,1,1,1,1,1,1,13121,3,2,1,1,0,0,1,1,0,1
11B215,28,40371,1,1,0,2,10,223,2,40,7,4,1,1,1,1,1,2,2,1,2,4,2,2,1,1,2,2,1,0,1,1,1,1,4,2,2,1,2,2,2,2,2,2,2,0,2,1,1,0,0,0,0,0,0,0,0,0,0,0,0,120,2,0,2,4,1,0,2,2,1,2,2,2,1,2,1,1,1,1,1,1,1,14331,1,2,1,3,2,0,1,3,2,2
12B215,28,40372,4,1,0,1,10,223,1,61,7,3,8,1,1,2,2,2,2,1,0,0,0,0,0,0,0,0,0,0,0,0,0,0,0,0,0,0,0,0,0,0,0,0,0,0,0,0,0,0,0,0,0,0,0,0,0,0,0,0,0,120,2,0,3,4,2,0,2,2,2,2,2,2,2,0,1,2,1,1,1,2,2,7864,1,3,1,0,0,0,2,0,0,2
12B215,28,40372,2,1,0,1,10,223,1,33,7,5,1,1,2,2,2,2,2,1,0,0,0,0,0,0,0,0,0,0,0,0,0,0,0,0,0,0,0,0,0,0,0,0,0,0,0,0,0,0,0,0,0,0,0,0,0,0,0,0,0,25,2,0,3,3,2,0,2,2,2,2,2,1,1,2,1,2,1,1,1,1,1,9448,3,3,1,0,0,0,2,0,2,2
11B216,29,40041,2,1,0,2,39,223,2,32,2,6,7,1,2,2,2,2,2,2,0,0,0,0,0,0,0,0,0,0,0,0,0,0,0,0,0,0,0,0,0,0,0,0,0,0,0,0,0,0,0,0,0,0,0,0,0,0,0,0,0,0,0,0,0,0,0,1,2,2,2,2,2,2,2,0,2,0,1,1,1,1,1,27089,4,4,2,0,0,0,2,0,0,0
11B216,29,40041,4,1,0,3,39,223,2,32,7,4,1,1,1,1,2,2,2,2,20,3,1,2,1,2,2,2,3,300,2,1,1,0,0,0,0,0,0,0,0,0,0,0,0,0,0,0,0,0,0,0,0,0,0,0,0,0,0,0,0,180,2,0,4,3,1,0,1,1,1,2,2,2,2,0,2,0,1,2,1,1,1,27089,1,1,1,2,0,0,1,20,2,2
11B216,29,40041,3,1,0,1,39,223,1,70,2,6,8,1,1,2,2,2,2,2,0,0,0,0,0,0,0,0,0,0,0,0,0,0,0,0,0,0,0,0,0,0,0,0,0,0,0,0,0,0,0,0,0,0,0,0,0,0,0,0,0,0,0,0,0,0,0,5,2,2,2,2,2,2,2,0,2,0,1,2,2,2,2,29625,2,4,2,0,0,0,2,0,0,0
11B216,29,40041,1,1,0,2,39,223,2,32,3,3,7,1,2,2,2,2,2,2,0,0,0,0,0,0,0,0,0,0,0,0,0,0,0,0,0,0,0,0,0,0,0,0,0,0,0,0,0,0,0,0,0,0,0,0,0,0,0,0,0,0,0,0,0,0,0,3,2,2,2,2,1,2,2,0,2,0,1,2,1,2,1,27089,4,4,2,0,0,0,2,0,0,1
11A207,29,40042,4,1,0,5,39,223,2,39,3,3,1,1,2,2,2,2,2,2,0,0,0,0,0,0,0,0,0,0,0,0,0,0,0,0,0,0,0,0,0,0,0,0,0,0,0,0,0,0,0,0,0,0,0,0,0,0,0,0,0,0,0,0,0,0,0,3,2,2,2,2,1,1,2,0,2,0,1,1,1,2,2,36571,4,4,2,0,0,0,2,0,2,1
11A207,29,40042,3,1,0,2,39,223,2,36,7,4,1,1,1,1,1,2,2,1,1,4,2,2,2,1,2,2,2,0,2,1,1,1,1,2,2,2,2,2,2,1,2,2,2,0,2,1,2,0,0,0,0,0,0,0,0,0,0,0,0,30,2,0,2,3,1,0,2,1,2,2,2,2,2,0,1,1,1,1,1,3,1,18285,1,2,1,2,2,0,1,2,2,2
11A207,29,40042,1,1,0,3,39,223,2,67,2,6,7,1,2,2,2,2,2,2,0,0,0,0,0,0,0,0,0,0,0,0,0,0,0,0,0,0,0,0,0,0,0,0,0,0,0,0,0,0,0,0,0,0,0,0,0,0,0,0,0,0,0,0,0,0,0,5,2,2,2,2,2,2,2,0,2,0,1,2,2,2,2,42842,4,4,2,0,0,0,2,0,0,0
11B202,29,40047,2,1,0,2,39,223,2,41,7,4,1,1,1,2,2,2,2,1,0,0,0,0,0,0,0,0,0,0,0,0,0,0,0,0,0,0,0,0,0,0,0,0,0,0,0,0,0,0,0,0,0,0,0,0,0,0,0,0,0,10,2,0,2,2,2,0,2,2,2,2,2,2,2,0,2,0,1,2,1,2,1,26603,1,3,1,0,0,0,2,0,2,2
11B202,29,40047,3,1,0,2,39,223,2,36,7,5,1,1,1,1,1,1,2,1,5,1,2,1,1,2,2,2,1,0,1,2,1,3,1,2,1,2,1,2,1,2,2,2,1,0,1,2,1,2,3,2,2,2,2,1,1,0,1,2,1,120,2,0,3,4,1,0,2,1,1,2,2,1,2,0,2,0,1,1,1,1,1,17735,1,2,1,1,1,1,1,10,2,2
11B202,29,40047,4,1,0,2,39,223,2,63,2,6,1,1,1,2,2,1,2,2,0,0,0,0,0,0,0,0,0,0,0,0,0,0,0,0,0,0,0,0,0,0,0,0,0,0,0,0,0,1,4,2,2,1,1,2,2,0,2,1,1,10,2,0,1,1,2,0,2,2,2,2,2,2,2,0,3,0,1,2,2,2,2,16238,1,3,1,0,0,2,1,1,2,0
11B202,29,40047,1,1,0,2,39,223,2,71,0,,1,2,0,0,0,0,0,0,0,0,0,0,0,0,0,0,0,0,0,0,0,0,0,0,0,0,0,0,0,0,0,0,0,0,0,0,0,0,0,0,0,0,0,0,0,0,0,0,0,0,0,0,0,0,0,0,0,0,0,0,0,0,0,0,0,0,0,0,0,0,0,51940,0,0,0,0,0,0,0,0,2,0
11B213,29,40072,1,1,0,2,39,223,2,31,4,3,1,1,2,2,2,2,2,2,0,0,0,0,0,0,0,0,0,0,0,0,0,0,0,0,0,0,0,0,0,0,0,0,0,0,0,0,0,0,0,0,0,0,0,0,0,0,0,0,0,0,0,0,0,0,0,4,2,2,2,2,2,2,2,0,2,0,1,2,1,2,2,27023,4,4,2,0,0,0,2,0,2,1
11B213,29,40072,3,1,0,1,39,223,1,37,3,3,4,1,1,1,1,2,1,2,4,4,2,2,1,2,1,2,2,0,2,1,1,1,4,2,1,2,2,2,2,2,2,2,3,35,2,1,1,0,0,0,0,0,0,0,0,0,0,0,0,20,2,0,2,2,1,0,2,1,2,2,2,1,3,0,1,1,1,1,1,1,1,21184,1,2,1,2,2,0,1,5,1,1
11B213,29,40072,4,1,0,1,39,223,2,56,3,3,7,1,1,1,2,2,2,1,1,4,2,2,1,2,2,2,2,0,2,1,1,0,0,0,0,0,0,0,0,0,0,0,0,0,0,0,0,0,0,0,0,0,0,0,0,0,0,0,0,60,2,0,1,3,2,0,2,2,2,2,2,2,2,0,2,0,1,2,1,1,1,15194,1,2,1,2,0,0,1,1,0,1
12B216,29,40077,2,1,0,1,39,223,1,68,5,4,8,1,1,2,2,2,2,1,0,0,0,0,0,0,0,0,0,0,0,0,0,0,0,0,0,0,0,0,0,0,0,0,0,0,0,0,0,0,0,0,0,0,0,0,0,0,0,0,0,20,2,0,2,3,1,0,2,2,2,2,2,1,2,0,1,3,1,1,1,1,1,32731,1,3,1,0,0,0,2,0,0,1
12B216,29,40077,4,1,0,1,39,223,2,66,5,4,1,1,1,1,1,1,2,2,2,3,2,2,2,2,1,2,3,800,2,1,2,2,3,2,1,2,2,2,2,1,2,2,3,100,2,1,2,6,3,1,1,1,1,1,3,60,2,1,2,60,2,0,2,3,2,0,2,2,2,1,1,1,1,1,1,1,1,1,1,1,1,21531,1,2,1,2,2,2,1,10,2,1
12B216,29,40077,1,1,0,2,39,223,1,39,3,3,1,1,1,2,2,2,2,1,0,0,0,0,0,0,0,0,0,0,0,0,0,0,0,0,0,0,0,0,0,0,0,0,0,0,0,0,0,0,0,0,0,0,0,0,0,0,0,0,0,60,1,5,4,4,1,0,2,2,2,2,2,2,2,0,2,0,1,3,1,1,1,23462,1,3,1,0,0,0,2,0,2,1
12B216,29,40077,3,1,0,4,39,223,1,18,4,2,6,1,1,1,1,2,2,1,1,2,2,1,2,2,2,2,1,0,1,2,1,2,2,2,1,2,2,2,1,2,2,2,1,0,1,2,1,0,0,0,0,0,0,0,0,0,0,0,0,30,2,0,2,3,1,0,2,2,1,2,1,1,2,0,1,2,1,1,1,1,1,56706,1,2,1,1,1,0,1,3,1,1
11B213,29,40131,1,1,0,1,39,223,1,44,7,5,1,1,2,1,2,2,2,2,1,5,2,2,2,2,2,1,2,0,2,1,1,0,0,0,0,0,0,0,0,0,0,0,0,0,0,0,0,0,0,0,0,0,0,0,0,0,0,0,0,60,2,0,1,3,2,0,2,2,2,2,2,2,2,0,2,0,1,2,2,2,1,24573,3,1,1,2,0,0,1,1,2,2
11B213,29,40131,2,1,0,2,39,223,2,27,4,3,7,1,1,1,1,2,1,1,2,4,2,2,2,1,2,2,3,200,2,1,1,5,4,2,2,1,2,2,2,2,1,2,2,0,2,1,1,0,0,0,0,0,0,0,0,0,0,0,0,20,2,0,3,3,1,0,2,2,1,2,1,1,1,2,1,4,1,1,1,1,1,31345,1,2,1,2,2,0,1,7,0,1
11B213,29,40131,3,1,0,2,39,223,2,29,7,4,1,1,1,1,2,2,2,2,1,4,2,2,2,1,2,2,3,100,2,1,2,0,0,0,0,0,0,0,0,0,0,0,0,0,0,0,0,0,0,0,0,0,0,0,0,0,0,0,0,30,1,5,3,4,1,0,2,2,2,1,1,1,1,2,1,1,1,2,2,3,1,31345,1,1,1,2,0,0,1,1,2,2
11B213,29,40131,4,1,0,4,39,223,1,28,4,3,1,1,2,2,2,1,2,2,0,0,0,0,0,0,0,0,0,0,0,0,0,0,0,0,0,0,0,0,0,0,0,0,0,0,0,0,0,1,1,1,2,2,1,2,3,15,2,1,1,15,2,0,2,2,2,0,2,1,2,2,2,1,1,2,2,0,1,1,1,1,1,71350,3,3,1,0,0,2,1,1,2,1
11A208,29,40205,4,1,0,4,39,223,2,26,4,3,7,1,1,1,2,2,2,2,2,4,2,2,2,1,2,2,2,0,2,1,1,0,0,0,0,0,0,0,0,0,0,0,0,0,0,0,0,0,0,0,0,0,0,0,0,0,0,0,0,10,2,0,4,4,2,0,2,2,2,2,2,2,2,0,2,0,1,2,2,1,2,40570,1,1,1,2,0,0,1,2,0,1
11A208,29,40205,1,1,0,2,39,223,2,42,7,5,1,1,2,2,2,2,2,1,0,0,0,0,0,0,0,0,0,0,0,0,0,0,0,0,0,0,0,0,0,0,0,0,0,0,0,0,0,0,0,0,0,0,0,0,0,0,0,0,0,30,2,0,2,3,1,0,2,2,2,1,2,1,2,0,2,0,1,2,1,2,2,18687,3,3,1,0,0,0,2,0,2,2
11A208,29,40205,3,1,0,1,39,223,1,52,4,3,1,1,2,2,2,2,2,2,0,0,0,0,0,0,0,0,0,0,0,0,0,0,0,0,0,0,0,0,0,0,0,0,0,0,0,0,0,0,0,0,0,0,0,0,0,0,0,0,0,0,0,0,0,0,0,3,2,2,2,2,2,2,2,0,2,0,1,2,1,2,2,23382,4,4,2,0,0,0,2,0,2,1
11A208,29,40205,2,1,0,2,39,223,2,28,4,3,1,1,1,1,2,2,2,1,2,4,2,2,2,1,1,2,1,0,1,2,1,0,0,0,0,0,0,0,0,0,0,0,0,0,0,0,0,0,0,0,0,0,0,0,0,0,0,0,0,120,1,6,2,3,1,0,2,1,2,1,1,2,1,1,1,3,1,1,1,1,1,20285,1,2,1,1,0,0,1,2,2,1
11B214,29,40228,3,1,0,4,39,223,2,19,4,3,7,1,1,2,1,2,2,1,0,0,0,0,0,0,0,0,0,0,0,0,0,2,4,2,2,1,2,2,2,2,1,2,2,0,2,1,1,0,0,0,0,0,0,0,0,0,0,0,0,10,2,0,2,3,1,0,2,2,2,2,1,1,2,0,1,1,1,1,1,1,2,41874,1,3,1,0,2,0,1,2,0,1
11B214,29,40228,4,1,0,2,39,223,2,41,3,3,1,1,2,2,2,2,2,2,0,0,0,0,0,0,0,0,0,0,0,0,0,0,0,0,0,0,0,0,0,0,0,0,0,0,0,0,0,0,0,0,0,0,0,0,0,0,0,0,0,0,0,0,0,0,0,1,2,2,2,2,1,2,2,0,2,0,1,1,1,1,1,15827,4,4,2,0,0,0,2,0,2,1
11B214,29,40228,1,1,0,1,39,223,2,27,3,3,1,1,2,2,2,2,2,2,0,0,0,0,0,0,0,0,0,0,0,0,0,0,0,0,0,0,0,0,0,0,0,0,0,0,0,0,0,0,0,0,0,0,0,0,0,0,0,0,0,0,0,0,0,0,0,3,2,2,2,2,2,2,1,2,2,0,1,2,1,1,2,17181,4,4,2,0,0,0,2,0,2,1
11B214,29,40228,2,1,0,1,39,223,1,39,7,6,1,1,1,1,1,2,1,1,1,5,2,2,1,2,2,2,3,850,2,1,1,2,4,1,2,2,2,2,2,2,1,2,3,100,2,1,1,0,0,0,0,0,0,0,0,0,0,0,0,30,1,5,3,3,1,0,2,2,2,2,1,1,1,2,1,1,1,2,2,1,1,10102,1,2,1,2,2,0,1,3,2,2
11B215,29,40293,2,1,0,1,39,223,1,54,6,3,1,1,1,1,1,1,2,1,2,1,2,1,2,2,2,2,1,0,1,2,1,12,1,2,1,2,2,2,1,1,2,2,2,0,2,1,1,4,3,1,1,1,1,1,2,0,2,1,1,90,2,0,2,3,1,0,2,1,2,1,1,1,1,2,1,1,1,1,1,1,1,12708,1,2,1,1,2,2,1,18,2,1
11B215,29,40293,4,1,0,1,39,223,1,55,4,1,1,1,2,2,2,2,2,2,0,0,0,0,0,0,0,0,0,0,0,0,0,0,0,0,0,0,0,0,0,0,0,0,0,0,0,0,0,0,0,0,0,0,0,0,0,0,0,0,0,0,0,0,0,0,0,3,2,2,2,2,2,1,2,0,2,0,1,2,1,2,1,15665,4,4,2,0,0,0,2,0,2,1
11B215,29,40293,1,1,0,3,39,223,1,50,7,1,1,1,1,1,2,1,2,1,3,3,2,2,1,2,2,2,2,0,2,1,1,0,0,0,0,0,0,0,0,0,0,0,0,0,0,0,0,7,4,1,2,1,1,2,2,0,2,1,1,45,2,0,2,3,1,0,1,1,2,1,1,1,1,2,1,2,1,1,1,1,1,19061,1,2,1,2,0,2,1,10,2,2
12B201,29,40395,4,1,0,1,39,223,1,70,9,5,1,1,1,1,1,1,2,1,15,4,2,2,2,2,1,2,3,3000,2,1,1,2,3,2,1,2,2,2,2,2,2,2,3,2000,2,1,1,3,3,1,2,1,2,2,3,300,2,1,1,120,2,0,3,4,1,0,1,1,2,1,2,1,1,1,2,0,1,1,1,1,1,13315,1,2,1,2,2,2,1,20,2,2
12B201,29,40395,3,1,0,1,39,223,1,56,7,5,1,1,1,1,1,1,2,1,10,2,2,1,2,1,2,2,3,1500,2,1,2,3,1,2,1,2,1,2,2,2,2,2,3,300,2,1,2,1,2,1,2,1,2,1,3,10,2,1,1,60,1,6,2,3,1,0,2,1,2,1,2,1,1,2,1,2,1,1,1,1,1,11533,1,2,1,2,2,2,1,14,2,2
12B201,29,40395,1,1,0,2,39,223,2,63,7,5,8,1,1,1,2,1,1,1,2,4,2,2,2,1,2,2,2,0,2,1,1,0,0,0,0,0,0,0,0,0,0,0,0,0,0,0,0,7,3,1,2,1,2,2,3,75,2,1,1,30,2,0,3,4,1,0,2,2,2,2,2,1,1,2,1,5,1,1,2,1,1,10268,1,2,1,2,0,2,1,9,0,2
11B213,30,40005,3,1,0,2,10,223,1,60,2,6,1,1,2,2,2,2,2,2,0,0,0,0,0,0,0,0,0,0,0,0,0,0,0,0,0,0,0,0,0,0,0,0,0,0,0,0,0,0,0,0,0,0,0,0,0,0,0,0,0,0,0,0,0,0,0,1,2,2,2,2,2,2,2,0,2,0,1,2,1,2,2,16514,4,4,2,0,0,0,2,0,2,0
11B213,30,40005,2,1,0,3,10,223,1,20,2,6,4,1,2,2,2,2,2,2,0,0,0,0,0,0,0,0,0,0,0,0,0,0,0,0,0,0,0,0,0,0,0,0,0,0,0,0,0,0,0,0,0,0,0,0,0,0,0,0,0,0,0,0,0,0,0,1,2,2,2,2,2,2,2,0,2,0,1,2,2,2,2,49546,4,4,2,0,0,0,2,0,1,0
11B213,30,40005,4,1,0,1,10,223,1,43,3,3,1,1,2,2,2,2,2,2,0,0,0,0,0,0,0,0,0,0,0,0,0,0,0,0,0,0,0,0,0,0,0,0,0,0,0,0,0,0,0,0,0,0,0,0,0,0,0,0,0,0,0,0,0,0,0,3,2,2,2,2,2,2,2,0,2,0,1,1,1,1,2,30749,4,4,2,0,0,0,2,0,2,1
11A207,30,41007,4,1,0,1,12,223,2,50,7,5,4,1,1,1,2,2,2,1,1,4,2,2,2,1,2,2,3,200,2,1,1,0,0,0,0,0,0,0,0,0,0,0,0,0,0,0,0,0,0,0,0,0,0,0,0,0,0,0,0,90,2,0,4,3,1,0,2,2,2,2,2,1,1,1,1,4,1,2,2,2,2,5870,1,2,1,2,0,0,1,1,1,2
11A207,30,41007,3,1,0,1,12,223,2,97,2,4,9,1,2,2,2,2,2,2,0,0,0,0,0,0,0,0,0,0,0,0,0,0,0,0,0,0,0,0,0,0,0,0,0,0,0,0,0,0,0,0,0,0,0,0,0,0,0,0,0,0,0,0,0,0,0,5,2,2,2,2,2,2,2,0,2,0,1,2,2,2,2,20001,4,4,2,0,0,0,2,0,0,0
11A207,30,41007,2,1,0,1,12,223,1,78,0,,1,1,2,2,2,2,2,2,0,0,0,0,0,0,0,0,0,0,0,0,0,0,0,0,0,0,0,0,0,0,0,0,0,0,0,0,0,0,0,0,0,0,0,0,0,0,0,0,0,0,0,0,0,0,0,1,2,2,2,2,2,2,2,0,2,0,2,0,0,0,0,6757,4,4,2,0,0,0,2,0,2,0
11A207,30,41007,1,1,0,2,12,223,1,34,4,3,1,1,1,1,2,2,2,2,3,4,2,2,2,2,1,2,2,0,2,1,1,0,0,0,0,0,0,0,0,0,0,0,0,0,0,0,0,0,0,0,0,0,0,0,0,0,0,0,0,60,2,0,2,3,2,0,2,2,2,1,1,1,1,2,1,2,1,2,1,1,1,14063,1,1,1,2,0,0,1,3,2,1
12B216,30,41074,2,1,0,2,12,223,1,32,7,4,1,1,2,2,2,2,2,2,0,0,0,0,0,0,0,0,0,0,0,0,0,0,0,0,0,0,0,0,0,0,0,0,0,0,0,0,0,0,0,0,0,0,0,0,0,0,0,0,0,0,0,0,0,0,0,3,2,2,2,2,2,2,2,0,1,1,1,1,1,2,2,26144,4,4,2,0,0,0,2,0,2,2
12B216,30,41074,3,1,0,3,12,223,2,51,4,3,1,1,1,1,1,2,2,1,1,4,2,2,2,1,2,2,2,0,2,1,1,1,4,2,2,2,2,2,2,2,1,2,2,0,2,1,5,0,0,0,0,0,0,0,0,0,0,0,0,20,2,0,3,3,1,0,1,2,2,2,2,2,2,0,1,1,1,1,1,1,1,21824,1,2,1,2,2,0,1,2,2,1
12B213,30,41103,2,1,0,1,12,223,1,54,3,3,1,1,1,2,2,1,2,2,0,0,0,0,0,0,0,0,0,0,0,0,0,0,0,0,0,0,0,0,0,0,0,0,0,0,0,0,0,5,4,1,1,1,2,1,2,0,2,1,1,20,2,0,2,3,2,0,2,2,2,2,2,1,3,0,1,2,1,2,3,3,1,15440,1,3,1,0,0,2,1,5,2,1
12B213,30,41103,3,1,0,1,12,223,2,55,4,3,7,1,1,1,2,2,2,2,2,4,2,2,2,1,2,2,2,0,2,1,1,0,0,0,0,0,0,0,0,0,0,0,0,0,0,0,0,0,0,0,0,0,0,0,0,0,0,0,0,40,2,0,2,3,2,0,2,1,2,2,3,1,1,1,1,3,1,3,3,1,1,11298,1,1,1,2,0,0,1,2,0,1
12B213,30,41103,4,1,0,1,12,223,2,39,4,2,7,1,1,1,1,2,1,1,4,4,2,2,2,1,2,2,1,0,1,2,1,2,3,2,2,1,2,2,2,2,1,2,3,50,2,1,1,0,0,0,0,0,0,0,0,0,0,0,0,30,1,6,2,3,1,0,1,1,2,2,1,1,2,0,1,3,1,2,1,2,1,18509,1,2,1,1,2,0,1,6,0,1
12B213,30,41103,1,1,0,1,12,223,2,62,2,6,1,1,2,2,2,2,2,2,0,0,0,0,0,0,0,0,0,0,0,0,0,0,0,0,0,0,0,0,0,0,0,0,0,0,0,0,0,0,0,0,0,0,0,0,0,0,0,0,0,0,0,0,0,0,0,3,2,2,2,2,2,2,2,0,2,0,1,2,2,2,2,5649,4,4,2,0,0,0,2,0,2,0
13A207,30,41109,1,1,0,2,12,223,2,69,7,4,8,1,1,1,1,1,2,2,3,3,2,2,2,2,1,2,3,800,2,1,1,4,4,2,2,2,2,2,2,1,2,2,3,300,2,1,1,1,3,1,1,1,1,1,3,10,2,1,1,30,2,0,2,4,1,0,2,1,2,2,1,1,1,1,1,1,1,1,1,1,1,24688,1,2,1,2,2,2,1,8,0,2
13A207,30,41109,2,1,0,1,12,223,2,64,4,3,8,1,1,1,1,2,2,2,4,4,2,2,1,1,1,2,2,0,2,1,1,2,4,2,2,2,1,2,1,2,2,2,2,0,2,1,1,0,0,0,0,0,0,0,0,0,0,0,0,50,2,0,2,3,2,0,1,1,1,2,3,1,3,0,1,2,1,3,1,1,1,6432,1,2,1,2,2,0,1,6,0,1
11B202,30,41116,3,1,0,1,12,223,1,54,7,5,3,1,1,1,2,2,2,2,1,3,2,2,2,2,1,2,2,0,2,1,2,0,0,0,0,0,0,0,0,0,0,0,0,0,0,0,0,0,0,0,0,0,0,0,0,0,0,0,0,30,2,0,2,3,1,0,2,2,2,2,2,1,2,0,1,1,1,2,1,2,2,18784,1,1,1,2,0,0,1,1,2,2
11B202,30,41116,1,1,0,1,12,223,1,81,2,3,8,1,1,2,2,1,2,2,0,0,0,0,0,0,0,0,0,0,0,0,0,0,0,0,0,0,0,0,0,0,0,0,0,0,0,0,0,5,3,1,1,1,2,1,3,40,2,1,1,90,2,0,2,2,2,0,2,2,2,2,1,1,2,0,2,0,1,1,1,1,1,8911,1,3,1,0,0,2,1,5,0,0
11B202,30,41116,2,1,0,1,12,223,1,30,4,1,1,1,1,1,2,2,2,2,3,3,2,2,2,2,1,2,2,0,2,1,1,0,0,0,0,0,0,0,0,0,0,0,0,0,0,0,0,0,0,0,0,0,0,0,0,0,0,0,0,40,2,0,3,3,1,0,1,2,2,2,1,1,1,1,1,2,1,1,1,1,1,9274,1,1,1,2,0,0,1,3,2,1
12B202,30,41146,2,1,0,3,12,223,2,80,3,3,8,1,1,1,2,2,2,2,2,4,2,2,2,1,2,2,2,0,2,1,1,0,0,0,0,0,0,0,0,0,0,0,0,0,0,0,0,0,0,0,0,0,0,0,0,0,0,0,0,30,2,0,1,2,2,0,2,2,2,2,2,1,3,0,1,3,1,3,1,3,3,19452,1,1,1,2,0,0,1,2,0,1
12B202,30,41146,3,1,0,4,12,223,1,23,7,3,6,1,1,1,2,2,2,1,5,2,2,1,2,2,1,2,2,0,1,1,1,0,0,0,0,0,0,0,0,0,0,0,0,0,0,0,0,0,0,0,0,0,0,0,0,0,0,0,0,90,2,0,4,3,1,0,2,2,1,1,1,1,1,1,1,3,1,1,1,1,1,34153,1,2,1,3,0,0,1,5,1,2
12B202,30,41146,4,1,0,1,12,223,1,64,7,7,8,1,1,2,2,1,2,2,0,0,0,0,0,0,0,0,0,0,0,0,0,0,0,0,0,0,0,0,0,0,0,0,0,0,0,0,0,5,4,1,1,1,2,1,2,0,2,1,1,40,2,0,1,1,2,0,2,2,2,2,3,1,3,0,1,3,1,1,3,1,3,17076,1,3,1,0,0,2,1,5,0,2
12B202,30,41146,1,1,1,2,12,223,1,37,8,2,1,1,1,1,2,1,2,2,2,4,2,2,2,1,2,2,2,0,2,1,1,0,0,0,0,0,0,0,0,0,0,0,0,0,0,0,0,3,3,1,2,2,2,1,2,0,2,1,1,60,2,0,3,3,2,0,2,2,2,2,1,1,2,0,1,1,1,1,1,1,1,14131,1,2,1,2,0,2,1,5,2,2
11B214,30,41163,1,1,0,3,12,223,1,32,2,6,1,1,2,2,2,2,2,2,0,0,0,0,0,0,0,0,0,0,0,0,0,0,0,0,0,0,0,0,0,0,0,0,0,0,0,0,0,0,0,0,0,0,0,0,0,0,0,0,0,0,0,0,0,0,0,1,2,2,2,2,2,1,1,2,1,1,1,1,1,1,1,45092,4,4,2,0,0,0,2,0,2,0
11B214,30,41163,3,1,0,1,12,223,1,58,3,3,1,1,1,1,1,2,2,1,5,4,1,2,1,1,2,2,2,0,1,1,1,2,4,2,2,2,2,1,2,1,2,2,2,0,2,1,1,0,0,0,0,0,0,0,0,0,0,0,0,20,1,6,1,2,2,0,2,2,2,2,2,2,2,0,2,0,1,2,1,2,2,15012,1,2,1,3,2,0,1,7,2,1
11B214,30,41163,4,1,0,1,12,223,2,47,4,3,7,1,2,2,2,2,2,2,0,0,0,0,0,0,0,0,0,0,0,0,0,0,0,0,0,0,0,0,0,0,0,0,0,0,0,0,0,0,0,0,0,0,0,0,0,0,0,0,0,0,0,0,0,0,0,1,2,2,2,2,2,2,2,0,2,0,1,2,1,2,2,22585,4,4,2,0,0,0,2,0,0,1
11B214,30,41163,2,1,0,2,12,223,2,50,3,3,2,1,1,2,2,1,2,2,0,0,0,0,0,0,0,0,0,0,0,0,0,0,0,0,0,0,0,0,0,0,0,0,0,0,0,0,0,5,4,1,1,1,1,1,2,0,2,1,1,30,2,0,2,3,2,0,2,2,2,2,1,1,1,1,1,2,1,1,1,1,1,22585,1,3,1,0,0,2,1,5,1,1
13B214,30,41166,3,1,0,2,12,223,2,43,7,4,1,1,1,1,2,1,2,2,3,4,2,2,2,1,2,2,3,1200,2,1,1,0,0,0,0,0,0,0,0,0,0,0,0,0,0,0,0,5,4,1,1,2,2,1,2,0,2,1,1,60,2,0,2,3,2,0,1,2,2,2,2,1,1,2,1,3,1,1,1,1,1,15256,1,2,1,2,0,2,1,8,2,2
13B214,30,41166,1,1,0,2,12,223,2,47,7,5,7,1,1,1,2,2,2,2,3,4,2,2,2,2,1,2,3,700,2,1,1,0,0,0,0,0,0,0,0,0,0,0,0,0,0,0,0,0,0,0,0,0,0,0,0,0,0,0,0,50,2,0,2,3,2,0,1,2,2,2,1,1,1,2,1,3,1,1,1,3,3,15734,1,1,1,2,0,0,1,3,0,2
11A208,30,41203,2,1,0,2,12,223,2,28,7,4,7,1,1,1,2,2,2,2,3,3,2,2,1,1,2,2,2,0,2,1,1,0,0,0,0,0,0,0,0,0,0,0,0,0,0,0,0,0,0,0,0,0,0,0,0,0,0,0,0,60,1,5,3,4,1,0,1,2,2,2,1,1,1,2,1,3,1,1,1,1,1,15029,1,1,1,2,0,0,1,3,0,2
11A208,30,41203,1,1,0,1,12,223,2,47,2,3,7,1,1,2,2,1,2,2,0,0,0,0,0,0,0,0,0,0,0,0,0,0,0,0,0,0,0,0,0,0,0,0,0,0,0,0,0,5,4,1,2,1,1,1,2,0,2,1,1,30,2,0,2,3,2,0,2,2,2,2,3,1,3,0,1,1,1,3,1,3,3,7139,1,3,1,0,0,2,1,5,0,0
11A208,30,41203,4,1,0,1,12,223,2,57,3,3,1,1,2,2,2,2,2,2,0,0,0,0,0,0,0,0,0,0,0,0,0,0,0,0,0,0,0,0,0,0,0,0,0,0,0,0,0,0,0,0,0,0,0,0,0,0,0,0,0,0,0,0,0,0,0,1,2,2,2,2,2,2,2,0,2,0,1,3,3,2,2,6338,4,4,2,0,0,0,2,0,2,1
11A208,30,41203,3,1,0,2,12,223,2,55,0,,7,1,2,2,2,2,2,2,0,0,0,0,0,0,0,0,0,0,0,0,0,0,0,0,0,0,0,0,0,0,0,0,0,0,0,0,0,0,0,0,0,0,0,0,0,0,0,0,0,0,0,0,0,0,0,1,2,2,2,2,2,2,2,0,2,0,1,2,2,2,2,19012,4,4,2,0,0,0,2,0,0,0
11A208,30,41270,4,1,0,1,12,223,2,62,2,6,1,1,2,2,2,2,2,2,0,0,0,0,0,0,0,0,0,0,0,0,0,0,0,0,0,0,0,0,0,0,0,0,0,0,0,0,0,0,0,0,0,0,0,0,0,0,0,0,0,0,0,0,0,0,0,3,2,2,2,2,2,2,2,0,2,0,1,2,2,2,2,6559,4,4,2,0,0,0,2,0,2,0
11A208,30,41270,3,1,0,1,12,223,1,47,7,4,1,1,1,1,2,2,2,2,3,4,2,2,2,2,1,2,2,0,2,1,1,0,0,0,0,0,0,0,0,0,0,0,0,0,0,0,0,0,0,0,0,0,0,0,0,0,0,0,0,40,2,0,2,4,1,0,2,2,2,2,3,1,1,1,1,2,1,1,1,1,1,17926,1,1,1,2,0,0,1,3,2,2
11A208,30,41270,2,1,0,3,12,223,1,23,7,4,6,1,2,1,2,2,2,1,2,2,2,2,2,1,2,2,2,0,2,1,1,0,0,0,0,0,0,0,0,0,0,0,0,0,0,0,0,0,0,0,0,0,0,0,0,0,0,0,0,30,2,0,3,4,2,0,2,2,2,2,1,2,2,0,1,2,1,1,1,1,1,33150,3,2,1,2,0,0,1,2,1,2
12B215,30,41325,3,1,0,1,12,223,2,68,3,3,7,1,1,2,2,2,2,1,0,0,0,0,0,0,0,0,0,0,0,0,0,0,0,0,0,0,0,0,0,0,0,0,0,0,0,0,0,0,0,0,0,0,0,0,0,0,0,0,0,10,1,4,1,3,1,0,2,2,2,2,2,2,2,0,2,0,1,2,1,2,2,8011,1,3,1,0,0,0,2,0,0,1
12B215,30,41325,4,1,0,6,12,223,2,27,3,3,7,1,1,1,2,2,2,1,4,4,2,2,1,2,2,2,3,150,2,1,1,0,0,0,0,0,0,0,0,0,0,0,0,0,0,0,0,0,0,0,0,0,0,0,0,0,0,0,0,60,2,0,1,3,1,0,2,2,2,2,2,2,2,0,2,0,1,2,1,1,2,22269,1,2,1,2,0,0,1,4,0,1
12B215,30,41325,2,1,0,1,12,223,1,41,7,3,1,1,2,2,2,2,2,2,0,0,0,0,0,0,0,0,0,0,0,0,0,0,0,0,0,0,0,0,0,0,0,0,0,0,0,0,0,0,0,0,0,0,0,0,0,0,0,0,0,0,0,0,0,0,0,1,2,2,2,2,2,2,2,0,2,0,1,2,2,2,2,26187,4,4,2,0,0,0,2,0,2,2
12B215,30,41325,1,1,0,1,12,223,1,59,2,6,8,1,1,2,2,1,2,2,0,0,0,0,0,0,0,0,0,0,0,0,0,0,0,0,0,0,0,0,0,0,0,0,0,0,0,0,0,4,4,1,1,1,1,1,2,0,2,1,1,35,2,0,2,3,2,0,2,2,2,2,3,1,1,2,1,2,1,1,1,3,3,14064,1,3,1,0,0,2,1,4,0,0
12B201,30,41364,1,1,0,1,12,223,2,70,3,3,7,1,1,1,1,1,2,2,1,4,2,2,1,2,2,2,3,300,2,1,1,1,4,2,2,2,2,2,2,2,1,2,3,60,2,1,1,1,4,2,2,2,1,2,3,8,2,1,1,60,2,0,2,4,1,0,2,1,2,2,1,1,1,1,1,1,1,1,1,1,2,12056,1,2,1,2,2,2,1,3,0,1
12B201,30,41364,4,1,0,1,12,223,1,80,2,3,7,1,1,1,1,2,2,2,1,5,2,2,1,2,2,2,2,0,2,1,1,3,5,2,2,2,2,1,2,2,2,2,2,0,2,1,1,0,0,0,0,0,0,0,0,0,0,0,0,30,2,0,1,3,1,0,2,2,2,2,1,1,2,0,1,1,1,2,1,1,2,6109,1,2,1,2,2,0,1,4,0,0
12B201,30,41364,3,1,0,1,12,223,2,91,0,,7,2,0,0,0,0,0,0,0,0,0,0,0,0,0,0,0,0,0,0,0,0,0,0,0,0,0,0,0,0,0,0,0,0,0,0,0,0,0,0,0,0,0,0,0,0,0,0,0,0,0,0,0,0,0,0,0,0,0,0,0,0,0,0,0,0,0,0,0,0,0,6028,0,0,0,0,0,0,0,0,0,0
12B201,30,41364,2,1,0,1,12,223,2,36,0,,7,2,0,0,0,0,0,0,0,0,0,0,0,0,0,0,0,0,0,0,0,0,0,0,0,0,0,0,0,0,0,0,0,0,0,0,0,0,0,0,0,0,0,0,0,0,0,0,0,0,0,0,0,0,0,0,0,0,0,0,0,0,0,0,0,0,0,0,0,0,0,10291,0,0,0,0,0,0,0,0,0,0
11B215,30,41390,4,1,0,3,12,223,2,30,6,3,1,1,1,2,1,2,2,1,0,0,0,0,0,0,0,0,0,0,0,0,0,2,4,2,2,2,1,2,1,2,2,2,2,0,2,1,1,0,0,0,0,0,0,0,0,0,0,0,0,20,2,0,4,2,2,0,2,1,2,2,1,1,1,2,1,2,1,1,1,1,2,17289,1,3,1,0,2,0,1,2,2,1
11B215,30,41390,1,1,0,1,12,223,1,57,2,6,1,1,1,2,2,1,2,2,0,0,0,0,0,0,0,0,0,0,0,0,0,0,0,0,0,0,0,0,0,0,0,0,0,0,0,0,0,5,4,1,1,1,1,1,2,0,2,1,1,40,2,0,2,3,2,0,2,2,2,2,2,1,1,2,1,2,1,1,1,1,3,27296,1,3,1,0,0,2,1,5,2,0
11B215,30,41390,3,1,0,1,12,223,2,26,2,6,1,1,1,1,2,2,2,2,2,4,2,2,2,1,2,2,2,0,2,1,1,0,0,0,0,0,0,0,0,0,0,0,0,0,0,0,0,0,0,0,0,0,0,0,0,0,0,0,0,30,2,0,3,4,1,0,1,2,2,2,2,1,1,1,1,2,1,1,1,1,3,5763,1,1,1,2,0,0,1,2,2,0
11B215,30,41390,2,1,0,2,12,223,1,80,0,,1,1,2,2,2,2,2,2,0,0,0,0,0,0,0,0,0,0,0,0,0,0,0,0,0,0,0,0,0,0,0,0,0,0,0,0,0,0,0,0,0,0,0,0,0,0,0,0,0,0,0,0,0,0,0,1,2,2,2,2,2,2,2,0,2,0,1,2,2,2,2,18908,4,4,2,0,0,0,2,0,2,0
11B201,30,41396,4,1,0,1,12,223,1,32,4,3,1,1,1,2,2,2,1,1,0,0,0,0,0,0,0,0,0,0,0,0,0,0,0,0,0,0,0,0,0,0,0,0,0,0,0,0,0,0,0,0,0,0,0,0,0,0,0,0,0,10,2,0,2,3,2,0,2,2,2,2,2,1,1,2,1,1,1,2,1,1,2,13085,1,3,1,0,0,0,2,0,2,1
11B201,30,41396,1,1,0,1,12,223,2,55,8,2,1,1,1,1,1,1,2,2,2,4,2,2,2,2,1,2,1,0,1,2,2,2,1,2,2,2,2,2,1,2,2,2,2,0,2,1,2,3,3,1,2,1,2,1,2,0,1,2,2,25,1,3,3,3,1,0,2,2,2,2,2,2,2,0,2,0,1,1,1,1,1,9697,1,2,1,1,2,1,1,7,2,2
11B201,30,41396,2,1,0,1,12,223,2,26,7,4,1,1,1,1,1,2,2,1,5,3,2,1,2,2,1,2,3,2000,2,1,1,3,3,2,2,2,1,2,1,2,2,2,2,0,2,1,2,0,0,0,0,0,0,0,0,0,0,0,0,80,2,0,3,4,1,0,1,2,2,1,1,1,1,2,1,4,1,1,1,1,1,5749,1,2,1,2,2,0,1,8,2,2
11B201,30,41396,3,1,0,1,12,223,1,52,3,3,1,1,1,1,2,2,2,2,4,3,2,2,2,2,1,2,2,0,2,1,1,0,0,0,0,0,0,0,0,0,0,0,0,0,0,0,0,0,0,0,0,0,0,0,0,0,0,0,0,45,2,0,2,4,1,0,1,2,2,2,1,1,1,1,1,3,1,1,1,1,1,6627,1,1,1,2,0,0,1,4,2,1
12A207,31,40009,4,1,0,1,8,223,2,63,3,3,1,1,2,1,2,2,2,2,1,5,2,2,1,2,2,2,2,0,2,1,1,0,0,0,0,0,0,0,0,0,0,0,0,0,0,0,0,0,0,0,0,0,0,0,0,0,0,0,0,30,2,0,1,3,2,0,2,2,2,2,2,2,2,0,2,0,1,2,1,2,2,6581,3,1,1,2,0,0,1,1,2,1
12A207,31,40009,1,1,0,1,8,223,1,80,6,3,7,1,2,2,2,2,2,2,0,0,0,0,0,0,0,0,0,0,0,0,0,0,0,0,0,0,0,0,0,0,0,0,0,0,0,0,0,0,0,0,0,0,0,0,0,0,0,0,0,0,0,0,0,0,0,5,2,2,2,2,2,2,2,0,2,0,1,2,2,2,2,25602,4,4,2,0,0,0,2,0,0,1
12A207,31,40009,3,1,0,1,8,223,2,64,7,4,1,1,1,1,2,2,2,1,4,4,2,2,2,1,2,2,3,750,2,1,1,0,0,0,0,0,0,0,0,0,0,0,0,0,0,0,0,0,0,0,0,0,0,0,0,0,0,0,0,60,1,5,3,4,1,0,2,1,2,1,1,1,1,1,1,5,1,1,1,1,2,19744,1,2,1,2,0,0,1,4,2,2
11B216,31,40010,3,1,0,1,8,223,2,27,7,4,7,1,1,1,1,2,2,1,2,4,2,2,1,2,2,2,2,0,2,1,1,2,4,2,2,2,2,2,2,2,1,2,2,0,2,1,5,0,0,0,0,0,0,0,0,0,0,0,0,40,2,0,3,3,1,0,2,2,2,1,2,2,2,0,1,1,1,1,1,1,1,17316,1,2,1,2,2,0,1,4,0,2
11B216,31,40010,4,1,0,1,8,223,1,39,6,3,1,1,2,2,2,2,2,2,0,0,0,0,0,0,0,0,0,0,0,0,0,0,0,0,0,0,0,0,0,0,0,0,0,0,0,0,0,0,0,0,0,0,0,0,0,0,0,0,0,0,0,0,0,0,0,2,1,2,2,2,2,1,1,2,1,1,1,1,1,1,1,20362,4,4,2,0,0,0,2,0,2,1
11B216,31,40010,2,1,0,1,8,223,2,23,3,3,7,1,1,1,1,1,1,1,3,4,1,2,2,2,1,2,2,0,2,1,1,2,4,2,2,2,2,2,2,2,1,2,2,0,2,1,1,1,3,1,1,1,1,1,3,5,2,1,1,30,2,0,3,3,2,0,2,2,2,2,2,2,3,0,3,0,1,1,1,1,1,21101,1,2,1,2,2,2,1,6,0,1
11B216,31,40010,1,1,0,1,8,223,2,30,6,3,7,1,1,2,2,2,2,1,0,0,0,0,0,0,0,0,0,0,0,0,0,0,0,0,0,0,0,0,0,0,0,0,0,0,0,0,0,0,0,0,0,0,0,0,0,0,0,0,0,30,2,0,2,3,2,0,2,2,2,2,2,1,1,1,1,2,1,1,1,1,2,8658,1,3,1,0,0,0,2,0,0,1
12B213,31,40068,1,1,0,3,8,223,2,32,7,5,1,1,2,1,2,2,1,1,1,4,2,2,1,2,2,2,1,0,1,2,1,0,0,0,0,0,0,0,0,0,0,0,0,0,0,0,0,0,0,0,0,0,0,0,0,0,0,0,0,15,2,0,3,3,1,0,2,2,2,2,2,2,1,2,1,5,1,3,2,1,1,25809,3,2,1,1,0,0,1,1,2,2
12B213,31,40068,2,1,0,1,8,223,2,60,8,3,1,1,1,1,2,2,2,1,5,4,2,2,2,2,1,2,1,0,1,1,1,0,0,0,0,0,0,0,0,0,0,0,0,0,0,0,0,0,0,0,0,0,0,0,0,0,0,0,0,60,2,0,3,3,2,0,2,2,2,2,2,2,1,2,1,3,1,2,2,2,1,14512,1,2,1,3,0,0,1,5,2,2
12B213,31,40068,3,1,0,2,8,223,1,68,6,2,8,1,2,2,2,2,2,2,0,0,0,0,0,0,0,0,0,0,0,0,0,0,0,0,0,0,0,0,0,0,0,0,0,0,0,0,0,0,0,0,0,0,0,0,0,0,0,0,0,0,0,0,0,0,0,1,2,2,2,2,2,2,2,0,1,6,1,1,1,1,2,9408,4,4,2,0,0,0,2,0,0,1
13B216,31,40075,1,1,0,2,8,223,2,37,4,3,1,1,1,1,2,2,2,1,2,4,2,1,2,2,2,2,3,999999,1,2,1,0,0,0,0,0,0,0,0,0,0,0,0,0,0,0,0,0,0,0,0,0,0,0,0,0,0,0,0,30,2,0,2,3,1,0,2,2,2,1,2,1,2,0,1,6,1,2,1,2,2,20696,1,2,1,1,0,0,1,2,2,1
13B216,31,40075,2,1,0,1,8,223,2,83,2,6,7,1,1,2,2,1,2,2,0,0,0,0,0,0,0,0,0,0,0,0,0,0,0,0,0,0,0,0,0,0,0,0,0,0,0,0,0,1,4,1,1,1,1,1,3,999999,2,1,1,30,2,0,2,3,2,0,2,2,2,2,2,1,1,2,3,0,1,2,1,2,3,8081,1,3,1,0,0,2,1,1,0,0
13B216,31,40075,3,1,0,1,8,223,2,65,6,3,8,1,1,1,2,2,2,2,1,5,2,2,1,2,2,2,2,0,2,1,1,0,0,0,0,0,0,0,0,0,0,0,0,0,0,0,0,0,0,0,0,0,0,0,0,0,0,0,0,120,2,0,2,2,1,0,2,2,2,2,2,2,2,0,2,0,1,2,2,2,2,8081,1,1,1,2,0,0,1,1,0,1
11B202,31,40143,1,1,0,2,8,223,2,41,4,3,1,1,1,1,1,2,2,1,2,4,2,2,2,2,1,2,1,0,1,2,1,3,3,2,2,2,2,2,2,1,2,2,2,0,2,1,1,0,0,0,0,0,0,0,0,0,0,0,0,15,2,0,2,3,2,0,2,2,2,2,2,2,2,0,1,1,1,1,1,1,1,19779,1,2,1,1,2,0,1,5,2,1
11B202,31,40143,2,1,0,1,8,223,2,54,3,3,1,1,2,2,2,2,2,2,0,0,0,0,0,0,0,0,0,0,0,0,0,0,0,0,0,0,0,0,0,0,0,0,0,0,0,0,0,0,0,0,0,0,0,0,0,0,0,0,0,0,0,0,0,0,0,3,2,2,2,2,2,2,2,0,2,0,1,3,3,3,3,13599,4,4,2,0,0,0,2,0,2,1
11B202,31,40143,4,1,0,2,8,223,2,59,7,5,7,1,1,2,2,1,2,1,0,0,0,0,0,0,0,0,0,0,0,0,0,0,0,0,0,0,0,0,0,0,0,0,0,0,0,0,0,7,3,1,1,1,1,1,3,99,2,1,1,6,2,0,4,4,2,0,2,2,2,2,2,2,2,0,1,3,1,1,2,1,2,18109,1,3,1,0,0,2,1,7,0,2
13B202,31,40148,2,1,0,3,8,223,2,25,4,3,1,1,1,1,2,2,1,1,4,2,2,1,2,2,2,2,1,0,1,1,2,0,0,0,0,0,0,0,0,0,0,0,0,0,0,0,0,0,0,0,0,0,0,0,0,0,0,0,0,15,1,5,3,3,1,0,2,2,2,2,2,2,1,2,1,1,1,1,1,1,1,28465,1,2,1,3,0,0,1,4,2,1
13B202,31,40148,4,1,0,1,8,223,2,41,3,3,1,1,2,2,2,2,2,1,0,0,0,0,0,0,0,0,0,0,0,0,0,0,0,0,0,0,0,0,0,0,0,0,0,0,0,0,0,0,0,0,0,0,0,0,0,0,0,0,0,15,2,0,2,3,2,0,2,2,2,2,2,2,2,0,2,0,1,2,1,2,2,17481,3,3,1,0,0,0,2,0,2,1
13B202,31,40148,1,1,0,2,8,223,2,38,7,5,1,1,2,2,2,2,2,2,0,0,0,0,0,0,0,0,0,0,0,0,0,0,0,0,0,0,0,0,0,0,0,0,0,0,0,0,0,0,0,0,0,0,0,0,0,0,0,0,0,0,0,0,0,0,0,3,2,2,2,2,2,2,2,0,1,1,1,2,1,2,1,17481,4,4,2,0,0,0,2,0,2,2
12B214,31,40165,2,1,0,1,8,223,1,68,2,3,8,1,2,2,2,2,2,2,0,0,0,0,0,0,0,0,0,0,0,0,0,0,0,0,0,0,0,0,0,0,0,0,0,0,0,0,0,0,0,0,0,0,0,0,0,0,0,0,0,0,0,0,0,0,0,1,2,2,2,2,2,2,2,0,2,0,1,2,2,2,2,16626,4,4,2,0,0,0,2,0,0,0
12B214,31,40165,4,1,0,2,8,223,2,66,2,3,2,1,2,2,2,2,2,2,0,0,0,0,0,0,0,0,0,0,0,0,0,0,0,0,0,0,0,0,0,0,0,0,0,0,0,0,0,0,0,0,0,0,0,0,0,0,0,0,0,0,0,0,0,0,0,3,2,2,2,2,2,2,2,0,2,0,1,2,2,2,2,16405,4,4,2,0,0,0,2,0,1,0
12B214,31,40165,1,1,0,1,8,223,2,57,7,1,7,1,1,1,2,1,2,2,20,3,2,2,1,1,1,2,2,0,2,1,1,0,0,0,0,0,0,0,0,0,0,0,0,0,0,0,0,1,3,1,1,1,1,1,3,13,2,1,1,60,2,0,3,4,1,0,1,1,2,2,2,1,2,0,2,0,1,2,1,1,1,12822,1,2,1,2,0,2,1,21,0,2
12A208,31,40169,3,1,0,2,8,223,2,30,3,3,1,1,2,2,2,2,1,1,0,0,0,0,0,0,0,0,0,0,0,0,0,0,0,0,0,0,0,0,0,0,0,0,0,0,0,0,0,0,0,0,0,0,0,0,0,0,0,0,0,15,2,0,2,2,2,0,2,2,2,1,2,2,2,0,1,6,1,1,1,1,1,26698,3,3,1,0,0,0,2,0,2,1
12A208,31,40169,1,1,0,1,8,223,2,56,5,4,1,1,2,2,2,2,2,2,0,0,0,0,0,0,0,0,0,0,0,0,0,0,0,0,0,0,0,0,0,0,0,0,0,0,0,0,0,0,0,0,0,0,0,0,0,0,0,0,0,0,0,0,0,0,0,4,2,2,2,2,2,2,2,0,2,0,1,2,2,2,2,7506,4,4,2,0,0,0,2,0,2,1
12A208,31,40169,2,1,0,1,8,223,1,30,4,3,1,1,2,2,2,2,2,1,0,0,0,0,0,0,0,0,0,0,0,0,0,0,0,0,0,0,0,0,0,0,0,0,0,0,0,0,0,0,0,0,0,0,0,0,0,0,0,0,0,25,1,6,3,3,2,0,2,2,2,2,2,2,1,2,1,6,1,1,1,1,1,20257,3,3,1,0,0,0,2,0,2,1
12A208,31,40169,4,1,0,1,8,223,1,28,4,3,1,1,2,2,2,2,1,2,0,0,0,0,0,0,0,0,0,0,0,0,0,0,0,0,0,0,0,0,0,0,0,0,0,0,0,0,0,0,0,0,0,0,0,0,0,0,0,0,0,10,2,0,2,3,2,0,2,2,2,2,2,2,1,2,1,2,1,1,1,1,1,20257,3,3,1,0,0,0,2,0,2,1
11B215,31,40292,4,1,0,1,8,223,1,46,2,6,1,1,1,2,2,1,2,1,0,0,0,0,0,0,0,0,0,0,0,0,0,0,0,0,0,0,0,0,0,0,0,0,0,0,0,0,0,5,3,1,2,2,1,1,2,0,2,1,1,120,2,0,3,4,2,0,2,2,2,2,2,3,2,0,2,0,1,1,1,1,1,8053,1,3,1,0,0,2,1,5,2,0
11B215,31,40292,2,1,0,3,8,223,1,28,6,3,1,1,1,2,1,1,2,1,0,0,0,0,0,0,0,0,0,0,0,0,0,3,4,2,2,2,1,2,2,2,2,2,1,0,1,2,1,1,3,2,2,1,1,2,1,0,1,2,1,15,2,0,2,2,2,0,2,2,2,2,2,2,2,0,2,0,1,2,2,2,2,23855,1,3,1,0,1,1,1,4,2,1
11B215,31,40292,3,1,0,1,8,223,2,69,3,3,7,1,1,1,2,2,2,2,1,4,2,2,2,1,2,2,3,999999,2,1,1,0,0,0,0,0,0,0,0,0,0,0,0,0,0,0,0,0,0,0,0,0,0,0,0,0,0,0,0,20,2,0,2,2,2,0,2,2,2,2,2,2,2,0,2,0,1,2,2,2,2,22619,1,1,1,2,0,0,1,1,0,1
11B215,31,40292,1,1,0,4,8,223,1,37,7,4,1,1,2,2,2,2,2,1,0,0,0,0,0,0,0,0,0,0,0,0,0,0,0,0,0,0,0,0,0,0,0,0,0,0,0,0,0,0,0,0,0,0,0,0,0,0,0,0,0,30,2,0,2,4,2,0,2,2,2,2,2,2,2,0,2,0,1,1,2,1,1,32863,3,3,1,0,0,0,2,0,2,2
11B201,31,40367,2,1,0,1,8,223,2,30,3,3,1,1,1,1,2,2,2,1,3,4,2,2,1,1,2,2,2,0,2,1,1,0,0,0,0,0,0,0,0,0,0,0,0,0,0,0,0,0,0,0,0,0,0,0,0,0,0,0,0,30,2,0,3,4,2,0,2,2,2,2,2,2,2,0,2,0,1,1,1,1,1,11979,1,2,1,2,0,0,1,3,2,1
11B201,31,40367,1,1,0,1,8,223,2,72,3,3,1,1,2,1,2,1,2,2,1,5,2,2,1,2,2,2,2,0,2,1,1,0,0,0,0,0,0,0,0,0,0,0,0,0,0,0,0,1,3,2,2,1,1,2,2,0,2,1,1,10,2,0,3,2,2,0,2,2,2,2,2,2,2,0,2,0,1,1,1,1,2,12927,3,2,1,2,0,2,1,2,2,1
11B201,31,40367,4,1,0,1,8,223,2,41,4,1,1,1,1,1,2,1,2,2,10,5,2,2,1,2,2,2,2,0,2,1,1,0,0,0,0,0,0,0,0,0,0,0,0,0,0,0,0,4,3,1,1,1,1,1,3,999999,2,1,1,30,2,0,2,3,1,0,2,2,2,2,3,1,1,2,1,2,1,1,1,1,3,5518,1,2,1,2,0,2,1,14,2,1
11B201,31,40368,4,1,0,1,8,223,1,54,3,3,1,1,2,2,2,2,2,2,0,0,0,0,0,0,0,0,0,0,0,0,0,0,0,0,0,0,0,0,0,0,0,0,0,0,0,0,0,0,0,0,0,0,0,0,0,0,0,0,0,0,0,0,0,0,0,3,2,2,2,2,2,2,2,0,2,0,1,2,2,1,1,8785,4,4,2,0,0,0,2,0,2,1
11B201,31,40368,3,1,1,1,8,223,1,29,3,3,1,1,2,2,2,2,2,1,0,0,0,0,0,0,0,0,0,0,0,0,0,0,0,0,0,0,0,0,0,0,0,0,0,0,0,0,0,0,0,0,0,0,0,0,0,0,0,0,0,15,2,0,4,3,2,0,2,2,2,2,2,2,3,0,2,0,1,2,1,1,2,17348,3,3,1,0,0,0,2,0,2,1
11B201,31,40368,2,1,0,1,8,223,1,57,2,5,1,1,2,2,2,2,2,2,0,0,0,0,0,0,0,0,0,0,0,0,0,0,0,0,0,0,0,0,0,0,0,0,0,0,0,0,0,0,0,0,0,0,0,0,0,0,0,0,0,0,0,0,0,0,0,1,2,2,2,2,2,2,2,0,2,0,1,2,2,2,2,28879,4,4,2,0,0,0,2,0,2,0
11B201,31,40368,1,1,0,2,8,223,1,28,3,3,1,1,1,2,1,1,1,1,0,0,0,0,0,0,0,0,0,0,0,0,0,3,4,2,2,2,1,2,2,2,1,2,2,0,2,1,1,2,4,2,1,1,2,1,2,0,2,1,2,60,1,1,2,3,1,0,2,1,2,2,2,1,3,0,2,0,1,1,1,1,1,17348,1,3,1,0,2,2,1,5,2,1
13B215,31,40392,1,1,0,1,8,223,2,27,3,3,7,1,2,2,2,2,2,2,0,0,0,0,0,0,0,0,0,0,0,0,0,0,0,0,0,0,0,0,0,0,0,0,0,0,0,0,0,0,0,0,0,0,0,0,0,0,0,0,0,0,0,0,0,0,0,3,2,2,2,2,2,2,2,0,3,0,1,2,1,1,2,24474,4,4,2,0,0,0,2,0,0,1
13B215,31,40392,2,1,0,1,8,223,1,52,3,3,1,1,2,2,2,2,2,1,0,0,0,0,0,0,0,0,0,0,0,0,0,0,0,0,0,0,0,0,0,0,0,0,0,0,0,0,0,0,0,0,0,0,0,0,0,0,0,0,0,10,2,0,2,4,2,0,2,2,2,2,2,2,3,0,2,0,1,1,1,1,1,42315,3,3,1,0,0,0,2,0,2,1
13B215,31,40392,3,1,0,3,8,223,2,18,4,3,2,1,2,1,1,2,1,1,2,2,2,1,2,2,2,2,2,0,2,1,1,2,4,2,2,2,2,2,2,2,1,2,2,0,2,1,1,0,0,0,0,0,0,0,0,0,0,0,0,120,2,0,3,4,2,0,2,2,2,2,2,2,2,0,1,1,1,2,2,2,2,44736,3,2,1,2,2,0,1,4,1,1
13B215,31,40392,4,1,0,3,8,223,2,18,4,3,1,1,2,2,2,2,2,2,0,0,0,0,0,0,0,0,0,0,0,0,0,0,0,0,0,0,0,0,0,0,0,0,0,0,0,0,0,0,0,0,0,0,0,0,0,0,0,0,0,0,0,0,0,0,0,1,2,2,2,2,2,2,2,0,2,0,1,1,2,2,2,44736,4,4,2,0,0,0,2,0,2,1
13A207,32,40010,1,1,1,1,32,223,2,23,8,1,1,1,1,1,2,2,2,1,4,2,1,1,2,2,2,2,2,0,2,1,1,0,0,0,0,0,0,0,0,0,0,0,0,0,0,0,0,0,0,0,0,0,0,0,0,0,0,0,0,30,1,7,2,3,1,0,2,2,1,2,1,2,1,2,1,5,1,1,1,2,1,23467,1,2,1,2,0,0,1,4,2,2
13A207,32,40010,2,1,0,1,32,223,2,36,7,5,1,1,1,2,2,2,2,1,0,0,0,0,0,0,0,0,0,0,0,0,0,0,0,0,0,0,0,0,0,0,0,0,0,0,0,0,0,0,0,0,0,0,0,0,0,0,0,0,0,30,2,0,4,4,1,0,2,2,2,2,1,1,1,1,1,5,1,2,2,1,1,17740,1,3,1,0,0,0,2,0,2,2
13A207,32,40010,3,1,0,1,32,223,2,67,3,3,7,1,1,2,1,2,2,2,0,0,0,0,0,0,0,0,0,0,0,0,0,6,4,2,2,1,2,2,2,2,2,2,3,20,2,1,1,0,0,0,0,0,0,0,0,0,0,0,0,120,2,0,2,3,2,0,2,2,2,2,2,2,2,0,2,0,1,2,2,2,2,10391,1,3,1,0,2,0,1,6,0,1
13A207,32,40010,4,1,0,1,32,223,2,69,7,5,8,1,1,1,1,2,2,2,1,4,2,2,1,2,2,2,2,0,2,1,1,2,5,2,2,2,2,1,2,2,2,2,3,200,2,1,1,0,0,0,0,0,0,0,0,0,0,0,0,60,2,0,2,4,2,0,2,2,2,2,2,1,2,0,1,1,1,1,1,3,2,20781,1,2,1,2,2,0,1,3,0,2
12B216,32,40043,4,1,0,1,32,223,1,67,7,5,8,1,2,2,2,2,2,2,0,0,0,0,0,0,0,0,0,0,0,0,0,0,0,0,0,0,0,0,0,0,0,0,0,0,0,0,0,0,0,0,0,0,0,0,0,0,0,0,0,0,0,0,0,0,0,5,2,2,2,2,2,1,1,1,1,3,1,2,1,1,2,5237,4,4,2,0,0,0,2,0,0,2
12B216,32,40043,3,1,0,2,32,223,2,62,3,3,7,1,1,2,2,2,2,2,0,0,0,0,0,0,0,0,0,0,0,0,0,0,0,0,0,0,0,0,0,0,0,0,0,0,0,0,0,0,0,0,0,0,0,0,0,0,0,0,0,0,0,0,0,0,0,2,2,2,2,2,1,2,1,1,1,1,1,1,1,1,1,16157,2,4,2,0,0,0,2,0,0,1
12B216,32,40043,2,1,0,1,32,223,2,77,7,5,8,1,1,1,2,2,2,2,5,5,2,2,1,2,2,2,3,999999,2,1,1,0,0,0,0,0,0,0,0,0,0,0,0,0,0,0,0,0,0,0,0,0,0,0,0,0,0,0,0,60,2,0,2,4,1,0,2,2,2,2,2,2,2,0,2,0,1,1,1,1,1,5168,1,1,1,2,0,0,1,5,0,2
12B216,32,40043,1,1,0,2,32,223,2,63,7,5,7,1,2,2,1,1,1,2,0,0,0,0,0,0,0,0,0,0,0,0,0,2,4,2,2,1,2,2,2,1,2,2,3,150,2,1,1,1,3,1,2,1,1,1,3,20,2,1,1,30,1,7,3,3,1,0,2,1,2,2,2,1,2,0,1,2,1,2,2,1,2,16157,3,3,1,0,2,2,1,3,0,2
12B213,32,40070,2,1,0,1,32,223,1,73,2,6,8,1,1,2,2,2,2,2,0,0,0,0,0,0,0,0,0,0,0,0,0,0,0,0,0,0,0,0,0,0,0,0,0,0,0,0,0,0,0,0,0,0,0,0,0,0,0,0,0,0,0,0,0,0,0,5,2,2,2,2,2,2,2,0,2,0,1,1,1,1,2,8704,2,4,2,0,0,0,2,0,0,0
12B213,32,40070,1,1,0,2,32,223,2,40,7,5,1,1,1,2,2,1,2,1,0,0,0,0,0,0,0,0,0,0,0,0,0,0,0,0,0,0,0,0,0,0,0,0,0,0,0,0,0,1,3,2,1,1,1,1,3,20,2,1,1,30,2,0,2,3,1,0,2,2,2,2,1,1,1,1,1,1,1,1,1,1,1,14662,1,3,1,0,0,2,1,1,2,2
12B213,32,40070,3,1,0,2,32,223,2,47,3,3,7,1,1,1,2,2,2,1,1,4,2,1,2,2,2,2,3,80,2,1,1,0,0,0,0,0,0,0,0,0,0,0,0,0,0,0,0,0,0,0,0,0,0,0,0,0,0,0,0,20,2,0,2,3,2,0,2,2,2,2,2,2,2,0,1,1,1,2,1,2,2,22682,1,2,1,2,0,0,1,1,0,1
12B213,32,40070,4,1,0,3,32,223,2,18,4,2,6,1,2,2,2,1,2,2,0,0,0,0,0,0,0,0,0,0,0,0,0,0,0,0,0,0,0,0,0,0,0,0,0,0,0,0,0,1,2,1,2,2,2,2,2,0,2,1,2,30,2,0,2,3,2,0,2,2,2,2,2,2,2,0,1,2,1,1,1,1,1,29094,3,3,1,0,0,2,1,1,1,1
12B202,32,40116,1,1,0,2,32,223,2,33,3,3,7,1,2,2,2,2,2,2,0,0,0,0,0,0,0,0,0,0,0,0,0,0,0,0,0,0,0,0,0,0,0,0,0,0,0,0,0,0,0,0,0,0,0,0,0,0,0,0,0,0,0,0,0,0,0,2,2,2,2,2,1,1,2,0,2,0,1,2,2,2,1,15672,4,4,2,0,0,0,2,0,0,1
12B202,32,40116,3,1,0,3,32,223,2,42,7,5,1,1,1,1,1,2,2,1,2,5,2,2,1,2,1,2,1,0,1,2,1,5,4,2,2,2,2,1,2,1,2,2,2,0,1,1,1,0,0,0,0,0,0,0,0,0,0,0,0,60,1,1,2,3,1,0,2,2,2,2,2,1,2,0,1,1,1,2,2,2,3,21655,1,2,1,1,3,0,1,7,2,2
12B202,32,40116,4,1,0,2,32,223,2,28,7,5,1,1,1,1,1,2,1,1,7,1,2,2,2,1,2,2,2,0,2,1,2,4,1,2,1,2,2,2,1,2,2,2,2,0,2,1,2,0,0,0,0,0,0,0,0,0,0,0,0,40,2,0,2,3,1,0,1,1,1,1,1,1,1,1,1,2,1,1,1,1,1,15672,1,2,1,2,2,0,1,11,2,2
11A207,32,40141,1,1,0,1,32,223,1,47,2,1,1,1,2,2,2,2,2,2,0,0,0,0,0,0,0,0,0,0,0,0,0,0,0,0,0,0,0,0,0,0,0,0,0,0,0,0,0,0,0,0,0,0,0,0,0,0,0,0,0,0,0,0,0,0,0,1,2,2,2,2,2,1,1,2,2,0,1,2,2,1,2,23017,4,4,2,0,0,0,2,0,2,0
11A207,32,40141,4,1,0,1,32,223,1,69,2,2,1,1,2,2,2,2,2,2,0,0,0,0,0,0,0,0,0,0,0,0,0,0,0,0,0,0,0,0,0,0,0,0,0,0,0,0,0,0,0,0,0,0,0,0,0,0,0,0,0,0,0,0,0,0,0,3,2,2,2,2,2,2,2,0,2,0,1,2,2,2,2,21838,4,4,2,0,0,0,2,0,2,0
11A207,32,40141,3,1,0,1,32,223,1,59,2,6,1,1,2,2,2,2,2,2,0,0,0,0,0,0,0,0,0,0,0,0,0,0,0,0,0,0,0,0,0,0,0,0,0,0,0,0,0,0,0,0,0,0,0,0,0,0,0,0,0,0,0,0,0,0,0,1,2,2,2,2,2,2,2,0,2,0,1,1,1,3,2,28374,4,4,2,0,0,0,2,0,2,0
11A207,32,40141,2,1,0,1,32,223,1,38,2,6,1,1,1,2,2,1,2,2,0,0,0,0,0,0,0,0,0,0,0,0,0,0,0,0,0,0,0,0,0,0,0,0,0,0,0,0,0,1,3,1,2,1,2,1,3,5,2,1,2,5,2,0,2,2,2,0,2,2,1,2,1,1,1,2,1,1,1,1,1,1,1,23481,1,3,1,0,0,2,1,1,2,0
13B214,32,40166,3,1,0,2,32,223,2,46,4,3,1,1,2,2,1,2,2,1,0,0,0,0,0,0,0,0,0,0,0,0,0,3,3,2,2,2,1,2,2,2,2,2,1,0,1,2,1,0,0,0,0,0,0,0,0,0,0,0,0,30,1,7,2,4,1,0,2,2,2,2,1,1,1,2,1,1,1,2,2,2,1,19371,3,3,1,0,1,0,1,3,2,1
13B214,32,40166,4,1,0,1,32,223,2,43,6,2,1,1,1,1,2,2,2,1,2,3,2,2,1,2,1,2,3,400,2,1,2,0,0,0,0,0,0,0,0,0,0,0,0,0,0,0,0,0,0,0,0,0,0,0,0,0,0,0,0,30,2,0,3,3,1,0,2,2,2,2,1,1,1,1,1,1,1,1,1,1,1,18782,1,2,1,2,0,0,1,2,2,1
13B214,32,40166,2,1,0,1,32,223,2,24,3,3,7,1,1,1,1,1,1,1,3,4,2,1,2,2,2,2,1,0,1,2,1,1,4,2,2,2,1,2,2,2,2,2,1,0,1,2,1,1,3,2,1,1,1,2,3,20,2,1,1,10,2,0,2,3,2,0,2,2,2,2,1,1,1,2,2,0,1,1,2,1,1,12423,1,2,1,1,1,2,1,5,0,1
11B214,32,40200,4,1,0,1,32,223,2,62,2,6,1,1,1,2,2,2,2,2,0,0,0,0,0,0,0,0,0,0,0,0,0,0,0,0,0,0,0,0,0,0,0,0,0,0,0,0,0,0,0,0,0,0,0,0,0,0,0,0,0,0,0,0,0,0,0,3,2,2,2,2,2,1,3,0,2,0,1,3,1,3,2,17507,2,4,2,0,0,0,2,0,2,0
11B214,32,40200,1,1,0,2,32,223,2,48,3,3,7,1,2,2,2,2,2,2,0,0,0,0,0,0,0,0,0,0,0,0,0,0,0,0,0,0,0,0,0,0,0,0,0,0,0,0,0,0,0,0,0,0,0,0,0,0,0,0,0,0,0,0,0,0,0,2,2,2,2,2,2,2,2,0,2,0,1,2,2,2,2,39441,4,4,2,0,0,0,2,0,0,1
11B214,32,40200,2,1,0,1,32,223,1,40,2,6,1,1,2,2,2,2,2,2,0,0,0,0,0,0,0,0,0,0,0,0,0,0,0,0,0,0,0,0,0,0,0,0,0,0,0,0,0,0,0,0,0,0,0,0,0,0,0,0,0,0,0,0,0,0,0,3,2,1,2,2,2,1,1,2,1,1,1,1,1,1,2,24408,4,4,2,0,0,0,2,0,2,0
11B214,32,40200,3,1,0,1,32,223,1,52,3,3,1,1,2,2,2,2,2,2,0,0,0,0,0,0,0,0,0,0,0,0,0,0,0,0,0,0,0,0,0,0,0,0,0,0,0,0,0,0,0,0,0,0,0,0,0,0,0,0,0,0,0,0,0,0,0,3,2,2,2,2,1,1,2,0,2,0,1,1,1,1,1,23926,4,4,2,0,0,0,2,0,2,1
12A208,32,40206,1,1,0,1,32,223,1,48,7,4,1,1,2,2,1,2,1,1,0,0,0,0,0,0,0,0,0,0,0,0,0,4,3,2,1,2,2,2,2,1,2,2,1,0,1,2,1,0,0,0,0,0,0,0,0,0,0,0,0,15,2,0,4,3,1,0,1,1,2,2,1,2,2,0,1,3,1,1,1,1,1,15537,3,3,1,0,1,0,1,4,2,2
12A208,32,40206,2,1,0,1,32,223,2,82,2,6,8,1,1,1,1,2,2,2,1,4,2,2,2,2,1,2,2,0,2,1,1,2,3,2,2,2,1,1,2,2,2,2,2,0,2,1,1,0,0,0,0,0,0,0,0,0,0,0,0,30,2,0,2,1,2,0,2,2,2,2,2,1,1,1,1,6,1,2,3,2,2,14546,1,2,1,2,2,0,1,3,0,0
12A208,32,40206,3,1,1,1,32,223,2,20,7,1,6,1,1,1,2,2,2,1,1,2,1,2,2,2,2,2,1,0,1,2,1,0,0,0,0,0,0,0,0,0,0,0,0,0,0,0,0,0,0,0,0,0,0,0,0,0,0,0,0,15,2,0,3,3,2,0,2,2,1,2,2,1,1,1,1,1,1,1,1,1,1,8213,1,2,1,1,0,0,1,1,1,2
12A208,32,40206,4,1,0,1,32,223,1,42,6,3,1,1,2,2,2,1,2,2,0,0,0,0,0,0,0,0,0,0,0,0,0,0,0,0,0,0,0,0,0,0,0,0,0,0,0,0,0,2,4,2,1,2,2,1,2,0,2,1,2,15,2,0,4,2,2,0,2,2,2,2,2,2,2,0,1,2,1,1,1,1,2,23775,3,3,1,0,0,2,1,2,2,1
12B215,32,40360,1,1,0,2,32,223,2,35,7,5,1,1,1,1,1,2,2,2,10,3,2,1,2,1,2,2,2,0,1,2,1,1,3,2,2,2,2,2,2,1,2,2,2,0,2,1,2,0,0,0,0,0,0,0,0,0,0,0,0,20,2,0,2,3,2,0,2,2,2,2,1,2,1,1,1,2,1,2,1,2,1,14211,1,2,1,1,2,0,1,11,2,2
12B215,32,40360,4,1,0,1,32,223,1,60,7,5,8,1,1,1,2,2,2,1,1,3,2,2,2,2,1,2,2,0,2,1,1,0,0,0,0,0,0,0,0,0,0,0,0,0,0,0,0,0,0,0,0,0,0,0,0,0,0,0,0,15,2,0,3,3,2,0,1,2,2,1,2,2,2,0,1,1,1,2,2,3,2,21921,1,2,1,2,0,0,1,1,0,2
12B215,32,40360,3,1,0,2,32,223,2,62,2,6,7,1,1,2,1,2,2,2,0,0,0,0,0,0,0,0,0,0,0,0,0,6,4,2,2,2,2,1,2,2,2,2,2,0,2,1,1,0,0,0,0,0,0,0,0,0,0,0,0,30,2,0,2,1,2,0,2,2,2,2,2,2,2,0,2,0,1,2,2,2,2,13011,1,3,1,0,2,0,1,6,0,0
12B215,32,40360,2,1,0,2,32,223,2,58,2,6,1,1,1,1,2,1,2,2,2,4,2,2,1,1,2,2,2,0,2,1,1,0,0,0,0,0,0,0,0,0,0,0,0,0,0,0,0,1,3,1,2,2,1,1,3,20,2,1,1,30,2,0,1,2,2,0,2,2,2,2,2,2,2,0,2,0,1,1,1,1,2,13011,1,2,1,2,0,2,1,3,2,0
13B201,32,40365,4,1,0,1,32,223,2,66,7,5,8,1,1,1,2,2,2,2,1,3,2,2,2,1,2,2,3,300,2,1,1,0,0,0,0,0,0,0,0,0,0,0,0,0,0,0,0,0,0,0,0,0,0,0,0,0,0,0,0,30,2,0,4,4,1,0,2,2,2,2,1,1,1,2,1,5,1,2,1,1,1,9434,1,1,1,2,0,0,1,1,0,2
13B201,32,40365,1,1,0,1,32,223,1,43,7,5,1,1,2,2,2,2,2,1,0,0,0,0,0,0,0,0,0,0,0,0,0,0,0,0,0,0,0,0,0,0,0,0,0,0,0,0,0,0,0,0,0,0,0,0,0,0,0,0,0,3,2,0,3,2,1,0,2,2,2,2,2,2,2,0,1,1,1,2,2,2,2,20560,3,3,1,0,0,0,2,0,2,2
13B201,32,40365,3,1,0,2,32,223,2,38,3,3,7,1,2,2,2,2,2,2,0,0,0,0,0,0,0,0,0,0,0,0,0,0,0,0,0,0,0,0,0,0,0,0,0,0,0,0,0,0,0,0,0,0,0,0,0,0,0,0,0,0,0,0,0,0,0,2,2,2,2,2,2,2,2,0,2,0,1,2,1,1,1,32213,4,4,2,0,0,0,2,0,0,1
